Symbol,Name,Latest,"ETF Full Name","Options Vol","Total OI","Wkly Opts","Asset Class",Industry,Sector
AAA,"First Priority Clo Bond ETF",25,"AAF First Priority CLO Bond ETF",NA,NA,No,"Fixed Income",NA,NA
AAAA,"Amplius Aggressive Asset Allocation ETF",28.07,"Amplius Aggressive Asset Allocation ETF",NA,NA,No,"Portfolio-Multi Asset",NA,NA
AAAU,"GS Physical Gold ETF",53.05,"Perth Mint Physical Gold ETF",391,3406,No,Commodity,NA,NA
AADR,"Advisorshares Dorsey Wright ETF",97.09,"AdvisorShares Dorsey Wright ADR ETF",NA,NA,No,Equity,NA,NA
AAEQ,"Alpha Architect US Equity 2 ETF",49.87,"Alpha Architect US Equity 2 ETF",NA,NA,No,Equity,NA,NA
AALG,"Leverage Shares 2X Long Aal Daily ETF",13.4,"Leverage Shares 2X Long AAL Daily ETF",NA,NA,No,Equity,NA,NA
AAPB,"Graniteshares 2X Long Aapl Daily ETF",28.25,"GraniteShares 2x Long AAPL Daily ETF",41,1057,No,Equity,NA,NA
AAPD,"Direxion Daily Aapl Bear 1X",13.9,"Direxion Daily AAPL Bear 1X Shares",1,104,No,Equity,NA,NA
AAPR,"Innovator Equity Defined Protection ETF Apr 26",28.56,"Innovator Equity Defined Protection ETF Apr 26",NA,NA,No,Equity,NA,NA
AAPU,"Direxion Daily Aapl Bull 2X",29.58,"Direxion Daily AAPL Bull 1.5X Shares",722,17426,No,Equity,NA,NA
AAPW,"Roundhill Aapl Weeklypay ETF",36.76,"Roundhill AAPL WeeklyPay ETF",4,24,No,Equity,NA,NA
AAPX,"T-Rex 2X Long Apple Daily Target ETF",26.77,"T-REX 2X Long Apple Daily Target ETF",38,374,No,Equity,NA,NA
AAPY,"Kurv Yield Premium Apple [Aapl] ETF",23.07,"Kurv Yield Premium Strategy Apple (AAPL) ETF",NA,NA,No,Equity,NA,NA
AAUS,"Alpha Architect US Equity ETF",56.03,"Alpha Architect US Equity ETF",NA,NA,No,Equity,NA,NA
AAVM,"Alpha Architect Global Factor Equity ETF",31.99,"Alpha Architect Value Momentum Trend ETF",NA,NA,No,"Portfolio-Multi Asset",NA,NA
AAXJ,"All Country Asia Ex Japan Ishares MSCI ETF",102.68,"iShares MSCI All Country Asia ex Japan ETF",2,91,No,Equity,NA,NA
ABCS,"Alpha Blue Capital US Small-Mid Cap Dynamic ETF",30.93,"Alpha Blue Capital US Small-Mid Cap Dynamic ETF",NA,NA,No,Equity,NA,NA
ABEQ,"Absolute Core Strategy ETF",37.6,"Absolute Core Strategy ETF",NA,NA,No,Equity,NA,NA
ABFL,"Abacus Fcf Leaders ETF",73.56,"Abacus FCF Leaders ETF",NA,NA,No,Equity,NA,NA
ABI,"Victoryshares Pioneer Asset-Based Income ETF",25.01,"VictoryShares Pioneer Asset-Based Income ETF",NA,NA,No,"Fixed Income",NA,NA
ABIG,"Argent Large Cap ETF",32.81,"Argent Large Cap ETF",NA,NA,No,Equity,NA,NA
ABLD,"Abacus Fcf Real Assets Leaders ETF",31.71,"Abacus FCF Real Assets Leaders ETF",NA,NA,No,Equity,NA,NA
ABLG,"Abacus Fcf International Leaders ETF",33.18,"Abacus FCF International Leaders ETF",NA,NA,No,Equity,NA,NA
ABLS,"Abacus Fcf Small Cap Leaders ETF",19.73,"Abacus FCF Small Cap Leaders ETF",NA,NA,No,Equity,NA,NA
ABNG,"Leverage Shares 2X Long Abnb Daily ETF",16.86,"Leverage Shares 2x Long ABNB Daily ETF",1,22,No,Equity,NA,NA
ABNY,"Yieldmax Abnb Option Income Strategy ETF",45.07,"YieldMax ABNB Option Income Strategy ETF",1,53,No,Equity,NA,NA
ABOT,"Abacus Fcf Innovation Leaders ETF",37.31,"Abacus FCF Innovation Leaders ETF",NA,NA,No,Equity,NA,NA
ABXB,"Abacus Flexible Bond Leaders ETF",19.75,"Abacus Flexible Bond Leaders ETF",NA,NA,No,"Fixed Income",NA,NA
ACEI,"Innovator Equity Autocallable Income Strategy Et",24.77,"Innovator Equity Autocallable Income Strategy ETF",NA,NA,No,Equity,NA,NA
ACEP,"Ars Core Equity Portfolio ETF",18.12,"ARS Core Equity Portfolio ETF",NA,NA,No,Equity,NA,NA
ACES,"Alps Clean Energy ETF",37.17,"ALPS Clean Energy ETF",1,73,No,Equity,NA,NA
ACGR,"American Century Large Cap Growth ETF",66.05,"American Century Large Cap Growth ETF",NA,NA,No,Equity,NA,NA
ACII,"Innovator Index Autocallable Income Strategy ETF",25.74,"Innovator Index Autocallable Income Strategy ETF",NA,NA,No,Equity,Unclassified,NA
ACIO,"Aptus Collared Income Opportunity ETF",44.09,"Aptus Collared Income Opportunity ETF",NA,NA,No,"Portfolio-Multi Asset",NA,NA
ACKY,"Vistashares Target 15 Acktivist Distribution ETF",19.87,"VistaShares Target 15 ACKtivist Distribution ETF",NA,NA,No,Equity,NA,NA
ACLC,"American Century Large Cap Equity ETF",79.8,"American Century Large Cap Equity ETF",NA,NA,No,Equity,NA,NA
ACLO,"Tcw AAA Clo ETF",50.56,"TCW AAA CLO ETF",NA,NA,No,"Fixed Income",NA,NA
ACSG,"American Century Small Cap Growth Insights ETF",42.83,"American Century Small Cap Growth Insights ETF",NA,NA,No,Equity,NA,NA
ACSI,"American Customer Satisfaction Core Alpha ETF",66.58,"American Customer Satisfaction Core Alpha ETF",NA,NA,No,Equity,NA,NA
ACSV,"American Century Small Cap Value Insights ETF",42.78,"American Century Small Cap Value Insights ETF",NA,NA,No,Equity,NA,NA
ACVF,"American Conservative Values ETF",50.39,"American Conservative Values ETF",NA,NA,No,Equity,NA,NA
ACVT,"Advent Convertible Bond ETF",27.19,"Advent Convertible Bond ETF",NA,NA,No,"Fixed Income",NA,NA
ACWI,"ACWI Ishares MSCI ETF",146.84,"iShares MSCI ACWI ETF",23,5455,No,Equity,"Finance - Investment Funds",Finance
ACWV,"Ishares Global Min Vol Factor ETF",120.79,"iShares MSCI Global Min Vol Factor ETF",4,16,No,"Portfolio-Multi Asset",NA,NA
ACWX,"ACWI Ex US Ishares MSCI ETF",71.71,"iShares MSCI ACWI ex U.S. ETF",70,375,No,Equity,NA,NA
ADBG,"Leverage Shares 2X Long Adbe Daily ETF",7.35,"Leverage Shares 2X Long ADBE Daily ETF",58,5314,No,Equity,NA,NA
ADFI,"Anfield Dynamic Fixed Income ETF",8.56,"Anfield Dynamic Fixed Income ETF",NA,NA,No,"Fixed Income",NA,NA
ADIV,"Smartetfs Asia Pacific Dividend Builder ETF",18.73,"SmartETFs Asia Pacific Dividend Builder ETF",NA,NA,No,Equity,NA,NA
ADME,"Aptus Drawdown Managed Equity ETF",52.18,"APTUS Drawdown Managed Equity ETF",NA,NA,No,Alternative,NA,NA
ADPV,"Adaptiv Select ETF",45.69,"Adaptiv Select ETF",NA,NA,No,Equity,NA,NA
ADVE,"Matthews Asia Dividend Active ETF",42.4,"Matthews Asia Dividend Active ETF",NA,NA,No,Equity,NA,NA
AEMS,"Anfield Enhanced Market ETF",10.76,"Anfield Enhanced Market ETF",NA,NA,No,Equity,NA,NA
AESR,"Anfield U.S. Equity Sector Rotation ETF",17.8,"Anfield Equity Sector Rotation ETF",NA,NA,No,Equity,NA,NA
AETH,"Bitwise Ethereum Strategy ETF",35.03,"Bitwise Ethereum Strategy ETF",13,25,No,Currency,NA,NA
AFIF,"Anfield Universal Fixed Income ETF",9.44,"Anfield Universal Fixed Income ETF",NA,NA,No,"Fixed Income",NA,NA
AFIX,"Allspring Broad Market Core Bond ETF",25.1,"Allspring Broad Market Core Bond ETF",NA,NA,No,"Fixed Income",NA,NA
AFK,"Vaneck Africa Index ETF",30.06,"VanEck Vectors Africa Index ETF",5,309,No,Equity,NA,NA
AFLG,"FT Active Factor Large Cap ETF",40.43,"First Trust Active Factor Large Cap ETF",NA,NA,No,Equity,NA,NA
AFMC,"FT Active Factor Mid Cap ETF",36.14,"First Trust Active Factor Mid Cap ETF",NA,NA,No,Equity,NA,NA
AFOS,"Ars Focused Opportunity Strategy ETF",38.87,"ARS Focused Opportunity Strategy ETF",NA,NA,No,Equity,NA,NA
AFRU,"T-Rex 2X Long Afrm Daily Target ETF",10.9,"T-REX 2X Long AFRM Daily Target ETF",44,296,No,Equity,NA,NA
AFSC,"Abrdn Focused U.S. Small Cap Active ETF",31.69,"abrdn Focused U.S. Small Cap Active ETF",NA,NA,No,Equity,NA,NA
AFSM,"FT Active Factor Small Cap ETF",34.46,"First Trust Active Factor Small Cap ETF",NA,NA,No,Equity,NA,NA
AGEM,"Abrdn Emerging Markets Dividend Active ETF",42.89,"abrdn Emerging Markets Dividend Active ETF",NA,NA,No,Equity,NA,NA
AGG,"US Aggregate Bond Ishares Core ETF",100.15,"iShares Core U.S. Aggregate Bond ETF",267,4343,No,"Fixed Income","Finance - Investment Funds",Finance
AGGA,"Astoria Dynamic Core US Fixed Income ETF",25.36,"Astoria Dynamic Core US Fixed Income ETF",NA,NA,No,"Fixed Income",NA,NA
AGGH,"Simplify Aggregate Bond Plus Credit ETF",20.75,"Simplify Aggregate Bond PLUS Credit Hedge ETF",NA,NA,No,"Fixed Income",NA,NA
AGGS,"Harbor Disciplined Bond ETF",41.29,"Harbor Disciplined Bond ETF",NA,NA,No,"Fixed Income",NA,NA
AGGY,"Wisdomtree Yield Enhd U.S. Agg Bond Fund",43.96,"WisdomTree Barclays Yield Enhanced U.S. Aggregate Bond Fund",NA,NA,No,"Fixed Income",NA,NA
AGIQ,"Tidal Trust I Sofi Agentic AI ETF",23.34,"SoFi Agentic AI ETF",NA,NA,No,Equity,NA,NA
AGIX,"Kraneshares Artificial Intelligence & Technology",37.11,"KraneShares Artificial Intelligence & Technology ETF",3,566,No,Equity,NA,NA
AGMI,"Themes Silver Miners ETF",88.25,"Themes Silver Miners ETF",NA,NA,No,Equity,NA,NA
AGNG,"GX Aging Population ETF",36.83,"Global X Aging Population ETF",3,55,No,Equity,NA,NA
AGOX,"Adaptive Growth Opportunities ETF",30.39,"Adaptive Growth Opportunities ETF",NA,NA,No,"Portfolio-Multi Asset",NA,NA
AGQ,"Ultra Silver 2X ETF",400.47,"ProShares Ultra Silver",31585,126536,Yes,Commodity,NA,NA
AGQI,"FT Active Global Quality Income ETF",17.52,"First Trust Active Global Quality Income ETF",NA,NA,No,Equity,NA,NA
AGRH,"Interest Rate Hedged U.S. Agg Bond ETF",26.34,"iShares Interest Rate Hedged U.S. Aggregate Bond ETF",NA,NA,No,"Fixed Income",NA,NA
AGRW,"Allspring Lt Large Growth ETF",30.33,"Allspring LT Large Growth ETF",NA,NA,No,Equity,NA,NA
AGZ,"Agency Bond Ishares ETF",110.26,"iShares Agency Bond ETF",NA,NA,No,"Fixed Income","Finance - Investment Funds",Finance
AGZD,"Wisdomtree Int Rate US Agg Bond Fund",22.55,"WisdomTree Barclays Interest Rate Hedged U.S. Aggregate Bond Fund",NA,NA,No,"Portfolio-Multi Asset",NA,NA
AHLT,"American Beacon Ahl Trend ETF",29.58,"American Beacon AHL Trend ETF",NA,NA,No,Equity,NA,NA
AHYB,"American Century Select High Yield ETF",46.9,"American Century Select High Yield ETF",NA,NA,No,"Fixed Income",NA,NA
AIA,"Asia 50 Ishares ETF",112.86,"iShares Asia 50 ETF",16,103,No,Equity,NA,NA
AIBD,"Direxion Daily AI and Data Bear 2X",7.46,"Direxion Daily AI and Big Data Bear 2X Shares",NA,NA,No,Equity,NA,NA
AIBU,"Direxion Daily AI and Data Bull 2X",51.02,"Direxion Daily AI and Big Data Bull 2X Shares",7,157,No,Equity,NA,NA
AIEQ,"Amplify AI Powered Equity ETF",45.83,"Amplify AI Powered Equity ETF",NA,NA,No,Equity,NA,NA
AIFD,"Tcw Artificial Intelligence ETF",39.35,"TCW Artificial Intelligence ETF",2,40,No,Equity,NA,NA
AINP,"Allspring Income Plus ETF",25.31,"Allspring Income Plus ETF",NA,NA,No,"Fixed Income",NA,NA
AIOO,"Allianzim U.S. Equity Buffer100 Protection ETF",25.81,"AllianzIM U.S. Equity Buffer100 Protection ETF",NA,NA,No,Equity,NA,NA
AIPI,"Rex AI Equity Premium Income ETF",38.9,"REX AI Equity Premium Income ETF",3,425,No,"Portfolio-Multi Asset",NA,NA
AIPO,"Defiance AI & Power Infrastructure ETF",25.35,"Defiance AI & Power Infrastructure ETF",NA,NA,No,Equity,NA,NA
AIQ,"GX Artificial Intelligence & Tech ETF",53.61,"Global X Artificial Intelligence & Technology ETF",406,11399,No,Equity,"Medical Services",NA
AIRR,"Rba American Industrial Renaissance ETF FT",112.89,"First Trust RBA American Industrial Renaissance ETF",11,389,No,"Portfolio-Multi Asset",NA,NA
AIS,"Vistashares Artificial Intelligence Supercycle E",44.23,"VistaShares Artificial Intelligence Supercycle ETF",13,61,No,Equity,NA,NA
AIVC,"Amplify Bloomberg AI Value Chain ETF",75.31,"Amplify Bloomberg AI Value Chain ETF",NA,NA,No,Equity,NA,NA
AIVI,"Wisdomtree International Dividend Top 100 Fund",54.36,"WisdomTree International AI Enhanced Value Fund",NA,NA,No,Equity,NA,NA
AIVL,"Wisdomtree U.S. Dividend Ex-Financials Fund",118.85,"WisdomTree U.S. AI Enhanced Value Fund",NA,NA,No,Equity,NA,NA
AIYY,"Yieldmax AI Option Income Strategy ETF",16.47,"YieldMax AI Option Income Strategy ETF",10,899,No,"Portfolio-Multi Asset",NA,NA
AJAN,"Innovator Equity Defined Protect ETF 2Yr Jan 202",28.01,"Innovator Equity Defined Protect ETF 2 Yr Jan 26",NA,NA,No,Equity,NA,NA
AJUL,"Innovator Equity Defined Prot ETF 2 Yr To July 2",29.24,"Innovator Equity Defined Protection ETF - 2 Yr to July 2026",NA,NA,No,Equity,NA,NA
ALAI,"Alger AI Enablers & Adopters ETF",37.27,"Alger AI Enablers & Adopters ETF",NA,NA,No,Equity,NA,NA
ALBG,"Leverage Shares 2X Long Alb Daily ETF",17.41,"Leverage Shares 2X Long ALB Daily ETF",NA,NA,No,Equity,NA,NA
ALIL,"Argent Focused Small Cap ETF",30.35,"Argent Focused Small Cap ETF",NA,NA,No,Equity,NA,NA
ALLW,"SPDR Bridgewater All Weather ETF",29.23,"SPDR Bridgewater All Weather ETF",NA,NA,No,Equity,NA,NA
ALRG,"Allspring Lt Large Core ETF",28.28,"Allspring LT Large Core ETF",NA,NA,No,Equity,NA,NA
ALTL,"Pacer Lunt Large Cap Alternator ETF",44.42,"Pacer Lunt Large Cap Alternator ETF",NA,NA,No,Equity,NA,NA
ALTY,"GX Alternative Income ETF",12.33,"Global X Alternative Income ETF",NA,NA,No,Equity,NA,NA
AMAX,"Roundhill Hedged Multi-Asset Income ETF",8.43,"RH Hedged Multi-Asset Income ETF",NA,NA,No,"Portfolio-Multi Asset",NA,NA
AMDD,"Direxion Daily Amd Bear 1X",7.87,"Direxion Daily AMD Bear 1X Shares",3,385,No,Equity,NA,NA
AMDG,"Leverage Shares 2X Long Amd Daily ETF",35.82,"Leverage Shares 2X Long AMD Daily ETF",15,303,No,Equity,NA,NA
AMDL,"Graniteshares 2X Long Amd Daily ETF",21.15,"GraniteShares 2x Long AMDL Daily ETF",3574,161442,Yes,Equity,NA,NA
AMDU,"Defiance Leveraged Long + Income Amd ETF",25.13,"Defiance Leveraged Long plus Income AMD ETF",NA,NA,No,Equity,NA,NA
AMDW,"Roundhill Amd Weeklypay ETF",58.5,"Roundhill AMD WeeklyPay ETF",12,147,No,Equity,NA,NA
AMDY,"Yieldmax Amd Option Income Strategy ETF",40.24,"YieldMax AMD Option Income Strategy ETF",7,1373,No,Equity,NA,NA
AMID,"Argent Mid Cap ETF",34.9,"Argent Mid Cap ETF",NA,NA,No,Equity,"Oil - Production & Pipeline",Oils-Energy
AMJB,"Alerian MLP Index ETN",32.51,"Alerian MLP Index ETNs due January 28, 2044",NA,NA,No,"Fixed Income",NA,NA
AMLP,"Alps Alerian MLP ETF",50.04,"Alerian MLP ETF",1851,14133,No,Equity,NA,NA
AMOM,"Qraft Ai-Enhanced U.S. Large Cap Momentum ETF",51.49,"QRAFT AI Enhanced U.S. Large Cap Momentum ETF",NA,NA,No,Equity,NA,NA
AMUB,"Etracs Alerian MLP Index ETN Series B",20.37,"ETRACS Alerian MLP Index ETN Series B",NA,NA,No,Equity,NA,NA
AMUN,"Abrdn Ultra Short Municipal Income Active ETF",26.14,"abrdn Ultra Short Municipal Income Active ETF",NA,NA,No,"Fixed Income",NA,NA
AMUU,"Direxion Daily Amd Bull 2X",74.38,"Direxion Daily AMD Bull 2X Shares",NA,NA,No,Equity,NA,NA
AMYY,"Graniteshares Yieldboost Amd ETF",20.97,"GraniteShares YieldBOOST AMD ETF",1,28,No,Equity,NA,NA
AMZA,"Infracap MLP ETF",42.1,"InfraCap MLP ETF",41,445,No,Equity,"Finance - Investment Funds",Finance
AMZD,"Direxion Daily Amzn Bear 1X",9.54,"Direxion Daily AMZN Bear 1X Shares",5,58,No,Equity,NA,NA
AMZP,"Kurv Yield Premium Amazon [Amzn] ETF",28.91,"Kurv Yield Premium Strategy Amazon (AMZN) ETF",5,17,No,Equity,NA,NA
AMZU,"Direxion Daily Amzn Bull 2X",38.21,"Direxion Daily AMZN Bull 1.5X Shares",2807,29981,No,Equity,NA,NA
AMZW,"Roundhill Amzn Weeklypay ETF",43.78,"Roundhill AMZN WeeklyPay ETF",8,78,No,Equity,NA,NA
AMZY,"Yieldmax Amzn Option Income Strategy ETF",13.32,"YieldMax AMZN Option Income Strategy ETF",19,645,No,Equity,NA,NA
AMZZ,"Graniteshares 2X Long Amzn Daily ETF",34.46,"GraniteShares 2x Long AMZN Daily ETF",121,2538,No,Equity,NA,NA
ANEL,"Defiance Daily Target 2X Long Anet ETF",20.65,"Defiance Daily Target 2x Long ANET ETF",NA,NA,No,Equity,NA,NA
ANEW,"MSCI Transformational Changes ETF",51.1,"ProShares MSCI Transformational Changes ETF",NA,NA,No,Equity,NA,NA
ANGL,"Vaneck Fallen Angel High Yield Bond ETF",29.59,"VanEck Vectors Fallen Angel High Yield Bond ETF",NA,NA,No,"Fixed Income",NA,NA
AOA,"Aggressive Allocation Ishares Core ETF",92.41,"iShares Core Aggressive Allocation ETF",NA,NA,No,"Portfolio-Multi Asset",NA,NA
AOCT,"Innovator Equity Defined Protection ETF 2 Yr To",26.66,"Innovator Equity Defined Protection ETF - 2 Yr to Oct 2026",NA,NA,No,Equity,NA,NA
AOHY,"Angel Oak High Yield Opportunities ETF",11.2,"Angel Oak High Yield Opportunities ETF",NA,NA,No,"Fixed Income",NA,NA
AOK,"Conservative Allocation Ishares Core ETF",40.83,"iShares Core Conservative Allocation ETF",NA,NA,No,"Portfolio-Multi Asset",NA,NA
AOM,"Moderate Allocation Ishares Core ETF",48.61,"iShares Core Moderate Allocation ETF",NA,NA,No,"Portfolio-Multi Asset",NA,NA
AOR,"Growth Allocation Ishares Core ETF",66.65,"iShares Core Growth Allocation ETF",NA,NA,No,"Portfolio-Multi Asset",NA,NA
AOTG,"Aot Growth and Innovation ETF",56.35,"AOT Growth and Innovation ETF",NA,NA,No,Equity,NA,NA
APCB,"Activepassive Core Bond ETF",29.71,"ActivePassive Core Bond ETF",NA,NA,No,"Fixed Income",NA,NA
APIE,"Activepassive International Equity ETF",37.81,"ActivePassive International Equity ETF",NA,NA,No,Equity,NA,NA
APLU,"Allspring Core Plus ETF",24.98,"Allspring Core Plus ETF",NA,NA,No,"Fixed Income",NA,NA
APLX,"Tradr 2X Long Apld Daily ETF",123.75,"Tradr 2X Long APLD Daily ETF",295,1930,No,Equity,NA,NA
APLY,"Yieldmax Aapl Option Income Strategy ETF",12.46,"YieldMax AAPL Option Income Strategy ETF",1,353,No,Equity,NA,NA
APLZ,"Tradr 2X Short Apld Daily ETF",17.14,"Tradr 2X Short APLD Daily ETF",NA,NA,No,Equity,NA,NA
APMU,"Activepassive Intermediate Municipal Bond ETF",25.3,"ActivePassive Intermediate Municipal Bond ETF",NA,NA,No,"Fixed Income",NA,NA
APOC,"Innovator Equity Defined Protection ETF 6 MO Apr",26.32,"Innovator Equity Defined Protection ETF - 6 Mo Apr/Oct",NA,NA,No,Equity,NA,NA
APPX,"Tradr 2X Long App Daily ETF",22.1,"Tradr 2X Long APP Daily ETF",678,7392,No,Equity,NA,NA
APRH,"Innovator Premium Income 20 Barrier ETF Apr",24.79,"Innovator Premium Income 20 Barrier ETF (Apr)",NA,NA,No,Equity,NA,NA
APRJ,"Innovator Premium Income 30 Barrier ETF Apr",24.68,"Innovator Premium Income 30 Barrier ETF (Apr)",NA,NA,No,Equity,NA,NA
APRP,"PGIM S&P 500 Buffer 12 ETF - April",29.9,"PGIM US Large-Cap Buffer 12 ETF (Apr)",NA,NA,No,Equity,NA,NA
APRT,"Allianzim U.S. Large Cap Buffer10 Apr ETF",41.92,"AllianzIM U.S. Large Cap Buffer10 Apr ETF",NA,NA,No,Equity,NA,NA
APRW,"Allianzim U.S. Large Cap Buffer20 Apr ETF",35.04,"AllianzIM U.S. Large Cap Buffer20 Apr ETF",NA,NA,No,Equity,NA,NA
APRZ,"Trueshares Structured Outcome [Apr] ETF",38.12,"TrueShares Structured Outcome (April) ETF",NA,NA,No,Equity,NA,NA
APUE,"Activepassive U.S. Equity ETF",42.61,"ActivePassive U.S. Equity ETF",NA,NA,No,Equity,NA,NA
APXM,"FT Vest U.S. Max Buffer ETF - Apr",31.13,"FT Vest U.S. Equity Max Buffer ETF (Apr)",NA,NA,No,Equity,NA,NA
AQLT,"Ishares MSCI Global Quality Factor ETF",29.47,"iShares MSCI Global Quality Factor ETF",NA,NA,No,Equity,NA,NA
AQWA,"GX Clean Water ETF",19.75,"Global X Clean Water ETF",17,66,No,Equity,NA,NA
ARB,"Altshares Merger Arbitrage ETF",29.06,"AltShares Merger Arbitrage ETF",NA,NA,No,Equity,NA,NA
ARCM,"Arrow Reserve Capital Management ETF",100.36,"Arrow Reserve Capital Management ETF",NA,NA,No,"Fixed Income",NA,NA
ARCX,"Tradr 2X Long Achr Daily ETF",36.35,"Tradr 2X Long ACHR Daily ETF",3,429,No,Equity,"Oil - Production & Pipeline",Oils-Energy
AREA,"Harbor Alphaedge Next Generation Reits ETF",18.57,"Harbor AlphaEdge Next Generation REITs ETF",NA,NA,No,Equity,NA,NA
ARGT,"GX MSCI Argentina ETF",102.07,"Global X MSCI Argentina ETF",150,3984,No,Equity,NA,NA
ARKB,"Ark 21Shares Bitcoin ETF",29.54,"ARK 21Shares Bitcoin ETF",92,13515,No,Currency,NA,NA
ARKF,"Ark Fintech Innovation ETF",45.77,"ARK FinTech Innovation ETF",35,3020,No,Equity,NA,NA
ARKG,"Ark Genomic Revolution ETF",31.48,"ARK Genomic Revolution ETF",16342,169840,Yes,"Portfolio-Multi Asset",NA,NA
ARKK,"Ark Innovation ETF",78.94,"ARK Innovation ETF",21004,362889,Yes,"Portfolio-Multi Asset",NA,NA
ARKQ,"Ark Autonomous Tech & Robotics ETF",130.48,"ARK Autonomous Technology & Robotics ETF",132,6006,No,"Portfolio-Multi Asset",NA,NA
ARKW,"Ark Next Generation Internet ETF",144.98,"ARK Next Generation Internet ETF",275,1717,No,Equity,NA,NA
ARKX,"Ark Space Exploration & Innovation ETF",33.86,"ARK Space Exploration & Innovation ETF",363,7224,No,Equity,NA,NA
ARLU,"Allianzim U.S. Equity Buffer15 Uncapped Apr ETF",30.86,"AllianzIM U.S. Equity Buffer15 Uncapped Apr ETF",NA,NA,No,Equity,NA,NA
ARMG,"Leverage Shares 2X Long Arm Daily ETF",5.63,"Leverage Shares 2X Long ARM Daily ETF",14,5017,No,Equity,NA,NA
ARMH,"Arm Holdings Plc Adrhedged",45.68,"Arm Holdings PLC ADRhedged",NA,NA,No,Equity,"Electronics - Semiconductors","Computers and Technology"
ARMU,"T-Rex 2X Long Arm Daily Target ETF",13.83,"T-REX 2X Long ARM Daily Target ETF",6,147,No,Equity,NA,NA
ARP,"Inner Circle II Pmv Adaptive Risk Parity ETF",33.3,"PMV Adaptive Risk Parity ETF",NA,NA,No,Alternative,"Oil - US Exploration & Product",Oils-Energy
ARTY,"Ishares Robotics and Artificial Intelligence ETF",54.44,"iShares Future AI & Tech ETF",98,1002,No,Equity,NA,NA
ARVR,"FT Indxx Metaverse ETF",51.09,"First Trust Indxx Metaverse ETF",NA,NA,No,Equity,NA,NA
ASCE,"Allspring Smid Core ETF",28.51,"Allspring SMID Core ETF",NA,NA,No,Equity,NA,NA
ASCI,"Abrdn International Small Cap Active ETF",35.68,"abrdn International Small Cap Active ETF",NA,NA,No,Equity,NA,NA
ASEA,"GX FTSE Southeast Asia ETF",19.53,"Global X FTSE Southeast Asia ETF",18,134,No,Equity,NA,NA
ASGM,"Virtus Alphasimplex Global Macro ETF",28.72,"Virtus AlphaSimplex Global Macro ETF",NA,NA,No,Alternative,NA,NA
ASHR,"Xt Harvest CSI 300 China A-Shares ETF",33.66,"X-trackers Harvest CSI 300 China A-Shares ETF",10500,563808,Yes,"Portfolio-Multi Asset",NA,NA
ASHS,"Xt Harvest CSI 500 China A-Shares Small Cap ETF",44.38,"X-trackers Harvest CSI 500 China A-Shares Small Cap ETF",2,3838,No,"Portfolio-Multi Asset",NA,NA
ASIA,"Matthews Pacific Tiger Active ETF",37.44,"Matthews Pacific Tiger Active ETF",NA,NA,No,Equity,NA,NA
ASLV,"Allspring Special Large Value ETF",29.07,"Allspring Special Large Value ETF",NA,NA,No,Equity,NA,NA
ASMF,"Virtus Alphasimplex Managed Futures ETF",25.41,"Virtus AlphaSimplex Managed Futures ETF",NA,NA,No,Alternative,NA,NA
ASMG,"Leverage Shares 2X Long Asml Daily ETF",38.9,"Leverage Shares 2X Long ASML Daily ETF",620,1504,No,Equity,NA,NA
ASMH,"Asml Holding NV Adrhedged",94.4,"ASML Holding NV ADRhedged",NA,NA,No,Equity,NA,NA
ASTX,"Tradr 2X Long Asts Daily ETF",99.85,"Tradr 2X Long ASTS Daily ETF",1036,9805,No,Equity,NA,NA
ATFV,"Alger 35 ETF",35.42,"Alger 35 ETF",NA,NA,No,Equity,NA,NA
ATMP,"Barclays Plus Select MLP ETN",30.78,"Barclays ETN Plus Select MLP ETN",NA,NA,No,"Portfolio-Multi Asset",NA,NA
AUGM,"FT Vest U.S. Max Buffer ETF - Aug",34.19,"FT Vest U.S. Equity Max Buffer ETF (Aug)",NA,NA,No,Equity,NA,NA
AUGP,"PGIM S&P 500 Buffer 12 ETF - August",31.44,"PGIM US Large-Cap Buffer 12 ETF (Aug)",NA,NA,No,Equity,NA,NA
AUGT,"Aim U.S. Large Cap Buffer10 Aug ETF",36.07,"AllianzIM U.S. Large Cap Buffer10 Aug ETF",NA,NA,No,Equity,NA,NA
AUGU,"Allianzim U.S. Equity Buffer15 Uncapped Aug ETF",29.91,"AllianzIM U.S. Equity Buffer15 Uncapped Aug ETF",NA,NA,No,Equity,NA,NA
AUGW,"Aim U.S. Large Cap Buffer20 Aug ETF",32.76,"AllianzIM U.S. Large Cap Buffer20 Aug ETF",NA,NA,No,Equity,NA,NA
AUGZ,"Trueshares Structured Outcome [Aug] ETF",42.71,"TrueShares Structured Outcome (August) ETF",NA,NA,No,Equity,NA,NA
AUMI,"Themes Gold Miners ETF",117.32,"Themes Gold Miners ETF",NA,NA,No,Equity,NA,NA
AURU,"Tradr 2X Long Aur Daily ETF",14.2,"Tradr 2X Long AUR Daily ETF",112,20,No,Equity,NA,NA
AUSF,"GX Adaptive U.S. Factor ETF",48.08,"Global X Adaptive U.S. Factor ETF",NA,NA,No,Equity,NA,NA
AUSM,"Allspring Ultra Short Municipal ETF",25.11,"Allspring Ultra Short Municipal ETF",NA,NA,No,"Fixed Income",NA,NA
AVDE,"Avantis International Equity ETF",87.84,"Avantis International Equity ETF",1,22,No,Equity,NA,NA
AVDS,"Avantis International Small Cap Equity ETF",76.21,"Avantis International Small Cap Equity ETF",NA,NA,No,Equity,NA,NA
AVDV,"Avantis International Small Cap Value ETF",103.36,"Avantis International Small Cap Value ETF",10,473,No,Equity,NA,NA
AVEE,"Avantis Emerging Markets Small Cap Equity ETF",67.06,"Avantis Emerging Markets Small Cap Equity ETF",NA,NA,No,Equity,NA,NA
AVEM,"Avantis Emerging Markets Equity ETF",85.21,"Avantis Emerging Markets Equity ETF",1,60,No,Equity,NA,NA
AVES,"Avantis Emerging Markets Value ETF",63.78,"Avantis Emerging Markets Value ETF",NA,NA,No,Equity,NA,NA
AVGB,"Avantis Credit ETF",50.99,"Avantis Credit ETF",NA,NA,No,"Fixed Income",NA,NA
AVGE,"Avantis All Equity Markets ETF",90.68,"Avantis All Equity Markets ETF",NA,NA,No,Equity,NA,NA
AVGG,"Leverage 2X Long Avgo Daily ETF",24.59,"Leverage Shares 2X Long AVGO Daily ETF",2992,1163,No,Equity,"Internet - Services","Computers and Technology"
AVGU,"Graniteshares 2X Long Avgo Daily ETF",31.51,"GraniteShares 2x Long AVGO Daily ETF",NA,NA,No,Equity,NA,NA
AVGV,"Avantis All Equity Markets Value ETF",78.24,"Avantis All Equity Markets Value ETF",2,1,No,Equity,NA,NA
AVGW,"Roundhill Avgo Weeklypay ETF",43.53,"Roundhill AVGO WeeklyPay ETF",10,237,No,Equity,NA,NA
AVGX,"Defiance Daily Target 2X Long Avgo ETF",42.57,"Defiance Daily Target 2x Long AVGO ETF",331,17351,No,Equity,NA,NA
AVIE,"Avantis Inflation Focused Equity ETF",69.26,"Avantis Inflation Focused Equity ETF",NA,NA,No,Equity,NA,NA
AVIG,"Avantis Core Fixed Income ETF",42.01,"Avantis Core Fixed Income ETF",NA,NA,No,"Fixed Income",NA,NA
AVIV,"Avantis International Large Cap Value ETF",75.91,"Avantis International Large Cap Value ETF",NA,NA,No,Equity,NA,NA
AVL,"Direxion Daily Avgo Bull 2X",40.07,"Direxion Daily AVGO Bull 2X Shares",157,6092,No,Equity,NA,NA
AVLC,"Avantis U.S. Large Cap Equity ETF",81.49,"Avantis U.S. Large Cap Equity ETF",NA,NA,No,Equity,NA,NA
AVLV,"Avantis U.S. Large Cap Value ETF",80.54,"Avantis U.S. Large Cap Value ETF",NA,NA,No,Equity,NA,NA
AVMA,"Avantis Moderate Allocation ETF",68.86,"Avantis Moderate Allocation ETF",NA,NA,No,Equity,NA,NA
AVMC,"Avantis U.S. Mid Cap Equity ETF",73.84,"Avantis U.S. Mid Cap Equity ETF",NA,NA,No,Equity,NA,NA
AVMU,"Avantis Core Municipal Fixed Income ETF",46.63,"Avantis Core Municipal Fixed Income ETF",NA,NA,No,"Fixed Income",NA,NA
AVMV,"Avantis U.S. Mid Cap Value ETF",74.17,"Avantis U.S. Mid Cap Value ETF",NA,NA,No,Equity,NA,NA
AVNM,"Avantis All International Markets Equity ETF",79.35,"Avantis All International Markets Equity ETF",NA,NA,No,Equity,NA,NA
AVNV,"Avantis All International Markets Value ETF",81.08,"Avantis All International Markets Value ETF",NA,NA,No,Equity,NA,NA
AVRE,"Avantis Real Estate ETF",44.27,"Avantis Real Estate ETF",NA,NA,No,Alternative,NA,NA
AVS,"Direxion Daily Avgo Bear 1X",9.75,"Direxion Daily AVGO Bear 1X Shares",NA,NA,No,Equity,NA,NA
AVSC,"Avantis U.S Small Cap Equity ETF",62.49,"Avantis U.S. Small Cap Equity ETF",NA,NA,No,Equity,NA,NA
AVSD,"Avantis Responsible International Equity ETF",78.29,"Avantis Responsible International Equity ETF",NA,NA,No,Equity,NA,NA
AVSE,"Avantis Responsible Emerging Markets ETF",71.16,"Avantis Responsible Emerging Markets Equity ETF",NA,NA,No,Equity,NA,NA
AVSF,"Avantis Short-Term Fixed Income ETF",47.15,"Avantis Short-Term Fixed Income ETF",NA,NA,No,"Fixed Income",NA,NA
AVSU,"Avantis Responsible U.S. Equity ETF",79.08,"Avantis Responsible U.S. Equity ETF",NA,NA,No,Equity,NA,NA
AVUQ,"Avantis U.S. Quality ETF",61.66,"Avantis U.S. Quality ETF",NA,NA,No,Equity,NA,NA
AVUS,"Avantis U.S. Equity ETF",115.99,"Avantis U.S. Equity ETF",4,43,No,Equity,NA,NA
AVUV,"Avantis U.S. Small Cap Value ETF",108.29,"Avantis U.S. Small Cap Value ETF",3,880,No,Equity,NA,NA
AVXC,"Avantis Emerging Markets Ex-China Equity ETF",70.95,"Avantis Emerging Markets Ex-China Equity ETF",NA,NA,No,Equity,NA,NA
AVXX,"Defiance Daily Target 2X Long Avav ETF",11.74,"Defiance Daily Target 2x Long AVAV ETF",NA,NA,No,Equity,NA,NA
AWAY,"Amplify Travel Tech ETF",19.67,"Amplify Travel Tech ETF",NA,NA,No,Equity,NA,NA
AXUP,"T-Rex 2X Long Axon Daily Target ETF",11.49,"T-REX 2X Long AXON Daily Target ETF",25,149,No,Equity,NA,NA
AZNH,"Astrazeneca Plc Adrhedged",53.73,"AstraZeneca ADRhedged",NA,NA,No,Equity,NA,NA
AZTD,"Aztlan Global Stock Selection Dm Smid ETF",30.4,"Aztlan Global Stock Selection DM SMID ETF",NA,NA,No,Equity,NA,NA
AZYY,"Graniteshares Yieldboost Amzn ETF",19.47,"GraniteShares YieldBOOST AMZN ETF",NA,NA,No,Equity,NA,NA
BAB,"Taxable Municipal Bond Invesco ETF",27.16,"Invesco Taxable Municipal Bond ETF",1,153,No,"Fixed Income",NA,NA
BABO,"Yieldmax Baba Option Income Strategy",14.82,"YieldMax BABA Option Income Strategy ETF",4,238,No,Equity,NA,NA
BABX,"Graniteshares 2X Long Baba Daily ETF",50.27,"GraniteShares 2x Long BABA Daily ETF",124,3375,No,Equity,NA,NA
BAFE,"Brown Advisory Flexible Equity ETF",27.55,"Brown Advisory Flexible Equity ETF",NA,NA,No,Equity,NA,NA
BAGY,"Amplify Bitcoin Max Income Covered Call ETF",38.01,"Amplify Bitcoin Max Income Covered Call ETF",1,27,No,Currency,NA,NA
BAI,"Ishares A.I. Innovation and Tech Active ETF",36.07,"iShares A.I. Innovation and Tech Active ETF",22,249,No,Equity,NA,NA
BAIG,"Leverage Shares 2X Long Bbai Daily ETF",10.16,"Leverage Shares 2X Long BBAI Daily ETF",10,919,No,Equity,NA,NA
BALI,"Blackrock Advantage Large Cap Income ETF",32.49,"BlackRock Advantage Large Cap Income ETF",15,56,No,Equity,NA,NA
BALQ,"Ishares Nasdaq Premium Income Active ETF",51.28,"iShares Nasdaq Premium Income Active ETF",NA,NA,No,Equity,NA,NA
BALT,"Innovator Defined Wealth Shield ETF",33.72,"Innovator Defined Wealth Shield ETF",NA,NA,No,Equity,NA,NA
BAMA,"Brookstone Active ETF",34.73,"Brookstone Active ETF",NA,NA,No,"Portfolio-Multi Asset",NA,NA
BAMD,"Brookstone Dividend Stock ETF",30.8,"Brookstone Dividend Stock ETF",NA,NA,No,Equity,NA,NA
BAMG,"Brookstone Growth Stock ETF",40.24,"Brookstone Growth Stock ETF",NA,NA,No,Equity,NA,NA
BAMO,"Brookstone Opportunities ETF",32.97,"Brookstone Opportunities ETF",NA,NA,No,"Portfolio-Multi Asset",NA,NA
BAMU,"Brookstone Ultra-Short Bond ETF",25.18,"Brookstone Ultra-Short Bond ETF",NA,NA,No,Equity,NA,NA
BAMV,"Brookstone Value Stock ETF",33.34,"Brookstone Value Stock ETF",NA,NA,No,Equity,NA,NA
BAMY,"Brookstone Yield ETF",27.99,"Brookstone Yield ETF",NA,NA,No,"Portfolio-Multi Asset",NA,NA
BAPR,"Innovator U.S. Equity Buffer ETF Apr",48.38,"Innovator S&P 500 Buffer ETF (Apr)",NA,NA,No,Equity,NA,NA
BAR,"Graniteshares Gold Trust",53.01,"Graniteshares Gold Trust",NA,NA,No,Commodity,NA,NA
BASG,"Brown Advisory Sustainable Growth ETF",25.41,"Brown Advisory Sustainable Growth ETF",NA,NA,No,Equity,NA,NA
BASV,"Brown Advisory Sustainable Value ETF",28.17,"Brown Advisory Sustainable Value ETF",NA,NA,No,Equity,NA,NA
BATT,"Amplify Lithium & Battery Technology ETF",16.15,"Amplify Advanced Battery Metals and Materials ETF",38,2875,No,Equity,NA,NA
BAUG,"Innovator U.S. Equity Buffer ETF Aug",50.68,"Innovator S&P 500 Buffer ETF (Aug)",NA,NA,No,Equity,NA,NA
BBAG,"JPM Betabuilders U.S. Aggregate Bond ETF",46.49,"JPMorgan BetaBuilders U.S. Aggregate Bond ETF",NA,NA,No,"Fixed Income",NA,NA
BBAX,"JPM Betabuilders Developed Asia Pacific-Ex Japan",61.11,"JPMorgan BetaBuilders Developed Asia ex-Japan ETF",NA,NA,No,Equity,NA,NA
BBB,"Cyber Hornet S&P 500 and Bitcoin 75/25 Strategy",30.06,"Cyber Hornet S&P 500 and Bitcoin 75/25 Strategy ETF",NA,NA,No,"Portfolio-Multi Asset",NA,NA
BBBI,"Bondbloxx BBB Rated 5-10 Year Corporate Bond",52.17,"BondBloxx BBB Rated 5-10 Year Corporate Bond ETF",NA,NA,No,"Fixed Income",NA,NA
BBBL,"Bondbloxx BBB Rated 10+ Year Corporate Bond",48.71,"BondBloxx BBB Rated 10  Year Corporate Bond ETF",NA,NA,No,"Fixed Income",NA,NA
BBBS,"Bondbloxx BBB Rated 1-5 Year Corporate Bond",51.59,"BondBloxx BBB Rated 1-5 Year Corporate Bond ETF",NA,NA,No,"Fixed Income",NA,NA
BBC,"Virtus Lifesci Biotech Clinical Trials ETF",41.45,"Virtus LifeSci Biotech Clinical Trials ETF",5,112,No,"Portfolio-Multi Asset",NA,NA
BBCA,"JPM Betabuilders Canada ETF",96.88,"JPMorgan BetaBuilders Canada ETF",2,25,No,Equity,NA,NA
BBCB,"JPM Betabuilders USD Investment Corp Bond ETF",45.97,"JPMorgan BetaBuilders USD Investment Grade Corporate Bond ETF",NA,NA,No,"Fixed Income",NA,NA
BBEM,"JPM Betabuilders Emerging Markets Equity ETF",70.24,"JPMorgan BetaBuilders Emerging Markets Equity ETF",NA,NA,No,Equity,NA,NA
BBEU,"JPM Betabuilders Europe ETF",76.73,"JPMorgan BetaBuilders Europe ETF",2,29,No,Equity,NA,NA
BBH,"Vaneck Biotech ETF",198.56,"VanEck Vectors Biotech ETF",13,256,No,Equity,"Finance - Investment Funds",Finance
BBHY,"JPM Betabuilders USD High Yield Corp Bond ETF",46.79,"JPMorgan BetaBuilders USD High Yield Corporate Bond ETF",NA,NA,No,"Fixed Income",NA,NA
BBIB,"JPM Betabuilders U.S. Bond 3-10 Year ETF",99.13,"JPMorgan BetaBuilders U.S. Treasury Bond 3-10 Year ETF",NA,NA,No,Equity,NA,NA
BBIN,"JPM Betabuilders International Equity ETF",76.29,"JPMorgan BetaBuilders International Equity ETF",NA,NA,No,Equity,NA,NA
BBJP,"JPM Betabuilders Japan ETF",69.39,"JPMorgan BetaBuilders Japan ETF",10,34,No,Equity,NA,NA
BBLB,"JPM Betabuilders U.S. Bond 20+ Year ETF",82.57,"JPMorgan BetaBuilders U.S. Treasury Bond 20 plus Year ETF",NA,NA,No,"Fixed Income",NA,NA
BBLU,"Ea Bridgeway Blue Chip ETF",15.28,"EA Bridgeway Blue Chip ETF",NA,NA,No,Equity,"Utility - Electric Power",Utilities
BBMC,"JPM Betabuilders U.S. Mid Cap Equity ETF",112.91,"JPMorgan BetaBuilders U.S. Mid Cap Equity ETF",NA,NA,No,Equity,NA,NA
BBP,"Virtus Lifesci Biotech Products ETF",82.41,"Virtus LifeSci Biotech Products ETF",NA,NA,No,"Portfolio-Multi Asset",NA,NA
BBRE,"JPM Betabuilders MSCI U.S. REIT ETF",93.32,"JPMorgan BetaBuilders MSCI US REIT ETF",NA,NA,No,Equity,NA,NA
BBSB,"JPM Betabuilders U.S. Bond 1-3 Year ETF",99.24,"JPMorgan BetaBuilders U.S. Treasury Bond 1-3 Year ETF",NA,NA,No,"Fixed Income",NA,NA
BBSC,"JPM Betabuilders U.S. Small Cap Equity ETF",78.51,"JPMorgan BetaBuilders U.S. Small Cap Equity ETF",NA,NA,No,Equity,NA,NA
BBUS,"JPM Betabuilders U.S. Equity ETF",125.62,"JPMorgan BetaBuilders U.S. Equity ETF",4,6,No,Equity,NA,NA
BBYY,"Graniteshares Yieldboost Baba ETF",19.61,"GraniteShares YieldBOOST BABA ETF",NA,NA,No,Equity,NA,NA
BCCC,"GX Bitcoin Covered Call ETF",18.03,"Global X Bitcoin Covered Call ETF",NA,NA,No,Currency,NA,NA
BCD,"All Commodity Longer Dated Strategy K-1 Free ETF",34.4,"Aberdeen Standard Bloomberg All Commodity Longer Dated Strategy K-1 Free ETF",NA,NA,No,Commodity,NA,NA
BCDF,"Horizon Kinetics Blockchain Development ETF",31.96,"Horizon Kinetics Blockchain Development ETF",NA,NA,No,Equity,NA,NA
BCFN,"Baron Financials ETF",24.29,"Baron Financials ETF",NA,NA,No,Equity,NA,NA
BCHI,"GMO Beyond China ETF",33.15,"GMO Beyond China ETF",NA,NA,No,Equity,NA,NA
BCI,"All Commodity Strategy K-1 Free ETF",22.05,"Aberdeen Standard Bloomberg All Commodity Strategy K-1 ETF",127,3272,No,Commodity,NA,NA
BCIL,"Bancreek International Large Cap ETF",27.94,"Bancreek International Large Cap ETF",NA,NA,No,Equity,NA,NA
BCKT,"Lifex 2030 Income Bucket ETF",45.79,"Lifex 2030 Income Bucket ETF",NA,NA,No,"Fixed Income",NA,NA
BCLO,"Ishares BBb-B Clo Active ETF",49.99,"iShares BBB-B CLO Active ETF",NA,NA,No,"Fixed Income",NA,NA
BCOR,"Grayscale Bitcoin Adopters ETF",27.27,"Grayscale Bitcoin Adopters ETF",NA,NA,No,Equity,"Technology Services","Business Services"
BCTK,"Baron Technology ETF",25.75,"Baron Technology ETF",NA,NA,No,Equity,NA,NA
BCUS,"Bancreek U.S. Large Cap ETF",32.86,"Bancreek U.S. Large Cap ETF",NA,NA,No,Equity,NA,NA
BDBT,"Bluemonte Core Bond ETF",25.46,"Bluemonte Core Bond ETF",NA,NA,No,"Fixed Income",NA,NA
BDCX,"Etracs Quarterly Pay 1.5X Bdc ETN",23.6,"ETRACS Quarterly Pay 1.5X Leveraged Wells Fargo BDC Index ETN",NA,NA,No,Equity,NA,NA
BDCZ,"Etracs Bus Dev ETN Series B",16.52,"ETRACS Linked to the Wells Fargo Business Development Company Index ETN Series B",NA,NA,No,"Portfolio-Multi Asset",NA,NA
BDEC,"Innovator U.S. Equity Buffer ETF Dec",50.3,"Innovator S&P 500 Buffer ETF (Dec)",NA,NA,No,Equity,NA,NA
BDGS,"Bridges Capital Tactical ETF",34.88,"Bridges Capital Tactical ETF",NA,NA,No,Equity,NA,NA
BDIV,"Aam Brentview Dividend Growth ETF",23.29,"AAM Brentview Dividend Growth ETF",NA,NA,No,Equity,NA,NA
BDRY,"Breakwave Dry Bulk Shipping ETF",11.01,"Breakwave Dry Bulk Shipping ETF",10,1447,No,Equity,NA,NA
BDVG,"Imgp Berkshire Dividend Growth ETF",13.07,"IMGP Berkshire Dividend Growth ETF",NA,NA,No,Equity,NA,NA
BDVL,"Ishares Disciplined Volatility Equity Active ETF",25.32,"iShares Disciplined Volatility Equity Active ETF",NA,NA,No,Equity,NA,NA
BDYN,"Ishares Dynamic Equity Active ETF",26.47,"iShares Dynamic Equity Active ETF",NA,NA,No,Equity,NA,NA
BEDY,"BNY Mellon Enhanced Dividend and Income ETF",27.5,"BNY Mellon Enhanced Dividend and Income ETF",NA,NA,No,Equity,NA,NA
BEDZ,"Advisorshares Hotel ETF",32.26,"AdvisorShares Hotel ETF",NA,NA,No,Equity,NA,NA
BEEX,"The Beehive ETF",26.34,"Beehive ETF",NA,NA,No,Equity,NA,NA
BEEZ,"Honeytree U.S. Equity ETF",33.7,"Honeytree U.S. Equity ETF",NA,NA,No,Equity,NA,NA
BEG,"Leverage Shares 2X Long BE Daily ETF",45.68,"Leverage Shares 2x Long BE Daily ETF",NA,NA,No,Equity,NA,NA
BELT,"Blackrock Long-Term U.S. Equity ETF",34.95,"BlackRock Long-Term U.S. Equity ETF",NA,NA,No,Equity,NA,NA
BEMB,"JPM Broad USD Emerging Markets Bond ETF",54.06,"iShares J.P. Morgan Broad USD Emerging Markets Bond ETF",NA,NA,No,"Fixed Income",NA,NA
BENJ,"Horizon Landmark ETF",52.01,"Horizon Landmark ETF",NA,NA,No,Equity,NA,NA
BERZ,"Microsectors Fang & Innovation -3X ETN",2.55,"MicroSectors FANG and Innovation -3X Inverse Leveraged ETN",NA,NA,No,Equity,NA,NA
BESF,"Bastion Energy ETF",36.02,"Bastion Energy ETF",NA,NA,No,Equity,NA,NA
BETE,"Proshares Bitcoin & Ether EW Strategy ETF",46.35,"ProShares Bitcoin & Ether Equal Weight Strategy ETF",NA,NA,No,Currency,NA,NA
BETH,"Proshares Bitcoin & Ether Mcap Weight ETF",51.78,"ProShares Bitcoin & Ether Market Cap Weight Strategy ETF",NA,NA,No,Currency,NA,NA
BETZ,"Roundhill Sports Betting & Igaming ETF",19.06,"Roundhill Sports Betting & iGaming ETF",1,254,No,Equity,NA,NA
BEX,"Tradr 2X Long BE Daily ETF",31.69,"Tradr 2X Long BE Daily ETF",86,1875,No,Currency,NA,NA
BFAP,"FT Vest Bitcoin Strategy Floor15 ETF - Apr",18.44,"FT Vest Bitcoin Strategy Floor15 ETF (Apr)",NA,NA,No,Currency,NA,NA
BFEB,"Innovator U.S. Equity Buffer ETF Feb",49.61,"Innovator S&P 500 Buffer ETF (Feb)",NA,NA,No,Equity,NA,NA
BFIX,"Build Bond Innovation ETF",25.58,"BUILD Bond Innovation ETF",NA,NA,No,"Portfolio-Multi Asset",NA,NA
BFJL,"FT Vest Bitcoin Strategy Floor15 ETF - Jul",18.12,"FT Vest Bitcoin Strategy Floor15 ETF (Jul)",NA,NA,No,Currency,NA,NA
BFOR,"Barron's 400 ETF",86.13,"Barron's 400 ETF",51,70,No,"Portfolio-Multi Asset",NA,NA
BFRE,"Westwood Lbrty Global Equity ETF",30.53,"Westwood LBRTY Global Equity ETF",NA,NA,No,Equity,NA,NA
BFRZ,"Innovator Equity Managed 100 Buffer ETF",26.92,"Innovator Equity Managed 100 Buffer ETF",NA,NA,No,Equity,NA,NA
BGDV,"Bahl & Gaynor Dividend ETF",28.29,"Bahl & Gaynor Dividend ETF",NA,NA,No,Equity,NA,NA
BGIG,"ETF Series Bahl & Gaynor Income Growth ETF",33.33,"Bahl & Gaynor Income Growth ETF",NA,NA,No,Equity,NA,NA
BGLD,"FT Vest Gold Strategy Quarterly Buffer ETF",18.15,"FT Vest Gold Strategy Quarterly Buffer ETF",NA,NA,No,Commodity,NA,NA
BGRN,"Ishares Global Green Bond ETF",48.01,"iShares Global Green Bond ETF",NA,NA,No,"Fixed Income",NA,NA
BGRO,"Blackrock Large Cap Growth ETF",39.27,"BlackRock Large Cap Growth ETF",NA,NA,No,Equity,NA,NA
BHYB,"Dbx USD High Yield Bb-B Ex Financials ETF",54.79,"Xtrackers USD High Yield BB-B ex Financials ETF",NA,NA,No,"Fixed Income",NA,NA
BIB,"Ultra Nasdaq Biotechnology 2X ETF",84.46,"ProShares Ultra Nasdaq Biotechnology",24,336,No,Equity,NA,NA
BIBL,"Inspire 100 ETF",48.56,"Inspire 100 ETF",1,3,No,Equity,NA,NA
BIDD,"Blackrock International Dividend ETF",30.5,"BlackRock International Dividend ETF",NA,NA,No,Equity,NA,NA
BIDG,"Leverage Shares 2X Long Bidu Daily ETF",24.88,"Leverage Shares 2X Long BIDU Daily ETF",NA,NA,No,Equity,NA,NA
BIGY,"Yieldmax Target 12 Big 50 Option Income ETF",52.46,"YieldMax Target 12 Big 50 Option Income ETF",1,14,No,Equity,NA,NA
BIL,"BBG 1-3 Month T-Bill SPDR ETF",91.61,"SPDR Bloomberg 1-3 Month T-Bill ETF",8,1893,No,"Fixed Income",NA,NA
BILD,"Nomura Global Listed Infrastructure ETF",29.24,"Nomura Global Listed Infrastructure ETF",NA,NA,No,Equity,NA,NA
BILS,"BBG 3-12 Month T-Bill SPDR ETF",99.44,"SPDR Bloomberg 3-12 Month T-Bill ETF",NA,NA,No,"Fixed Income",NA,NA
BILT,"Ishares Infrastructure Active ETF",26.92,"iShares Infrastructure Active ETF",NA,NA,No,Equity,NA,NA
BILZ,"Pimco Ultra Short Government Active ETF",101,"PIMCO Ultra Short Government Active ETF",NA,NA,No,"Fixed Income",NA,NA
BINC,"Blackrock Flexible Income ETF",53.11,"BlackRock Flexible Income ETF",NA,NA,No,"Fixed Income",NA,NA
BINT,"Bluemonte Global Equity ETF",30.09,"Bluemonte Global Equity ETF",NA,NA,No,Equity,NA,NA
BINV,"Brandes International ETF",42.33,"Brandes International ETF",NA,NA,No,Equity,NA,NA
BIS,"Ultrashort Nasdaq Biotechnology -2X ETF",8.85,"ProShares UltraShort Nasdaq Biotechnology",NA,NA,No,Equity,NA,NA
BITB,"Bitwise Bitcoin ETF",48.38,"Bitwise Bitcoin ETF",529,14590,No,Currency,NA,NA
BITC,"Bitwise Bitcoin Strategy Optimum Roll ETF",36.2,"Bitwise Bitcoin Strategy Optimum Roll ETF",NA,NA,No,Currency,NA,NA
BITI,"Proshares Short Bitcoin Strategy -1X ETF",22.63,"ProShares Short Bitcoin Strategy ETF",307,8897,No,Currency,"Medical - Drugs",Medical
BITK,"Tuttle Capital Ibit 0Dte Covered Call ETF",15.52,"Tuttle Capital Ibit 0Dte Covered Call ETF",NA,NA,No,Currency,NA,NA
BITO,"Proshares Bitcoin Strategy ETF",12.34,"ProShares Bitcoin Strategy ETF",13491,249667,Yes,Currency,NA,NA
BITQ,"Bitwise Crypto Industry Innovators ETF",23.54,"Bitwise Crypto Industry Innovators ETF",47,686,No,Equity,NA,NA
BITS,"GX Blockchain & Bitcoin Strategy ETF",71.84,"Global X Blockchain & Bitcoin Strategy ETF",1,53,No,Alternative,NA,NA
BITU,"Proshares Ultra Bitcoin ETF",22.34,"ProShares Ultra Bitcoin ETF",340,12447,No,Currency,NA,NA
BITW,"Bitwise 10 Crypto Index ETF",60,"Bitwise 10 Crypto Index ETF",NA,NA,No,Currency,NA,NA
BITX,"Volatility 2X Bitcoin Strategy ETF",28.1,"Volatility Shares 2x Bitcoin Strategy ETF",13908,174684,Yes,Currency,NA,NA
BITY,"Amplify Bitcoin 2% Monthly Option Income ETF",40.35,"Amplify Bitcoin 2% Monthly Option Income ETF",5,32,No,Currency,NA,NA
BIV,"Interm Term Bond ETF Vanguard",77.81,"Vanguard Intermediate-Term Bond Fund",1,191,No,"Fixed Income",NA,NA
BIZD,"Vaneck Bdc Income ETF",14.12,"VanEck Vectors BDC Income ETF",12,15445,No,Equity,NA,NA
BJAN,"Innovator U.S. Equity Buffer ETF Jan",55.78,"Innovator S&P 500 Buffer ETF (Jan)",NA,NA,No,Equity,NA,NA
BJK,"Vaneck Gaming ETF",38.59,"VanEck Vectors Gaming ETF",23,171,No,Equity,NA,NA
BJUL,"Innovator U.S. Equity Buffer ETF Jul",51.34,"Innovator S&P 500 Buffer ETF (Jul)",NA,NA,No,Equity,NA,NA
BJUN,"Innovator U.S. Equity Buffer ETF Jun",47.25,"Innovator S&P 500 Buffer ETF (Jun)",NA,NA,No,Equity,NA,NA
BKAG,"BNY Mellon Core Bond ETF",42.48,"BNY Mellon Core Bond ETF",NA,NA,No,"Fixed Income",NA,NA
BKCG,"BNY Mellon Concentrated Growth ETF",37.48,"BNY Mellon Concentrated Growth ETF",NA,NA,No,Equity,NA,NA
BKCH,"GX Blockchain ETF",81.49,"Global X Blockchain ETF",6,1133,No,Equity,NA,NA
BKCI,"BNY Concentrated International ETF",52.86,"BNY Mellon Concentrated International ETF",NA,NA,No,Equity,NA,NA
BKDV,"BNY Mellon Dynamic Value ETF",30.22,"BNY Mellon Dynamic Value ETF",NA,NA,No,Equity,NA,NA
BKEM,"BNY Mellon Emerging Markets Equity ETF",83.27,"BNY Mellon Emerging Markets Equity ETF",NA,NA,No,Equity,NA,NA
BKF,"BRIC Ishares MSCI ETF",45.58,"iShares MSCI BRIC ETF",6,17,No,Equity,NA,NA
BKGI,"BNY Mellon Global Infrastructure Income ETF",42.51,"BNY Mellon Global Infrastructure Income ETF",NA,NA,No,Equity,NA,NA
BKHY,"BNY Mellon High Yield Beta ETF",48.4,"BNY Mellon High Yield Beta ETF",NA,NA,No,"Fixed Income",NA,NA
BKIE,"BNY Mellon International Equity ETF",97.16,"BNY Mellon International Equity ETF",NA,NA,No,Equity,NA,NA
BKLC,"BNY Mellon US Large Cap Core Equity ETF",133.35,"BNY Mellon US Large Cap Core Equity ETF",8,27,No,Equity,NA,NA
BKLN,"Senior Loan Invesco ETF",20.8,"Invesco Senior Loan ETF",266,7923,No,"Fixed Income",NA,NA
BKMC,"BNY Mellon US Mid Cap Core Equity ETF",116.05,"BNY Mellon US Mid Cap Core Equity ETF",NA,NA,No,Equity,NA,NA
BKMI,"BNY Mellon Municipal Intermediate ETF",26.49,"BNY Mellon Municipal Intermediate ETF",NA,NA,No,"Fixed Income",NA,NA
BKMS,"BNY Mellon Municipal Short Duration ETF",25.67,"BNY Mellon Municipal Short Duration ETF",NA,NA,No,"Fixed Income",NA,NA
BKNU,"T-Rex 2X Long Bkng Daily Target ETF",19.63,"T-REX 2X Long BKNG Daily Target ETF",NA,NA,No,Equity,NA,NA
BKSE,"BNY Mellon US Small Cap Core Equity ETF",119.12,"BNY Mellon US Small Cap Core Equity ETF",NA,NA,No,Equity,NA,NA
BKUI,"BNY Mellon Ultra-Short Income ETF",49.88,"BNY Mellon Ultra Short Income ETF",NA,NA,No,"Fixed Income",NA,NA
BLCN,"Siren Nasdaq Nexgen Economy ETF",25.2,"Siren Nasdaq NexGen Economy ETF",1,61,No,Equity,NA,NA
BLCR,"Blackrock Large Cap Core ETF",44.18,"BlackRock Large Cap Core ETF",NA,NA,No,Equity,NA,NA
BLCV,"Blackrock Large Cap Value ETF",38.62,"BlackRock Large Cap Value ETF",NA,NA,No,Equity,NA,NA
BLDG,"Cambria Global Real Estate ETF",25.2,"Cambria Global Real Estate ETF",NA,NA,No,Equity,NA,NA
BLES,"Inspire Global Hope Large Cap ETF",45.62,"Inspire Global Hope ETF",NA,NA,No,Equity,NA,NA
BLGR,"Bluemonte Large Cap Growth ETF",29.59,"Bluemonte Large Cap Growth ETF",NA,NA,No,Equity,NA,NA
BLOK,"Amplify Transformational Data Sharing ETF",63.7,"Amplify Transformational Data Sharing ETF",54,1761,No,Equity,NA,NA
BLOX,"Nicholas Crypto Income ETF",19.41,"Nicholas Crypto Income ETF",NA,NA,No,"Portfolio-Multi Asset","Computer - Software","Computers and Technology"
BLSG,"Leverage Shares 2X Long Blsh Daily ETF",5.15,"Leverage Shares 2X Long BLSH Daily ETF",1,305,No,Alternative,NA,NA
BLST,"Bluemonte Short Term Bond ETF",25.26,"Bluemonte Short Term Bond ETF",NA,NA,No,"Fixed Income",NA,NA
BLSX,"Tradr 2X Long Blsh Daily ETF",9.08,"Tradr 2X Long BLSH Daily ETF",1,252,No,Equity,NA,NA
BLTD,"Bluemonte Long Term Bond ETF",25.53,"Bluemonte Long Term Bond ETF",NA,NA,No,"Fixed Income",NA,NA
BLUC,"Bluemonte Large Cap Core ETF",29.09,"Bluemonte Large Cap Core ETF",NA,NA,No,Equity,NA,NA
BLUI,"Bluemonte Diversified Income ETF",25.57,"Bluemonte Diversified Income ETF",NA,NA,No,"Portfolio-Multi Asset",NA,NA
BLUX,"Bluemonte Dynamic Total Market ETF",29.19,"Bluemonte Dynamic Total Market ETF",NA,NA,No,Equity,NA,NA
BLV,"Long Term Bond Index ETF Vanguard",69.86,"Vanguard Long-Term Bond ETF",3,709,No,"Fixed Income",NA,NA
BMAR,"Innovator U.S. Equity Buffer ETF Mar",53.74,"Innovator S&P 500 Buffer ETF (Mar)",NA,NA,No,Equity,NA,NA
BMAX,"Rex Bitcoin Corporate Treasury Convertible Bond",24.24,"REX Bitcoin Corporate Treasury Convertible Bond ETF",NA,NA,No,Equity,NA,NA
BMAY,"Innovator U.S. Equity Buffer ETF May",45.19,"Innovator S&P 500 Buffer ETF (May)",NA,NA,No,Equity,NA,NA
BMDL,"Victoryshares Westend Economic Cycle Bond ETF",25.21,"VictoryShares WestEnd Economic Cycle Bond ETF",NA,NA,No,"Fixed Income",NA,NA
BMED,"Blackrock Future Health ETF",31.29,"BlackRock Future Health ETF",NA,NA,No,Equity,NA,NA
BMNG,"Leverage Shares 2X Long Bmnr Daily ETF",3.5,"Leverage Shares 2X Long BMNR Daily ETF",79,5360,No,Alternative,NA,NA
BMNU,"T-Rex 2X Long Bmnr Daily Target ETF",5.18,"T-REX 2X Long BMNR Daily Target ETF",9491,140353,No,Equity,NA,NA
BMOP,"BNY Mellon Municipal Opportunities ETF",24.91,"BNY Mellon Municipal Opportunities ETF",NA,NA,No,"Fixed Income",NA,NA
BMVP,"Invesco Bloomberg Mvp Multi-Factor ETF",50.8,"Invesco Bloomberg MVP Multi-factor ETF",NA,NA,No,Equity,NA,NA
BND,"Total Bond Market ETF Vanguard",74.25,"Vanguard Total Bond Market ETF",286,2210,No,"Fixed Income",NA,NA
BNDC,"Flexshares Core Select Bond Fund",22.41,"FlexShares Core Select Bond Fund",NA,NA,No,"Fixed Income",NA,NA
BNDD,"Quadratic Deflation ETF",96.25,"Quadratic Deflation ETF",NA,NA,No,"Fixed Income",NA,NA
BNDI,"Neos Enhanced Income Aggregate Bond ETF",47.4,"NEOS Enhanced Income Aggregate Bond ETF",NA,NA,No,"Fixed Income",NA,NA
BNDP,"Vanguard Core-Plus Bond Index ETF",75.2,"Vanguard Core-Plus Bond Index ETF",NA,NA,No,"Fixed Income",NA,NA
BNDS,"Infrastructure Capital Bond Income ETF",51.49,"Infrastructure Capital Bond Income ETF",NA,NA,No,"Fixed Income",NA,NA
BNDW,"Total World Bond Vanguard ETF",68.97,"Vanguard Total World Bond ETF",NA,NA,No,"Fixed Income",NA,NA
BNDX,"Total Intl Bond ETF Vanguard",48.51,"Vanguard Total International Bond ETF",2,919,No,"Fixed Income",NA,NA
BNDY,"Horizon Core Bond ETF",25.85,"Horizon Core Bond ETF",NA,NA,No,"Fixed Income",NA,NA
BNGE,"S-Network Streaming and Gaming ETF FT",36.16,"First Trust S-Network Streaming and Gaming ETF",NA,NA,No,Equity,NA,NA
BNKD,"U.S. Big Banks -3 Inverse Leveraged Etns",9.83,"MicroSectors U.S. Big Banks Index -3X Inverse Leveraged ETN",NA,NA,No,Equity,NA,NA
BNKU,"U.S. Big Banks 3 Leveraged Etns",33.62,"MicroSectors U.S. Big Banks Index 3X Leveraged ETN",NA,NA,No,Equity,NA,NA
BNO,"US Brent Oil",31.8,"United States Brent Oil Fund",831,5462,No,Commodity,NA,NA
BNOV,"Innovator U.S. Equity Buffer ETF Nov",45.07,"Innovator S&P 500 Buffer ETF (Nov)",NA,NA,No,Equity,NA,NA
BOAT,"Sonicshares Global Shipping ETF",35.46,"SonicShares Global Shipping ETF",4,77,No,Equity,NA,NA
BOBP,"Core16 Best of Breed Premier Index ETF",27.56,"CORE16 Best of Breed Premier Index ETF",NA,NA,No,Equity,NA,NA
BOCT,"Innovator U.S. Equity Buffer ETF Oct",50.04,"Innovator S&P 500 Buffer ETF (Oct)",NA,NA,No,Equity,NA,NA
BOED,"Direxion Daily BA Bear 1X",16.07,"Direxion Daily BA Bear 1X Shares",NA,NA,No,Equity,NA,NA
BOEG,"Leverage Shares 2X Long BA Daily ETF",18.51,"Leverage Shares 2X Long BA Daily ETF",NA,NA,No,Equity,NA,NA
BOEU,"Direxion Daily BA Bull 2X",46.95,"Direxion Daily BA Bull 2X Shares",NA,NA,No,Equity,NA,NA
BOIL,"Ultra Bloomberg Natural Gas 2X ETF",30.43,"ProShares Ultra Bloomberg Natural Gas",29803,196737,Yes,Commodity,NA,NA
BOND,"Pimco Active Bond TR ETF",93.58,"PIMCO Total Return Active ETF",1,369,No,"Fixed Income",NA,NA
BOTT,"Themes Robotics & Automation ETF",59.48,"Themes Robotics & Automation ETF",NA,NA,No,Equity,NA,NA
BOTZ,"GX Robotics & Artificial Intelligence ETF",37.99,"Global X Robotics & Artificial Intelligence ETF",57,8524,No,Equity,NA,NA
BOUT,"Innovator Ibd Breakout Opportunities ETF",39.44,"Innovator IBD Breakout Opportunities ETF",NA,NA,No,Equity,NA,NA
BOXA,"Alpha Architect Aggregate Bond ETF",105.75,"Alpha Architect Aggregate Bond ETF",NA,NA,No,"Fixed Income",NA,NA
BOXX,"Alpha Architect 1-3 Month Box ETF",115.44,"Alpha Architect 1-3 Month Box ETF",NA,NA,No,"Fixed Income",NA,NA
BPAY,"Blackrock Future Financial and Technology ETF",26.86,"BlackRock Future Financial and Technology ETF",NA,NA,No,Equity,NA,NA
BPH,"BP Plc Adrhedged ETF",56.91,"BP p.l.c. ADRhedged",NA,NA,No,Equity,NA,NA
BPI,"Grayscale Bitcoin Premium Income ETF",30.6,"Grayscale Bitcoin Premium Income ETF",NA,NA,No,Currency,Schools,"Consumer Discretionary"
BRAZ,"GX Brazil Active ETF",32.87,"Global X Brazil Active ETF",NA,NA,No,Equity,NA,NA
BREM,"Ishares Emerging Markets Bond Active ETF",51.61,"iShares Emerging Markets Bond Active ETF",NA,NA,No,"Fixed Income",NA,NA
BRF,"Vaneck Brazil Smallcap ETF",19.17,"VanEck Vectors Brazil Small-Cap ETF",1,204,No,Equity,NA,NA
BRHY,"Blackrock High Yield ETF",51.72,"BlackRock High Yield ETF",NA,NA,No,Equity,NA,NA
BRIF,"Fis Bright Portfolios Focused Equity ETF",30.7,"FIS Bright Portfolios Focused Equity ETF",NA,NA,No,Equity,NA,NA
BRKC,"Yieldmax Brk.B Option Income Strategy ETF",42.49,"YieldMax BRK.B Option Income Strategy ETF",NA,NA,No,Equity,NA,NA
BRKD,"Direxion Daily Brkb Bear 1X",24.6,"Direxion Daily BRKB Bear 1X Shares ETF",NA,NA,No,Equity,NA,NA
BRKU,"Direxion Daily Brkb Bull 2X",21.86,"Direxion Daily BRKB Bull 2X Shares ETF",NA,NA,No,Equity,NA,NA
BRKW,"Roundhill Brkb Weeklypay ETF",40.88,"Roundhill BRKB WeeklyPay ETF",1,39,No,Equity,NA,NA
BRLN,"Blackrock Floating Rate Loan ETF",51.56,"BlackRock Floating Rate Loan ETF",NA,NA,No,"Fixed Income",NA,NA
BRNY,"Burney U.S. Factor Rotation ETF",51.71,"Burney U.S. Factor Rotation ETF",NA,NA,No,Equity,NA,NA
BRRR,"Coinshares Valkyrie Bitcoin Fund",25.13,"Coinshares Bitcoin ETF",NA,NA,No,Currency,NA,NA
BRTR,"Blackrock Total Return ETF",51.02,"BlackRock Total Return ETF",NA,NA,No,"Fixed Income","Computer - Services","Computers and Technology"
BRZU,"Direxion Daily Brazil Bull 2X",114.58,"Direxion Daily MSCI Brazil Bull 2X Shares",224,7474,No,"Portfolio-Multi Asset",NA,NA
BSCQ,"Bs 2026 Corp Bond Invesco ETF",19.55,"Invesco BulletShares 2026 Corporate Bond ETF",NA,NA,No,"Fixed Income",NA,NA
BSCR,"Bs 2027 Corp Bond Invesco ETF",19.72,"Invesco BulletShares 2027 Corporate Bond ETF",NA,NA,No,"Fixed Income",NA,NA
BSCS,"Bs 2028 Corp Bond Invesco ETF",20.58,"Invesco BulletShares 2028 Corporate Bond ETF",NA,NA,No,"Fixed Income",NA,NA
BSCT,"Bs 2029 Corp Bond Invesco ETF",18.82,"Invesco BulletShares 2029 Corporate Bond ETF",NA,NA,No,"Fixed Income",NA,NA
BSCU,"Bs 2030 Corp Bond Invesco ETF",16.88,"Invesco BulletShares 2030 Corporate Bond ETF",NA,NA,No,"Fixed Income",NA,NA
BSCV,"Invesco Bulletshares 2031 Corporate Bond ETF",16.64,"Invesco BulletShares 2031 Corporate Bond ETF",NA,NA,No,"Fixed Income",NA,NA
BSCW,"Invesco Bulletshares 2032 Corp Bond ETF",20.83,"Invesco BulletShares 2032 Corporate Bond ETF",NA,NA,No,"Fixed Income",NA,NA
BSCX,"Invesco Bulletshares 2033 Corporate Bond ETF",21.4,"Invesco BulletShares 2033 Corporate Bond ETF",NA,NA,No,"Fixed Income",NA,NA
BSCY,"Invesco Bulletshares 2034 Corporate Bond ETF",20.97,"Invesco BulletShares 2034 Corporate Bond ETF",NA,NA,No,"Fixed Income",NA,NA
BSCZ,"Invesco 2035 Corp Bond ETF",20.76,"Invesco BulletShares 2035 Corporate Bond ETF",NA,NA,No,"Fixed Income",NA,NA
BSEP,"Innovator U.S. Equity Buffer ETF Sep",49.98,"Innovator S&P 500 Buffer ETF (Sep)",NA,NA,No,Equity,NA,NA
BSJQ,"Bs 2026 High Yield Corp Bond ETF",23.26,"Invesco BulletShares 2026 High Yield Corporate Bond ETF",NA,NA,No,"Fixed Income",NA,NA
BSJR,"Bs 2027 High Yield Corp Bond ETF",22.59,"Invesco BulletShares 2027 High Yield Corporate Bond ETF",NA,NA,No,"Fixed Income",NA,NA
BSJS,"Bs 2028 High Yield Corp Bond ETF",21.98,"Invesco BulletShares 2028 High Yield Corporate Bond ETF",NA,NA,No,"Fixed Income",NA,NA
BSJT,"Bs 2029 High Yield Corp Bond ETF",21.52,"Invesco BulletShares 2029 High Yield Corporate Bond ETF",NA,NA,No,"Fixed Income",NA,NA
BSJU,"Bs 2030 High Yield Corp Bond ETF",26.12,"Invesco BulletShares 2030 High Yield Corporate Bond ETF",NA,NA,No,"Fixed Income",NA,NA
BSJV,"Invesco Bulletshares 2031 High Yield Corp Bond E",26.65,"Invesco BulletShares 2031 High Yield Corporate Bond ETF",NA,NA,No,"Fixed Income",NA,NA
BSJW,"Invesco Bulletshares 2032 High Yield Corporate B",25.77,"Invesco BulletShares 2032 High Yield Corporate Bond ETF",NA,NA,No,"Fixed Income",NA,NA
BSJX,"Invesco 2033 High Yield Corp Bond ETF",25.46,"Invesco BulletShares 2033 High Yield Corporate Bond ETF",NA,NA,No,"Fixed Income",NA,NA
BSMC,"Brandes U.S. Small-Mid Cap Value ETF",36.48,"Brandes U.S. Small-Mid Cap Value ETF",NA,NA,No,Equity,NA,NA
BSMQ,"Bs 2026 Municipal Bond ETF",23.65,"Invesco BulletShares 2026 Municipal Bond ETF",NA,NA,No,"Fixed Income",NA,NA
BSMR,"Bs 2027 Municipal Bond ETF",23.68,"Invesco BulletShares 2027 Municipal Bond ETF",NA,NA,No,"Fixed Income",NA,NA
BSMS,"Bs 2028 Municipal Bond ETF",23.55,"Invesco BulletShares 2028 Municipal Bond ETF",NA,NA,No,"Fixed Income",NA,NA
BSMT,"Bs 2029 Municipal Bond ETF",23.26,"Invesco BulletShares Municipal Bond 2029 Index",NA,NA,No,"Fixed Income",NA,NA
BSMU,"Bs 2030 Municipal Bond ETF",22.11,"Invesco BulletShares 2030 Municipal Bond ETF",NA,NA,No,"Fixed Income",NA,NA
BSMV,"Bs 2031 Municipal Bond ETF",21.27,"Invesco BulletShares 2031 Municipal Bond ETF",NA,NA,No,"Fixed Income",NA,NA
BSMW,"Invesco Bulletshares 2032 Municipal Bond ETF",25.28,"Invesco BulletShares 2032 Municipal Bond ETF",NA,NA,No,"Fixed Income",NA,NA
BSMY,"Invesco Bulletshares 2034 Municipal Bond ETF",24.73,"Invesco BulletShares 2034 Municipal Bond ETF",NA,NA,No,"Fixed Income",NA,NA
BSMZ,"Invesco Bulletshares 2035 Municipal Bond ETF",25.58,"Invesco BulletShares 2035 Municipal Bond ETF",NA,NA,No,"Fixed Income",NA,NA
BSR,"Beacon Selective Risk ETF",30.29,"Beacon Selective Risk ETF",NA,NA,No,Equity,NA,NA
BSSX,"Invesco Bulletshares 2033 Municipal Bond ETF",25.93,"Invesco BulletShares 2033 Municipal Bond ETF",NA,NA,No,"Fixed Income",NA,NA
BSTP,"Innovator Buffer Step-Up Strategy ETF",37.64,"Innovator Buffer Step-Up Strategy ETF",NA,NA,No,Equity,NA,NA
BSV,"Short-Term Bond ETF Vanguard",78.84,"Vanguard Short-Term Bond ETF",2,169,No,"Fixed Income",NA,NA
BSVO,"Ea Bridgeway Omni Small-Cap Value ETF",24.84,"EA Bridgeway Omni Small-Cap Value ETF",NA,NA,No,Equity,NA,NA
BTAL,"US Anti-Beta Fund Mkt Neutral Quantshares",13.92,"AGFiQ US Market Neutral Anti-Beta Fund",2,835,No,Equity,NA,NA
BTC,"Grayscale Bitcoin Mini Trust ETF",39.4,"Grayscale Bitcoin Mini Trust ETF",1674,21855,No,Currency,NA,NA
BTCC,"Grayscale Bitcoin Covered Call ETF",21.25,"Grayscale Bitcoin Covered Call ETF",NA,NA,No,Currency,NA,NA
BTCI,"Neos Bitcoin High Income ETF",44.08,"NEOS Bitcoin High Income ETF",329,6054,No,Currency,NA,NA
BTCL,"T-Rex 2X Long Bitcoin Daily Target ETF",29.36,"T-REX 2X Long Bitcoin Daily Target ETF",20,864,No,Currency,NA,NA
BTCO,"Invesco Galaxy Bitcoin ETF",88.68,"Invesco Galaxy Bitcoin ETF",1,186,No,Currency,NA,NA
BTCW,"Wisdomtree Bitcoin Fund",94.19,"WisdomTree Bitcoin Fund",NA,NA,No,Currency,NA,NA
BTCZ,"T-Rex 2X Inverse Bitcoin Daily Target ETF",3.94,"T-REX 2X Inverse Bitcoin Daily Target ETF",52,2439,No,Currency,NA,NA
BTF,"Valkyrie Bitcoin Strategy ETF",26.42,"CoinShares Valkyrie Bitcoin and Ether Strategy ETF",31,1190,No,Currency,NA,NA
BTGD,"Stkd Bitcoin & Gold ETF",43.19,"STKD Bitcoin & Gold ETF",19,594,No,"Portfolio-Multi Asset",NA,NA
BTOP,"Bitwise Bitcoin and Ether EW Strategy ETF",27.81,"Bitwise Bitcoin and Ether Equal Weight Strategy ETF",NA,NA,No,Currency,"Movie & TV Production & Dist","Consumer Discretionary"
BTR,"Beacon Tactical Risk ETF",26.24,"Beacon Tactical Risk ETF",NA,NA,No,Equity,NA,NA
BTRN,"GX Bitcoin Trend Strategy ETF",27.46,"Global X Bitcoin Trend Strategy ETF",NA,NA,No,Currency,NA,NA
BU,"Defiance Daily Target 2X Long Bu ETF",37.54,"Defiance Daily Target 2X Long B ETF",NA,NA,No,Equity,NA,NA
BUCK,"Simplify Stable Income ETF",23.7,"Simplify Stable Income ETF",2,4,No,"Fixed Income",NA,NA
BUFB,"Innovator Laddered Allocation Buffer ETF",37.06,"Innovator Laddered Allocation Buffer ETF",NA,NA,No,Equity,NA,NA
BUFC,"Ab Conservative Buffer ETF",41.71,"AB Conservative Buffer ETF",NA,NA,No,Equity,NA,NA
BUFD,"FT Vest Laddered Deep Buffer ETF",28.48,"FT Vest Fund of Deep Buffer ETF",NA,NA,No,Equity,NA,NA
BUFF,"Innovator Laddered Allocation Power Buffer ETF",50.38,"Innovator Laddered Fund of S&P 500 Power Buffer ETF",NA,NA,No,Equity,"Consumer Prdts - Misc Staple","Consumer Staples"
BUFG,"FT Vest Buffered Allocation Growth ETF",27.88,"FT Vest Buffered Allocation Growth ETF",NA,NA,No,Equity,NA,NA
BUFH,"FT Vest Laddered Max Buffer ETF",20.92,"FT Vest Laddered Max Buffer ETF",NA,NA,No,Equity,NA,NA
BUFI,"Ab International Buffer ETF",41.01,"AB International Buffer ETF",NA,NA,No,Equity,NA,NA
BUFM,"Ab Moderate Buffer ETF",39.55,"AB Moderate Buffer ETF",NA,NA,No,Equity,NA,NA
BUFP,"PGIM Laddered S&P 500 Buffer 12 ETF",30.42,"PGIM Laddered Fund of Buffer 12 ETF",NA,NA,No,Equity,NA,NA
BUFQ,"FT Vest Laddered Nasdaq Buffer ETF",36.36,"FT Vest Laddered Nasdaq Buffer ETF",NA,NA,No,Equity,NA,NA
BUFR,"FT Vest Laddered Buffer ETF",34.64,"FT Vest Fund of Buffer ETFs",NA,NA,No,Equity,NA,NA
BUFS,"FT Vest Laddered Small Cap Moderate Buffer ETF",23.44,"FT Vest Laddered Small Cap Moderate Buffer ETF",NA,NA,No,Equity,NA,NA
BUFT,"FT Vest Buffered Allocation Defensive ETF",24.7,"FT Vest Buffered Allocation Defensive ETF",NA,NA,No,Equity,NA,NA
BUFX,"FT Vest Laddered Enhance & Mod Buffer ETF",21.37,"FT Vest Laddered Enhance & Moderate Buffer ETF",NA,NA,No,Equity,NA,NA
BUFY,"FT Vest Laddered Intl Moderate Buffer ETF",22.72,"FT Vest Laddered International Moderate Buffer ETF",NA,NA,No,Equity,NA,NA
BUFZ,"FT Vest Laddered Moderate Buffer ETF",26.73,"FT Vest Laddered Moderate Buffer ETF",NA,NA,No,Equity,NA,NA
BUG,"GX Cybersecurity ETF",29.96,"Global X Cybersecurity ETF",162,7333,No,Equity,NA,NA
BUL,"Pacer US Cash Cows Growth ETF",57.11,"Pacer US Cash Cows Growth ETF",NA,NA,No,Equity,NA,NA
BULD,"Pacer Bluestar Engineering The Future ETF",30.31,"Pacer BlueStar Engineering the Future ETF",NA,NA,No,Equity,NA,NA
BULG,"Leverage Shares 2X Long Bull Daily ETF",3.01,"Leverage Shares 2X Long BULL Daily ETF",16,1619,No,Equity,NA,NA
BULU,"T-Rex 2X Long Bull Daily Target ETF",5.25,"T-REX 2X Long BULL Daily Target ETF",7,57,No,Equity,NA,NA
BULX,"Graniteshares 2X Long Bull Daily ETF",6.63,"GraniteShares 2x Long BULL Daily ETF",NA,NA,No,Equity,NA,NA
BULZ,"Microsectors Fang & Innovation 3X ETN",279.31,"MicroSectors FANG & Innovation 3X Leveraged ETN",NA,NA,No,Equity,NA,NA
BUSA,"Brandes U.S. Value ETF",37.97,"Brandes U.S. Value ETF",NA,NA,No,Equity,NA,NA
BUXX,"Strive Enhanced Income Short Maturity ETF",20.31,"Strive Enhanced Income Short Maturity ETF",NA,NA,No,"Fixed Income",NA,NA
BUYO,"Kraneshares Man Buyout Beta Index ETF",29.21,"KraneShares Man Buyout Beta Index ETF",NA,NA,No,Equity,NA,NA
BUYW,"Northern IV Main Buywrite ETF",14.33,"Main BuyWrite ETF",NA,NA,No,Equity,NA,NA
BUYZ,"Franklin Disruptive Commerce ETF",38.39,"Franklin Disruptive Commerce ETF",NA,NA,No,Equity,NA,NA
BUZZ,"Vaneck Social Sentiment ETF",35.01,"VanEck Vectors Social Sentiment ETF",2,889,No,Equity,NA,NA
BVAL,"Bluemonte Large Cap Value ETF",28.75,"Bluemonte Large Cap Value ETF",NA,NA,No,Equity,NA,NA
BWEB,"Bitwise Web3 ETF",74.95,"Bitwise Web3 ETF",NA,NA,No,Equity,NA,NA
BWET,"Breakwave Tanker Shipping ETF",32.4,"Breakwave Tanker Shipping ETF",6,156,No,Commodity,NA,NA
BWTG,"Brendan Wood Topgun Index ETF",39.48,"Brendan Wood TopGun Index ETF",NA,NA,No,Equity,NA,NA
BWX,"BBG International Treasury Bond SPDR ETF",22.99,"SPDR Bloomberg International Treasury Bond ETF",1,169,No,"Fixed Income","Finance - Investment Funds",Finance
BWZ,"BBG Short Term Intl Treasury Bond SPDR ETF",28.15,"SPDR Bloomberg Short Term International Treasury Bond ETF",NA,NA,No,"Fixed Income",NA,NA
BYLD,"Yield Optimized Bond Ishares ETF",22.89,"iShares Yield Optimized Bond ETF",NA,NA,No,"Portfolio-Multi Asset",NA,NA
BYRE,"Principal Real Estate ETF",24.7,"Principal Real Estate Active Opportunities ETF",NA,NA,No,Alternative,NA,NA
BZQ,"Ultrashort MSCI Brazil Capped -2X ETF",10.43,"ProShares UltraShort MSCI Brazil Capped",6,256,No,Equity,NA,NA
CA,"Xtrackers California Municipal Bonds ETF",25.08,"Xtrackers California Municipal Bond ETF",NA,NA,No,"Fixed Income","Computer - Software","Computers and Technology"
CAAA,"FT Commercial Mortgage Opp ETF",20.44,"First Trust Commercial Mortgage Opportunities ETF",NA,NA,No,"Fixed Income",NA,NA
CAFG,"Pacer US Smallcap Cash Cows Growth Leaders ETF",27.23,"Pacer US Small Cap Cash Cows Growth Leaders ETF",NA,NA,No,Equity,NA,NA
CAFX,"Congress Intermediate Bond ETF",25,"Congress Intermediate Bond ETF",NA,NA,No,"Fixed Income",NA,NA
CAIE,"Calamos Autocallable Income ETF",27.17,"Calamos Autocallable Income ETF",24,835,No,Equity,NA,NA
CAIQ,"Calamos Nasdaq Autocallable Income ETF",26.21,"Calamos Nasdaq Autocallable Income ETF",NA,NA,No,Equity,NA,NA
CALF,"Pacer US Small Cap Cash Cows 100 ETF",45.35,"Pacer US Small Cap Cash Cows 100 ETF",10,121,No,"Fixed Income",NA,NA
CALI,"Ishares Short-Term California Muni Active ETF",50.63,"iShares Short-Term California Muni Active ETF",NA,NA,No,"Fixed Income","Retail - Wsale Auto & Trucks",Retail-Wholesale
CAML,"Congress Large Cap Growth ETF",38.51,"Congress Large Cap Growth ETF",NA,NA,No,Equity,NA,NA
CAMX,"Inner Circle Fund Cambiar Aggressive Value ETF",33,"Cambiar Aggressive Value ETF",NA,NA,No,Equity,NA,NA
CANC,"Tema Oncology ETF",35.93,"Tema Oncology ETF",NA,NA,No,Equity,NA,NA
CANE,"Teucrium Sugar",9.56,"Teucrium Sugar Fund",312,1596,No,Commodity,NA,NA
CANQ,"Calamos Alternative Nasdaq & Bond ETF",30.04,"Calamos Alternative Nasdaq & Bond ETF",NA,NA,No,Alternative,NA,NA
CAOS,"Alpha Architect Tail Risk ETF",90.35,"Alpha Architect Tail Risk ETF",NA,NA,No,Alternative,NA,NA
CAPE,"Doubleline Shiller Cape U.S. Equities ETF",32.66,"DoubleLine Shiller CAPE U.S. Equities ETF",NA,NA,No,"Portfolio-Multi Asset",NA,NA
CARD,"Montreal Max Auto Industry -3X ETN",2.49,"MAX Auto Industry -3x Inverse Leveraged ETN",NA,NA,No,Equity,NA,NA
CARK,"Inner Circle Castleark Large Growth ETF",44.86,"CastleArk Large Growth ETF",NA,NA,No,Equity,NA,NA
CARU,"Montreal Max Auto Industry 3X ETN",32.22,"MAX Auto Industry 3x Leveraged ETN",NA,NA,No,Equity,NA,NA
CARY,"Angel Oak Income ETF",20.95,"Angel Oak Income ETF",NA,NA,No,"Fixed Income",NA,NA
CARZ,"Nasdaq Global Auto Index Fund",87.39,"First Trust Nasdaq Global Auto Index Fund",NA,NA,No,Equity,NA,NA
CAS,"Simplify China A Shares Plus Income ETF",26.91,"Simplify China A Shares PLUS Income ETF",NA,NA,No,Equity,"Finance - Misc Services",Finance
CATF,"American Century California Municipal Bond ETF",50.44,"American Century California Municipal Bond ETF",NA,NA,No,"Fixed Income",NA,NA
CATH,"GX S&P 500 Catholic Values ETF",83.74,"Global X S&P 500 Catholic Values ETF",NA,NA,No,Equity,NA,NA
CBLS,"Clough Hedged Equity ETF",30.3,"Clough Hedged Equity ETF",NA,NA,No,Equity,NA,NA
CBOA,"Calamos Bitcoin Alt ETF April",25.99,"Calamos Bitcoin Structured Alt Protection ETF (Apr)",NA,NA,No,Currency,NA,NA
CBOJ,"Calamos Bitcoin Structured Alt Protection ETF JA",24.02,"Calamos Bitcoin Structured Alt Protection ETF (Jan)",NA,NA,No,Currency,NA,NA
CBON,"Vaneck Chinaamc China Bond ETF",23.04,"VanEck Vectors ChinaAMC China Bond ETF",NA,NA,No,"Portfolio-Multi Asset",NA,NA
CBOY,"Calamos Bitcoin Structured Alt Prot ETF July",24.61,"Calamos Bitcoin Structured Alt Protection ETF (Jul)",NA,NA,No,Currency,NA,NA
CBSE,"Clough Select Equity ETF",42.97,"Clough Select Equity ETF",NA,NA,No,Equity,NA,NA
CBTA,"Calamos Bitcoin 80 Series Alt ETF April",28.19,"Calamos Bitcoin 80 Series Structured Alt Protection ETF (Apr)",NA,NA,No,Currency,NA,NA
CBTJ,"Calamos Bitcoin 80 Alt Protection ETF January",22.01,"Calamos Bitcoin 80 Alt Protection ETF (Jan)",NA,NA,No,Currency,NA,NA
CBTY,"Calamos Bitcoin 80 Series Alt Prot ETF July",21.98,"Calamos Bitcoin 80 Series Structured Alt Protection ETF (Jul)",NA,NA,No,Currency,NA,NA
CBXA,"Calamos Bitcoin 90 Series Alt ETF April",27.44,"Calamos Bitcoin 90 Series Structured Alt Protection ETF (Apr)",NA,NA,No,Currency,NA,NA
CBXJ,"Calamos Bitcoin 90 Alt Protection ETF January",22.14,"Calamos Bitcoin 90 Alt Protection ETF (Jan)",NA,NA,No,Currency,NA,NA
CBXY,"Calamos Bitcoin 90 Series Alt Prot ETF July",23.18,"Calamos Bitcoin 90 Series Structured Alt Protection ETF (Jul)",NA,NA,No,Currency,NA,NA
CCEF,"Calamos CEF Income & Arbitrage ETF",29.68,"Calamos CEF Income & Arbitrage ETF",NA,NA,No,"Portfolio-Multi Asset",NA,NA
CCFE,"Concourse Capital Focused Equity ETF",27.96,"Concourse Capital Focused Equity ETF",NA,NA,No,Equity,NA,NA
CCNR,"Corecommodity Natural Resources ETF",38.36,"CoreCommodity Natural Resources ETF",NA,NA,No,Equity,NA,NA
CCOR,"Core Alternative ETF",27.1,"Core Alternative ETF",NA,NA,No,Equity,NA,NA
CCSB,"Carbon Collective Short Duration Green Bond ETF",20.2,"Carbon Collective Short Duration Green Bond ETF",NA,NA,No,"Fixed Income",NA,NA
CCSO,"Climate Solutions U.S. Equity ETF",27.17,"Carbon Collective Climate Solutions U.S. Equity ETF",NA,NA,No,Equity,NA,NA
CCUP,"T-Rex 2X Long Crcl Daily Target ETF",3.54,"T-REX 2X Long CRCL Daily Target ETF",12,347,No,Equity,NA,NA
CDC,"Victory US Eqty Income Ehnd Vol Wtd ETF",69.19,"VictoryShares US EQ Income Enhanced Volatility Wtd ETF",NA,NA,No,"Portfolio-Multi Asset",NA,NA
CDEI,"Calvert US Large-Cap Diversity & Inclusion ETF",83.36,"Calvert US Large-Cap Diversity, Equity and Inclusion Index ETF",NA,NA,No,Equity,NA,NA
CDIG,"City Different Investments Global Equity ETF",26.07,"City Different Investments Global Equity ETF",NA,NA,No,Equity,NA,NA
CDL,"Victory US Largecap HI Div Vol Wtd ETF",72.2,"VictoryShares US Large Cap High Div Volatility Wtd ETF",NA,NA,No,"Portfolio-Multi Asset",NA,NA
CDX,"Simplify High Yield Plus Credit ETF",22.25,"Simplify High Yield PLUS Credit Hedge ETF",NA,NA,No,"Fixed Income",NA,NA
CEF,"Sprott Physical Gold & Silver Trust",59.11,"Sprott Physical Gold and Silver Trust",NA,NA,No,Commodity,NA,NA
CEFA,"GX S&P Catholic Values Devd Ex-U.S. ETF",38.86,"Global X S&P Catholic Values Developed ex-U.S. ETF",NA,NA,No,Equity,NA,NA
CEFD,"Etracs Monthly Pay 1.5X ETN",19.53,"ETRACS Monthly Pay 1.5X Leveraged Closed-End Fund Index ETN",NA,NA,No,"Fixed Income",NA,NA
CEFS,"Saba Closed-End Funds ETF",23.25,"Saba Closed-End Funds ETF",NA,NA,No,"Portfolio-Multi Asset",NA,NA
CEFZ,"Rivernorth Active Income ETF",8.39,"RiverNorth Active Income ETF",NA,NA,No,Equity,NA,NA
CEGX,"Tradr 2X Long Ceg Daily ETF",18.05,"Tradr 2X Long CEG Daily ETF",6,402,No,Equity,"Oil - US Exploration & Product",Oils-Energy
CELT,"Tradr 2X Long Celh Daily ETF",15.61,"Tradr 2X Long CELH Daily ETF",1,122,No,Equity,NA,NA
CEMB,"JPM EM Corporate Bond ETF",46.19,"iShares J.P. Morgan Emerging Markets Corporate Bond ETF",NA,NA,No,"Fixed Income",NA,NA
CEPI,"Rex Crypto Equity Premium Income ETF",34.69,"REX Crypto Equity Premium Income ETF",2,121,No,Equity,NA,NA
CERY,"BBG Enhanced Roll Yield Commodity Strategy No K-",32.29,"SPDR Bloomberg Enhanced Roll Yield Commodity Strategy No K-1 ETF",NA,NA,No,Commodity,NA,NA
CEW,"Wisdomtree Emerging Currency Strategy Fund",19.42,"WisdomTree Emerging Currency Strategy Fund",NA,NA,No,"Portfolio-Multi Asset",NA,NA
CFA,"Victory US 500 Vol ETF",93.95,"VictoryShares US 500 Volatility Wtd ETF",NA,NA,No,"Portfolio-Multi Asset",NA,NA
CFIT,"Cambria Fixed Income Trend ETF",25.72,"Cambria Fixed Income Trend ETF",NA,NA,No,"Fixed Income",NA,NA
CFO,"Victory US 500 Ehnd Vol Wtd ETF",76.17,"VictoryShares US 500 Enhanced Volatility Wtd ETF",NA,NA,No,"Portfolio-Multi Asset",NA,NA
CGBL,"Capital Group Core Balanced ETF",36.46,"Capital Group Core Balanced ETF",NA,NA,No,Equity,NA,NA
CGCB,"Capital Group Core Bond ETF",26.59,"CGCB Capital Group Core Bond ETF",NA,NA,No,"Fixed Income",NA,NA
CGCP,"Capital Group Fixed Income ETF Trust",22.71,"Capital Group Core Plus Income ETF",NA,NA,No,"Fixed Income",NA,NA
CGCV,"Capital Group Conservative Equity ETF",31.08,"Capital Group Conservative Equity ETF",NA,NA,No,Equity,NA,NA
CGDG,"Capital Group Dividend Grower ETF",36.66,"Capital Group Dividend Growers ETF",NA,NA,No,Equity,NA,NA
CGDV,"Capital Dividend Value ETF",44.79,"Capital Group Dividend Value ETF",3,92,No,Equity,NA,NA
CGGE,"Capital Group Global Equity ETF",32.74,"Capital Group Global Equity ETF",NA,NA,No,Equity,NA,NA
CGGG,"Capital Group U.S. Large Growth ETF",28.69,"Capital Group U.S. Large Growth ETF",NA,NA,No,Equity,NA,NA
CGGO,"Capital Global Growth Equity ETF",36.89,"Capital Group Global Growth Equity ETF",NA,NA,No,Equity,NA,NA
CGGR,"Capital Growth ETF",45.13,"Capital Group Growth ETF",1,28,No,Equity,NA,NA
CGHM,"Capital Group Municipal High-Income ETF",25.63,"Capital Group Municipal High-Income ETF",NA,NA,No,"Fixed Income",NA,NA
CGHY,"Capital Group High Yield Bond ETF",25.51,"Capital Group High Yield Bond ETF",NA,NA,No,Equity,NA,NA
CGIB,"Capital Group Intl Bond ETF [Usd-Hedged]",25.45,"Capital Group International Bond ETF",NA,NA,No,"Fixed Income",NA,NA
CGIC,"Capital Group Intl Core Equity ETF",34.83,"Capital Group International Core Equity ETF",NA,NA,No,Equity,NA,NA
CGIE,"Capital Group International ETF",36.43,"Capital Group International Equity ETF",NA,NA,No,Equity,NA,NA
CGMM,"Capital Group U.S. Small and Mid Cap ETF",30.42,"Capital Group U.S. Small and Mid Cap ETF",NA,NA,No,Equity,NA,NA
CGMS,"Capital Group U.S. Multi-Sector ETF",27.76,"Capital Group U.S. Multi-Sector Income ETF",NA,NA,No,"Fixed Income",NA,NA
CGMU,"Capital Group Municipal Income ETF",27.61,"Capital Group Municipal Income ETF",NA,NA,No,"Fixed Income",NA,NA
CGNG,"Capital Group New Geography Equity ETF",34.22,"Capital Group New Geography Equity ETF",NA,NA,No,Equity,NA,NA
CGRO,"Corevalues Alpha Greater China Growth ETF",27.22,"CoreValues Alpha Greater China Growth ETF",NA,NA,No,Equity,Unclassified,NA
CGSD,"Capital Group Short-Duration Income ETF",26.07,"Capital Group Short Duration Income ETF",NA,NA,No,"Fixed Income",NA,NA
CGSM,"Capital Group Short Duration Muni Income ETF",26.53,"Capital Group Short Duration Municipal Income ETF",NA,NA,No,"Fixed Income",NA,NA
CGUI,"Capital Group Ultra Short Income ETF",25.39,"Capital Group Ultra Short Income ETF",NA,NA,No,"Fixed Income",NA,NA
CGUS,"Capital Core Equity ETF",41.17,"Capital Group Core Equity ETF",NA,NA,No,Equity,NA,NA
CGV,"Affinity Conductor Global Equity Value ETF",16.08,"Conductor Global Equity Value ETF",NA,NA,No,Equity,NA,NA
CGVV,"Capital Group U.S. Large Value ETF",28.36,"Capital Group U.S. Large Value ETF",NA,NA,No,Equity,NA,NA
CGW,"S&P Global Water Index Invesco ETF",65.63,"Invesco S&P Global Water Index ETF",2,69,No,Equity,NA,NA
CGXU,"Capital Intl Focus Equity ETF",31.76,"Capital Group International Focus Equity ETF",NA,NA,No,Equity,NA,NA
CHAT,"Roundhill Generative AI & Technology ETF",63.94,"Roundhill Generative AI & Technology ETF",176,13464,No,Equity,NA,NA
CHAU,"Direxion Daily CSI 300 China A Bull 2X",21.89,"Direxion Daily CSI 300 China A Share Bull 2X Shares",2030,22222,No,"Portfolio-Multi Asset",NA,NA
CHGX,"Diversified U.S. Large Cap Fossil Fuel ETF",28.32,"Change Finance Diversified Impact US Large Cap Fossil Fuel Free ETF",NA,NA,No,Equity,NA,NA
CHIQ,"GX MSCI China Consumer Discretionary ETF",21.45,"Global X MSCI China Consumer Discretionary ETF",3,599,No,Equity,NA,NA
CHPS,"Xt Semiconductor Select Equity ETF",58.37,"Xtrackers Semiconductor Select Equity ETF",1,18,No,Equity,NA,NA
CHPX,"GX AI Semiconductor & Quantum ETF",62.11,"Global X AI Semiconductor & Quantum ETF",NA,NA,No,Equity,NA,NA
CHPY,"Yieldmax Semiconductor Portfolio Option Income E",61.51,"YieldMax Semiconductor Portfolio Option Income ETF",NA,NA,No,Equity,NA,NA
CHRI,"GX S&P 500 Christian Values ETF",82.91,"Global X S&P 500 Christian Values ETF",NA,NA,No,Equity,NA,NA
CIBR,"Nasdaq Cybersecurity ETF",71.51,"First Trust Nasdaq Cybersecurity ETF",263,5299,No,"Portfolio-Multi Asset",NA,NA
CIFG,"Leverage Shares 2X Long Cifr Daily ETF",13.79,"Leverage Shares 2X Long CIFR Daily ETF",NA,NA,No,Equity,NA,NA
CIL,"Victory Intl Vol Wtd ETF",56.83,"VictoryShares International Volatility Wtd ETF",NA,NA,No,"Portfolio-Multi Asset",NA,NA
CLCG,"Crossmark Large Cap Growth ETF",27.08,"Crossmark Large Cap Growth ETF",NA,NA,No,Equity,NA,NA
CLCV,"Crossmark Large Cap Value ETF",27.13,"Crossmark Large Cap Value ETF",NA,NA,No,Equity,NA,NA
CLIP,"GX 1-3 Month T-Bill ETF",100.35,"Global X 1-3 Month T-Bill ETF",NA,NA,No,"Fixed Income",NA,NA
CLIX,"Long Online/Short Stores ETF",61.35,"ProShares Long Online/Short Stores ETF",NA,NA,No,Equity,NA,NA
CLOA,"Blackrock AAA Clo ETF",52.01,"BlackRock AAA CLO ETF",NA,NA,No,"Fixed Income",NA,NA
CLOB,"Vaneck Aa-Bb Clo ETF",50.84,"VanEck AA-BB CLO ETF",NA,NA,No,"Fixed Income",NA,NA
CLOC,"Aam Crescent Clo ETF",25.24,"AAM Crescent CLO ETF",NA,NA,No,"Fixed Income",NA,NA
CLOD,"Themes Cloud Computing ETF",31.39,"Themes Cloud Computing ETF",NA,NA,No,Equity,NA,NA
CLOI,"Vaneck Clo ETF",53.06,"VanEck CLO ETF",NA,NA,No,"Fixed Income",NA,NA
CLOU,"GX Cloud Computing ETF",21.87,"Global X Cloud Computing ETF",53,772,No,Equity,NA,NA
CLOX,"Panagram AAA Clo ETF",25.62,"Panagram AAA CLO ETF",NA,NA,No,"Fixed Income",NA,NA
CLOZ,"Panagram BBb-B Clo ETF",26.76,"Panagram BBB-B CLO ETF",NA,NA,No,"Fixed Income",NA,NA
CLSE,"Convergence Long/Short Equity ETF",28.24,"Convergence Long/Short Equity ETF",NA,NA,No,Equity,NA,NA
CLSM,"Cabana Target Leading Sector Moderate ETF",24.5,"Cabana Target Leading Sector Moderate ETF",NA,NA,No,Equity,NA,NA
CLSX,"Tradr 2X Long Clsk Daily ETF",26.63,"Tradr 2X Long CLSK Daily ETF",55,1130,No,Equity,NA,NA
CMBO,"Wayfinder Dynamic U.S. Interest Rate ETF",101.01,"Wayfinder Dynamic U.S. Interest Rate ETF",NA,NA,No,"Fixed Income",NA,NA
CMBS,"CMBS Ishares ETF",49.23,"iShares CMBS ETF",NA,NA,No,"Fixed Income",NA,NA
CMCI,"Vaneck CMCI Commodity Strategy ETF",25.61,"VanEck CMCI Commodity Strategy ETF",1,0,No,Commodity,"Agriculture Operations","Consumer Staples"
CMDT,"Pimco Commodity Strategy Active ETF",29.5,"PIMCO Commodity Strategy Active ETF",NA,NA,No,Commodity,NA,NA
CMDY,"Bberg Roll Select cmdty Strategy Ishares ETF",54.9,"iShares Bloomberg Roll Select Commodity Strategy ETF",2,20,No,Commodity,NA,NA
CMF,"California Muni Bond Ishares ETF",57.82,"iShares California Muni Bond ETF",NA,NA,No,"Fixed Income",NA,NA
CMGG,"Leverage Shares 2X Long Cmg Daily ETF",22.01,"Leverage Shares 2x Long CMG Daily ETF",39,36,No,Equity,NA,NA
CNAV,"Mohr Company Nav ETF",33.06,"Mohr Company Nav ETF",NA,NA,No,Equity,NA,NA
CNBS,"Amplify Seymour Cannabis ETF",25.83,"Amplify Seymour Cannabis ETF",1,358,No,Equity,NA,NA
CNCG,"Leverage Shares 2X Long Cnc Daily ETF",16.78,"Leverage Shares 2X Long CNC Daily ETF",NA,NA,No,Equity,NA,NA
CNEQ,"Alger Concentrated Equity ETF",35.13,"Alger Concentrated Equity ETF",NA,NA,No,Equity,NA,NA
CNQQ,"Rayliant-Chinaamc Transformative China Tech ETF",24.17,"Rayliant-ChinaAMC Transformative China Tech ETF",NA,NA,No,Equity,NA,NA
CNRG,"SPDR Kensho Clean Power ETF",103.22,"SPDR S&P Kensho Clean Power ETF",NA,NA,No,Equity,NA,NA
CNXT,"Vaneck Chinaamc Sme-Chnext ETF",45.74,"VanEck Vectors ChinaAMC SME-ChiNext ETF",9,1352,No,"Portfolio-Multi Asset",NA,NA
CNYA,"China A Ishares MSCI ETF",35.52,"iShares MSCI China A ETF",1,207,No,Equity,NA,NA
COAL,"Global Coal Index ETF",26.56,"Range Global Coal Index ETF",2,432,No,Equity,NA,NA
COIG,"Leverage Shares 2X Long Coin Daily ETF",11.99,"Leverage Shares 2X Long COIN Daily ETF",15,169,No,Equity,NA,NA
COII,"Rex Coin Growth & Income ETF",12.98,"REX COIN Growth & Income ETF",NA,NA,No,Equity,NA,NA
COIO,"2X Capped Accelerated Coin Monthly ETF",8.16,"Leverage Shares 2x Capped Accelerated COIN Monthly ETF",NA,NA,No,Equity,NA,NA
COIW,"Roundhill Coin Weeklypay ETF",17.16,"Roundhill Coin Weeklypay ETF",44,538,No,Equity,NA,NA
COLO,"GX MSCI Colombia ETF",43.14,"Global X MSCI Columbia ETF",179,2863,No,Equity,NA,NA
COM,"Auspice Broad Commodity Strategy ETF Direxion",31.82,"Direxion Auspice Broad Commodity Strategy ETF",2,60,No,Commodity,NA,NA
COMB,"Graniteshares Commodity Broad No K-1 ETF",23.86,"GraniteShares Bloomberg Commodity Broad Strategy No K-1 ETF",10,64,No,Commodity,NA,NA
COMT,"Commodities Select Strategy Ishares ETF",27.48,"iShares Commodities Select Strategy ETF",4,834,No,"Portfolio-Multi Asset",NA,NA
CONI,"Graniteshares -2X Short Coin Daily ETF",73.92,"GraniteShares 2x Short COIN Daily ETF",13,396,No,Equity,NA,NA
CONL,"Graniteshares 2X Long Coin Daily ETF",12.18,"GraniteShares 2x Long COIN Daily ETF",4711,67364,Yes,Equity,NA,NA
CONX,"Direxion Daily Coin Bull 2X ETF",14.73,"Direxion Daily COIN Bull 2X ETF",NA,NA,No,Equity,Unclassified,NA
CONY,"Yieldmax Coin Option Income Strategy ETF",35.2,"YieldMax COIN Option Income Strategy ETF",513,18246,No,Equity,NA,NA
COPA,"Themes Copper Miners ETF",53.95,"Themes Copper Miners ETF",NA,NA,No,Equity,NA,NA
COPJ,"Sprott Junior Copper Miners ETF",51.16,"Sprott Junior Copper Miners ETF",894,4273,No,Equity,NA,NA
COPP,"Sprott Copper Miners ETF",42.58,"Sprott Copper Miners ETF",NA,NA,No,Equity,NA,NA
COPX,"GX Copper Miners ETF",91.98,"Global X Copper Miners ETF",19327,146160,No,Equity,NA,NA
COPY,"Tweedy Browne Insider + Value ETF",13.79,"Tweedy, Browne Insider Value ETF",NA,NA,No,Equity,NA,NA
CORD,"T-Rex 2X Inverse Crwv Daily Target ETF",15.03,"T-REX 2X Inverse CRWV Daily Target ETF",31,658,No,Equity,NA,NA
CORN,"Teucrium Corn",17.43,"Teucrium Corn Fund",164,6021,No,Commodity,NA,NA
CORO,"Ishares International Country Rotation Active Et",33.37,"iShares International Country Rotation Active ETF",NA,NA,No,Equity,NA,NA
CORP,"Invst Grade Corp Bd Index Pimco ETF",98.16,"PIMCO Investment Grade Corporate Bond Index ETF",NA,NA,No,"Fixed Income",NA,NA
CORX,"Volatility Shares Trust 2X Corn ETF",9.5093,"Volatility Shares Trust 2X Corn ETF",NA,NA,No,Commodity,"Medical - Drugs",Medical
COTG,"Leverage Shares 2X Long Cost Daily ETF",14.17,"Leverage Shares 2X Long COST Daily ETF",NA,NA,No,Equity,NA,NA
COWG,"Pacer US Large Cap Cash Cows Growth Leaders ETF",36.63,"Pacer US Large Cap Cash Cows Growth Leaders ETF",1,0,No,Equity,NA,NA
COWS,"Amplify Cash Flow Dividend Leaders ETF",33.61,"Amplify Cash Flow Dividend Leaders ETF",NA,NA,No,Equity,NA,NA
COWZ,"Pacer US Cash Cows 100 ETF",62.15,"Pacer US Cash Cows 100 ETF",25,200,No,"Fixed Income",NA,NA
COYY,"Graniteshares Yieldboost Coin ETF",6.24,"GraniteShares YieldBOOST COIN ETF",25,1565,No,Equity,NA,NA
COZX,"Tradr 2X Long Corz Daily ETF",16.82,"Tradr 2X Long CORZ Daily ETF",2,26,No,Equity,NA,NA
CPAG,"F/M Compoundr U.S. Aggregate Bond ETF",102.43,"F/m Compoundr U.S. Aggregate Bond ETF",NA,NA,No,"Fixed Income",NA,NA
CPAI,"Northern Lights Counterpoint Quantitative Equity",44.56,"Counterpoint Quantitative Equity ETF",NA,NA,No,Equity,NA,NA
CPER,"US Copper",36.78,"United States Copper Index Fund",10849,115549,No,Commodity,NA,NA
CPHY,"F/M Compoundr High Yield Bond ETF",51.55,"F/m Compoundr High Yield Bond ETF",NA,NA,No,"Fixed Income",NA,NA
CPII,"Ionic Inflation Protection ETF",18.99,"Ionic Inflation Protection ETF",NA,NA,No,"Fixed Income",NA,NA
CPLB,"Nyli Mackay Core Plus Bond ETF",21.27,"NYLI MacKay Core Plus Bond ETF",NA,NA,No,"Fixed Income",NA,NA
CPLS,"Ab Core Plus Bond ETF",35.61,"AB Core Plus Bond ETF",NA,NA,No,"Fixed Income",NA,NA
CPNJ,"Calamos Nasdaq 100 Structured Alt Protection ETF",27.13,"Calamos Nasdaq - 100 Structured Alt Protection ETF (Jun)",NA,NA,No,Equity,NA,NA
CPNM,"Calamos Nasdaq-100 Structured Alt Protection ETF",26.15,"Calamos Nasdaq-100 Structured Alt Protection ETF (Mar)",NA,NA,No,Equity,NA,NA
CPNQ,"Calamos Nasdaq-100 Structured Alt Protection ETF",26.7,"Calamos Nasdaq-100 Structured Alt Protection ETF (Dec)",NA,NA,No,Equity,NA,NA
CPNS,"Calamos Nasdaq-100 Structured Alt Protection ETF",27.39,"Calamos Nasdaq-100 Structured Alt Protection ETF (Sep)",NA,NA,No,Equity,NA,NA
CPRA,"Calamos Russell 2000 Structured Alt Protection E",26.7,"Calamos Russell 2000 Structured Alt Protection ETF (Apr)",NA,NA,No,Equity,NA,NA
CPRJ,"Calamos Russell 2000 Structured Alt Protection E",27.01,"Calamos Russell 2000 Structured Alt Protection ETF (Jul)",NA,NA,No,Equity,NA,NA
CPRO,"Calamos Russell 2000 Structured Alt Protection E",27.3,"Calamos Russell 2000 Structured Alt Protection ETF (Oct)",NA,NA,No,Equity,NA,NA
CPRY,"Calamos Russell 2000 Structured Alt Protection E",27.25,"Calamos Russell 2000 Structured Alt Protection ETF (Jan)",NA,NA,No,Equity,NA,NA
CPSA,"Calamos S&P 500 Structured Alt Protection ETF Au",27.07,"Calamos S&P 500 Structured Alt Protection ETF (Aug)",NA,NA,No,Equity,NA,NA
CPSD,"Calamos S&P 500 Structured Alt Protection ETF DE",26.15,"Calamos S&P 500 Structured Alt Protection ETF (Dec)",NA,NA,No,Equity,NA,NA
CPSF,"Calamos S&P 500 Structured Alt Protection ETF Fe",25.77,"Calamos S&P 500 Structured Alt Protection ETF (Feb)",NA,NA,No,Equity,NA,NA
CPSJ,"Calamos S&P 500 Structured Alt Protection ETF Ju",27.03,"Calamos S&P 500 Structured Alt Protection ETF (Jul)",NA,NA,No,Equity,NA,NA
CPSM,"Calamos S&P 500 Structured Alt Protection ETF",28.75,"Calamos S&P 500 Structured Alt Protection ETF (May)",NA,NA,No,Equity,NA,NA
CPSN,"Calamos S&P 500 Structured Alt Protection ETF No",27.07,"Calamos S&P 500 Structured Alt Protection ETF (Nov)",NA,NA,No,Equity,NA,NA
CPSO,"Calamos S&P 500 Structured Alt Protection ETF Oc",27.23,"Calamos S&P 500 Structured Alt Protection ETF (Oct)",NA,NA,No,Equity,NA,NA
CPSP,"Calamos S&P 500 Structured Alt Protection ETF Ap",26.18,"Calamos S&P 500 Structured Alt Protection ETF (Apr)",NA,NA,No,Equity,NA,NA
CPSR,"Calamos S&P 500 Structured Alt Protection ETF MA",25.32,"Calamos S&P 500 Structured Alt Protection ETF (Mar)",NA,NA,No,Equity,"Medical - Biomedical",Medical
CPST,"Calamos S&P 500 Structured Alt Protection ETF Se",27.18,"Calamos S&P 500 Structured Alt Protection ETF (Sep)",NA,NA,No,Equity,"Machinery - Electrical","Industrial Products"
CPSU,"Calamos S&P 500 Structured Alt Prot ETF June",27.19,"Calamos S&P 500 Structured Alt Protection ETF (Jun)",NA,NA,No,Equity,NA,NA
CPSY,"Calamos S&P 500 Structured Alt Protection ETF JA",25.18,"Calamos S&P 500 Structured Alt Protection ETF (Jan)",NA,NA,No,Equity,NA,NA
CPXR,"Uscf Daily Target 2X Copper Index ETF",29.01,"USCF Daily Target 2X Copper Index ETF",153,872,No,Commodity,NA,NA
CQQQ,"China Technology Invesco ETF",57.81,"Invesco China Technology ETF",63,5301,No,Equity,NA,NA
CRAK,"Vaneck Oil Refiners ETF",41.7,"VanEck Vectors Oil Refiners ETF",10,394,No,Equity,NA,NA
CRBN,"ACWI Low Carbon Target Ishares MSCI ETF",238.3,"iShares MSCI ACWI Low Carbon Target ETF",NA,NA,No,"Portfolio-Multi Asset",NA,NA
CRCD,"T-Rex 2X Inverse Crcl Daily Target ETF",36.92,"T-REX 2X Inverse CRCL Daily Target ETF",9,174,No,Equity,NA,NA
CRCG,"Leverage Shares 2X Long Crcl Daily ETF",2.11,"Leverage Shares 2X Long CRCL Daily ETF",1180,13085,No,Equity,NA,NA
CRCO,"Yieldmax Crcl Option Income Strategy ETF",21.68,"Yieldmax CRCL Option Income Strategy ETF",3,78,No,Equity,"Movie & TV Production & Dist","Consumer Discretionary"
CRDT,"Simplify Opportunistic Income ETF",23.75,"Simplify Opportunistic Income ETF",NA,NA,No,"Fixed Income",NA,NA
CRDU,"Tradr 2X Long Crdo Daily ETF",11.78,"Tradr 2X Long CRDO Daily ETF",214,1432,No,Equity,NA,NA
CRED,"Columbia Research Enhanced Real Estate ETF",20.19,"Columbia Research Enhanced Real Estate ETF",NA,NA,No,"Fixed Income",NA,NA
CRMG,"Leverage Shares 2X Long Crm Daily ETF",9.95,"Leverage Shares 2X Long CRM Daily ETF",78,1953,No,Equity,NA,NA
CRMX,"Tradr 2X Long Crml Daily ETF",28.22,"Tradr 2X Long CRML Daily ETF",33,528,No,Equity,NA,NA
CRPT,"FT Skybridge Crypto Industry and Digital Economy",16.69,"First Trust SkyBridge Crypto Industry and Digital Economy ETF",3,101,No,Equity,NA,NA
CRSH,"Yieldmax Short Tsla Option Income Strategy ETF",25.98,"YieldMax Short TSLA Option Income Strategy ETF",1,347,No,Equity,NA,NA
CRTC,"Dbx US National Critical Technologies ETF",37.95,"Xtrackers US National Critical Technologies ETF",NA,NA,No,Equity,NA,NA
CRWG,"Leverage Shares 2X Long Crwv Daily ETF",5.61,"Leverage Shares 2X Long CRWV Daily ETF",2014,18030,No,Equity,"Internet - Content","Computers and Technology"
CRWL,"Graniteshares 2X Long Crwd Daily ETF",30.15,"GraniteShares 2x Long CRWD Daily ETF",34,1791,No,Equity,NA,NA
CRWU,"T-Rex 2X Long Crwv Daily Target ETF",10.52,"T-REX 2X Long CRWV Daily Target ETF",245,1513,No,Equity,NA,NA
CSB,"Victory US Smallcap HI Div Vol Wtd ETF",61.26,"VictoryShares US Small Cap High Div Volatility Wtd ETF",1,19,No,"Portfolio-Multi Asset",NA,NA
CSCL,"Direxion Daily Csco Bull 2X ETF",31.46,"Direxion Daily CSCO Bull 2X ETF",NA,NA,No,Equity,NA,NA
CSCS,"Direxion Daily Csco Bear 1X ETF",21.12,"Direxion Daily CSCO Bear 1X ETF",NA,NA,No,Equity,NA,NA
CSD,"S&P Spin-Off Invesco ETF",110.82,"Invesco S&P Spin-Off ETF",21,56,No,Equity,NA,NA
CSEX,"Tradr 2X Long Cls Daily ETF",22.88,"Tradr 2X Long CLS Daily ETF",54,464,No,Currency,NA,NA
CSHI,"Neos Enhanced Income 1-3 Month T-Bill ETF",49.65,"NEOS Enhanced Income Cash Alternative ETF",NA,NA,No,"Fixed Income",NA,NA
CSHP,"Blackrock Enhanced Short-Term Bond ETF",99.24,"BlackRock Enhanced Short-Term Bond ETF",NA,NA,No,"Fixed Income",NA,NA
CSM,"Largecap Core Plus ETF FT",80.34,"ProShares Large Cap Core Plus",NA,NA,No,Equity,NA,NA
CSMD,"Professionally Congress Smid Growth ETF",34.08,"Congress SMid Growth ETF",NA,NA,No,Equity,NA,NA
CSNR,"Cohen & Steers Natural Resources Active ETF",35.72,"Cohen & Steers Natural Resources Active ETF",NA,NA,No,Equity,NA,NA
CSPF,"Cohen & Steers Preferred and Income Opportunitie",26.31,"Cohen & Steers Preferred and Income Opportunities Active ETF",NA,NA,No,Equity,NA,NA
CSRE,"Cohen & Steers Real Estate Active ETF",25.76,"Cohen & Steers Real Estate Active ETF",NA,NA,No,Equity,NA,NA
CSTK,"Invesco Comstock Contrarian Equity ETF",29.89,"Invesco Comstock Contrarian Equity ETF",NA,NA,No,Equity,NA,NA
CTA,"Simplify Managed Futures Strategy",28.89,"Simplify Managed Futures Strategy ETF",15,141,No,Equity,NA,NA
CTEC,"GX Cleantech ETF",64.61,"Global X CleanTech ETF",NA,NA,No,Equity,NA,NA
CTEF,"Castellan Targeted Equity ETF",71.43,"Castellan Targeted Equity ETF",NA,NA,No,Equity,NA,NA
CTEX,"Proshares S&P Kensho Cleantech ETF",41.63,"ProShares S&P Kensho Cleantech ETF",NA,NA,No,Equity,NA,NA
CTIF,"Castellan Targeted Income ETF",51.82,"Castellan Targeted Income ETF",NA,NA,No,Equity,NA,NA
CURE,"Direxion Daily Healthcare Bull 3X",109.26,"Direxion Daily Healthcare Bull 3x Shares",86,2487,No,Equity,NA,NA
CUSD,"Crossingbridge Ultra-Short Duration ETF",19.11,"CrossingBridge Ultra-Short Duration ETF",NA,NA,No,Equity,NA,NA
CUT,"MSCI Global Timber Invesco ETF",30.34,"Invesco MSCI Global Timber ETF",NA,NA,No,Equity,NA,NA
CVAR,"ETF Opp Cultivar ETF",29.32,"Cultivar ETF",NA,NA,No,Equity,NA,NA
CVIE,"Calvert International Responsible Index ETF",76.1,"Calvert International Responsible Index ETF",1,1,No,Equity,NA,NA
CVLC,"Calvert US Large-Cap Core Responsible Index ETF",85.86,"Calvert US Large-Cap Core Responsible Index ETF",NA,NA,No,Equity,NA,NA
CVMC,"Calvert US Mid-Cap Core Responsible Index ETF",66.7,"Calvert US Mid-Cap Core Responsible Index ETF",NA,NA,No,Equity,NA,NA
CVNX,"Defiance Daily Target 2X Long Cvna ETF",23.01,"Defiance Daily Target 2X Long CVNA ETF",NA,NA,No,Equity,NA,NA
CVNY,"Yieldmax Cvna Option Income Strategy ETF",34.22,"YieldMax CVNA Option Income Strategy ETF",64,131,No,Equity,NA,NA
CVRD,"Madison Covered Call ETF",18.9,"Madison Covered Call ETF",NA,NA,No,Equity,NA,NA
CVRT,"Calamos Convertible Equity Alternative ETF",42.43,"Calamos Convertible Equity Alternative ETF",NA,NA,No,"Fixed Income",NA,NA
CVSB,"Calvert Ultra-Short Investment Grade ETF",50.9,"Calvert Ultra-Short Investment Grade ETF",NA,NA,No,"Fixed Income",NA,NA
CVY,"Invesco Zacks Multi-Asset Income ETF",27.83,"Invesco Zacks Multi-Asset Income ETF",NA,NA,No,Equity,NA,NA
CWB,"BBG Convertible Securities SPDR ETF",95.73,"SPDR Bloomberg Convertible Securities ETF",3,1302,No,"Fixed Income",NA,NA
CWEB,"Direxion Daily China Internet Index Bull 2X",44.42,"Direxion Daily CSI China Internet Index Bull 2X Shares",2025,17004,No,Equity,NA,NA
CWI,"ACWI Ex-US MSCI ETF SPDR",38.21,"SPDR MSCI ACWI ex-US ETF",1,0,No,Equity,NA,NA
CWS,"Advisorshares Focused Equity ETF",69.85,"AdvisorShares Focused Equity ETF",NA,NA,No,Equity,NA,NA
CWVX,"Tradr 2X Long Crwv Daily ETF",45.27,"Tradr 2X Long CRWV Daily ETF",645,19639,No,Equity,NA,NA
CXRN,"Teucrium 2X Daily Corn ETF",18.35,"Teucrium 2x Daily Corn ETF",NA,NA,No,Commodity,NA,NA
CXSE,"Wisdomtree China Ex-Cso Fund",41.89,"WisdomTree China ex-State-Owned Enterprises Fund",NA,NA,No,"Portfolio-Multi Asset",NA,NA
CZA,"Invesco Zacks Mid-Cap ETF",113.75,"Invesco Zacks Mid-Cap ETF",NA,NA,No,Equity,NA,NA
CZAR,"Themes Natural Monopoly ETF",32.2,"Themes Natural Monopoly ETF",NA,NA,No,Equity,NA,NA
DABS,"Doubleline Asset-Backed Securities ETF",51.01,"DoubleLine Asset-Backed Securities ETF",NA,NA,No,Equity,NA,NA
DADS,"Digital Asset Debt Strategy ETF",20.44,"Oasis Capital Digital Asset Debt Strategy ETF",NA,NA,No,Equity,NA,NA
DAK,"Dakota Active Equity ETF",27.11,"Dakota Active Equity ETF",NA,NA,No,Equity,NA,NA
DALI,"FT Dorseywright Dali 1 ETF",30.64,"First Trust Dorsey Wright DALI 1 ETF",NA,NA,No,Equity,NA,NA
DAPP,"Vaneck Digital Transformation ETF",20.16,"VanEck Vectors Digital Transformation ETF",53,563,No,Equity,NA,NA
DAPR,"FT Vest U.S. Deep Buffer ETF - Apr",39.49,"FT Vest U.S. Equity Deep Buffer ETF (Apr)",NA,NA,No,Equity,NA,NA
DARP,"Grizzle Growth ETF",51.32,"Grizzle Growth ETF",NA,NA,No,Equity,NA,NA
DASX,"Tradr 2X Long Dash Daily ETF",15.04,"Tradr 2X Long DASH Daily ETF",1,29,No,Equity,NA,NA
DAT,"Proshares Big Data Refiners ETF",41.51,"ProShares Big Data Refiners ETF",NA,NA,No,Equity,NA,NA
DAUG,"FT Vest U.S. Deep Buffer ETF - Aug",44.75,"FT Vest U.S. Equity Deep Buffer ETF (Aug)",NA,NA,No,Equity,NA,NA
DAX,"GX DAX Germany ETF",47.2,"Global X DAX Germany ETF",4,605,No,Equity,NA,NA
DBA,"DB Agriculture Fund Invesco",25.88,"Invesco DB Agriculture Fund",186,4060,No,Commodity,"Finance - Investment Funds",Finance
DBAW,"Xt MSCI All World Ex US Hedged Equity ETF",43.4,"X-trackers MSCI All World ex US Hedged Equity ETF",NA,NA,No,"Portfolio-Multi Asset",NA,NA
DBB,"DB Base Metals Fund Invesco",24.57,"Invesco DB Base Metals Fund",156,5814,No,Commodity,"Finance - Investment Funds",Finance
DBC,"DB Commodity Index Fund Invesco",24.94,"Invesco DB Commodity Index Tracking Fund",280,6315,No,Commodity,"Finance - Investment Funds",Finance
DBE,"DB Energy Fund Invesco",19.41,"Invesco DB Energy Fund",15,59,No,Commodity,NA,NA
DBEF,"Xt MSCI EAFE Hedged Equity ETF",49.55,"X-trackers MSCI EAFE Hedged Equity ETF",4,28,No,Equity,NA,NA
DBEM,"Xt MSCI Emerging Markets Hedged Equity ETF",35.36,"X-trackers MSCI Emerging Markets Hedged Equity ETF",NA,NA,No,Equity,NA,NA
DBEU,"Xt MSCI Europe Hedged Equity ETF",49.28,"X-trackers MSCI Europe Hedged Equity ETF",1,66,No,"Portfolio-Multi Asset",NA,NA
DBEZ,"Xt MSCI Eurozone Hedged Equity ETF",56.9,"X-trackers MSCI Eurozone Hedged Equity ETF",NA,NA,No,"Portfolio-Multi Asset",NA,NA
DBJP,"Xt MSCI Japan Hedged Equity ETF",98.3,"X-trackers MSCI Japan Hedged Equity ETF",NA,NA,No,Equity,NA,NA
DBMF,"IM Dbi Managed Futures Strategy ETF",30.07,"iM DBi Managed Futures Strategy ETF",2,112,No,Equity,NA,NA
DBND,"Doubleline Opportunistic Bond ETF",46.49,"DoubleLine Opportunistic Bond ETF",NA,NA,No,"Fixed Income",NA,NA
DBO,"DB Oil Fund Invesco",13.52,"Invesco DB Oil Fund",160,1709,No,Commodity,NA,NA
DBP,"DB Precious Metals Fund Invesco",136.43,"Invesco DB Precious Metals Fund",38,107,No,Commodity,NA,NA
DBSC,"Deepwater Beachfront Small Cap ETF",25.74,"Deepwater Beachfront Small Cap ETF",NA,NA,No,Equity,NA,NA
DCMT,"Doubleline Commodity Strategy ETF",28.4,"DoubleLine Commodity Strategy ETF",NA,NA,No,Commodity,NA,NA
DCOR,"Dimensional US Core Equity 1 ETF",75.74,"Dimensional US Core Equity 1 ETF",NA,NA,No,Equity,NA,NA
DCRE,"Doubleline Commercial Real Estate ETF",52.18,"DoubleLine Commercial Real Estate ETF",NA,NA,No,"Fixed Income",NA,NA
DDEC,"FT Vest U.S. Deep Buffer ETF - Dec",45.43,"FT Vest U.S. Equity Deep Buffer ETF (Dec)",NA,NA,No,Equity,NA,NA
DDFD,"Innovator Equity Dual Dir 15 Buffer ETF December",19.26,"Innovator Equity Dual Directional 15 Buffer ETF (Dec)",NA,NA,No,Equity,NA,NA
DDFJ,"Innovator Equity Dual Dirx 15 Buffer ETF January",19.15,"Innovator Equity Dual Directional 15 Buffer ETF (Jan)",NA,NA,No,Equity,NA,NA
DDFL,"Innovator Equity Dual Dir 15 Buffer ETF July",20.62,"Innovator Equity Dual Directional 15 Buffer ETF (Jul)",NA,NA,No,Equity,NA,NA
DDFN,"Innovator Equity Dual Dir 15 Buffer ETF November",19.33,"Innovator Equity Dual Directional 15 Buffer ETF (Nov)",NA,NA,No,Equity,NA,NA
DDFO,"Innovator Equity Dual Directional 15 Buffer ETF",21.71,"Innovator Equity Dual Directional 15 Buffer ETF (Oct)",NA,NA,No,Equity,NA,NA
DDFS,"Innovator Equity Dd 15 Buffer ETF Sep",21.3,"Innovator Equity Dual Directional 15 Buffer ETF (Sep)",NA,NA,No,Equity,NA,NA
DDIV,"FT High Income ETF",42.87,"First Trust Dorsey Wright Momentum & Dividend ETF",NA,NA,No,Equity,NA,NA
DDLS,"Wisdomtree Dynamic Cur-Hgd Intl Smallcap Equity",44.94,"WisdomTree Dynamic Currency Hedged International SmallCap Equity Fund",NA,NA,No,"Portfolio-Multi Asset",NA,NA
DDM,"Ultra Dow30 2X ETF",58.82,"ProShares Ultra Dow30",10,959,No,Equity,NA,NA
DDNQ,"Innovator Growth-100 Dual Dirx 5 Buffer ETF Quar",19.97,"Innovator Growth-100 Dual Directional 5 Buffer ETF (Qtr)",NA,NA,No,Equity,NA,NA
DDSQ,"Innovator Equity Dual Dirx 5 Buffer ETF Quarterl",19.34,"Innovator Equity Dual Directional 5 Buffer ETF (Qtr)",NA,NA,No,Equity,NA,NA
DDTD,"Innovator Equity Dual Dir 10 Buffer ETF December",19.32,"Innovator Equity Dual Directional 10 Buffer ETF (Dec)",NA,NA,No,Equity,NA,NA
DDTJ,"Innovator Equity Dual Dirx 10 Buffer ETF January",19.21,"Innovator Equity Dual Directional 10 Buffer ETF (Jan)",NA,NA,No,Equity,NA,NA
DDTL,"Innovator Equity Dual Dir 10 Buffer ETF July",21.14,"Innovator Equity Dual Directional 10 Buffer ETF (Jul)",NA,NA,No,Equity,NA,NA
DDTN,"Innovator Equity Dual Dir 10 Buffer ETF November",19.43,"Innovator Equity Dual Directional 10 Buffer ETF (Nov)",NA,NA,No,Equity,NA,NA
DDTO,"Innovator Equity Dual Directional 10 Buffer ETF",21.89,"Innovator Equity Dual Directional 10 Buffer ETF (Oct)",NA,NA,No,Equity,NA,NA
DDTS,"Innovator Equity Dd 10 Buffer ETF Sep",21.55,"Innovator Equity Dual Directional 10 Buffer ETF (Sep)",NA,NA,No,Equity,NA,NA
DDWM,"Wisdomtree Dynamic Cur-Hgd Intl Equity Fund",45.06,"WisdomTree Dynamic Currency Hedged International Equity Fund",NA,NA,No,"Portfolio-Multi Asset",NA,NA
DDX,"Defined Duration 10 ETF",24.63,"Defined Duration 10 ETF",NA,NA,No,"Portfolio-Multi Asset",NA,NA
DECM,"FT Vest U.S. Max Buffer ETF - Dec",33.01,"FT Vest U.S. Equity Max Buffer ETF (Dec)",NA,NA,No,Equity,NA,NA
DECO,"SPDR Galaxy Digital Asset Ecosystem ETF",54.81,"SPDR Galaxy Digital Asset Ecosystem ETF",2,30,No,Equity,NA,NA
DECP,"PGIM S&P 500 Buffer 12 ETF - December",30.84,"PGIM US Large-Cap Buffer 12 ETF (Dec)",NA,NA,No,Equity,NA,NA
DECT,"Aim U.S. Large Cap Buffer10 Dec ETF",37.1,"AllianzIM U.S. Large Cap Buffer10 Dec ETF",NA,NA,No,Equity,NA,NA
DECU,"Allianzim U.S. Equity Buffer15 Uncapped Dec ETF",27.71,"AllianzIM U.S. Equity Buffer15 Uncapped Dec ETF",NA,NA,No,Equity,NA,NA
DECW,"Aim U.S. Large Cap Buffer20 Dec ETF",34.29,"AllianzIM U.S. Large Cap Buffer20 Dec ETF",NA,NA,No,Equity,NA,NA
DECZ,"Trueshares Structured Outcome [Dec] ETF",41.15,"TrueShares Structured Outcome (December) ETF",NA,NA,No,Equity,NA,NA
DEED,"Tcw Securitized Plus ETF FT",21.55,"First Trust TCW Securitized Plus ETF",NA,NA,No,"Fixed Income",NA,NA
DEEF,"Xt FTSE Developed Ex US Multifactor ETF",37.94,"X-trackers FTSE Developed Ex US Comprehensive Factor ETF",NA,NA,No,"Portfolio-Multi Asset",NA,NA
DEEP,"Deep Value ETF",37.71,"Roundhill Acquirers Deep Value ETF",NA,NA,No,Equity,NA,NA
DEFI,"Hashdex Bitcoin Futures ETF",100.68,"Hashdex Bitcoin ETF",NA,NA,No,Currency,NA,NA
DEFR,"Aptus Deferred Income ETF",26.7,"Aptus Deferred Income ETF",NA,NA,No,"Fixed Income",NA,NA
DEHP,"Dimensional E.M. High Profitability ETF",36.02,"Dimensional Emerging Markets High Profitability ETF",NA,NA,No,Equity,NA,NA
DEM,"Wisdomtree EM High Div Fund",50.42,"WisdomTree Emerging Markets High Dividend Fund",2,104,No,Equity,"Finance - Investment Funds",Finance
DEMZ,"Demz Political Contributions ETF",44.15,"Demz Political Contributions ETF",NA,NA,No,Equity,NA,NA
DES,"Wisdomtree U.S. Smallcap Dividend Fund",35.25,"WisdomTree SmallCap Dividend Fund",NA,NA,No,Equity,NA,NA
DESK,"Vaneck Office and Commercial REIT ETF",35.86,"VanEck Office and Commercial REIT ETF",83,10,No,Equity,NA,NA
DEUS,"Xt Russell US Multifactor ETF",60.66,"X-trackers Russell 1000 Comprehensive Factor ETF",NA,NA,No,"Portfolio-Multi Asset",NA,NA
DEW,"Wisdomtree Global High Dividend Fund",64.59,"WisdomTree Global Equity Income Fund",NA,NA,No,Equity,NA,NA
DEXC,"Dimensional E.M. Ex China Core Equity ETF",67.05,"Dimensional Emerging Markets ex China Core Equity ETF",NA,NA,No,Equity,NA,NA
DFAC,"Dimensional U.S. Core Equity 2 ETF",40.89,"Dimensional U.S. Core Equity 2 ETF",1,710,No,Equity,NA,NA
DFAE,"Dimensional W.M. Core Equity Market ETF",35.93,"Dimensional Emerging Core Equity Market ETF",NA,NA,No,Equity,NA,NA
DFAI,"Dimensional International Core Equity Market ETF",40.35,"Dimensional International Core Equity Market ETF",NA,NA,No,Equity,NA,NA
DFAR,"Dimensional US Real Estate ETF",23.07,"Dimensional US Real Estate ETF",100,1657,No,Alternative,NA,NA
DFAS,"Dimensional U.S. Small Cap ETF",73.81,"Dimensional U.S. Small Cap ETF",NA,NA,No,Equity,NA,NA
DFAT,"Dimensional U.S. Targeted Value ETF",63.11,"Dimensional U.S. Targeted Value ETF",1,1,No,Equity,NA,NA
DFAU,"Dimensional US Core Equity Market ETF",47.99,"Dimensional US Core Equity Market ETF",NA,NA,No,Equity,NA,NA
DFAW,"Dimensional World Equity ETF",77.19,"Dimensional World Equity ETF",NA,NA,No,Equity,NA,NA
DFAX,"Dimensional World Ex U.S. Core Equity 2 ETF",35.26,"Dimensional World ex U.S. Core Equity 2 ETF",NA,NA,No,Equity,NA,NA
DFCA,"Dimensional California Municipal Bond ETF",50.38,"Dimensional California Municipal Bond ETF",NA,NA,No,"Fixed Income",NA,NA
DFCF,"Dimensional Core Fixed Income ETF",42.64,"Dimensional Core Fixed Income ETF",NA,NA,No,"Fixed Income",NA,NA
DFE,"Wisdomtree Europe Smallcap Dividend Fund",76.01,"WisdomTree Europe SmallCap Dividend Fund",1,73,No,Equity,NA,NA
DFEB,"FT Vest U.S. Deep Buffer ETF - Feb",48.2,"FT Vest U.S. Equity Deep Buffer ETF (Feb)",NA,NA,No,Equity,NA,NA
DFEM,"Dimensional E.M. Core Equity 2 ETF",36.42,"Dimensional Emerging Markets Core 2 ETF",NA,NA,No,Equity,NA,NA
DFEN,"Direxion Daily Aerospace & Defense Bull 3X",80.78,"Direxion Daily Aerospace & Defense Bull 3X Shares",473,6452,No,Equity,NA,NA
DFEV,"Dimensional E.M. Value ETF",37.18,"Dimensional Emerging Markets Value ETF",NA,NA,No,Equity,NA,NA
DFGP,"Dimensional Global Core Plus Fixed Income ETF",54.45,"Dimensional Global Core Plus Fixed Income ETF",NA,NA,No,"Fixed Income",NA,NA
DFGR,"Dimensional Global Real Estate ETF",26.77,"Dimensional Global Real Estate ETF",NA,NA,No,Equity,NA,NA
DFGX,"Dimensional Global Ex US Core Fixed Income ETF",52.97,"Dimensional Global ex US Core Fixed Income ETF",NA,NA,No,"Fixed Income",NA,NA
DFIC,"Dimensional Intl Core Equity 2 ETF",36.67,"Dimensional International Core Equity 2 ETF",2,1,No,"Portfolio-Multi Asset",NA,NA
DFII,"FT Vest Bitcoin Strategy & Target Income ETF",17.8,"FT Vest Bitcoin Strategy & Target Income ETF",NA,NA,No,Currency,NA,NA
DFIP,"Dimensional Inflation-Protected Securities ETF",41.78,"Dimensional Inflation-Protected Securities ETF",NA,NA,No,"Fixed Income",NA,NA
DFIS,"Dimensional Intl Small Cap ETF",35.68,"Dimensional International Small Cap ETF",10,27,No,Equity,NA,NA
DFIV,"Dimensional International Value ETF",52.91,"Dimensional International Value ETF",9,147,No,Equity,NA,NA
DFJ,"Wisdomtree Japan Smallcap Fund",101.46,"WisdomTree Japan SmallCap Dividend Fund",NA,NA,No,Equity,NA,NA
DFLV,"Dimensional US Large Cap Value ETF",35.78,"Dimensional US Large Cap Value ETF",150,1131,No,Equity,NA,NA
DFNL,"Davis Select Financial ETF",47.75,"Davis Select Financial ETF",10,10,No,Equity,NA,NA
DFNM,"Dimensional National Municipal Bond ETF",48.47,"Dimensional National Municipal Bond ETF",NA,NA,No,"Fixed Income",NA,NA
DFSB,"Dimensional Global Sustainability Fixed Inc ETF",52.01,"Dimensional Global Sustainability Fixed Income ETF",NA,NA,No,"Fixed Income",NA,NA
DFSD,"Dimensional Short-Duration Fixed Income ETF",48.11,"Dimensional Short-Duration Fixed Income ETF",NA,NA,No,"Fixed Income",NA,NA
DFSE,"Dimensional E.M. Sustainability ETF",45.25,"Dimensional Emerging Markets Sustainability Core 1 ETF",NA,NA,No,Equity,NA,NA
DFSI,"Dimensional International Sustainability ETF",45.09,"Dimensional International Sustainability Core 1 ETF",NA,NA,No,Equity,NA,NA
DFSU,"Dimensional US Sustainability Core 1 ETF",44.18,"Dimensional US Sustainability Core 1 ETF",NA,NA,No,Equity,NA,NA
DFSV,"Dimensional US Small Cap Value ETF",34.89,"Dimensional US Small Cap Value ETF",70,26,No,Equity,NA,NA
DFUS,"Dimensional U.S. Equity ETF",75.81,"Dimensional U.S. Equity ETF",2,21,No,Equity,NA,NA
DFUV,"Dimensional US Marketwide Value ETF",48.79,"Dimensional US Marketwide Value ETF",NA,NA,No,Equity,NA,NA
DFVE,"Doubleline Fortune 500 Equal Weight ETF",33.23,"DoubleLine Fortune 500 Equal Weight ETF",NA,NA,No,Equity,NA,NA
DFVX,"Dimensional US Large Cap Vector ETF",77.39,"Dimensional US Large Cap Vector ETF",NA,NA,No,Equity,NA,NA
DGCB,"Dimensional Global Credit ETF",54.61,"Dimensional Global Credit ETF",NA,NA,No,"Fixed Income",NA,NA
DGIN,"Vaneck Digital India ETF",38.25,"VanEck Digital India ETF",NA,NA,No,Equity,NA,NA
DGLO,"First Trust Rba Deglobalization ETF",21.85,"First Trust RBA Deglobalization ETF",NA,NA,No,Equity,NA,NA
DGP,"DB Gold 2X ETN Powershares",241.5,"PowerShares DB Gold Double Long ETN",NA,NA,No,Commodity,NA,NA
DGRE,"Wisdomtree EM Quality Divd Growth Fund",34.33,"WisdomTree Emerging Markets Quality Dividend Growth Fund",NA,NA,No,"Portfolio-Multi Asset",NA,NA
DGRO,"Dividend Growth Ishares Core ETF",71.42,"iShares Core Dividend Growth ETF",118,19471,No,"Portfolio-Multi Asset",NA,NA
DGRS,"Wisdomtree US Smallcap Quality Dvid Fund",52.73,"WisdomTree U.S. SmallCap Quality Dividend Growth Fund",NA,NA,No,"Portfolio-Multi Asset",NA,NA
DGRW,"Wisdomtree U.S. Quality Dividend Growth Fund",91.33,"WisdomTree U.S. Quality Dividend Growth Fund",1,57,No,"Portfolio-Multi Asset",NA,NA
DGS,"Wisdomtree Emerging Market Smallcap Fund",62.41,"WisdomTree Emerging Markets SmallCap Dividend Fund",3,29,No,Equity,NA,NA
DGT,"Global Dow ETF SPDR",173.19,"SPDR Global Dow ETF",1,2,No,Equity,NA,NA
DGZ,"DB Gold -1X ETN Powershares",5.21,"PowerShares DB Gold Short ETN",NA,NA,No,Commodity,NA,NA
DHDG,"FT Vest U.S. Quarterly 2.5 To 15 Buffer ETF",34.67,"FT Vest U.S. Equity Quarterly 2.5 to 15 Buffer ETF",NA,NA,No,Equity,NA,NA
DHLX,"Diamond Hill Large Cap Concentrated ETF",13.25,"Diamond Hill Large Cap Concentrated ETF",NA,NA,No,Equity,NA,NA
DHS,"Wisdomtree U.S. High Dividend Fund",106.08,"WisdomTree High Dividend Fund",4,1,No,Equity,NA,NA
DHSB,"Strategy Shares Day Hagan Smart Buffer ETF",26.12,"Day Hagan Smart Buffer ETF",NA,NA,No,Equity,NA,NA
DIA,"Dow Industrials SPDR",490.13,"SPDR Dow Jones Industrial Average ETF",37221,495184,Yes,Equity,"Finance - Investment Funds",Finance
DIAL,"Columbia Diversified Fixed Income ETF",18.46,"Columbia Diversified Fixed Income Allocation ETF",NA,NA,No,"Fixed Income",NA,NA
DIEM,"Franklin Emerging Market Core Div Tilt ETF",37.17,"Franklin Emerging Market Core Dividend Tilt Index ETF",NA,NA,No,Equity,NA,NA
DIG,"Ultra Oil & Gas 2X ETF",44.86,"ProShares Ultra Oil & Gas",8,980,No,Equity,NA,NA
DIHP,"Dimensional Intl High Profitability ETF",33.5,"Dimensional International High Profitability ETF",NA,NA,No,Equity,NA,NA
DIM,"Wisdomtree International Midcap Dividend Fund",84.74,"WisdomTree International MidCap Dividend Fund",NA,NA,No,Equity,NA,NA
DIME,"Coinshares Altcoins ETF",11.56,"CoinShares Altcoins ETF",NA,NA,No,Currency,NA,NA
DINT,"Davis Select International ETF",29.78,"Davis Select International ETF",NA,NA,No,Equity,NA,NA
DIPS,"Yieldmax Short Nvda Option Income Strategy ETF",50.14,"YieldMax Short NVDA Option Income Strategy ETF",1,349,No,Equity,NA,NA
DISO,"Yieldmax Dis Option Income Strategy ETF",11.59,"YieldMax DIS Option Income Strategy ETF",3,6,No,Equity,NA,NA
DISV,"Dimensional Intl Small Cap Value ETF",41.19,"Dimensional International Small Cap Value ETF",18,78,No,Equity,NA,NA
DIV,"GX Superdividend U.S. ETF",18.27,"Global X SuperDividend U.S. ETF",4,133,No,Equity,NA,NA
DIVB,"US Dividend and Buyback Ishares ETF",54.59,"iShares U.S. Dividend and Buyback ETF",NA,NA,No,Equity,NA,NA
DIVD,"Altrius Global Dividend ETF",40.44,"Altrius Global Dividend ETF",NA,NA,No,Equity,NA,NA
DIVE,"Tidal Trust I Dana Concentrated Dividend ETF",26.45,"Dana Concentrated Dividend ETF",NA,NA,No,Equity,NA,NA
DIVG,"Invesco S&P 500 High Dividend Growers ETF",33.64,"Invesco S&P 500 High Dividend Growers ETF",NA,NA,No,Equity,NA,NA
DIVI,"Franklin Intl Core Div Tilt ETF",41.13,"Franklin International Core Dividend Tilt Index ETF",NA,NA,No,Equity,NA,NA
DIVL,"Madison Dividend Value ETF",24.23,"Madison Dividend Value ETF",NA,NA,No,Equity,NA,NA
DIVN,"Horizon Dividend Income ETF",27.95,"Horizon Dividend Income ETF",NA,NA,No,Equity,NA,NA
DIVO,"Amplify Cwp Enhanced Dividend Income ETF",45.63,"Amplify CWP Dividend & Option Income ETF",11,152,No,Equity,NA,NA
DIVP,"Cullen Enhanced Equity Income ETF",26.02,"Cullen Enhanced Equity Income ETF",NA,NA,No,Equity,NA,NA
DIVS,"Smartetfs Dividend Builder ETF",31.78,"SmartETFs Dividend Builder ETF",NA,NA,No,Equity,NA,NA
DIVY,"Sound Equity Income ETF",27.32,"Sound Equity Income ETF",NA,NA,No,Equity,NA,NA
DIVZ,"Opal Dividend Income ETF",37.32,"TrueShares Low Volatility Equity Income ETF",NA,NA,No,Equity,NA,NA
DJAN,"FT Vest U.S. Deep Buffer ETF - Jan",43.78,"FT Vest U.S. Equity Deep Buffer ETF (Jan)",NA,NA,No,Equity,NA,NA
DJD,"Dow Jones Indu Dividend Invesco ETF",58.41,"Invesco Dow Jones Industrial Average Dividend ETF",8,10,No,"Portfolio-Multi Asset",NA,NA
DJIA,"GX Dow 30 Covered Call ETF",22.18,"Global X Dow 30 Covered Call ETF",1,240,No,Equity,NA,NA
DJP,"Ipath Commodity Index TR ETN",43.17,"iPath Bloomberg Commodity Index Total Return ETN",39,560,No,Commodity,NA,NA
DJTU,"T-Rex 2X Long Djt Daily Target ETF",4.02,"T-REX 2X Long DJT Daily Target ETF",11,1328,No,Equity,NA,NA
DJUL,"FT Vest U.S. Deep Buffer ETF - Jul",47.98,"FT Vest U.S. Equity Deep Buffer ETF (Jul)",NA,NA,No,Equity,NA,NA
DJUN,"FT Vest U.S. Deep Buffer ETF - Jun",47.69,"FT Vest U.S. Equity Deep Buffer ETF (Jun)",NA,NA,No,Equity,NA,NA
DKNX,"Defiance Daily Target 2X Long Dkng ETF",7.06,"Defiance Daily Target 2X Long DKNG ETF",NA,NA,No,Equity,NA,NA
DKUP,"T-Rex 2X Long Dkng Daily Target ETF",9.12,"T-REX 2X Long DKNG Daily Target ETF",11,107,No,Equity,NA,NA
DLAG,"FT Vest U.S. Equity Dual Direct Buffer ETF Augus",31.6,"FT Vest U.S. Equity Dual Directional Buffer ETF (Aug)",NA,NA,No,Equity,NA,NA
DLLL,"Graniteshares 2X Long Dell Daily ETF",19.74,"GraniteShares 2x Long DELL Daily ETF",16,735,No,Equity,NA,NA
DLN,"Wisdomtree U.S. Largecap Dividend Fund",90.45,"WisdomTree LargeCap Dividend Fund",NA,NA,No,Equity,NA,NA
DLS,"Wisdomtree International Smallcap Fund",85.87,"WisdomTree International SmallCap Dividend Fund",NA,NA,No,Equity,NA,NA
DMAR,"FT Vest U.S. Deep Buffer ETF - Mar",41.88,"FT Vest U.S. Equity Deep Buffer ETF (Mar)",NA,NA,No,Equity,"Electronics Products - Misc","Computers and Technology"
DMAT,"GX Disruptive Materials ETF",35.21,"Global X Disruptive Materials ETF",1,47,No,Equity,NA,NA
DMAY,"FT Vest U.S. Deep Buffer ETF - May",45.54,"FT Vest U.S. Equity Deep Buffer ETF (May)",NA,NA,No,Equity,NA,NA
DMBS,"Doubleline Mortgage ETF",49.88,"DoubleLine Mortgage ETF",NA,NA,No,"Fixed Income",NA,NA
DMCY,"Democracy International Fund",32.99,"Democracy International Fund",NA,NA,No,Equity,NA,NA
DMX,"Doubleline Multi-Sector Income ETF",50.67,"DoubleLine Multi-Sector Income ETF",NA,NA,No,"Portfolio-Multi Asset",NA,NA
DMXF,"Ishares ESG Advanced MSCI EAFE ETF",79.54,"iShares ESG Advanced MSCI EAFE ETF",NA,NA,No,Equity,NA,NA
DNL,"Wisdomtree Global Ex-US Quality Div Growth Fund",43.93,"WisdomTree Global ex-U.S. Quality Dividend Growth Fund",NA,NA,No,Equity,NA,NA
DNOV,"FT Vest U.S. Deep Buffer ETF - Nov",49.27,"FT Vest U.S. Equity Deep Buffer ETF (Nov)",NA,NA,No,Equity,NA,NA
DOCT,"FT Vest U.S. Deep Buffer ETF - Oct",44.73,"FT Vest U.S. Equity Deep Buffer ETF (Oct)",NA,NA,No,Equity,NA,NA
DOG,"Short Dow30 -1X ETF",23.1,"ProShares Short Dow30",18,1866,No,Equity,NA,NA
DOGD,"Tradr 2X Long Ddog Daily ETF",25.5,"Tradr 2X Long DDOG Daily ETF",12,198,No,Equity,NA,NA
DOGG,"FT Vest DJIA Dogs 10 Target Income ETF",21.38,"FT Vest DJIA Dogs 10 Target Income ETF",NA,NA,No,Equity,NA,NA
DOJE,"Rex-Osprey Doge ETF",11.65,"REX-Osprey DOGE ETF",12,1134,No,Currency,NA,NA
DOL,"Wisdomtree International Largecap Dividend Fund",69.85,"WisdomTree International LargeCap Dividend Fund",NA,NA,No,Equity,NA,NA
DON,"Wisdomtree U.S. Midcap Dividend Fund",53.44,"WisdomTree MidCap Dividend Fund",NA,NA,No,Equity,NA,NA
DPST,"Direxion Daily Regional Banks Bull 3X",113.03,"Direxion Daily Regional Banks Bull 3X Shares",1006,33865,Yes,Equity,NA,NA
DRAI,"Draco Evolution AI ETF",31.06,"Draco Evolution AI ETF",NA,NA,No,Equity,NA,NA
DRAY,"Yieldmax Dkng Option Income Strategy ETF",26.64,"Yieldmax Dkng Option Income Strategy ETF",NA,NA,No,Equity,Unclassified,NA
DRGN,"Themes China Generative Artificial Intelligence",36.96,"Themes China Generative Artificial Intelligence ETF",1,22,No,Equity,NA,NA
DRIP,"Direxion Daily S&P Oil & Gas E&P Bear 2X",7.62,"Direxion Daily S&P Oil & Gas Exp. & Prod. Bear 2X Shares",26,2539,No,"Portfolio-Multi Asset",NA,NA
DRIV,"GX Autonomous & Electric Vehicles ETF",33.46,"Global X Autonomous & Electric Vehicles ETF",41,400,No,Equity,NA,NA
DRLL,"Strive U.S. Energy ETF",31.42,"Strive U.S. Energy ETF",1,12,No,Equity,NA,NA
DRN,"Direxion Daily Real Estate Bull 3X",8.71,"Direxion Daily MSCI Real Estate Bull 3X Shares",110,9100,No,Equity,NA,NA
DRNZ,"Rex Drone ETF",27.86,"REX Drone ETF",2,39,No,Equity,NA,NA
DRSK,"Aptus Defined Risk ETF",28.41,"Aptus Defined Risk ETF",NA,NA,No,"Portfolio-Multi Asset",NA,NA
DRUP,"Graniteshares Nasdaq Select Disruptors ETF",64.55,"GraniteShares Nasdaq Select Disruptors ETF",NA,NA,No,Equity,NA,NA
DRV,"Direxion Daily Real Estate Bear 3X",25.61,"Direxion Daily MSCI Real Estate Bear 3X Shares",33,2276,No,Equity,NA,NA
DSEP,"FT Vest U.S. Deep Buffer ETF - Sep",45.4,"FT Vest U.S. Equity Deep Buffer ETF (Sep)",NA,NA,No,Equity,NA,NA
DSI,"KLD 400 Social Ishares MSCI ETF",132.46,"iShares MSCI KLD 400 Social ETF",NA,NA,No,Equity,NA,NA
DSMC,"ETF Series Distillate Small/Mid Cash Flow ETF",37.26,"Distillate Small/Mid Cash Flow ETF",NA,NA,No,Equity,NA,NA
DSPY,"Tema S&P 500 Historical Weight ETF Strategy",59.75,"Tema S&P 500 Historical Weight ETF Strategy",NA,NA,No,Equity,NA,NA
DSTL,"Distillate U.S. Fundamental Stability Value ETF",59.78,"Distillate U.S. Fundamental Stability & Value ETF",NA,NA,No,Equity,NA,NA
DSTX,"Distillate Intl Stability & Value ETF",33.8,"Distillate International Fundamental Stability & Value ETF",NA,NA,No,Equity,NA,NA
DTAN,"Sparkline International Intangible Value ETF",32.14,"Sparkline International Intangible Value ETF",NA,NA,No,Equity,NA,NA
DTCR,"GX Data Center & Digital Infrastructure ETF",25.25,"Global X Data Center & Digital Infrastructure ETF",394,2696,No,Equity,NA,NA
DTD,"Wisdomtree U.S. Total Dividend Fund",87.29,"WisdomTree Total Dividend Fund",NA,NA,No,Equity,NA,NA
DTEC,"Alps Disruptive Technologies ETF",48.49,"ALPS Disruptive Technologies ETF",NA,NA,No,Equity,NA,NA
DTH,"Wisdomtree International High Dividend Fund",54.38,"WisdomTree International High Dividend Fund",1,1,No,Equity,NA,NA
DTRE,"Alerian Dis Tech Real Estate ETF FT",39.76,"First Trust Alerian Disruptive Technology Real Estate ETF",NA,NA,No,Equity,NA,NA
DUBS,"Aptus Large Cap Enhanced Yield ETF",38.32,"Aptus Large Cap Enhanced Yield ETF",NA,NA,No,Equity,NA,NA
DUG,"Ultrashort Oil & Gas -2X ETF",25.8,"ProShares UltraShort Oil & Gas",2,88,No,Equity,NA,NA
DUHP,"Dimensional US High Profitability ETF",38.72,"Dimensional US High Profitability ETF",NA,NA,No,Equity,NA,NA
DUKH,"Ocean Park High Income ETF",24.58,"Ocean Park High Income ETF",NA,NA,No,Equity,NA,NA
DUKQ,"Ocean Park Domestic ETF",28.63,"Ocean Park Domestic ETF",NA,NA,No,Equity,NA,NA
DUKX,"Ocean Park International ETF",28.08,"Ocean Park International ETF",NA,NA,No,Equity,NA,NA
DUKZ,"Ocean Park Diversified Income ETF",25.59,"Ocean Park Diversified Income ETF",NA,NA,No,Equity,NA,NA
DULL,"Microsectors Gold -3X Inverse Leveraged ETN",0.843,"MicroSectors Gold -3X Leveraged ETN",NA,NA,No,Equity,NA,NA
DUNK,"Tidal Trust I Dana Unconstrained Equity ETF",23.89,"Dana Unconstrained Equity ETF",NA,NA,No,Equity,NA,NA
DUOG,"Leverage Shares 2X Long Duol Daily ETF",7.46,"Leverage Shares 2X Long DUOL Daily ETF",NA,NA,No,Equity,NA,NA
DURA,"Vaneck Morningstar Durable Dividend ETF",35.47,"VanEck Vectors Morningstar Durable Dividend ETF",NA,NA,No,Equity,NA,NA
DUSA,"Davis Select USA ETF",51.99,"Davis Select U.S. Equity ETF",1,4,No,Equity,NA,NA
DUSB,"Dimensional Ultrashort Fixed Income ETF",50.75,"Dimensional Ultrashort Fixed Income ETF",NA,NA,No,"Fixed Income",NA,NA
DUSL,"Direxion Daily Industrials Bull 3X",78.88,"Direxion Daily Industrials Bull 3X Shares",1,72,No,Equity,NA,NA
DUST,"Direxion Daily Gold Miners Index Bear 2X",4.26,"Direxion Daily Gold Miners Bear 2X Shares",11350,75123,No,Equity,NA,NA
DVAL,"Brandywineglobal Dynamic US Large Cap Value ETF",14.7,"BrandywineGLOBAL - Dynamic US Large Cap Value ETF",NA,NA,No,Equity,NA,NA
DVDN,"Kingsbarn Dividend Opportunity ETF",19.18,"Kingsbarn Dividend Opportunity ETF",NA,NA,No,Equity,NA,NA
DVGR,"Dac 3D Dividend Growth ETF",25.8,"DAC 3D Dividend Growth ETF",NA,NA,No,Equity,NA,NA
DVIN,"Webs Defined Volatility Xli ETF",28.1,"WEBS Defined Volatility XLI ETF",NA,NA,No,Equity,NA,NA
DVLU,"FT Momentum & Value ETF",36.21,"First Trust Dorsey Wright Momentum & Value ETF",NA,NA,No,Equity,NA,NA
DVND,"Touchstone Dividend Select ETF",36.5,"Touchstone Dividend Select ETF",NA,NA,No,Equity,NA,NA
DVOL,"FT Momentum & Low Volatility ETF",35.67,"First Trust Dorsey Wright Momentum & Low Volatility ETF",NA,NA,No,Equity,NA,NA
DVQQ,"Webs Defined Volatility QQQ ETF",28.68,"WEBs Defined Volatility QQQ ETF",NA,NA,No,Equity,NA,NA
DVRE,"Webs Defined Volatility Xlre ETF",22.44,"WEBS Defined Volatility XLRE ETF",NA,NA,No,Equity,NA,NA
DVSP,"Webs Defined Volatility Spy ETF",27.92,"WEBs Defined Volatility SPY ETF",NA,NA,No,Equity,NA,NA
DVUT,"Webs Defined Volatility Xlu ETF",25.65,"WEBS Defined Volatility XLU ETF",NA,NA,No,Equity,NA,NA
DVXB,"Webs Defined Volatility Xlb ETF",28.13,"WEBS Defined Volatility XLB ETF",NA,NA,No,Equity,NA,NA
DVXC,"Webs Defined Volatility Xlc ETF",28.34,"WEBS Defined Volatility XLC ETF",NA,NA,No,Equity,NA,NA
DVXE,"Webs Defined Volatility Xle ETF",30.99,"WEBS Defined Volatility XLE ETF",NA,NA,No,Equity,NA,NA
DVXF,"Webs Defined Volatility Xlf ETF",24.49,"WEBS Defined Volatility XLF ETF",NA,NA,No,Equity,NA,NA
DVXK,"Webs Defined Volatility Xlk ETF",30.06,"WEBS Defined Volatility XLK ETF",NA,NA,No,Equity,NA,NA
DVXP,"Webs Defined Volatility Xlp ETF",24.65,"WEBS Defined Volatility XLP ETF",NA,NA,No,Equity,NA,NA
DVXV,"Webs Defined Volatility Xlv ETF",30.98,"WEBS Defined Volatility XLV ETF",NA,NA,No,Equity,NA,NA
DVXY,"Webs Defined Volatility Xly ETF",26.14,"WEBS Defined Volatility XLY ETF",NA,NA,No,Equity,NA,NA
DVY,"Select Dividend Ishares ETF",149.85,"iShares Select Dividend ETF",78,13147,No,Equity,"Finance - Investment Funds",Finance
DVYA,"Asia Pacific Dividend Ishares ETF",49.08,"iShares Asia/Pacific Dividend ETF",NA,NA,No,Equity,NA,NA
DVYE,"Emrg Mkts Dividend Ishares ETF",34.58,"iShares Emerging Markets Dividend ETF",66,277,No,Equity,NA,NA
DWAS,"DWA Smallcap Momentum Invesco ETF",101.36,"Invesco DWA SmallCap Momentum ETF",NA,NA,No,Equity,NA,NA
DWAW,"Advisorshares Fsm All Cap World ETF",46.01,"AdvisorShares Dorsey Wright FSM All Cap World ETF",NA,NA,No,Equity,NA,NA
DWLD,"Davis Select World Opportunities ETF",47.03,"Davis Select Worldwide ETF",NA,NA,No,Equity,NA,NA
DWM,"Wisdomtree International Equity Fund",72.04,"WisdomTree International Equity Fund",NA,NA,No,Equity,"Finance - Investment Funds",Finance
DWMF,"Wisdomtree International Multifactor Fund",33.42,"WisdomTree International Multifactor Fund",NA,NA,No,Equity,NA,NA
DWSH,"Advisorshares D.W. Short -1X ETF",6.24,"AdvisorShares Dorsey Wright Short ETF",NA,NA,No,Equity,NA,NA
DWUS,"Advisorshares Dorsey Wright Fsm US Core ETF",56.05,"AdvisorShares Dorsey Wright FSM US Core ETF",NA,NA,No,"Portfolio-Multi Asset",NA,NA
DWX,"S&P Dividend Intl SPDR",45.35,"SPDR S&P International Dividend ETF",NA,NA,No,Equity,NA,NA
DXD,"Ultrashort Dow30 -2X ETF",19.77,"ProShares UltraShort Dow30",61,2916,No,Equity,NA,NA
DXIV,"Dimensional International Vector Equity ETF",69.41,"Dimensional International Vector Equity ETF",NA,NA,No,Equity,NA,NA
DXJ,"Wisdomtree Japan Hedged Equity Fund",149.51,"WisdomTree Japan Hedged Equity Fund",244,3075,No,Equity,NA,NA
DXUV,"Dimensional US Vector Equity ETF",62.14,"Dimensional US Vector Equity ETF",NA,NA,No,Equity,NA,NA
DYFI,"Idx Dynamic Fixed Income ETF",23.12,"IDX Dynamic Fixed Income ETF",NA,NA,No,"Fixed Income",NA,NA
DYLD,"Leadershares Dynamic Yield ETF",22.53,"LeaderShares Dynamic Yield ETF",NA,NA,No,"Fixed Income",NA,NA
DYLG,"GX Dow 30 Covered Call & Growth ETF",26.87,"Global X Dow 30 Covered Call & Growth ETF",NA,NA,No,Equity,NA,NA
DYNB,"Hartford Dynamic Bond ETF",39.79,"Hartford Dynamic Bond ETF",NA,NA,No,"Fixed Income",NA,NA
DYNF,"Blackrock U.S. Equity Factor Rotation ETF",61.8,"BlackRock U.S. Equity Factor Rotation ETF",1,20,No,Equity,NA,NA
DYTA,"Sgi Dynamic Tactical ETF",29.65,"SGI Dynamic Tactical ETF",NA,NA,No,Equity,NA,NA
DZZ,"DB Gold -2X ETN Powershares",3.25,"PowerShares DB Gold Double Short ETN",NA,NA,No,Commodity,NA,NA
EAFG,"Pacer Dvlp Markets Cash Cows Growth Leadeds ETF",25.67,"Pacer Developed Markets Cash Cows Growth Leaders ETF",NA,NA,No,Equity,NA,NA
EAGG,"Ishares ESG U.S. Aggregate Bond ETF",47.91,"iShares ESG U.S. Aggregate Bond ETF",50,30,No,"Fixed Income",NA,NA
EAGL,"Eagle Capital Select Equity ETF",33.02,"Eagle Capital Select Equity ETF",NA,NA,No,Equity,Unclassified,NA
EALT,"Innovator U.S. Equity 5-15 Buffer ETF Qtr",35.91,"Innovator U.S. Equity 5 to 15 Buffer ETF - Quarterly",NA,NA,No,Equity,NA,NA
EAOA,"Ishares ESG Aware Aggressive Allocation ETF",42.64,"iShares ESG Aware Aggressive Allocation ETF",NA,NA,No,"Portfolio-Multi Asset",NA,NA
EAOK,"Ishares ESG Aware Conservative Allocation ETF",27.86,"iShares ESG Aware Conservative Allocation ETF",NA,NA,No,"Portfolio-Multi Asset",NA,NA
EAOM,"Ishares ESG Aware Moderate Allocation ETF",30.51,"iShares ESG Aware Moderate Allocation ETF",NA,NA,No,"Portfolio-Multi Asset",NA,NA
EAOR,"Ishares ESG Aware Growth Allocation ETF",36.16,"iShares ESG Aware Growth Allocation ETF",NA,NA,No,"Portfolio-Multi Asset",NA,NA
EAPR,"Innovator Emerging Markets Power Buffer ETF Apr",29.96,"Innovator MSCI Emerging Markets Power Buffer ETF (Apr)",NA,NA,No,Equity,NA,NA
EASG,"Xt MSCI EAFE ESG Leaders Equity ETF",36.87,"Xtrackers MSCI EAFE ESG Leaders Equity ETF",NA,NA,No,"Portfolio-Multi Asset",NA,NA
EASY,"Liberty One Defensive Dividend Growth ETF",26.25,"Liberty One Defensive Dividend Growth ETF",NA,NA,No,Equity,NA,NA
EATZ,"Advisorshares Restaurant ETF",27.2,"AdvisorShares Restaurant ETF",NA,NA,No,Equity,NA,NA
EBI,"Rbb Longview Advantage ETF",59.25,"Longview Advantage ETF",NA,NA,No,Equity,NA,NA
EBIT,"Harbor Alphaedge Small Cap Earners ETF",35.13,"Harbor AlphaEdge Small Cap Earners ETF",NA,NA,No,Equity,NA,NA
EBIZ,"GX E-Commerce ETF",32.67,"Global X E-commerce ETF",NA,NA,No,Equity,NA,NA
EBND,"BBG Emerging Markets Local Bond SPDR ETF",21.86,"SPDR Bloomberg Emerging Markets Local Bond ETF",1,24,No,"Fixed Income",NA,NA
EBUF,"Innovator Emerging Markets 10 Buffer ETF Quarter",29.23,"Innovator Emerging Markets 10 Buffer ETF",NA,NA,No,Equity,NA,NA
ECH,"Chile Ishares MSCI ETF",47.06,"iShares MSCI Chile ETF",4446,64360,No,Equity,"Finance - Investment Funds",Finance
ECML,"Euclidean Fundamental Value ETF",35.44,"Euclidean Fundamental Value ETF",NA,NA,No,Equity,NA,NA
ECNS,"China Smallcap Ishares MSCI ETF",35.55,"iShares MSCI China Small-Cap ETF",11,353,No,Equity,NA,NA
ECON,"Emrg Mkts Consumer Egshares",30.28,"Columbia Emerging Markets Consumer ETF",NA,NA,No,Equity,NA,NA
ECOW,"Pacer Emerging Markets Cash Cows 100 ETF",26.8,"Pacer Emerging Markets Cash Cows 100 ETF",NA,NA,No,Equity,NA,NA
EDC,"Emerging Markets Bull 3X ETF Direxion",73.55,"Direxion Daily MSCI Emerging Markets Bull 3x Shares",112,2482,No,Equity,NA,NA
EDEN,"Denmark Ishares MSCI ETF",122.75,"iShares MSCI Denmark ETF",NA,NA,No,Equity,NA,NA
EDGE,"Mrbl Enhanced Equity ETF",46.31,"MRBL Enhanced Equity ETF",NA,NA,No,Equity,"Medical - Biomedical",Medical
EDGF,"The Advisors Inner Circle Fund II 3Edge Dynamic",24.68,"3EDGE Dynamic Fixed Income ETF",NA,NA,No,"Fixed Income",NA,NA
EDGH,"The Advisors Inner Circle Fund II 3Edge Dynamic",35.01,"3EDGE Dynamic Hard Assets ETF",NA,NA,No,Equity,NA,NA
EDGI,"3Edge Dynamic International Equity ETF",30.22,"3EDGE Dynamic International Equity ETF",NA,NA,No,Equity,NA,NA
EDGU,"3Edge Dynamic US Equity ETF",29.07,"3EDGE Dynamic U.S. Equity ETF",NA,NA,No,Equity,NA,NA
EDIV,"S&P Emrg Mkts Dividend SPDR",41.85,"SPDR S&P Emerging Markets Dividend ETF",6,38,No,Equity,NA,NA
EDOG,"Alps Emerging Sector Dividend",26.3,"ALPS Emerging Sector Dividend Dogs ETF",NA,NA,No,"Portfolio-Multi Asset",NA,NA
EDOW,"Dow 30 Equal Weight ETF FT",42.09,"First Trust Dow 30 Equal Weight ETF",NA,NA,No,Equity,NA,NA
EDV,"Extended Dur Trs Idx ETF Vanguard",65.49,"Vanguard Extended Duration Treasury ETF",163,17784,No,"Fixed Income",NA,NA
EDZ,"Emerging Markets Bear -3X ETF Direxion",25.99,"Direxion Daily MSCI Emerging Markets Bear 3x Shares",4,1656,No,Equity,NA,NA
EELV,"S&P Emerging Markets Low Vol Invesco ETF",29.37,"Invesco S&P Emerging Markets Low Volatility ETF",NA,NA,No,Equity,NA,NA
EEM,"Emrg Mkts Ishares MSCI ETF",60.75,"iShares MSCI Emerging Markets ETF",452985,5048313,Yes,Equity,"Finance - Investment Funds",Finance
EEMA,"Emrg Mkts Asia Ishares MSCI ETF",102.95,"iShares MSCI Emerging Markets Asia ETF",NA,NA,No,"Portfolio-Multi Asset",NA,NA
EEMO,"S&P Emerging Markets Momentum Invesco ETF",18.89,"Invesco S&P Emerging Markets Momentum ETF",NA,NA,No,"Portfolio-Multi Asset",NA,NA
EEMS,"Emrg Mkts Smallcap Ishares MSCI ETF",72.94,"iShares MSCI Emerging Markets Small-Cap ETF",NA,NA,No,"Portfolio-Multi Asset",NA,NA
EEMV,"Emrg Mkts Min Vol Ishares Edge MSCI ETF",68.08,"iShares Edge MSCI Min Vol Emerging Markets ETF",11,29,No,"Portfolio-Multi Asset",NA,NA
EEMX,"EM Fossil Fuel Reserves MSCI ETF SPDR",47.37,"SPDR MSCI Emerging Markets Fossil Fuel Reserves Free ETF",NA,NA,No,Equity,NA,NA
EES,"Wisdomtree U.S. Smallcap Fund",59,"WisdomTree SmallCap Earnings Fund",NA,NA,No,Equity,NA,NA
EET,"Ultra MSCI Emerging Markets 2X ETF",98.68,"ProShares Ultra MSCI Emerging Markets",1,12,No,Equity,NA,NA
EETH,"Proshares Ether Strategy ETF",37.52,"ProShares Ether Strategy ETF",20,2005,No,Currency,NA,NA
EEV,"Ultrashort MSCI Emerging Markets -2X ETF",15.25,"ProShares UltraShort MSCI Emerging Markets",6,229,No,Equity,NA,NA
EFA,"EAFE Ishares MSCI ETF",101.01,"iShares MSCI EAFE ETF",30723,1378285,Yes,Equity,"Finance - Investment Funds",Finance
EFAA,"Invesco MSCI EAFE Income Advantage ETF",55.53,"Invesco MSCI EAFE Income Advantage ETF",NA,NA,No,Equity,NA,NA
EFAD,"Proshares MSCI EAFE Dividend Growers ETF",42.8,"ProShares MSCI EAFE Dividend Growers ETF",NA,NA,No,"Portfolio-Multi Asset",NA,NA
EFAS,"GX MSCI Superdividend EAFE ETF",20.37,"Global X MSCI SuperDividend EAFE ETF",NA,NA,No,Equity,NA,NA
EFAV,"EAFE Min Vol Ishares Edge MSCI ETF",88.88,"iShares Edge MSCI Min Vol EAFE ETF",2,22,No,Equity,NA,NA
EFAX,"EAFE Fossil Fuel Reserves Free MSCI ETF SPDR",52.85,"SPDR MSCI EAFE Fossil Fuel Reserves Free ETF",NA,NA,No,Equity,NA,NA
EFFE,"Osmosis Emerging Markets Resource Efficient ETF",24.54,"Harbor Osmosis Emerging Markets Resource Efficient ETF",NA,NA,No,Equity,NA,NA
EFFI,"Osmosis International Resource Efficient ETF",25.15,"Harbor Osmosis International Resource Efficient ETF",NA,NA,No,Equity,NA,NA
EFG,"EAFE Growth Ishares MSCI ETF",120.34,"iShares MSCI EAFE Growth ETF",3,16,No,Equity,NA,NA
EFIV,"SPDR S&P 500 ESG ETF",67.7,"SPDR S&P 500 ESG ETF",NA,NA,No,Equity,NA,NA
EFNL,"Finland Ishares MSCI ETF",50.44,"iShares MSCI Finland ETF",NA,NA,No,Equity,NA,NA
EFO,"Ultra MSCI EAFE 2X ETF",70.35,"ProShares Ultra MSCI EAFE",2,12,No,Equity,NA,NA
EFRA,"Ishares Environmental Infra and Industrials ETF",35.21,"iShares Environmental Infrastructure and Industrials ETF",NA,NA,No,Equity,NA,NA
EFU,"Ultrashort MSCI EAFE -2X ETF",8.17,"ProShares UltraShort MSCI EAFE",NA,NA,No,Equity,NA,NA
EFV,"EAFE Value Ishares MSCI ETF",75,"iShares MSCI EAFE Value ETF",8,14064,No,Equity,NA,NA
EFZ,"Short MSCI EAFE -1X ETF",12.1,"ProShares Short MSCI EAFE",NA,NA,No,Equity,NA,NA
EGGQ,"Nestyield Visionary ETF",47.78,"NestYield Visionary ETF",NA,NA,No,Equity,NA,NA
EGGS,"Nestyield Total Return Guard ETF",38.84,"NestYield Total Return Guard ETF",NA,NA,No,Equity,NA,NA
EGGY,"Nestyield Dynamic Income Shield ETF",36.65,"NestYield Dynamic Income ETF",NA,NA,No,Equity,NA,NA
EGLE,"GX S&P 500 U.S. Revenue Leaders ETF",29.37,"Global X S&P 500 U.S. Revenue Leaders ETF",NA,NA,No,Equity,"Transportation - Ship",Transportation
EGUS,"Ishares ESG Aware MSCI USA Growth ETF",53.01,"iShares ESG Aware MSCI USA Growth ETF",NA,NA,No,Equity,NA,NA
EHLS,"Even Herd Long Short ETF",26.1,"Even Herd Long Short ETF",NA,NA,No,"Fixed Income",NA,NA
EIDO,"Indonesia Ishares MSCI ETF",17.26,"iShares MSCI Indonesia ETF",311,1601,No,Equity,NA,NA
EINC,"Vaneck Energy Income ETF",102.9,"VanEck Vectors Energy Income ETF",NA,NA,No,Equity,NA,NA
EIPI,"FT Energy Income Partners Enhanced ETF",20.87,"FT Energy Income Partners Enhanced Income ETF",1,155,No,Equity,NA,NA
EIPX,"FT Energy Income Partners ST",28.48,"FT Energy Income Partners Strategy ETF",NA,NA,No,Equity,NA,NA
EIRL,"Ireland Ishares MSCI ETF",75.34,"iShares MSCI Ireland ETF",NA,NA,No,Equity,NA,NA
EIS,"Israel Ishares MSCI ETF",120.73,"iShares MSCI Israel ETF",NA,NA,No,Equity,NA,NA
EJAN,"Innovator Emerging Markets Power Buffer ETF Jan",35.01,"Innovator Emerging Markets Power Buffer ETF (Jan)",NA,NA,No,Equity,NA,NA
EJUL,"Innovator Emerging Markets Power Buffer ETF Jul",30.36,"Innovator MSCI Emerging Markets Power Buffer ETF (Jul)",NA,NA,No,Equity,NA,NA
EKG,"Nasdaq Lux Digital Health Solutions ETF",19.31,"First Trust Nasdaq Lux Digital Health Solutions ETF",NA,NA,No,Equity,NA,NA
ELCV,"Strategy Shares Eventide High Dividend ETF",28.11,"Eventide High Dividend ETF",NA,NA,No,Equity,NA,NA
ELD,"Wisdomtree Emerging Markets Local Debt Fund",29.94,"WisdomTree Emerging Markets Local Debt Fund",NA,NA,No,"Fixed Income",NA,NA
ELFY,"Alps Electrification Infrastructure ETF",38.76,"ALPS Electrification Infrastructure ETF",NA,NA,No,Equity,NA,NA
ELIL,"Direxion Daily Lly Bull 2X",25.31,"Direxion Daily LLY Bull 2X Shares",57,341,No,Equity,NA,NA
ELIS,"Direxion Daily Lly Bear 1X",18.06,"Direxion Daily LLY Bear 1X Shares",NA,NA,No,Equity,NA,NA
ELM,"Elm Market Navigator ETF",28.24,"Elm Market Navigator ETF",NA,NA,No,"Portfolio-Multi Asset",NA,NA
EMB,"JPM USD Emerging Markets Bond ETF",96.66,"iShares J.P. Morgan USD Emerging Markets Bond ETF",4,92538,Yes,"Fixed Income","Finance - Investment Funds",Finance
EMBD,"GX Emerging Markets Bond ETF",24.08,"Global X Emerging Markets Bond ETF",NA,NA,No,"Fixed Income",NA,NA
EMC,"GX Emerging Markets Great Consumer ETF",33.71,"Global X Emerging Markets Great Consumer ETF",NA,NA,No,Equity,"Computer - Storage Devices","Computers and Technology"
EMCB,"Wisdomtree Emerging Markets Corporate Bond Fund",66.96,"WisdomTree Emerging Markets Corporate Bond Fund",NA,NA,No,"Fixed Income",NA,NA
EMCR,"Xt E.M. Carbon Reduction Climate Improvers ETF",40.72,"Xtrackers Emerging Markets Carbon Reduction and Climate Improvers ETF",NA,NA,No,Equity,NA,NA
EMCS,"Xt MSCI Emerging Markets Climate Selection ETF",39.64,"Xtrackers MSCI Emerging Markets Climate Selection ETF",NA,NA,No,Equity,NA,NA
EMDM,"FT Bloomberg Emerging Democracies ETF",36.74,"First Trust Bloomberg Emerging Market Democracies ETF",NA,NA,No,Equity,NA,NA
EMDV,"MSCI Emerging Markets Dividend Growers ETF",47.07,"ProShares MSCI Emerging Markets Dividend Growers ETF",NA,NA,No,"Portfolio-Multi Asset",NA,NA
EMEQ,"Nomura Focused Emerging Markets Equity ETF",47.77,"Nomura Focused Emerging Markets Equity ETF",NA,NA,No,Equity,NA,NA
EMES,"Harbor Emerging Markets Select ETF",24.58,"Harbor Emerging Markets Select ETF",NA,NA,No,Equity,"Oil - Field Services",Oils-Energy
EMGF,"Emrg Mkts Edge Multifactor Ishares MSCI ETF",63.96,"iShares Edge MSCI Multifactor Emerging Markets ETF",NA,NA,No,Equity,NA,NA
EMHC,"BBG Emerging Markets USD Bond SPDR ETF",25.53,"SPDR Bloomberg Emerging Markets USD Bond ETF",NA,NA,No,"Fixed Income",NA,NA
EMHY,"JPM EM High Yield Bond ETF",40.73,"iShares Emerging Markets High Yield Bond ETF",NA,NA,No,"Fixed Income",NA,NA
EMIF,"Emrg Mkts Infrastructure Ishares ETF",29.18,"iShares Emerging Markets Infrastructure ETF",NA,NA,No,Equity,NA,NA
EMLC,"Vaneck JPM EM Local Currency Bond Et",26.52,"VanEck Vectors J.P. Morgan EM Local Currency Bond ETF",11,287,No,"Fixed Income",NA,NA
EMLP,"North American Energy Infr Fund FT",40,"First Trust North American Energy Infrastructure Fund",NA,NA,No,Equity,NA,NA
EMM,"GX Emerging Markets Ex-China ETF",37.36,"Global X Emerging Markets ex-China ETF",NA,NA,No,Equity,NA,NA
EMMF,"Wisdomtree Emerging Markets Multifactor Fund",34.65,"WisdomTree Emerging Markets Multifactor Fund",NA,NA,No,Equity,NA,NA
EMNT,"Pimco Enhanced Short Maturity Active ESG ETF",98.86,"PIMCO Enhanced Short Maturity Active ESG ETF",NA,NA,No,"Fixed Income",NA,NA
EMOP,"Ab Emerging Markets Opportunities ETF",46.29,"AB Emerging Markets Opportunities ETF",NA,NA,No,Equity,NA,NA
EMOT,"FT S&P 500 Economic Moat ETF",24.86,"First Trust S&P 500 Economic Moat ETF",NA,NA,No,Equity,NA,NA
EMPB,"Efficient Market Portfolio Plus ETF",28.18,"Efficient Market Portfolio Plus ETF",NA,NA,No,Equity,NA,NA
EMQQ,"Emrg Mkts Internet and E-Commerce ETF",40.92,"Emerging Markets Internet and Ecommerce ETF",1,427,No,Equity,NA,NA
EMSF,"Matthews Emerging Markets Sustainab",32.09,"Matthews Emerging Markets Sustainable Future Active ETF",NA,NA,No,Equity,"Internet - Software","Computers and Technology"
EMTL,"SPDR Doubleline EM Fixed Income ETF",43.57,"SPDR DoubleLine Emerging Markets Fixed Income ETF",NA,NA,No,"Portfolio-Multi Asset",NA,NA
EMTY,"Decline of The Retail Store -1X ETF",11.61,"ProShares Decline of the Retail Store ETF",NA,NA,No,Equity,NA,NA
EMXC,"Emrg Mkts Ex China Ishares MSCI ETF",82.04,"iShares MSCI Emerging Markets ex China ETF",32,354,No,Equity,NA,NA
EMXF,"Ishares ESG Advanced MSCI EM ETF",50.68,"iShares ESG Advanced MSCI EM ETF",NA,NA,No,Equity,NA,NA
ENDW,"Cambria Endowment Style ETF",32.63,"Cambria Endowment Style ETF",NA,NA,No,Equity,NA,NA
ENFR,"Alerian Energy Infrastructure ETF",33.65,"Alerian Energy Infrastructure ETF",31,16,No,"Portfolio-Multi Asset",NA,NA
ENHU,"Ishares Enhanced Large Cap Core Active ETF",25.8,"iShares Enhanced Large Cap Core Active ETF",NA,NA,No,Equity,NA,NA
ENOR,"Norway Ishares MSCI ETF",31.62,"iShares MSCI Norway ETF",NA,NA,No,Equity,NA,NA
ENPX,"Tradr 2X Long Enph Daily ETF",23.2,"Tradr 2X Long ENPH Daily ETF",4,110,No,Equity,NA,NA
ENZL,"New Zealand Ishares MSCI ETF",47.11,"iShares MSCI New Zealand ETF",3,7,No,Equity,NA,NA
EOCT,"Innovator Emerging Markets Power Buffer ETF Oct",32.96,"Innovator Emerging Markets Power Buffer ETF (Oct)",NA,NA,No,Equity,NA,NA
EPEM,"Harbor Emerging Markets Equity ETF",26.73,"Harbor Emerging Markets Equity ETF",NA,NA,No,Equity,NA,NA
EPHE,"Philippines Ishares MSCI ETF",26.33,"iShares MSCI Philippines ETF",NA,NA,No,Equity,NA,NA
EPI,"Wisdomtree India Earnings Fund",44.48,"WisdomTree India Earnings Fund",73,1493,No,Equity,NA,NA
EPIN,"Harbor International Equity ETF",24.93,"Harbor International Equity ETF",NA,NA,No,Equity,NA,NA
EPMB,"Harbor Mid Cap Core ETF",24.38,"Harbor Mid Cap Core ETF",NA,NA,No,Equity,NA,NA
EPMV,"Harbor Mid Cap Value ETF",24.18,"Harbor Mid Cap Value ETF",NA,NA,No,Equity,NA,NA
EPOL,"Poland Ishares MSCI ETF",38.25,"iShares MSCI Poland ETF",85,901,No,Equity,NA,NA
EPP,"Pacific Ex Japan Ishares MSCI ETF",54.41,"iShares MSCI Pacific ex Japan ETF",2,31,No,Equity,"Finance - Investment Funds",Finance
EPRF,"Innovator S&P Investment Grade Preferred ETF",17.82,"Elkhorn S&P High Quality Preferred ETF",NA,NA,No,"Portfolio-Multi Asset",NA,NA
EPS,"Wisdomtree U.S. Largecap Fund",72.28,"WisdomTree Earnings 500 Fund",NA,NA,No,Equity,NA,NA
EPSB,"Harbor Smid Cap Core ETF",24.55,"Harbor SMID Cap Core ETF",NA,NA,No,Equity,NA,NA
EPSV,"Harbor Smid Cap Value ETF",25.71,"Harbor SMID Cap Value ETF",NA,NA,No,Equity,NA,NA
EPU,"Peru All Ishares MSCI ETF",92.07,"iShares MSCI All Peru ETF",NA,NA,No,Equity,NA,NA
EPV,"Ultrashort FTSE Europe -2X ETF",19.88,"ProShares UltraShort FTSE Europe",3,76,No,Equity,NA,NA
EQAL,"Russell 1000 EW Invesco ETF",55.01,"Invesco Russell 1000 Equal Weight ETF",NA,NA,No,"Portfolio-Multi Asset",NA,NA
EQIN,"Columbia Sustainable U.S. Equity ETF",48.9,"Columbia Sustainable U.S. Equity Income ETF",NA,NA,No,Equity,NA,NA
EQL,"Alps Equal Sector Weight ETF",47.96,"ALPS Equal Sector Weight ETF",NA,NA,No,Equity,NA,NA
EQLT,"Ishares MSCI Emerging Markets Quality Factor ETF",33.45,"iShares MSCI Emerging Markets Quality Factor ETF",NA,NA,No,"Portfolio-Multi Asset",NA,NA
EQRR,"Equities For Rising Rates ETF",66.87,"ProShares Equities for Rising Rates ETF",NA,NA,No,Equity,NA,NA
EQTY,"Kovitz Core Equity ETF",28.14,"Kovitz Core Equity ETF",NA,NA,No,Equity,NA,NA
EQWL,"Russell Top 200 EW Invesco ETF",119.9,"Invesco Russell Top 200 Equal Weight ETF",58,54,No,"Portfolio-Multi Asset",NA,NA
ERET,"Ishares Environmentally Aware Real Estate ETF",27.37,"iShares Environmentally Aware Real Estate ETF",NA,NA,No,Equity,NA,NA
ERNZ,"Trueshares Active Yield ETF",21.46,"TrueShares Active Yield ETF",NA,NA,No,Equity,NA,NA
ERTH,"Invesco MSCI Sustainable Future ETF",48.9,"Invesco MSCI Sustainable Future ETF",NA,NA,No,Equity,NA,NA
ERX,"Energy Bull 2X ETF Direxion",69.36,"Direxion Daily Energy Bull 3X Shares",115,5129,No,Equity,NA,NA
ERY,"Direxion Daily Energy Bear 2X",15.78,"Direxion Daily Energy Bear 2x Shares",10,2152,No,Equity,NA,NA
ESG,"Flexshares US ESG Impact Index",161.21,"FlexShares STOXX US ESG Impact Index Fund",NA,NA,No,Equity,NA,NA
ESGD,"EAFE ESG Optimized Ishares MSCI ETF",100.17,"iShares MSCI EAFE ESG Optimized ETF",NA,NA,No,Equity,NA,NA
ESGE,"Emrg Mkts ESG Optimized Ishares MSCI ETF",48.8,"iShares MSCI EM ESG Optimized ETF",NA,NA,No,Equity,NA,NA
ESGG,"Flexshares Global ESG Impact Index",211.22,"FlexShares STOXX Global ESG Impact Index Fund",NA,NA,No,Equity,NA,NA
ESGU,"USA ESG Optimized Ishares MSCI ETF",151.79,"iShares MSCI USA ESG Optimized ETF",2,0,No,Equity,NA,NA
ESGV,"ESG U.S. Stock Vanguard ETF",122.73,"Vanguard ESG U.S. Stock ETF",2,51,No,Equity,NA,NA
ESIX,"SPDR S&P Smallcap 600 ESG ETF",32.78,"SPDR S&P SmallCap 600 ESG ETF",NA,NA,No,Equity,NA,NA
ESK,"Rex-Osprey Eth + Staking ETF",18.3,"REX-Osprey ETH plus Staking ETF",NA,NA,No,Currency,NA,NA
ESLG,"Eventide Large Cap Growth ETF",25.53,"Eventide Large Cap Growth ETF",NA,NA,No,Equity,NA,NA
ESLV,"Eventide Large Cap Value ETF",26.5,"Eventide Large Cap Value ETF",NA,NA,No,Equity,NA,NA
ESML,"USA Smallcap ESG Optimized Ishares MSCI ETF",48.96,"iShares MSCI USA Small-Cap ESG Optimized ETF",NA,NA,No,Equity,NA,NA
ESMV,"Ishares ESG MSCI USA Min Vol Factor ETF",29.23,"iShares ESG MSCI USA Min Vol Factor ETF",NA,NA,No,Equity,NA,NA
ESN,"Essential 40 Stock ETF",17.93,"Essential 40 Stock ETF",NA,NA,No,Equity,NA,NA
ESPO,"Vaneck Video Gaming and Esports ETF",106.27,"VanEck Vectors Video Gaming and eSports ETF",1,97,No,Equity,NA,NA
ESSC,"Eventide Small Cap ETF",27.1,"Eventide Small Cap ETF",NA,NA,No,Equity,"Technology Services","Business Services"
ESUM,"Eventide US Market ETF",27.83,"Eventide US Market ETF",NA,NA,No,Equity,NA,NA
ETCO,"Grayscale Ethereum Covered Call ETF",18.2,"Grayscale Ethereum Covered Call ETF",NA,NA,No,Currency,NA,NA
ETEC,"Ishares Breakthrough Environmental Solutions ETF",26.74,"iShares Breakthrough Environmental Solutions ETF",NA,NA,No,Equity,"Computer - Services","Computers and Technology"
ETH,"Grayscale Ethereum Staking Mini ETF",28.45,"Grayscale Ethereum Staking Mini ETF",764,57881,Yes,Currency,NA,NA
ETHA,"Ishares Ethereum Trust ETF",22.74,"iShares Ethereum Trust ETF",63891,1602862,Yes,Currency,NA,NA
ETHD,"Proshares Ultrashort Ether ETF",45.63,"ProShares UltraShort Ether ETF",231,9790,No,Currency,NA,NA
ETHE,"Grayscale Ethereum Staking ETF",24.59,"Grayscale Ethereum Staking ETF",1426,66590,Yes,Currency,NA,NA
ETHI,"Defiance Leveraged Long Income Ethereum ETF",5.3,"Defiance Leveraged Long plus Income Ethereum ETF",NA,NA,No,Equity,NA,NA
ETHO,"Amplify Etho Climate Leadership U.S. ETF",68.74,"Amplify Etho Climate Leadership U.S. ETF",NA,NA,No,Equity,NA,NA
ETHT,"Proshares Ultra Ether ETF",37.02,"ProShares Ultra Ether ETF",96,5971,No,Currency,NA,NA
ETHU,"Volatility Shares 2X Ether ETF",54.31,"Volatility Shares 2x Ether ETF",2589,65493,Yes,Currency,NA,NA
ETHV,"Vaneck Ethereum ETF",44.04,"VanEck Ethereum ETF",NA,NA,No,Currency,NA,NA
ETHW,"Bitwise Ethereum ETF",21.55,"Bitwise Ethereum ETF",76,4845,No,Currency,NA,NA
ETQ,"T-Rex 2X Inverse Ether Daily Target ETF",39.33,"T-REX 2X Inverse Ether Daily Target ETF",1,217,No,Equity,NA,NA
ETRL,"Graniteshares 2X Long Etor Daily ETF",9.6,"GraniteShares 2x Long ETOR Daily ETF",NA,NA,No,Equity,NA,NA
ETU,"T-Rex 2X Long Ether Daily Target ETF",14.41,"T-REX 2X Long Ether Daily Target ETF",2,654,No,Equity,NA,NA
EUAD,"Stoxx Europe Aerospace & Defense ETF",46.65,"Select STOXX Europe Aerospace & Defense ETF",374,5623,No,Equity,NA,NA
EUDG,"Wisdomtree Europe Quality Dividend Growth Fund",39.1,"WisdomTree Europe Quality Dividend Growth Fund",NA,NA,No,Equity,NA,NA
EUDV,"MSCI Europe Dividend Growers ETF",53.91,"ProShares MSCI Europe Dividend Growers ETF",NA,NA,No,"Portfolio-Multi Asset",NA,NA
EUFN,"Europe Financials Ishares MSCI ETF",38.18,"iShares MSCI Europe Financials ETF",64,4539,No,Equity,NA,NA
EUHY,"Ishares Euro High Yield Corp Bond USD Hgd ETF",53.76,"iShares Euro High Yield Corporate Bond USD Hedged ETF",NA,NA,No,"Fixed Income",NA,NA
EUM,"Short MSCI Emerging Markets -1X ETF",18.11,"ProShares Short MSCI Emerging Markets",NA,NA,No,Equity,NA,NA
EUO,"Ultrashort Euro -2X ETF",27.53,"ProShares UltraShort Euro",115,3382,No,Currency,NA,NA
EURL,"Direxion Daily FTSE Europe Bull 3X",47.47,"Direxion Daily FTSE Europe Bull 3X Shares",4,380,No,"Portfolio-Multi Asset",NA,NA
EUSA,"USA Equal Weighted Ishares MSCI ETF",106.37,"iShares MSCI USA Equal Weighted ETF",1,19,No,Equity,NA,NA
EUSB,"Ishares ESG Advanced Total USD Bond Market ETF",43.97,"iShares ESG Advanced Total USD Bond Market ETF",NA,NA,No,"Fixed Income",NA,NA
EVHY,"Eaton Vance High Yield ETF",53.46,"Eaton Vance High Yield ETF",NA,NA,No,"Fixed Income",NA,NA
EVIM,"Eaton Vance Intermediate Municipal Income ETF",53.53,"Eaton Vance Intermediate Municipal Income ETF",NA,NA,No,"Fixed Income",NA,NA
EVLN,"Eaton Vance Floating-Rate ETF",49.55,"Eaton Vance Floating-Rate ETF",NA,NA,No,"Fixed Income",NA,NA
EVLU,"Ishares MSCI Emerging Markets Value Factor ETF",35.61,"iShares MSCI Emerging Markets Value Factor ETF",NA,NA,No,Equity,NA,NA
EVMO,"Eaton Vance Mortgage Opportunities ETF",50.91,"Eaton Vance Mortgage Opportunities ETF",NA,NA,No,Equity,NA,NA
EVMT,"Invesco Electric Vehicle Metals Commodity Strate",18.21,"Invesco Electric Vehicle Metals Commodity Strategy No K-1 ETF",NA,NA,No,Commodity,NA,NA
EVNT,"Altshares Event-Driven ETF",11.64,"AltShares Event-Driven ETF",NA,NA,No,"Portfolio-Multi Asset",NA,NA
EVSB,"Eaton Vance Ultra-Short Income ETF",51.1,"Eaton Vance Ultra-Short Income ETF",NA,NA,No,"Fixed Income",NA,NA
EVSD,"Eaton Vance Short Duration Income ETF",51.59,"Eaton Vance Short Duration Income ETF",NA,NA,No,"Fixed Income",NA,NA
EVSM,"Eaton Vance Short Duration Municipal Income ETF",50.63,"Eaton Vance Short Duration Municipal Income ETF",NA,NA,No,"Fixed Income",NA,NA
EVTR,"Eaton Vance Total Return Bond ETF",51.7,"Eaton Vance Total Return Bond ETF",NA,NA,No,"Fixed Income",NA,NA
EVUS,"Ishares ESG Aware MSCI USA Value ETF",33.23,"iShares ESG Aware MSCI USA Value ETF",NA,NA,No,Equity,NA,NA
EVX,"Vaneck Environmental Services ETF",40.69,"VanEck Vectors Environmental Services ETF",NA,NA,No,Equity,NA,NA
EVYM,"Eaton Vance High Income Municipal ETF",50.23,"Eaton Vance High Income Municipal ETF",NA,NA,No,"Fixed Income",NA,NA
EWA,"Australia Ishares MSCI ETF",28.17,"iShares MSCI Australia ETF",2,4292,No,Equity,"Finance - Investment Funds",Finance
EWC,"Canada Ishares MSCI ETF",56.35,"iShares MSCI Canada ETF",179,337148,No,Equity,NA,NA
EWD,"Sweden Ishares MSCI ETF",52.93,"iShares MSCI Sweden ETF",2,205,No,Equity,"Finance - Investment Funds",Finance
EWG,"Germany Ishares MSCI ETF",44.01,"iShares MSCI Germany ETF",767,38182,No,Equity,"Finance - Investment Funds",Finance
EWH,"Hong Kong Ishares MSCI ETF",23.55,"iShares MSCI Hong Kong ETF",128,2944,No,Equity,"Finance - Investment Funds",Finance
EWI,"Italy Ishares MSCI ETF",55.83,"iShares MSCI Italy ETF",158,3046,No,Equity,"Finance - Investment Funds",Finance
EWJ,"Japan Ishares MSCI ETF",85.21,"iShares MSCI Japan ETF",1644,89266,Yes,Equity,"Finance - Investment Funds",Finance
EWJV,"Ishares MSCI Japan Value ETF",41.72,"iShares MSCI Japan Value ETF",NA,NA,No,Equity,NA,NA
EWK,"Belgium Ishares MSCI ETF",26.13,"iShares MSCI Belgium ETF",1,2,No,Equity,NA,NA
EWL,"Switzerland Ishares MSCI ETF",61.05,"iShares MSCI Switzerland ETF",3,61,No,Equity,"Finance - Investment Funds",Finance
EWM,"Malaysia Ishares MSCI ETF",29.84,"iShares MSCI Malaysia ETF",271,2463,No,Equity,"Finance - Investment Funds",Finance
EWN,"Netherlands Ishares MSCI ETF",63.05,"iShares MSCI Netherlands ETF",8,21,No,Equity,NA,NA
EWO,"Austria Ishares MSCI ETF",38.29,"iShares MSCI Austria ETF",NA,NA,No,Equity,NA,NA
EWP,"Spain Ishares MSCI ETF",55.88,"iShares MSCI Spain ETF",28,5453,No,Equity,"Finance - Investment Funds",Finance
EWQ,"France Ishares MSCI ETF",45.53,"iShares MSCI France ETF",598,7174,No,Equity,"Finance - Investment Funds",Finance
EWS,"Singapore Ishares MSCI ETF",28.88,"iShares MSCI Singapore ETF",20,792,No,Equity,"Finance - Investment Funds",Finance
EWT,"Taiwan Ishares MSCI ETF",71.19,"iShares MSCI Taiwan ETF",265,16382,No,Equity,NA,NA
EWU,"UK Ishares MSCI ETF",46.24,"iShares MSCI United Kingdom ETF",247,10950,No,Equity,"Finance - Investment Funds",Finance
EWUS,"UK Smallcap Ishares MSCI ETF",44.96,"iShares MSCI United Kingdom Small-Cap ETF",NA,NA,No,Equity,NA,NA
EWV,"Ultrashort MSCI Japan -2X ETF",22.73,"ProShares UltraShort MSCI Japan",1,461,No,Equity,NA,NA
EWW,"Mexico Ishares MSCI ETF",78.73,"iShares MSCI Mexico ETF",1891,25539,No,Equity,NA,NA
EWX,"S&P Emrg Mkts Smallcap SPDR",69.04,"SPDR S&P Emerging Markets Small Cap ETF",1,3,No,Equity,NA,NA
EWY,"South Korea Ishares MSCI ETF",125.56,"iShares MSCI South Korea ETF",24870,134871,No,Equity,"Finance - Investment Funds",Finance
EWZ,"Brazil Ishares MSCI ETF",38.33,"iShares MSCI Brazil ETF",525243,4698197,Yes,Equity,"Finance - Investment Funds",Finance
EWZS,"Brazil Smallcap Ishares MSCI ETF",15.51,"iShares MSCI Brazil Small-Cap ETF",74,2015,No,Equity,NA,NA
EXI,"Global Industrials Ishares ETF",186.39,"iShares Global Industrials ETF",1,0,No,Equity,NA,NA
EXUS,"Nomura Focused International Core ETF",27.53,"Nomura Focused International Core ETF",NA,NA,No,Equity,NA,NA
EYEG,"Ab Corporate Bond ETF",35.85,"AB Corporate Bond ETF",NA,NA,No,"Fixed Income","Medical - Drugs",Medical
EYLD,"Cambria Emerging Shareholder Yield ETF",42.57,"Cambria Emerging Shareholder Yield ETF",NA,NA,No,Equity,NA,NA
EZA,"South Africa Ishares MSCI ETF",80.14,"iShares MSCI South Africa ETF",106,3727,No,Equity,"Finance - Investment Funds",Finance
EZBC,"Franklin Bitcoin ETF",51.46,"Franklin Bitcoin ETF",1,97,No,Currency,NA,NA
EZET,"Franklin Ethereum ETF",22.83,"Franklin Ethereum ETF",4,426,No,Currency,NA,NA
EZJ,"Ultra MSCI Japan 2X ETF",57.44,"ProShares Ultra MSCI Japan",11,59,No,Equity,NA,NA
EZM,"Wisdomtree U.S. Midcap Fund",69.26,"WisdomTree MidCap Earnings Fund",NA,NA,No,Equity,NA,NA
EZMO,"Alphadroid Broad Markets Momentum ETF",29.05,"AlphaDroid Broad Markets Momentum ETF",NA,NA,No,Equity,NA,NA
EZPZ,"Franklin Crypto Index ETF",23.15,"Franklin Crypto Index ETF",NA,NA,No,Currency,NA,NA
EZRO,"Alphadroid Defensive Sector Rotation ETF",26.66,"AlphaDroid Defensive Sector Rotation ETF",NA,NA,No,Equity,NA,NA
EZU,"Eurozone Ishares MSCI ETF",67.17,"iShares MSCI Eurozone ETF",79,1110,No,Equity,"Finance - Investment Funds",Finance
FAAR,"Alternative Absolute Return Strategy ETF FT",29.67,"First Trust Alternative Absolute Return Strategy ETF",NA,NA,No,Commodity,NA,NA
FAB,"Multicap Value Alphadex Fund FT",93.15,"First Trust Multi Cap Value AlphaDEX Fund",NA,NA,No,Equity,NA,NA
FAD,"Multicap Growth Alphadex Fund FT",169.68,"First Trust Multi Cap Growth AlphaDEX Fund",NA,NA,No,Equity,NA,NA
FAI,"FT Bloomberg Artificial Intelligence ETF",43.06,"First Trust Bloomberg Artificial Intelligence ETF",NA,NA,No,Equity,NA,NA
FALN,"US Fallen Angels Ishares ETF",27.57,"iShares U.S. Fallen Angels ETF",NA,NA,No,Equity,NA,NA
FAN,"Global Wind Energy ETF FT",22.85,"First Trust Global Wind Energy ETF",1,254,No,Equity,NA,NA
FAPR,"FT Vest U.S. Buffer ETF - Apr",44.63,"FT Vest U.S. Equity Buffer ETF (Apr)",NA,NA,No,Equity,NA,NA
FARX,"Frontier Asset Absolute Return ETF",28.36,"Frontier Asset Absolute Return ETF",NA,NA,No,Equity,NA,NA
FAS,"Financial Bull 3X ETF Direxion",150.35,"Direxion Daily Financial Bull 3X Shares",1727,41376,Yes,Equity,"Finance - Investment Funds",Finance
FAUG,"FT Vest U.S. Buffer ETF - Aug",53.61,"FT Vest U.S. Equity Buffer ETF (Aug)",NA,NA,No,Equity,NA,NA
FAZ,"Financial Bear -3X ETF Direxion",42.39,"Direxion Daily Financial Bear 3X Shares",1247,36242,No,Equity,"Finance - Investment Funds",Finance
FB,"Proshares S&P 500 Dynamic Buffer ETF",42.38,"ProShares S&P 500 Dynamic Buffer ETF",NA,NA,No,"Fixed Income","Internet - Software","Computers and Technology"
FBCG,"Fidelity Blue Chip Growth ETF",55.46,"Fidelity Blue Chip Growth ETF",NA,NA,No,Equity,NA,NA
FBCV,"Fidelity Blue Chip Value ETF",36.84,"Fidelity Blue Chip Value ETF",NA,NA,No,Equity,NA,NA
FBDC,"FT Confluence Bdc & Specialty Finance Income ETF",19.21,"FT Confluence BDC & Specialty Finance Income ETF",NA,NA,No,Equity,NA,NA
FBL,"Graniteshares 2X Long Meta Daily ETF",32.93,"GraniteShares 2x Long META Daily ETF",1269,12475,No,Equity,NA,NA
FBND,"Fidelity Total Bond ETF",46.14,"Fidelity Total Bond ETF",2,29,No,"Fixed Income",NA,NA
FBOT,"Fidelity Disruptive Automation ETF",35.76,"Fidelity Disruptive Automation ETF",NA,NA,No,Equity,NA,NA
FBT,"Biotechnology Index NYSE ETF",216.97,"First Trust NYSE Arca Biotechnology Index Fund",2,207,No,Equity,NA,NA
FBTC,"Fidelity Wise Origin Bitcoin Fund",77.55,"Fidelity Wise Origin Bitcoin Fund",1644,87066,Yes,Currency,NA,NA
FBUF,"Fidelity Dynamic Buffered ETF",31.3,"Fidelity Dynamic Buffered Equity ETF",NA,NA,No,Equity,NA,NA
FBY,"Yieldmax Meta Option Income Strategy ETF",12.48,"YieldMax META Option Income Strategy ETF",25,1435,No,Equity,NA,NA
FBYY,"Graniteshares Yieldboost Meta ETF",18.48,"GraniteShares YieldBOOST META ETF",NA,NA,No,Equity,NA,NA
FCA,"China Alphadex Fund FT",32.83,"First Trust China AlphaDEX Fund",NA,NA,No,Equity,NA,NA
FCAL,"California Municipal High Income ETF FT",49.45,"First Trust California Municipal High Income ETF",NA,NA,No,"Fixed Income",NA,NA
FCBD,"Frontier Asset Core Bond ETF",25.52,"Frontier Asset Core Bond ETF",NA,NA,No,"Fixed Income",NA,NA
FCEF,"CEF Income Opportunity ETF FT",23.39,"First Trust CEF Income Opportunity ETF",NA,NA,No,"Portfolio-Multi Asset",NA,NA
FCFY,"FT S&P 500 Diversified Free Cash ETF",27.32,"First Trust S&P 500 Diversified Free Cash Flow ETF",NA,NA,No,Equity,NA,NA
FCG,"Natural Gas ETF FT",25.13,"First Trust Natural Gas ETF",74,4962,No,Equity,NA,NA
FCLD,"Fidelity Cloud Computing ETF",31.17,"Fidelity Cloud Computing ETF",20,25,No,Equity,NA,NA
FCOM,"Fidelity Telecommunication MSCI ETF",73.74,"Fidelity MSCI Telecommunication Services ETF",5,61,No,Equity,NA,NA
FCOR,"Fidelity Corporate Bond ETF",47.98,"Fidelity Corporate Bond ETF",NA,NA,No,"Fixed Income",NA,NA
FCPI,"Fidelity Stocks For Inflation ETF",51.39,"Fidelity Stocks for Inflation ETF",NA,NA,No,Equity,NA,NA
FCSH,"Federated Hermes Short-Duration Corp ETF",24.48,"Federated Hermes Short Duration Corporate ETF",NA,NA,No,"Fixed Income",NA,NA
FCTE,"Smi 3Fourteen Full-Cycle Trend ETF",27.35,"SMI 3Fourteen Full-Cycle Trend ETF",NA,NA,No,Equity,NA,NA
FCTR,"Lunt U.S. Factor Rotation ETF FT",37.95,"First Trust Lunt U.S. Factor Rotation ETF",NA,NA,No,Equity,NA,NA
FCUS,"Tidal Pinnacle Focused Opportunities ETF",38.24,"Pinnacle Focused Opportunities ETF",NA,NA,No,Equity,NA,NA
FCVT,"Ssi Strategic Convertible Securities ETF FT",47.03,"First Trust SSI Strategic Convertible Securities ETF",NA,NA,No,"Portfolio-Multi Asset",NA,NA
FDAT,"Tactical Advantage ETF",22.68,"Tactical Advantage ETF",NA,NA,No,Alternative,NA,NA
FDCF,"Fidelity Disruptive Communications ETF",48.69,"Fidelity Disruptive Communications ETF",NA,NA,No,Equity,NA,NA
FDD,"Stoxx Euro Select Dividend ETF FT",18.48,"First Trust STOXX European Select Dividend Index Fund",NA,NA,No,Equity,NA,NA
FDEC,"FT Vest U.S. Buffer ETF - Dec",51.74,"FT Vest U.S. Equity Buffer ETF (Dec)",NA,NA,No,Equity,NA,NA
FDEM,"Fidelity Targeted Emerging Markets Factor ETF",34.05,"Fidelity Targeted Emerging Markets Factor ETF",NA,NA,No,Equity,NA,NA
FDEV,"Fidelity Targeted International Factor ETF",36.32,"Fidelity Targeted International Factor ETF",NA,NA,No,Equity,NA,NA
FDFF,"Fidelity Disruptive Finance ETF",35.74,"Fidelity Disruptive Finance ETF",NA,NA,No,Equity,NA,NA
FDG,"American Century Focused Dynamic Growth ETF",128.87,"American Century Focused Dynamic Growth ETF",NA,NA,No,Equity,NA,NA
FDHY,"Fidelity High Yield Factor ETF",49.62,"Fidelity High Yield Factor ETF",NA,NA,No,"Fixed Income",NA,NA
FDIF,"Fidelity Disruptors ETF",36.68,"Fidelity Disruptors ETF",NA,NA,No,Equity,NA,NA
FDIG,"Fidelity Crypto Industry Digital Payments ETF",43.42,"Fidelity Crypto Industry and Digital Payments ETF",4,260,No,Equity,NA,NA
FDIS,"Fidelity Consumer Disc MSCI ETF",104.26,"Fidelity MSCI Consumer Discretionary ETF",2,84,No,Equity,NA,NA
FDIV,"Marketdesk Focused U.S. Dividend ETF",27.87,"MarketDesk Focused U.S. Dividend ETF",NA,NA,No,Equity,"Finance - Investment Funds",NA
FDL,"Mstar Dividend Leaders ETF",46.57,"First Trust Morningstar Dividend Leaders Index Fund",NA,NA,No,Equity,NA,NA
FDLO,"Fidelity Low Volatility Factor ETF",68.04,"Fidelity Low Volatility Factor ETF",NA,NA,No,Equity,NA,NA
FDLS,"Inspire Fidelis Multi Factor ETF",38.06,"Inspire Fidelis Multi Factor ETF",NA,NA,No,Equity,NA,NA
FDM,"DJ Select Microcap ETF FT",82.27,"First Trust Dow Jones Select MicroCap Index Fund",NA,NA,No,Equity,NA,NA
FDMO,"Fidelity Momentum Factor ETF",87.9,"Fidelity Momentum Factor ETF",NA,NA,No,Equity,NA,NA
FDN,"DJ Internet Index ETF FT",266.5,"First Trust Dow Jones Internet Index Fund",16,881,No,Equity,"Finance - Investment Funds",Finance
FDND,"FT Vest Dow Jones Internet & Target Income ETF",22.11,"FT Vest Dow Jones Internet & Target Income ETF",NA,NA,No,Equity,NA,NA
FDNI,"FT DJ International Internet ETF",34.47,"First Trust Dow Jones International Internet ETF",NA,NA,No,Equity,NA,NA
FDRR,"Fidelity Dividend ETF For Rising Rates",62.09,"Fidelity Dividend ETF for Rising Rates",NA,NA,No,Equity,NA,NA
FDRS,"Founder-Led ETF",23.63,"Founder-Led ETF",NA,NA,No,Equity,NA,NA
FDRV,"Fidelity Electric Vehicles Transportation ETF",17.17,"Fidelity Electric Vehicles and Future Transportation ETF",NA,NA,No,Equity,NA,NA
FDRX,"Founder-Led 2X Daily ETF",23.83,"Founder-Led 2X Daily ETF",NA,NA,No,Equity,NA,NA
FDT,"Dev Mkts Ex-US Alphadex Fund FT",89.18,"First Trust Developed Markets Ex-US AlphaDEX Fund",NA,NA,No,Equity,NA,NA
FDTS,"Dev Mkts Ex-US Small Cap Alphadex Fund FT",65.57,"First Trust Developed Markets Ex-US Small Cap AlphaDEX Fund",NA,NA,No,Equity,NA,NA
FDTX,"Fidelity Disruptive Technology ETF",42.2,"Fidelity Disruptive Technology ETF",5,10,No,Equity,NA,NA
FDV,"Federated Hermes U.S. Strategic Dividend ETF",29.99,"Federated Hermes U.S. Strategic Dividend ETF",NA,NA,No,Equity,NA,NA
FDVV,"Fidelity High Dividend ETF",58.07,"Fidelity Core Dividend ETF",6,428,No,Equity,NA,NA
FEAC,"Fidelity Enhanced U.S. All-Cap Equity ETF",29.62,"Fidelity Enhanced U.S. All-Cap Equity ETF",NA,NA,No,Equity,Unclassified,NA
FEAT,"Yieldmax Dorsey Wright Featured 5 Income ETF",23.11,"YieldMax Dorsey Wright Featured 5 Income ETF",NA,NA,No,Equity,NA,NA
FEBM,"FT Vest U.S. Max Buffer ETF - Feb",30.52,"FT Vest U.S. Equity Max Buffer ETF (Feb)",NA,NA,No,Equity,NA,NA
FEBP,"PGIM S&P 500 Buffer 12 ETF - February",32.31,"PGIM US Large-Cap Buffer 12 ETF (Feb)",NA,NA,No,Equity,NA,NA
FEBT,"Aim U.S. Large Cap Buffer10 Feb ETF",38.81,"AllianzIM U.S. Large Cap Buffer10 Feb ETF",NA,NA,No,Equity,NA,NA
FEBU,"Allianzim U.S. Equity Buffer15 Uncapped Feb ETF",28.18,"AllianzIM U.S. Equity Buffer15 Uncapped Feb ETF",NA,NA,No,Equity,NA,NA
FEBW,"Aim U.S. Large Cap Buffer20 Feb ETF",34.21,"AllianzIM U.S. Large Cap Buffer20 Feb ETF",NA,NA,No,Equity,NA,NA
FEBZ,"Trueshares Structured Outcome [Feb] ETF",38.22,"TrueShares Structured Outcome (Feb) ETF",NA,NA,No,Equity,NA,NA
FEDM,"Flexshares ESG & Climate Developed Markets Ex-US",61.8,"FlexShares ESG & Climate Developed Markets ex-US Core Index Fund",NA,NA,No,"Fixed Income",NA,NA
FEGE,"First Eagle Global Equity ETF",49.41,"First Eagle Global Equity ETF",NA,NA,No,Equity,NA,NA
FEIG,"Flexshares ESG & Climate Investment Grade Corpor",41.45,"FlexShares ESG & Climate Investment Grade Corporate Core Index Fund",NA,NA,No,Equity,NA,NA
FELC,"Fidelity Enhanced Large Cap Core ETF",38.73,"Fidelity Enhanced Large Cap Core ETF",1,24,No,Equity,NA,NA
FELG,"Fidelity Enhanced Large Cap Growth ETF",41.46,"Fidelity Enhanced Large Cap Growth ETF",2,28,No,Equity,NA,NA
FELV,"Fidelity Enhanced Large Cap Value ETF",35.87,"Fidelity Enhanced Large Cap Value ETF",NA,NA,No,Equity,NA,NA
FEM,"Emrg Mkts Alphadex Fund FT",30.58,"First Trust Emerging Markets AlphaDEX Fund",1,8,No,Equity,NA,NA
FEMB,"Emrg Mkts Local Currency Bond ETF FT",30.67,"First Trust Emerging Markets Local Currency Bond ETF",NA,NA,No,"Fixed Income",NA,NA
FEMR,"Fidelity Enhanced Emerging Markets ETF",36.85,"Fidelity Enhanced Emerging Markets ETF",NA,NA,No,Equity,NA,NA
FEMS,"Emrg Mkts Small Cap Alphadex Fund FT",46.18,"First Trust Emerging Markets Small Cap AlphaDEX Fund",NA,NA,No,Equity,NA,NA
FENI,"Fidelity Enhanced International ETF",38.77,"Fidelity Enhanced International ETF",1,21,No,Equity,NA,NA
FENY,"Fidelity Energy MSCI ETF",27.72,"Fidelity MSCI Energy Index ETF",23,987,No,Equity,NA,NA
FEOE,"First Eagle Overseas Equity ETF",52.33,"First Eagle Overseas Equity ETF",NA,NA,No,Equity,NA,NA
FEP,"Europe Alphadex Fund FT",57.84,"First Trust Europe AlphaDEX Fund",NA,NA,No,Equity,NA,NA
FEPI,"Rex Fang & Innovation Equity Premium Income ETF",44.59,"REX FANG & Innovation Equity Premium Income ETF",45,666,No,Equity,NA,NA
FESM,"Fidelity Enhanced Small Cap ETF",40.09,"Fidelity Enhanced Small Cap ETF",20,1,No,Equity,NA,NA
FEUS,"Flexshares ESG & Climate US Large Cap Core Index",75,"FlexShares ESG & Climate US Large Cap Core Index Fund",NA,NA,No,Equity,NA,NA
FEUZ,"Eurozone Alphadex Fund FT",65.38,"First Trust Eurozone AlphaDEX Fund",NA,NA,No,"Portfolio-Multi Asset",NA,NA
FEX,"Largecap Core Alphadex Fund FT",123.58,"First Trust Large Cap Core AlphaDEX Fund",NA,NA,No,Equity,NA,NA
FEZ,"Euro Stoxx 50 ETF SPDR",67.4,"SPDR EURO STOXX 50 ETF",1331,39629,Yes,Equity,NA,NA
FFDI,"Fidelity Fundamental Developed International ETF",31.68,"Fidelity Fundamental Developed International ETF",1,0,No,Equity,NA,NA
FFEB,"FT Vest U.S. Buffer ETF - Feb",57.33,"FT Vest U.S. Equity Buffer ETF (Feb)",NA,NA,No,Equity,NA,NA
FFEM,"Fidelity Fundamental Emerging Markets ETF",37.72,"Fidelity Fundamental Emerging Markets ETF",NA,NA,No,Equity,NA,NA
FFGX,"Fidelity Fundamental Global Ex-U.S. ETF",32.7,"Fidelity Fundamental Global Ex-U.S. ETF",NA,NA,No,Equity,NA,NA
FFIU,"Fieldstone Uva Med-Term Fixed Income ETF",22.16,"UVA Unconstrained Medium-Term Fixed Income ETF",NA,NA,No,"Fixed Income",NA,NA
FFLC,"Fidelity New Millennium ETF",54.97,"Fidelity Fundamental Large Cap Core ETF",NA,NA,No,Equity,NA,NA
FFLG,"Fidelity Growth Opportunities ETF",30.49,"Fidelity Fundamental Large Cap Core ETF",NA,NA,No,Equity,NA,NA
FFLS,"Northern Lights II Long/Short ETF",23.5,"Future Fund Long/Short ETF",NA,NA,No,Alternative,NA,NA
FFLV,"Fidelity Fundamental Large Cap Value ETF",25.26,"Fidelity Fundamental Large Cap Value ETF",NA,NA,No,Equity,NA,NA
FFND,"The Future Fund Active ETF",31.12,"The Future Fund Active ETF",NA,NA,No,Equity,NA,NA
FFOG,"Franklin Focused Growth ETF",46.83,"Franklin Focused Growth ETF",NA,NA,No,Equity,NA,NA
FFOX,"Fundx Future Fund Opportunities ETF",28.43,"FundX Future Fund Opportunities ETF",NA,NA,No,Equity,NA,NA
FFSM,"Fidelity Small-Mid Cap Opportunities ETF",32.6,"Fidelity Fundamental Small-Mid Cap ETF",NA,NA,No,Equity,NA,NA
FFTY,"Innovator Ibd 50 ETF",39.57,"Innovator IBD 50 Fund",20,1400,No,Equity,NA,NA
FFUT,"Fidelity Managed Futures ETF",55.65,"Fidelity Managed Futures ETF",NA,NA,No,Equity,NA,NA
FGD,"DJ Global Select Dividend ETF FT",31.97,"First Trust Dow Jones Global Select Dividend Index Fund",NA,NA,No,Equity,NA,NA
FGDL,"Franklin Responsibly Sourced Gold ETF",71.78,"Franklin Responsibly Sourced Gold ETF",NA,NA,No,Commodity,NA,NA
FGM,"Germany Alphadex Fund FT",68.12,"First Trust Germany AlphaDEX Fund",NA,NA,No,Equity,NA,NA
FGSI,"FT Vest Growth Strength & Target Income ETF",20.52,"FT Vest Growth Strength & Target Income ETF",NA,NA,No,Equity,NA,NA
FGSM,"Frontier Asset Global Small Cap Equity ETF",32.21,"Frontier Asset Global Small Cap Equity ETF",NA,NA,No,Equity,NA,NA
FHDG,"FT Vest U.S. Quarterly Dynamic Buffer ETF",34.3,"FT Vest U.S. Equity Quarterly Dynamic Buffer ETF",NA,NA,No,Equity,NA,NA
FHEQ,"Fidelity Hedged Equity ETF",31.22,"Fidelity Hedged Equity ETF",NA,NA,No,Equity,NA,NA
FHLC,"Fidelity Health Care MSCI ETF",74.04,"Fidelity MSCI Health Care Index ETF",8,135,No,Equity,NA,NA
FHYS,"Federated Hermes Short-Duration High ETF",23.38,"Federated Hermes Short Duration High Yield ETF",NA,NA,No,"Fixed Income",NA,NA
FIAT,"Yieldmax Short Coin Option Income Strategy ETF",28.18,"YieldMax Short COIN Option Income Strategy ETF",1,1531,No,Equity,NA,NA
FIAX,"Tidal Nicholas Fixed Income Alternative ETF",17.94,"Nicholas Fixed Income Alternative ETF",NA,NA,No,Alternative,NA,NA
FICS,"FT Intl Developed Capital Strength ETF",40.52,"First Trust International Developed Capital Strength ETF",NA,NA,No,Equity,NA,NA
FID,"FT S&P Intl Dividend Aristocrats ETF",21.53,"First Trust S&P International Dividend Aristocrats ETF",NA,NA,No,"Portfolio-Multi Asset",NA,NA
FIDI,"Fidelity International High Dividend ETF",27.16,"Fidelity International High Dividend ETF",NA,NA,No,Equity,NA,NA
FIDU,"Fidelity Industrials MSCI ETF",88.53,"Fidelity MSCI Industrials Index ETF",2,77,No,Equity,NA,NA
FIGB,"Fidelity Investment Grade Bond ETF",43.41,"Fidelity Investment Grade Bond ETF",NA,NA,No,"Fixed Income",NA,NA
FIGG,"Leverage Shares 2X Long Fig Daily ETF",2.85,"Leverage Shares 2x Long FIG Daily ETF",4,500,No,Equity,NA,NA
FIIG,"FT Intermediate Duration Invt Grade Corp ETF",21.1,"First Trust Intermediate Duration Investment Grade Corporate ETF",NA,NA,No,"Fixed Income",NA,NA
FINT,"Frontier Asset Total International Equity ETF",33.8,"Frontier Asset Total International Equity ETF",NA,NA,No,Equity,NA,NA
FINX,"GX Fintech ETF",28.27,"Global X FinTech ETF",3,116,No,Equity,NA,NA
FISR,"SPDR SSGA Fixed Income Sector Rotation ETF",25.98,"SPDR SSGA Fixed Income Sector Rotation ETF",NA,NA,No,"Fixed Income",NA,NA
FITE,"SPDR Kensho Future Security ETF",96.15,"SPDR S&P Kensho Future Security ETF",7,60,No,Equity,NA,NA
FIVA,"Fidelity International Value Factor ETF",36.68,"Fidelity International Value Factor ETF",2,10,No,Equity,NA,NA
FIVY,"Yieldmax Dorsey Wright Hybrid 5 Income ETF",28.93,"YieldMax Dorsey Wright Hybrid 5 Income ETF",NA,NA,No,Equity,NA,NA
FIW,"Water ETF FT",112.76,"First Trust Water ETF",1,241,No,Equity,NA,NA
FIXD,"Tcw Opportunistic Fixed Income ETF FT",44.23,"First Trust TCW Opportunistic Fixed Income ETF",NA,NA,No,"Fixed Income",NA,NA
FIXP,"Foliobeyond Enhanced Fixed Income Premium ETF",20.08,"FolioBeyond Enhanced Fixed Income Premium ETF",NA,NA,No,Equity,NA,NA
FIXT,"Tcw Core Plus Bond ETF",38.44,"Procure Disaster Recovery Strategy ETF",NA,NA,No,Equity,NA,NA
FJAN,"FT Vest U.S. Buffer ETF - Jan",52.44,"FT Vest U.S. Equity Buffer ETF (Jan)",NA,NA,No,Equity,NA,NA
FJP,"Japan Alphadex Fund FT",71.17,"First Trust Japan AlphaDEX Fund",NA,NA,No,Equity,NA,NA
FJUL,"FT Vest U.S. Buffer ETF - Jul",56.49,"FT Vest U.S. Equity Buffer ETF (Jul)",NA,NA,No,Equity,NA,NA
FJUN,"FT Vest U.S. Buffer ETF - Jun",57.61,"FT Vest U.S. Equity Buffer ETF (Jun)",NA,NA,No,Equity,NA,NA
FKU,"UK Alphadex Fund FT",54.88,"First Trust United Kingdom AlphaDEX Fund",NA,NA,No,Equity,NA,NA
FLAG,"GX S&P 500 U.S. Market Leaders Top 50 ETF",27.76,"Global X S&P 500 U.S. Market Leaders Top 50 ETF",NA,NA,No,Equity,"Medical - Biomedical",Medical
FLAO,"Allianzim U.S. Equity 6 Month Floor5 Apr/Oct ETF",28.74,"AllianzIM U.S. Equity 6 Month Floor5 Apr/Oct ETF",NA,NA,No,Equity,NA,NA
FLAU,"Australia Franklin FTSE ETF",33.86,"Franklin FTSE Australia ETF",NA,NA,No,Equity,NA,NA
FLAX,"Franklin Asia Ex Japan ETF",32.45,"Franklin FTSE Asia ex Japan ETF",NA,NA,No,Equity,NA,NA
FLBL,"Franklin Liberty Senior Loan ETF",23.48,"Franklin Liberty Senior Loan ETF",NA,NA,No,"Fixed Income",NA,NA
FLBR,"Brazil Franklin FTSE ETF",23.23,"Franklin FTSE Brazil ETF",2,220,No,Equity,NA,NA
FLCA,"Canada Franklin FTSE ETF",50.4,"Franklin FTSE Canada ETF",NA,NA,No,Equity,NA,NA
FLCB,"Franklin Liberty U.S. Core Bond ETF",21.68,"Franklin Liberty U.S. Core Bond ETF",NA,NA,No,"Fixed Income",NA,NA
FLCC,"Federated Hermes Mdt Large Cap Core ETF",32.75,"Federated Hermes MDT Large Cap Core ETF",NA,NA,No,Equity,NA,NA
FLCE,"Frontier Asset U.S. Large Cap Equity ETF",29.16,"Frontier Asset U.S. Large Cap Equity ETF",NA,NA,No,Equity,NA,NA
FLCG,"Federated Hermes Mdt Large Cap Growth ETF",32.78,"Federated Hermes MDT Large Cap Growth ETF",NA,NA,No,Equity,NA,NA
FLCH,"China Franklin FTSE ETF",25.22,"Franklin FTSE China ETF",NA,NA,No,Equity,NA,NA
FLCO,"Liberty Investment Grade Corp ETF",21.71,"Franklin Liberty Investment Grade Corporate ETF",NA,NA,No,"Fixed Income",NA,NA
FLCV,"Federated Hermes Mdt Large Cap Value ETF",32.13,"Federated Hermes MDT Large Cap Value ETF",NA,NA,No,Equity,NA,NA
FLDB,"Fidelity Low Duration Bond ETF",50.52,"Fidelity Low Duration Bond ETF",NA,NA,No,"Fixed Income",NA,NA
FLDR,"Fidelity Low Duration Bond Factor ETF",50.33,"Fidelity Low Duration Bond Factor ETF",NA,NA,No,"Fixed Income",NA,NA
FLDZ,"Rivernorth Volition America Patriot ETF",29.5,"RiverNorth Volition America Patriot ETF",NA,NA,No,Equity,NA,NA
FLEE,"Europe Franklin FTSE ETF",38.39,"Franklin FTSE Europe ETF",NA,NA,No,Equity,NA,NA
FLEU,"Europe Hedged Franklin FTSE ETF",34.81,"Franklin FTSE Eurozone ETF",NA,NA,No,Equity,NA,NA
FLGB,"UK Franklin FTSE ETF",35.44,"Franklin FTSE United Kingdom ETF",NA,NA,No,Equity,NA,NA
FLGR,"Germany Franklin FTSE ETF",34.81,"Franklin FTSE Germany ETF",NA,NA,No,Equity,NA,NA
FLGV,"Franklin Liberty U.S. Treasury Bond ETF",20.53,"Franklin Liberty U.S. Treasury Bond ETF",NA,NA,No,"Fixed Income",NA,NA
FLHY,"Franklin Liberty High Yield Corp ETF",24.59,"Franklin Liberty High Yield Corporate ETF",NA,NA,No,"Fixed Income",NA,NA
FLIA,"Franklin Liberty Intl Aggregate Bond ETF",20.31,"Franklin Liberty International Aggregate Bond ETF",NA,NA,No,"Fixed Income",NA,NA
FLIN,"Franklin India ETF",36.78,"Franklin FTSE India ETF",16,183,No,Equity,NA,NA
FLJH,"Japan Hedged Franklin FTSE ETF",38.79,"Franklin FTSE Japan Hedged ETF",2,3,No,Equity,NA,NA
FLJJ,"Aim U.S. Equity 6 Month Floor5 Jan/Jul ETF",32.3,"AllianzIM U.S. Equity 6 Month Floor5 Jan/Jul ETF",NA,NA,No,Equity,NA,NA
FLJP,"Japan Franklin FTSE ETF",36.33,"Franklin FTSE Japan ETF",1,258,No,Equity,NA,NA
FLKR,"South Korea Franklin FTSE ETF",40.95,"Franklin FTSE South Korea ETF",NA,NA,No,Equity,NA,NA
FLLA,"Franklin FTSE Latin America ETF",28.69,"Franklin FTSE Latin America ETF",NA,NA,No,Equity,NA,NA
FLMB,"Franklin Liberty Municipal Bond ETF",23.88,"Franklin Liberty Municipal Bond ETF",NA,NA,No,"Fixed Income",NA,NA
FLMI,"Franklin Liberty Intermediate Municipal ETF",25.08,"Franklin Liberty Intermediate Municipal Opportunities ETF",NA,NA,No,"Fixed Income",NA,NA
FLMX,"Mexico Franklin FTSE ETF",38.67,"Franklin FTSE Mexico ETF",2,27,No,Equity,NA,NA
FLN,"Latin America Alphadex Fund FT",26.94,"First Trust Latin America AlphaDEX Fund",NA,NA,No,Equity,NA,NA
FLOT,"Floating Rate Bond Ishares ETF",51.02,"iShares Floating Rate Bond ETF",NA,NA,No,Equity,NA,NA
FLOW,"GX U.S. Cash Flow Kings 100 ETF",36.35,"Global X U.S. Cash Flow Kings 100 ETF",NA,NA,No,Equity,"Machinery - Electrical","Industrial Products"
FLQL,"Franklin Liberty U.S. Equity ETF",71.66,"Franklin LibertyQ U.S. Equity ETF",2,0,No,Equity,NA,NA
FLQM,"Franklin Liberty U.S. Mid Cap Equity ETF",57.1,"Franklin LibertyQ U.S. Mid Cap Equity ETF",NA,NA,No,Equity,NA,NA
FLQS,"Franklin Liberty U.S. Small Cap Equity ETF",44.43,"Franklin LibertyQ U.S. Small Cap Equity ETF",NA,NA,No,Equity,NA,NA
FLRG,"Fidelity U.S. Multifactor ETF",38.94,"Fidelity U.S. Multifactor ETF",NA,NA,No,Equity,NA,NA
FLRN,"BBG Investment Grade Floating Rate SPDR ETF",30.84,"SPDR Bloomberg Investment Grade Floating Rate ETF",1,2,No,"Fixed Income",NA,NA
FLRT,"Advisorshares Pacific Asset Enh",47.17,"AdvisorShares Pacific Asset Enhanced Floating Rate ETF",NA,NA,No,"Portfolio-Multi Asset",NA,NA
FLSA,"Franklin FTSE Saudi Arabia ETF",34.74,"Franklin FTSE Saudi Arabia ETF",NA,NA,No,Equity,NA,NA
FLSP,"Franklin Liberty Systematic Style Premia ETF",27.1,"Franklin Liberty Systematic Style Premia ETF",NA,NA,No,"Portfolio-Multi Asset",NA,NA
FLSW,"Franklin Switzerland ETF",42.32,"Franklin FTSE Switzerland ETF",NA,NA,No,Equity,NA,NA
FLTB,"Fidelity Ltd Term Bond ETF",50.8,"Fidelity Limited Term Bond ETF",NA,NA,No,"Fixed Income",NA,NA
FLTR,"Vaneck Investment Grade Floating Rate ETF",25.57,"VanEck Vectors Investment Grade Floating Rate ETF",100,856,No,"Fixed Income",NA,NA
FLTW,"Taiwan Franklin FTSE ETF",69.09,"Franklin FTSE Taiwan ETF",NA,NA,No,Equity,NA,NA
FLUD,"Franklin Liberty Ultra-Short Bond ETF",25.08,"Franklin Liberty Ultra Short Bond ETF",NA,NA,No,"Fixed Income",NA,NA
FLV,"American Century Focused Large Cap Value ETF",78.11,"American Century Focused Large Cap Value ETF",NA,NA,No,Equity,NA,NA
FLXN,"Horizon Flexible Income ETF",25.61,"Horizon Flexible Income ETF",NA,NA,No,Equity,"Medical - Drugs",Medical
FLXR,"Tcw Flexible Income ETF",39.74,"TCW Flexible Income ETF",NA,NA,No,Equity,NA,NA
FLYD,"Microsectors Travel -3X ETN",6.91,"MicroSectors Travel -3X Inverse Leveraged ETN",NA,NA,No,Equity,NA,NA
FLYT,"Tradr 2X Long Fly Daily ETF",19.61,"Tradr 2X Long FLY Daily ETF",14,163,No,Equity,NA,NA
FLYU,"Microsectors Travel 3X ETN",48.11,"MicroSectors Travel 3X Leveraged ETN",NA,NA,No,Equity,NA,NA
FMAG,"Fidelity Magellan ETF",34.82,"Fidelity Magellan ETF",NA,NA,No,Equity,NA,NA
FMAR,"FT Vest U.S. Buffer ETF - Mar",47.8,"FT Vest U.S. Equity Buffer ETF (Mar)",NA,NA,No,Equity,NA,NA
FMAT,"Fidelity Materials MSCI ETF",59.09,"Fidelity MSCI Materials Index ETF",37,54,No,Equity,NA,NA
FMAY,"FT Vest U.S. Buffer ETF - May",53.87,"FT Vest U.S. Equity Buffer ETF (May)",NA,NA,No,Equity,NA,NA
FMB,"Managed Municipal ETF FT",51.33,"First Trust Managed Municipal ETF",NA,NA,No,"Fixed Income",NA,NA
FMCE,"Fm Compounders Equity ETF",27,"FM Compounders Equity ETF",NA,NA,No,Equity,NA,NA
FMCX,"FMC Excelsior Focus Equity ETF",35.25,"FM Focus Equity ETF",NA,NA,No,Equity,NA,NA
FMDE,"Fidelity Enhanced Mid Cap ETF",37.4,"Fidelity Enhanced Mid Cap ETF",1,7,No,Equity,NA,NA
FMED,"Fidelity Disruptive Medicine ETF",27.16,"Fidelity Disruptive Medicine ETF",NA,NA,No,Equity,NA,NA
FMET,"Fidelity Metaverse ETF",36.75,"Fidelity Metaverse ETF",NA,NA,No,Equity,NA,NA
FMF,"Mstar Managed Futures Strategy Fund FT",48.68,"First Trust Morningstar Managed Futures Strategy Fund",NA,NA,No,"Portfolio-Multi Asset",NA,NA
FMHI,"FT Municipal High Income ETF",47.99,"First Trust Municipal High Income ETF",NA,NA,No,"Fixed Income",NA,NA
FMKT,"The Free Markets ETF",22.44,"The Free Markets ETF",NA,NA,No,Equity,NA,NA
FMNY,"New York Municipal High Income ETF FT",26.77,"First Trust New York Municipal High Income ETF",NA,NA,No,"Fixed Income",NA,NA
FMQQ,"Fmqq The Next Frontier Internet & Ecommerce ETF",13.62,"Next Frontier Internet and Ecommerce ETF",NA,NA,No,Equity,NA,NA
FMTM,"Marketdesk Focused U.S. Momentum ETF",36.2,"MarketDesk Focused U.S. Momentum ETF",NA,NA,No,Equity,NA,NA
FMUB,"Fidelity Municipal Bond Opportunities ETF",51.17,"Fidelity Municipal Bond Opportunities ETF",NA,NA,No,Equity,NA,NA
FMUN,"Fidelity Systematic Municipal Bond Index ETF",50.58,"Fidelity Systematic Municipal Bond Index ETF",NA,NA,No,Equity,NA,NA
FNCL,"Fidelity Financials MSCI ETF",75.69,"Fidelity MSCI Financials Index ETF",1,128,No,Equity,NA,NA
FNDA,"Schwab Fundamental U.S. Small Co. ETF",33.4,"Schwab Fundamental U.S. Small Company Index ETF",NA,NA,No,"Portfolio-Multi Asset",NA,NA
FNDB,"Schwab Fundamental U.S. Broad Market ETF",27.66,"Schwab Fundamental U.S. Broad Market Index ETF",NA,NA,No,"Portfolio-Multi Asset",NA,NA
FNDC,"Schwab Fundamental Intl Small Co. ETF",48.06,"Schwab Fundamental International Small Company Index ETF",1,67,No,"Portfolio-Multi Asset",NA,NA
FNDE,"Schwab Fundamental Emrg Mkts Large Co. ETF",39.88,"Schwab Fundamental Emerging Markets Large Company Index ETF",6,28,No,"Portfolio-Multi Asset",NA,NA
FNDF,"Schwab Fundamental Intl Large Co. ETF",48.71,"Schwab Fundamental International Large Company Index ETF",11,405,No,"Portfolio-Multi Asset",NA,NA
FNDX,"Schwab Fundamental U.S. Large Co. ETF",28.28,"Schwab Fundamental U.S. Large Company Index ETF",1,27,No,"Portfolio-Multi Asset",NA,NA
FNGD,"Microsectors Fang+ -3X ETN",5.44,"MicroSectors FANG plus Index -3X Inverse Leveraged ETNs",NA,NA,No,Equity,NA,NA
FNGG,"Direxion Daily NYSE Fang+ Bull 2X",201,"Direxion Daily Select Large Caps & FANGs Bull 2X Shares",3,233,No,Equity,NA,NA
FNGO,"Microsectors Fang+ 2X ETN",112.82,"MicroSectors FANG plus Index 2X Leveraged ETN",NA,NA,No,Equity,NA,NA
FNGS,"Microsectors Fang+ ETN",67.25,"MicroSectors FANG plus Index ETN",22,1702,No,Equity,NA,NA
FNGU,"Microsectors Fang+ 3X Leveraged Etns",23.81,"MicroSectors FANG plus 3x Leveraged ETNs",NA,NA,No,Equity,NA,NA
FNK,"Midcap Value Alphadex Fund FT",58.25,"First Trust Mid Cap Value AlphaDEX Fund",NA,NA,No,Equity,NA,NA
FNOV,"FT Vest U.S. Buffer ETF - Nov",55.44,"FT Vest U.S. Equity Buffer ETF (Nov)",NA,NA,No,Equity,NA,NA
FNX,"Midcap Core Alphadex Fund FT",133.57,"First Trust Mid Cap Core AlphaDEX Fund",NA,NA,No,Equity,NA,NA
FNY,"Midcap Growth Alphadex Fund FT",97.12,"First Trust Mid Cap Growth AlphaDEX Fund",NA,NA,No,Equity,NA,NA
FOCT,"FT Vest U.S. Buffer ETF - Oct",49.61,"FT Vest U.S. Equity Buffer ETF (Oct)",NA,NA,No,Equity,NA,NA
FOPC,"Frontier Asset Opportunistic Credit ETF",25.61,"Frontier Asset Opportunistic Credit ETF",NA,NA,No,"Fixed Income",NA,NA
FORH,"Formidable ETF",25.33,"Formidable ETF",NA,NA,No,Equity,NA,NA
FOWF,"Pacer Solactive Whitney Future of Warfare ETF",33.74,"Pacer Solactive Whitney Future of Warfare ETF",NA,NA,No,Equity,NA,NA
FOXY,"Simplify Currency Strategy ETF",28.26,"Simplify Currency Strategy ETF",NA,NA,No,Alternative,NA,NA
FPA,"Asia Pacific Ex-Japan Alphadex Fund FT",44.3,"First Trust Asia Pacific Ex-Japan AlphaDEX Fund",NA,NA,No,Equity,NA,NA
FPAG,"Fpa Global Equity ETF",38.94,"FPA Global Equity ETF",NA,NA,No,Equity,NA,NA
FPAS,"Fpa Short Duration Government ETF",25.1,"FPA Short Duration Government ETF",NA,NA,No,"Fixed Income",NA,NA
FPE,"Preferred Securities and Income ETF FT",18.31,"First Trust Preferred Securities and Income ETF",NA,NA,No,"Portfolio-Multi Asset",NA,NA
FPEI,"FT Institutional Prfd Securities Income ETF",19.46,"First Trust Institutional Preferred Securities and Income ETF",NA,NA,No,"Portfolio-Multi Asset",NA,NA
FPFD,"Fidelity Preferred Securities & Income ETF",22.06,"Fidelity Preferred Securities & Income ETF",NA,NA,No,"Fixed Income",NA,NA
FPRO,"Fidelity Real Estate Investment ETF",22.66,"Fidelity Real Estate Investment ETF",NA,NA,No,Equity,NA,NA
FPWR,"Eip Carbon Impact ETF FT",34.69,"First Trust EIP Power Solutions ETF",NA,NA,No,Equity,NA,NA
FPX,"FT US Equity Opportunities ETF",167.33,"First Trust US Equity Opportunities ETF",24,100,No,Equity,NA,NA
FPXE,"FT Ipox Europe Equity Opportunities ETF",32.98,"First Trust IPOX Europe Equity Opportunities ETF",NA,NA,No,Equity,NA,NA
FPXI,"FT Intl Equity Opportunities ETF",67.48,"First Trust International IPO ETF",NA,NA,No,"Portfolio-Multi Asset",NA,NA
FQAL,"Fidelity Quality Factor ETF",77.22,"Fidelity Quality Factor ETF",NA,NA,No,Equity,NA,NA
FRDD,"Direxion Daily F Bear 1X ETF",19.12,"Direxion Daily F Bear 1X ETF",NA,NA,No,Equity,NA,NA
FRDM,"Freedom 100 Emerging Markets ETF",59.78,"Freedom 100 Emerging Markets ETF",76,334,No,Equity,NA,NA
FRDU,"Direxion Daily F Bull 2X ETF",35.58,"Direxion Daily F Bull 2X ETF",NA,NA,No,Equity,NA,NA
FREL,"Fidelity Real Estate MSCI ETF",27.18,"Fidelity MSCI Real Estate Index ETF",NA,NA,No,Equity,NA,NA
FRI,"S&P REIT Index",27.58,"First Trust S&P REIT Index Fund",NA,NA,No,Equity,NA,NA
FRIZ,"Franklin Dividend Growth ETF",25.97,"Franklin Dividend Growth ETF",NA,NA,No,Equity,NA,NA
FRNW,"Fidelity Clean Energy ETF",23.33,"Fidelity Clean Energy ETF",NA,NA,No,Equity,NA,NA
FRTY,"Alger Mid Cap 40 ETF",21.82,"Alger Mid Cap 40 ETF",NA,NA,No,Equity,NA,NA
FRWD,"Nomura Transformational Technologies ETF",26.53,"Nomura Transformational Technologies ETF",NA,NA,No,Equity,NA,NA
FSCC,"Federated Hermes Mdt Small Cap Core ETF",31.7,"Federated Hermes MDT Small Cap Core ETF",NA,NA,No,Equity,NA,NA
FSCS,"Midcap US Equity Select ETF FT",36.63,"First Trust Mid Cap US Equity Select ETF",NA,NA,No,Equity,NA,NA
FSEC,"Fidelity Investment Grade Securitized ETF",44.33,"Fidelity Investment Grade Securitized ETF",NA,NA,No,"Fixed Income",NA,NA
FSEP,"FT Vest U.S. Buffer ETF - Sep",52.17,"FT Vest U.S. Equity Buffer ETF (Sep)",NA,NA,No,Equity,NA,NA
FSGS,"FT Smid Growth Strength ETF",31.44,"First Trust SMID Growth Strength ETF",NA,NA,No,Equity,NA,NA
FSIG,"FT Duration Investment Grade Corporate ETF",19.15,"First Trust Limited Duration Investment Grade Corporate ETF",NA,NA,No,"Fixed Income",NA,NA
FSMB,"Short-Duration Managed Municipal ETF FT",20.1,"First Trust Short Duration Managed Municipal ETF",NA,NA,No,"Fixed Income",NA,NA
FSMD,"Fidelity Small-Mid Factor ETF",45.83,"Fidelity Small-Mid Factor ETF",50,56,No,Equity,NA,NA
FSTA,"Fidelity Consumer Staples MSCI ETF",52.16,"Fidelity MSCI Consumer Staples Index ETF",1,74,No,Equity,NA,NA
FSYD,"Fidelity Sustainable High Yield ETF",48.99,"Fidelity Sustainable High Yield ETF",NA,NA,No,"Fixed Income",NA,NA
FSZ,"Switzerland Alphadex Fund FT",82.96,"First Trust Switzerland AlphaDEX Fund",NA,NA,No,Equity,NA,NA
FTA,"Largecap Value Alphadex Fund FT",89.38,"First Trust Large Cap Value AlphaDEX Fund",NA,NA,No,Equity,NA,NA
FTAG,"Indxx Global Agriculture ETF FT",28.4,"First Trust Indxx Global Agriculture ETF",NA,NA,No,Equity,NA,NA
FTBD,"Fidelity Tactical Bond ETF",49.74,"Fidelity Tactical Bond ETF",NA,NA,No,"Fixed Income",NA,NA
FTBI,"FT Balanced Income ETF",21.74,"First Trust Balanced Income ETF",NA,NA,No,"Portfolio-Multi Asset",NA,NA
FTC,"Largecap Growth Alphadex Fund FT",165.53,"First Trust Large Cap Growth AlphaDEX Fund",NA,NA,No,Equity,NA,NA
FTCB,"FT Core Investment Grade ETF",21.17,"First Trust Core Investment Grade ETF",NA,NA,No,Equity,NA,NA
FTCE,"FT New Constructs Core Earnings Leaders ETF",25.65,"First Trust New Constructs Core Earnings Leaders ETF",NA,NA,No,Equity,NA,NA
FTCS,"Capital Strength ETF FT",95.93,"First Trust Capital Strength ETF",1,1,No,"Portfolio-Multi Asset",NA,NA
FTDS,"Dividend Strength ETF FT",59.46,"First Trust Dividend Strength ETF",NA,NA,No,Equity,NA,NA
FTEC,"Fidelity Info Tech MSCI ETF",231.23,"Fidelity MSCI Information Technology Index ETF",20,1808,No,Equity,NA,NA
FTGC,"Global Tactical Commodity Strategy Fund FT",25.84,"First Trust Global Tactical Commodity Strategy Fund",50,56,No,"Portfolio-Multi Asset",NA,NA
FTGS,"FT Growth Strength ETF",36.37,"First Trust Growth Strength ETF",NA,NA,No,Equity,NA,NA
FTHF,"FT Emerging Markets Human Flourishing ETF",39.37,"First Trust Emerging Markets Human Flourishing ETF",NA,NA,No,Equity,NA,NA
FTHI,"High Income ETF FT",23.93,"First Trust High Income ETF",NA,NA,No,Equity,NA,NA
FTIF,"FT Bloomberg Inflation ETF",24.72,"First Trust Bloomberg Inflation Sensitive Equity ETF",NA,NA,No,Equity,NA,NA
FTKI,"FT Small Cap Buywrite Income ETF",19.32,"First Trust Small Cap BuyWrite Income ETF",NA,NA,No,Equity,NA,NA
FTLS,"Long/Short Equity ETF FT",71.85,"First Trust Long/Short Equity ETF",NA,NA,No,Equity,NA,NA
FTQI,"Low Beta Income ETF FT",21.04,"First Trust Nasdaq BuyWrite Income ETF",4,13,No,Equity,NA,NA
FTRB,"Federated Hermes Total Return Bond ETF",25.41,"Federated Hermes Total Return Bond ETF",NA,NA,No,"Fixed Income",NA,NA
FTRI,"Indxx Global Natural Resources Income ETF FT",18.1,"First Trust Indxx Global Natural Resources Income ETF",10,43,No,Equity,NA,NA
FTSD,"Franklin Short-Dur US Government ETF",91.07,"Franklin Liberty Short Duration U.S. Government ETF",NA,NA,No,"Fixed Income",NA,NA
FTSL,"Senior Loan ETF FT",45.68,"First Trust Senior Loan Fund",NA,NA,No,"Fixed Income",NA,NA
FTSM,"Enhanced Short Maturity ETF FT",60.1,"First Trust Enhanced Short Maturity ETF",NA,NA,No,"Fixed Income",NA,NA
FTWO,"Strive Faang 2.0 ETF",46.13,"Strive FAANG 2.0 ETF",NA,NA,No,Equity,NA,NA
FTXG,"Nasdaq Food & Beverage ETF",22.04,"First Trust Nasdaq Food & Beverage ETF",5,54,No,Equity,NA,NA
FTXH,"Nasdaq Pharmaceuticals ETF",33.71,"First Trust Nasdaq Pharmaceuticals ETF",NA,NA,No,Equity,NA,NA
FTXL,"Nasdaq Semiconductor ETF",158.72,"First Trust Nasdaq Semiconductor ETF",5,141,No,Equity,NA,NA
FTXN,"Nasdaq Oil & Gas ETF",30.79,"First Trust Nasdaq Oil & Gas ETF",NA,NA,No,Equity,NA,NA
FTXO,"Nasdaq Bank ETF",37.94,"First Trust Nasdaq Bank ETF",1,43,No,Equity,NA,NA
FTXR,"Nasdaq Transportation ETF",39.91,"First Trust Nasdaq Transportation ETF",2,10,No,Equity,NA,NA
FUMB,"Ultrashort Duration Municipal ETF FT",20.11,"First Trust Ultra Short Duration Municipal ETF",NA,NA,No,"Fixed Income",NA,NA
FUNL,"Cornercap Fundametrics Largecap ETF",48.41,"CornerCap Fundametrics Large Cap ETF",NA,NA,No,Equity,NA,NA
FUSI,"American Century Multisector Floating Income ETF",50.53,"American Century Multisector Floating Income ETF",NA,NA,No,Equity,NA,NA
FUTG,"Leverage Shares 2X Long Futu Daily ETF",14.6,"Leverage Shares 2x Long FUTU Daily ETF",13,18,No,Equity,NA,NA
FUTY,"Fidelity Utilities MSCI ETF",56.21,"Fidelity MSCI Utilities Index ETF",5,101,No,Equity,NA,NA
FV,"Dorsey Wright Focus 5 ETF FT",67.79,"First Trust Dorsey Wright Focus 5 ETF",4,33,No,"Portfolio-Multi Asset",NA,NA
FVAL,"Fidelity Value Factor ETF",74.02,"Fidelity Value Factor ETF",NA,NA,No,Equity,NA,NA
FVC,"Dorsey Wright Dynamic Focus 5 ETF FT",38.97,"First Trust Dorsey Wright Dynamic Focus 5 ETF",NA,NA,No,"Portfolio-Multi Asset",NA,NA
FVD,"Value Line Dividend Index ETF FT",47.42,"First Trust Value Line Dividend Index Fund",NA,NA,No,Equity,NA,NA
FWD,"Ab Disruptors ETF",116.7,"AB Disruptors ETF",NA,NA,No,Equity,NA,NA
FXA,"Australian Dollar Trust Currencyshares",69.64,"Invesco CurrencyShares Australian Dollar Trust",7,1078,No,Currency,NA,NA
FXB,"British Pound Sterling Trust Currencyshares",132.78,"Invesco CurrencyShares British Pound Sterling Trust",230,5404,No,Currency,NA,NA
FXC,"Canadian Dollar Trust Currencyshares",72.05,"Invesco CurrencyShares Canadian Dollar Trust",282,6333,No,Currency,NA,NA
FXD,"Consumer Disc Alphadex ETF FT",68.9,"First Trust Consumer Discretionary AlphaDEX Fund",NA,NA,No,Equity,NA,NA
FXE,"Euro Trust Currencyshares",110.3,"Invesco CurrencyShares Euro Trust",2068,15549,No,Currency,NA,NA
FXED,"Sound Enhanced Fixed Income ETF",18.14,"Sound Enhanced Fixed Income ETF",NA,NA,No,"Fixed Income",NA,NA
FXF,"Swiss Franc Trust Currencyshares",114.97,"Invesco CurrencyShares Swiss Franc Trust",214,4111,No,Currency,NA,NA
FXG,"Consumer Staples Alphadex ETF FT",64.56,"First Trust Consumer Staples AlphaDEX Fund",NA,NA,No,Equity,NA,NA
FXH,"Healthcare Alphadex FT ETF",114.92,"First Trust Health Care AlphaDEX Fund",1,45,No,Equity,NA,NA
FXI,"China Largecap Ishares ETF",40.5,"iShares China Large-Cap ETF",83596,4332027,Yes,Equity,"Finance - Investment Funds",Finance
FXL,"Technology Alphadex ETF FT",176.34,"First Trust Technology AlphaDEX Fund",10,116,No,Equity,NA,NA
FXN,"Energy Alphadex ETF FT",18.05,"First Trust Energy AlphaDEX Fund",NA,NA,No,Equity,NA,NA
FXO,"Financial Alphadex ETF FT",60.61,"First Trust Financial AlphaDEX Fund",NA,NA,No,Equity,NA,NA
FXP,"Ultrashort FTSE China 50 -2X ETF",16.3,"ProShares UltraShort FTSE China 50",4,112,No,Equity,NA,NA
FXR,"Indust/Producer Dur Alphadex ETF FT",85.78,"First Trust Industrials/Producer Durables AlphaDEX Fund",NA,NA,No,Equity,NA,NA
FXU,"Utilities Alphadex ETF FT",46.63,"First Trust Utilities AlphaDEX Fund",6,17,No,Equity,NA,NA
FXY,"Japanese Yen Trust Currencyshares",59.95,"Invesco CurrencyShares Japanese Yen Trust",6010,50605,No,Currency,NA,NA
FXZ,"Materials Alphadex ETF FT",74.43,"First Trust Materials AlphaDEX Fund",2,20,No,Equity,NA,NA
FYC,"Smallcap Growth Alphadex Fund FT",101.47,"First Trust Small Cap Growth AlphaDEX Fund",20,3,No,Equity,NA,NA
FYEE,"Fidelity Yield Enhanced Equity ETF",29.15,"Fidelity Yield Enhanced Equity ETF",NA,NA,No,Equity,NA,NA
FYLD,"Cambria Foreign Shareholder Yield Fund",35.34,"Cambria Foreign Shareholder Yield ETF",NA,NA,No,"Portfolio-Multi Asset",NA,NA
FYT,"Smallcap Value Alphadex Fund FT",60.11,"First Trust Small Cap Value AlphaDEX Fund",NA,NA,No,Equity,NA,NA
FYX,"Smallcap Core Alphadex Fund FT",120.27,"First Trust Small Cap Core AlphaDEX Fund",NA,NA,No,Equity,NA,NA
GAA,"Cambria Global Asset Allocation Fund",34.52,"Cambria Global Asset Allocation ETF",NA,NA,No,"Portfolio-Multi Asset",NA,NA
GABF,"Gabelli Financial Services Opportunities ETF",45.82,"Gabelli Financial Services Opportunities ETF",NA,NA,No,Equity,NA,NA
GAEM,"Simplify Gamma Emerging Market Bond ETF",26.72,"Simplify Gamma Emerging Market Bond ETF",NA,NA,No,"Fixed Income",NA,NA
GAL,"SSGA Global Allocation ETF SPDR",51.22,"SPDR SSGA Global Allocation ETF",NA,NA,No,"Portfolio-Multi Asset",NA,NA
GAMR,"Amplify Video Game Leaders ETF",90.53,"Amplify Video Game Leaders ETF",2,9,No,Equity,NA,NA
GAPR,"FT Vest U.S. Moderate Buffer ETF - Apr",40.17,"FT Vest U.S. Equity Moderate Buffer ETF (Apr)",NA,NA,No,Equity,NA,NA
GARP,"Ishares Factors US Growth Style ETF",71.02,"iShares Factors US Growth Style ETF",NA,NA,No,Equity,NA,NA
GARY,"Mango Growth ETF",22.26,"Mango Growth ETF",NA,NA,No,Equity,NA,NA
GAUG,"FT Vest U.S. Moderate Buffer ETF - Aug",39.68,"FT Vest U.S. Equity Moderate Buffer ETF (Aug)",NA,NA,No,Equity,NA,NA
GBF,"Government/Credit Bond Ishares ETF",105.03,"iShares Government/Credit Bond ETF",NA,NA,No,"Fixed Income",NA,NA
GBIL,"GS Treasuryaccess 0-1 Year ETF",100.16,"Goldman Sachs TreasuryAccess 0-1 Year ETF",5,23,No,"Fixed Income",NA,NA
GBLD,"Invesco MSCI Green Building ETF",18.4,"Invesco MSCI Green Building ETF",NA,NA,No,Equity,NA,NA
GBND,"Goldman Sachs Core Bond ETF",50.92,"Goldman Sachs Core Bond ETF",NA,NA,No,"Fixed Income",NA,NA
GBTC,"Grayscale Bitcoin Trust ETF",69.46,"Grayscale Bitcoin Trust ETF",1780,47462,Yes,Currency,NA,NA
GBUG,"Sprott Active Gold & Silver Miners ETF",56.56,"Sprott Active Gold & Silver Miners ETF",35,444,No,Equity,NA,NA
GBXA,"GS U.S. Large Cap Buffer 1 ETF",27.57,"Goldman Sachs U.S. Large Cap Buffer 1 ETF",NA,NA,No,Equity,NA,NA
GBXB,"Goldman Sachs U.S. Large Cap Buffer 2 ETF",26.84,"Goldman Sachs U.S. Large Cap Buffer 2 ETF",NA,NA,No,Equity,NA,NA
GBXC,"Goldman Sachs U.S. Large Cap Buffer 3 ETF",27.49,"Goldman Sachs U.S. Large Cap Buffer 3 ETF",NA,NA,No,Equity,NA,NA
GCAD,"Gabelli Equity Income ETF",52.14,"Gabelli Equity Income ETF",NA,NA,No,Equity,NA,NA
GCAL,"GS Dynamic California Municipal Income ETF",51.22,"Goldman Sachs Dynamic California Municipal Income ETF",NA,NA,No,"Fixed Income",NA,NA
GCC,"Wisdomtree Enhancedcontinuous Commodity Fund",24.16,"WisdomTree Continuous Commodity Index Fund",10,2,No,Commodity,NA,NA
GCOR,"GS Access U.S. Aggregate Bond ETF",41.61,"Goldman Sachs Access U.S. Aggregate Bond ETF",NA,NA,No,"Fixed Income",NA,NA
GCOW,"Pacer Global Cash Cows Dividend ETF",43.64,"Pacer Global Cash Cows Dividend ETF",NA,NA,No,"Fixed Income",NA,NA
GDEC,"FT Vest U.S. Moderate Buffer ETF - Dec",38.22,"FT Vest U.S. Equity Moderate Buffer ETF (Dec)",NA,NA,No,Equity,NA,NA
GDFN,"Tema International Defense Innovation ETF",28.23,"Tema International Defense Innovation ETF",NA,NA,No,Equity,NA,NA
GDIV,"Harbor Dividend Growth Leaders ETF",17.23,"Harbor Dividend Growth Leaders ETF",NA,NA,No,Equity,NA,NA
GDLC,"Grayscale Coindesk Crypto 5 ETF",42.06,"Grayscale CoinDesk Crypto 5 ETF",NA,NA,No,Currency,NA,NA
GDMA,"Gadsdena Dynamica Multi-Asseta ETF",42.27,"Gadsden Dynamic Multi-Asset ETF",NA,NA,No,"Portfolio-Multi Asset",NA,NA
GDOC,"GS Future Health Care Equity ETF",35.49,"Goldman Sachs Future Health Care Equity ETF",NA,NA,No,Equity,NA,NA
GDX,"Vaneck Gold Miners ETF",112.16,"VanEck Vectors Gold Miners ETF",189304,1819795,Yes,Equity,NA,NA
GDXD,"Microsectors Gold Miners -3X ETN",3.54,"MicroSectors Gold Miners -3X Inverse Leveraged ETN",NA,NA,No,Equity,NA,NA
GDXJ,"Vaneck Junior Gold Miners ETF",150.42,"VanEck Vectors Junior Gold Miners ETF",15789,189501,Yes,Equity,NA,NA
GDXU,"Microsectors Gold Miners 3X ETN",525,"MicroSectors Gold Miners 3X Leveraged ETN",NA,NA,No,Equity,NA,NA
GDXY,"Yieldmax Gold Miners Option Income Strategy ETF",18.82,"YieldMax Gold Miners Option Income Strategy ETF",591,2640,No,Equity,NA,NA
GEM,"GS Activebeta Emerging Markets Equity ETF",46.14,"Goldman Sachs ActiveBeta Emerging Markets Equity ETF",NA,NA,No,Equity,NA,NA
GEMD,"GS Access Emerging Markets US ETF",42.62,"Goldman Sachs Access Emerging Markets USD Bond ETF",NA,NA,No,"Fixed Income",NA,NA
GEME,"Pacific North of South EM Equity Active ETF",36.6,"Pacific NoS Global EM Equity Active ETF",NA,NA,No,Equity,NA,NA
GEMG,"Leverage Shares 2X Long Gemi Daily ETF",3.46,"Leverage Shares 2X Long GEMI Daily ETF",10,166,No,Equity,NA,NA
GEND,"Genter Capital Dividend Income ETF",12.15,"Genter Capital Dividend Income ETF",NA,NA,No,Equity,NA,NA
GENM,"Genter Municipal Quality Intermediate ETF",10.37,"Genter Capital Municipal Quality Intermediate ETF",NA,NA,No,"Fixed Income",NA,NA
GENT,"Genter Taxable Quality Intermediate ETF",10.37,"Genter Capital Taxable Quality Intermediate ETF",NA,NA,No,"Fixed Income",NA,NA
GENW,"Capital International Dividend ETF",14.22,"Genter Capital International Dividend ETF",NA,NA,No,Equity,NA,NA
GEVG,"Leverage Shares 2X Long Gev Daily ETF",15.77,"Leverage Shares 2X Long GEV Daily ETF",NA,NA,No,Equity,NA,NA
GEVX,"Tradr 2X Long Gev Daily ETF",36.13,"Tradr 2X Long GEV Daily ETF",139,903,No,Equity,NA,NA
GEW,"Cambria Global EW ETF",52.94,"Cambria Global EW ETF",NA,NA,No,Equity,NA,NA
GFEB,"FT Vest U.S. Moderate Buffer ETF - Feb",41.94,"FT Vest U.S. Equity Moderate Buffer ETF (Feb)",NA,NA,No,Equity,NA,NA
GFGF,"Guru Favorite Stocks ETF",35.57,"Guru Favorite Stocks ETF",NA,NA,No,Equity,NA,NA
GFLW,"Victoryshares Free Cash Flow Growth ETF",28.59,"VictoryShares Free Cash Flow Growth ETF",NA,NA,No,Equity,NA,NA
GGLL,"Direxion Daily Googl Bull 2X",110.62,"Direxion Daily GOOGL Bull 1.5X Shares",634,23773,No,Equity,NA,NA
GGLS,"Direxion Daily Googl Bear 1X",6.31,"Direxion Daily GOOGL Bear 1X Shares",1,414,No,Equity,NA,NA
GGM,"Ggm Macro Alignment ETF",28.09,"GGM Macro Alignment ETF",NA,NA,No,Equity,NA,NA
GGME,"Invesco Next Gen Media and Gaming ETF",57.59,"Invesco Next Gen Media and Gaming ETF",NA,NA,No,Equity,NA,NA
GGOV,"Ishares Global Bond USD Hedged Active ETF",48.65,"iShares Global Government Bond USD Hedged Active ETF",NA,NA,No,"Fixed Income",NA,NA
GGRW,"Gabelli Growth Innovators ETF",35.33,"Gabelli Growth Innovators ETF",NA,NA,No,Equity,NA,NA
GGTL,"Gabelli Global Technology Leaders ETF",32.97,"Gabelli Global Technology Leaders ETF",NA,NA,No,Equity,NA,NA
GGUS,"GS Marketbeta Russell 1000 Growth ETF",63.61,"Goldman Sachs MarketBeta Russell 1000 Growth Equity ETF",NA,NA,No,Equity,NA,NA
GHTA,"Goose Hollow Tactical Allocation ETF",30.95,"Goose Hollow Tactical Allocation ETF",NA,NA,No,"Portfolio-Multi Asset",NA,NA
GHYB,"Access High Yield Corporate Bond ETF",45.6,"Goldman Sachs Access High Yield Corporate Bond ETF",NA,NA,No,"Fixed Income",NA,NA
GHYG,"US and Intl High Yield Corp Bond Ishares ETF",46.58,"iShares U.S. and Intl High Yield Corp Bond ETF",NA,NA,No,"Fixed Income",NA,NA
GIAX,"Nicholas Global Equity and Income ETF",16.82,"Nicholas Global Equity and Income ETF",NA,NA,No,Equity,NA,NA
GIGB,"GS Access Investment Grade Corp Bond",46.44,"Goldman Sachs Access Investment Grade Corporate Bond ETF",NA,NA,No,"Fixed Income",NA,NA
GIGL,"Goldman Sachs Corporate Bond ETF",51.09,"Goldman Sachs Corporate Bond ETF",NA,NA,No,"Fixed Income","Retail - Restaurants",Retail-Wholesale
GII,"FTSE Global Infra 100 SPDR",73.03,"SPDR S&P Global Infrastructure ETF",1,1,No,Equity,NA,NA
GIND,"Goldman Sachs India Equity ETF",24.7,"Goldman Sachs India Equity ETF",NA,NA,No,Equity,NA,NA
GINN,"Goldman Sachs Innovate Equity ETF",75.63,"Goldman Sachs Innovate Equity ETF",1,8,No,Equity,NA,NA
GINX,"Sgi Enhanced Global Income ETF",33.1,"SGI Enhanced Global Income ETF",NA,NA,No,Equity,NA,NA
GJAN,"FT Vest U.S. Moderate Buffer ETF - Jan",43.19,"FT Vest U.S. Equity Moderate Buffer ETF (Jan)",NA,NA,No,Equity,NA,NA
GJUL,"FT Vest U.S. Moderate Buffer ETF - Jul",41.68,"FT Vest US Equity Moderate Buffer ETF (Jul)",NA,NA,No,Equity,NA,NA
GJUN,"FT Vest U.S. Moderate Buffer ETF - Jun",39.86,"FT Vest U.S. Equity Moderate Buffer ETF (Jun)",NA,NA,No,Equity,NA,NA
GK,"Advisorshares Gerber Kawasaki ETF",26.28,"AdvisorShares Gerber Kawasaki ETF",NA,NA,No,Equity,"Uniform & Related","Industrial Products"
GKAT,"Scharf Global Opportunity ETF",42.61,"Scharf Global Opportunity ETF",NA,NA,No,Equity,NA,NA
GLBL,"Pacer MSCI World Industry Advantage ETF",25.68,"Pacer MSCI World Industry Advantage ETF",NA,NA,No,Equity,"Finance - Misc Services",Finance
GLCR,"Glaciershares Nasdaq Iceland ETF",28.57,"GlacierShares Nasdaq Iceland ETF",NA,NA,No,Equity,NA,NA
GLD,"Gold SPDR",494.56,"SPDR Gold Shares",2980151,6253574,Yes,Commodity,"Finance - Investment Funds",Finance
GLDB,"Idx Alternative Fiat ETF",30.42,"IDX Alternative FIAT ETF",NA,NA,No,Alternative,NA,NA
GLDI,"CS X-Links Gold Share",179.43,"X-Links Gold Shares Covered Call ETN",NA,NA,No,Commodity,NA,NA
GLDM,"SPDR Gold Minishares Trust",106.44,"SPDR Gold MiniShares Trust",NA,NA,No,"Portfolio-Multi Asset",NA,NA
GLDY,"Defiance Gold Enhanced Options Income ETF",17.8,"Defiance Gold Enhanced Options Income ETF",NA,NA,No,Equity,NA,NA
GLGG,"Leverage Shares 2X Long Glxy Daily ETF",17.21,"Leverage Shares 2X Long GLXY Daily ETF",15,187,No,Equity,NA,NA
GLIN,"Vaneck India Growth Leaders ETF",45.26,"VanEck Vectors India Small-Cap Index ETF",NA,NA,No,Equity,NA,NA
GLL,"Ultrashort Gold -2X ETF",16.69,"ProShares UltraShort Gold",7306,48525,No,Commodity,NA,NA
GLNK,"Grayscale Chainlink Trust ETF",10.52,"Grayscale Chainlink Trust ETF",6,7429,No,Currency,NA,NA
GLOF,"Ishares Global Multifactor ETF",54.72,"iShares Global Equity Factor ETF",NA,NA,No,Equity,NA,NA
GLOV,"GS Activebeta World Low Vol Plus Equity ETF",58.65,"Goldman Sachs ActiveBeta World Low Vol Plus Equity ETF	",NA,NA,No,Equity,"Medical - Dental Suppliers",Medical
GLOW,"Victoryshares Westend Global Equity ETF",31.87,"VictoryShares WestEnd Global Equity ETF",NA,NA,No,Equity,"Communications Components","Computers and Technology"
GLRY,"Northern IV Mid Cap Momentum ETF",38.33,"Inspire Faithward Mid Cap Momentum ESG ETF",NA,NA,No,Equity,"Finance - Investment Funds",Finance
GLTR,"Physical Precious Metals Basket ETF",285.22,"Aberdeen Standard Physical Precious Metals Basket Shares ETF",NA,NA,No,Commodity,NA,NA
GLXU,"T-Rex 2X Long Glxy Daily Target ETF",20.18,"T-REX 2X Long GLXY Daily Target ETF",6,338,No,Equity,NA,NA
GMAR,"FT Vest U.S. Moderate Buffer ETF - Mar",41.15,"FT Vest U.S. Equity Moderate Buffer ETF (Mar)",NA,NA,No,Equity,NA,NA
GMAY,"FT Vest U.S. Moderate Buffer ETF - May",41.58,"FT Vest U.S. Equity Moderate Buffer ETF (May)",NA,NA,No,Equity,NA,NA
GMET,"Vaneck Green Metals ETF",47.34,"VanEck Green Metals ETF",4,18,No,Equity,"Oil - US Exploration & Product",Oils-Energy
GMEU,"T-Rex 2X Long Gme Daily Target ETF",11.59,"T-REX 2X Long GME Daily Target ETF",86,1836,No,Equity,NA,NA
GMEY,"Yieldmax Gme Option Income Strategy ETF",37.53,"Yieldmax GME Option Income Strategy ETF",NA,NA,No,Equity,NA,NA
GMF,"S&P Emerging Asia Pacific SPDR",146.58,"SPDR S&P Emerging Asia Pacific ETF",NA,NA,No,Equity,"Finance - Investment Funds",Finance
GMMA,"Gammaroad Market Navigation ETF",21.44,"GammaRoad Market Navigation ETF",NA,NA,No,Equity,NA,NA
GMMF,"Ishares Government Money Market ETF",100.49,"iShares Government Money Market ETF",NA,NA,No,Alternative,NA,NA
GMNY,"GS Dynamic New York Municipal Income ETF",50.28,"Goldman Sachs Dynamic New York Municipal Income ETF",NA,NA,No,"Fixed Income",NA,NA
GMOI,"GMO International Value ETF",35.5,"GMO International Value ETF",NA,NA,No,Equity,NA,NA
GMOM,"Cambria Global Momentum ETF",37.28,"Cambria Global Momentum ETF",NA,NA,No,"Portfolio-Multi Asset",NA,NA
GMOV,"GMO US Value ETF",28.11,"GMO U.S. Value ETF",NA,NA,No,Equity,NA,NA
GMUB,"GS Municipal Income ETF",51.52,"Goldman Sachs Municipal Income ETF",NA,NA,No,"Fixed Income",NA,NA
GMUN,"GS Community Municipal Bond ETF",51.1,"Goldman Sachs Community Municipal Bond ETF",NA,NA,No,"Fixed Income",NA,NA
GNMA,"GNMA Bond Ishares ETF",44.81,"iShares GNMA Bond ETF",NA,NA,No,"Fixed Income",NA,NA
GNOM,"GX Genomics & Biotechnology ETF",48.12,"Global X Genomics & Biotechnology ETF",2,43,No,Equity,NA,NA
GNOV,"FT Vest U.S. Moderate Buffer ETF - Nov",40.06,"FT Vest U.S. Equity Moderate Buffer ETF (Nov)",NA,NA,No,Equity,NA,NA
GNR,"S&P Global Natural Resources SPDR",70.97,"SPDR S&P Global Natural Resources ETF",1,92,No,Equity,NA,NA
GOAU,"US Global Go Gold and Precious Metal Miners ETF",55.84,"U.S. Global GO GOLD and Precious Metal Miners ETF",36,338,No,Equity,NA,NA
GOCT,"FT Vest U.S. Moderate Buffer ETF - Oct",39.7,"FT Vest U.S. Equity Moderate Buffer ETF (Oct)",NA,NA,No,Equity,NA,NA
GOEX,"GX Gold Explorers ETF",105.88,"Global X Gold Explorers ETF",7,184,No,Equity,NA,NA
GOLY,"Strategy Shares Gold-Hedged Bond ETF",40.15,"Strategy Shares Gold-Hedged Bond ETF",7,89,No,"Portfolio-Multi Asset",NA,NA
GOOP,"Kurv Yield Premium Google [Googl] ETF",41,"Kurv Yield Premium Strategy Google (GOOGL) ETF",1,10,No,Equity,NA,NA
GOOW,"Roundhill Googl Weeklypay ETF",74.74,"Roundhill GOOGL WeeklyPay ETF",7,113,No,Equity,NA,NA
GOOX,"T-Rex 2X Long Alphabet Daily Target ETF",79.45,"T-REX 2X Long Alphabet Daily Target ETF",12,363,No,Equity,NA,NA
GOOY,"Yieldmax Googl Option Income Strategy ETF",15.16,"YieldMax GOOGL Option Income Strategy ETF",35,1037,No,Equity,NA,NA
GOP,"Unusual Whales Republican Trades ETF",38.39,"Unusual Whales Subversive Republican Trading ETF",2,86,No,Equity,NA,NA
GOU,"Graniteshares 2X Long Googl Daily ETF",27.8,"GraniteShares 2x Long GOOGL Daily ETF",NA,NA,No,Equity,NA,NA
GOVI,"Invesco Equal Weight 0-30 Year Treasury ETF",27.48,"Invesco Equal Weight 0-30 Year Treasury ETF",NA,NA,No,"Fixed Income",NA,NA
GOVT,"US Treasury Bond Ishares ETF",23.01,"iShares U.S. Treasury Bond ETF",84,1473,No,"Fixed Income",NA,NA
GOVZ,"Ishares 25 Year Treasury Strips Bond ETF",9.31,"iShares 25 plus Year Treasury STRIPS Bond ETF",10,2487,No,"Fixed Income",NA,NA
GPIQ,"GS Nasdaq-100 Core Premium Income ETF",53.94,"Goldman Sachs Nasdaq 100 Core Premium Income ETF",267,2149,No,Equity,NA,NA
GPIX,"GS S&P 500 Core Premium Income ETF",53.4,"Goldman Sachs S&P 500 Core Premium Income ETF",6,565,No,Equity,NA,NA
GPRF,"GS U.S. Preferred Stock and Hybrid Securities Et",51.26,"Goldman Sachs Access U.S. Preferred Stock and Hybrid Securities ETF",NA,NA,No,"Fixed Income",NA,NA
GPT,"Intelligent Livermore ETF",31.62,"Intelligent Livermore ETF",1,16,No,Equity,"REIT - Equity Trust Other",Finance
GPTY,"Yieldmax AI & Tech Portfolio Option Income ETF",42.25,"YieldMax AI & Tech Portfolio Option Income ETF",2,113,No,Equity,NA,NA
GPZ,"Vaneck Alternative Asset Manager ETF",26.79,"VanEck Alternative Asset Manager ETF",NA,NA,No,Equity,NA,NA
GQGU,"Gqg US Equity ETF",25.17,"GQG US Equity ETF",NA,NA,No,Equity,NA,NA
GQI,"Natixis Gateway Quality Income ETF",58.21,"Natixis Gateway Quality Income ETF",NA,NA,No,Equity,NA,NA
GQQQ,"Astoria US Quality Growth Kings ETF",31.26,"Astoria US Quality Growth Kings ETF",NA,NA,No,Equity,NA,NA
GQRE,"Flexshares Global Quality Real Estate ETF",60.62,"FlexShares Global Quality Real Estate Index Fund",NA,NA,No,"Portfolio-Multi Asset",NA,NA
GRAG,"Leverage Shares 2X Long Grab Daily ETF",11.1,"Leverage Shares 2X Long GRAB Daily ETF",NA,NA,No,Equity,NA,NA
GREK,"GX MSCI Greece ETF",77.2,"Global X MSCI Greece ETF",482,17738,No,Equity,NA,NA
GRID,"Nasdaq Smart Grid Infrastructure ETF",164.56,"First Trust NASDAQ Clean Edge Smart Grid Infrastructure Index Fund",22,429,No,Equity,NA,NA
GRIN,"Victoryshares International Free Cash Flow Growt",30.53,"VictoryShares International Free Cash Flow Growth ETF",NA,NA,No,Equity,"Transportation - Ship",Transportation
GRN,"Ipath Series B Carbon ETN",33.67,"iPath Global Carbon ETN",NA,NA,No,Commodity,NA,NA
GRNB,"Vaneck Green Bond ETF",24.42,"VanEck Vectors Green Bond ETF",NA,NA,No,"Fixed Income",NA,NA
GRNY,"Fundstrat Granny Shots US Large Cap ETF",25.77,"Fundstrat Granny Shots US Large Cap ETF",314,38837,No,Equity,NA,NA
GROZ,"Zacks Focus Growth ETF",29.94,"Zacks Focus Growth ETF",NA,NA,No,Equity,NA,NA
GRPM,"Invesco S&P Midcap 400 Garp ETF",122.75,"Invesco S&P MidCap 400 GARP ETF",NA,NA,No,"Portfolio-Multi Asset",NA,NA
GRPZ,"Invesco S&P Smallcap 600 Garp ETF",28.1,"Invesco S&P SmallCap 600 GARP ETF",NA,NA,No,Equity,NA,NA
GRW,"Tcw Compounders ETF",30.92,"TCW Compounders ETF",NA,NA,No,Equity,NA,NA
GSC,"GS Small Cap Core Equity ETF",57.83,"Goldman Sachs Small Cap Core Equity ETF",NA,NA,No,Equity,NA,NA
GSEE,"GS Marketbeta Emerging Markets Equity ETF",62.49,"Goldman Sachs MarketBeta Emerging Markets Equity ETF",NA,NA,No,Equity,NA,NA
GSEP,"FT Vest U.S. Moderate Buffer ETF - Sep",39.17,"FT Vest U.S. Equity Moderate Buffer ETF (Sep)",NA,NA,No,Equity,NA,NA
GSEU,"GS Activebeta Europe Equity ETF",47.69,"Goldman Sachs ActiveBeta Europe Equity ETF",NA,NA,No,Equity,NA,NA
GSEW,"Equal Weight U.S. Large Cap Equity ETF",88.02,"Goldman Sachs Equal Weight U.S. Large Cap Equity ETF",2,115,No,Equity,NA,NA
GSG,"S&P GSCI Commodity-Indexed Ishares ETF",25.51,"iShares S&P GSCI Commodity-Indexed Trust",78,4484,No,Commodity,"Finance - Investment Funds",Finance
GSGO,"Goldman Sachs Growth Opportunities ETF",40.53,"Goldman Sachs Growth Opportunities ETF",NA,NA,No,Equity,NA,NA
GSIB,"Themes Global Systemically Important Banks ETF",54.39,"Themes Global Systemically Important Banks ETF",NA,NA,No,Equity,NA,NA
GSID,"GS Marketbeta International Equity ETF",73.08,"Goldman Sachs MarketBeta International Equity ETF",NA,NA,No,Equity,NA,NA
GSIE,"GS Activebeta International Equity ETF",44.87,"Goldman Sachs ActiveBeta International Equity ETF",NA,NA,No,Equity,NA,NA
GSIG,"GS Access Investment Grade ETF",47.76,"Goldman Sachs Access Investment Grade Corporate 1-5 Year Bond ETF",NA,NA,No,"Fixed Income","Lasers - Systems & Components","Computers and Technology"
GSJY,"GS Activebeta Japan Equity ETF",49.2,"Goldman Sachs ActiveBeta Japan Equity ETF",NA,NA,No,Equity,NA,NA
GSKH,"Gsk Plc Adrhedged ETF",68.11,"GSK plc ADRhedged",NA,NA,No,Equity,NA,NA
GSLC,"GS Activebeta U.S. Large Cap Equity ETF",134.23,"Goldman Sachs ActiveBeta U.S. Large Cap Equity ETF",52,69,No,Equity,NA,NA
GSOL,"Grayscale Solana Staking ETF",9.23,"Grayscale Solana Staking ETF",3,1187,No,Currency,"Internet - Content","Computers and Technology"
GSPY,"Gotham Enhanced 500 ETF",37.64,"Gotham Enhanced 500 ETF",NA,NA,No,Equity,NA,NA
GSSC,"GS Activebeta U.S. Small Cap Equity ETF",79.15,"Goldman Sachs ActiveBeta U.S. Small Cap Equity ETF",NA,NA,No,Equity,NA,NA
GSST,"GS Access Ultra-Short Bond ETF",50.65,"Goldman Sachs Access Ultra Short Bond ETF",NA,NA,No,"Fixed Income",NA,NA
GSUS,"GS Marketbeta U.S. Equity ETF",96.1,"Goldman Sachs MarketBeta U.S. Equity ETF",8,0,No,Equity,NA,NA
GSX,"Tradr 2X Long GS Daily ETF",33.86,"Tradr 2X Long GS Daily ETF",6,68,No,Equity,"Technology Services","Business Services"
GSY,"Ultrashort Duration Invesco ETF",50.23,"Invesco Ultra Short Duration ETF",NA,NA,No,"Fixed Income",NA,NA
GTEK,"GS Future Tech Leaders Equity ETF",43.74,"Goldman Sachs Future Tech Leaders Equity ETF",4,11,No,Equity,NA,NA
GTIP,"GS Access Inflation Protected USD Bond ETF",49.39,"Goldman Sachs Access Inflation Protected USD Bond ETF",NA,NA,No,"Fixed Income",NA,NA
GTO,"Total Return Bond Invesco ETF",47.44,"Invesco Total Return Bond ETF",NA,NA,No,"Fixed Income",NA,NA
GTOC,"Invesco Core Fixed Income ETF",25.41,"Invesco Core Fixed Income ETF",NA,NA,No,Equity,NA,NA
GTOP,"Goldman Sachs Technology Opportunities ETF",40.49,"Goldman Sachs Technology Opportunities ETF",NA,NA,No,Equity,NA,NA
GTOS,"Invesco Short Duration Total Return Bond ETF",25.18,"Invesco Short Duration Total Return Bond ETF",NA,NA,No,"Fixed Income",NA,NA
GTPE,"GS MSCI World Private Equity Return Tracker ETF",53.68,"Goldman Sachs MSCI World Private Equity Return Tracker ETF",NA,NA,No,Equity,NA,NA
GTR,"Wisdomtree Target Range Fund",26.02,"WisdomTree Target Range Fund",NA,NA,No,Equity,NA,NA
GUMI,"GS Ultra Short Municipal Income ETF",50.44,"Goldman Sachs Ultra Short Municipal Income ETF",NA,NA,No,"Fixed Income",NA,NA
GUNR,"Mstar Global Upstream Natural Resources ETF",52.46,"FlexShares Morningstar Global Upstream Natural Resources Index ETF Index Fund",2,191,No,Equity,NA,NA
GURU,"GX Guru Index ETF",62.06,"Global X Guru Index ETF",NA,NA,No,Equity,NA,NA
GUSA,"GS Marketbeta U.S. 1000 Equity ETF",60.29,"Goldman Sachs MarketBeta US 1000 Equity ETF",NA,NA,No,Equity,NA,NA
GUSE,"Goldman Sachs Enhanced U.S. Equity ETF",41.47,"Goldman Sachs Enhanced U.S. Equity ETF",NA,NA,No,Equity,NA,NA
GUSH,"Direxion Daily Oil & Gas Bull 2X",25.58,"Direxion Daily S&P Oil & Gas Exp. & Prod. Bull 2X Shares",586,28935,No,Equity,NA,NA
GVAL,"Cambria Global Value ETF",35.27,"Cambria Global Value ETF",NA,NA,No,"Portfolio-Multi Asset",NA,NA
GVI,"Interm Govt/Credit Bond Ishares ETF",107.35,"iShares Intermediate Government/Credit Bond ETF",NA,NA,No,"Fixed Income",NA,NA
GVIP,"GS Hedge Industry Vip ETF",161.63,"Goldman Sachs Hedge Industry VIP ETF",NA,NA,No,Equity,NA,NA
GVLE,"Goldman Sachs Value Opportunities ETF",41.71,"Goldman Sachs Value Opportunities ETF",NA,NA,No,Equity,NA,NA
GVLU,"Tidal Gotham 1000 Value ETF",25.67,"Gotham 1000 Value ETF",NA,NA,No,Equity,NA,NA
GVUS,"GS Marketbeta Russell 1000 Value ETF",56.33,"Goldman Sachs MarketBeta Russell 1000 Value Equity ETF",NA,NA,No,Equity,NA,NA
GWX,"S&P Smallcap Intl SPDR",44.5,"SPDR S&P International Small Cap ETF",NA,NA,No,Equity,NA,NA
GXC,"S&P China SPDR",104.15,"SPDR S&P China ETF",9,117,No,Equity,NA,NA
GXDW,"GX Dorsey Wright Thematic ETF",25.76,"Global X Dorsey Wright Thematic ETF",NA,NA,No,Equity,NA,NA
GXIG,"GX Investment Grade Corporate Bond ETF",25.35,"Global X Investment Grade Corporate Bond ETF",NA,NA,No,"Fixed Income",NA,NA
GXLC,"GX Funds Global X U.S. 500 ETF",83.76,"Global X U.S. 500 ETF",NA,NA,No,Equity,NA,NA
GXPC,"GX Purecap MSCI Communication Services ETF",30.63,"PureCap MSCI Communication Services ETF",NA,NA,No,Equity,NA,NA
GXPD,"GX Purecap MSCI Consumer Discretionary ETF",27.16,"PureCap MSCI Consumer Discretionary ETF",NA,NA,No,Equity,NA,NA
GXPE,"GX Purecap MSCI Energy ETF",29.39,"PureCap MSCI Energy ETF",NA,NA,No,Equity,NA,NA
GXPS,"GX Purecap MSCI Consumer Staples ETF",25.93,"PureCap MSCI Consumer Staples ETF",NA,NA,No,Equity,NA,NA
GXPT,"GX Purecap MSCI Information Technology ETF",27.77,"PureCap MSCI Information Technology ETF",NA,NA,No,Equity,NA,NA
GXUS,"GS Marketbeta Total Intl Equity ETF",59.52,"Goldman Sachs MarketBeta Total International Equity ETF",NA,NA,No,Equity,NA,NA
GYLD,"Arrow DJ Global Yield ETF",13.7,"Arrow Dow Jones Global Yield ETF",NA,NA,No,"Portfolio-Multi Asset",NA,NA
HACK,"Amplify Cybersecurity ETF",80.25,"Amplify Cybersecurity ETF",4,1528,No,Equity,NA,NA
HAIL,"SPDR S&P Kenso Smart Mobility ETF",36.21,"SPDR S&P Kensho Smart Mobility ETF",NA,NA,No,Equity,NA,NA
HAP,"Vaneck Natural Resources ETF",69.37,"VanEck Vectors Natural Resources ETF",5,15,No,Equity,NA,NA
HAPI,"Harbor Corporate Culture ETF",41.65,"Harbor Corporate Culture ETF",NA,NA,No,Equity,NA,NA
HAPS,"Harbor Corporate Culture Small Cap ETF",32.29,"Harbor Human Capital Factor US Small Cap ETF",NA,NA,No,Equity,NA,NA
HARD,"Simplify Commodities Strategy No K-1 ETF",32.2,"Simplify Commodities Strategy No K-1 ETF",2,9,No,Commodity,NA,NA
HAUS,"Tidal Home Appreciation U.S. REIT ETF",17.39,"Home Appreciation U.S. REIT ETF",NA,NA,No,Equity,NA,NA
HAUZ,"Xt International Real Estate ETF",24.45,"Xtrackers International Real Estate ETF",NA,NA,No,Equity,NA,NA
HAWX,"ACWI Curr Hedged Ex US Ishares MSCI ETF",41.54,"iShares Currency Hedged MSCI ACWI ex U.S. ETF",NA,NA,No,"Portfolio-Multi Asset",NA,NA
HBDC,"Hilton Bdc Corporate Bond ETF",25.13,"Hilton BDC Corporate Bond ETF",NA,NA,No,"Fixed Income",NA,NA
HBR,"Canary Hbar ETF",14.59,"Canary HBAR ETF",11,606,No,Currency,NA,NA
HBTA,"Horizon Expedition Plus ETF",29.56,"Horizon Expedition Plus ETF",NA,NA,No,Equity,NA,NA
HCMT,"Hcm Tactical Enhanced US ETF Direxion",40.28,"Direxion HCM Tactical Enhanced US ETF",NA,NA,No,Equity,NA,NA
HCOW,"Amplify Cows Covered Call ETF",24.32,"Amplify Cash Flow High Income ETF",NA,NA,No,Equity,NA,NA
HCRB,"Hartford Core Bond ETF",35.52,"Hartford Core Bond ETF",NA,NA,No,"Fixed Income",NA,NA
HDEF,"Xt MSCI EAFE High Dividend Yield Equity ETF",31.69,"X-trackers MSCI EAFE High Dividend Yield Hedged Equity ETF",1,352,No,Equity,NA,NA
HDG,"Hedge Replication ETF",52.49,"ProShares Hedge Replication ETF",NA,NA,No,"Portfolio-Multi Asset",NA,NA
HDGE,"Active Bear ETF",16.49,"AdvisorShares Ranger Equity Bear ETF",5,330,No,Equity,NA,NA
HDLB,"Etracs 2X US HI Div Low Vol ETN Series B",15.67,"ETRACS Monthly Pay 2xLeveraged US High Dividend Low Volatility ETN Series B",NA,NA,No,Equity,NA,NA
HDMV,"Horizon Vol Dev Intl ETF FT",36.82,"First Trust Horizon Managed Volatility Developed International ETF",NA,NA,No,Equity,NA,NA
HDUS,"Hartford Disciplined US Equity ETF",66.69,"Hartford Disciplined US Equity ETF",NA,NA,No,Equity,NA,NA
HDV,"High Dividend Ishares Core ETF",130.41,"iShares Core High Dividend ETF",75,8849,No,"Portfolio-Multi Asset",NA,NA
HEAL,"GX Healthtech ETF",29.25,"Global X HealthTech ETF",68,3,No,Equity,NA,NA
HECA,"Hedgeye Capital Allocation ETF",29.81,"Hedgeye Capital Allocation ETF",NA,NA,No,"Portfolio-Multi Asset",NA,NA
HECO,"SPDR Galaxy Hedged Digital Asset Ecosystem ETF",47.03,"SPDR Galaxy Hedged Digital Asset Ecosystem ETF",NA,NA,No,Equity,NA,NA
HEDJ,"Wisdomtree Europe Hedged Equity Fund",53.9,"WisdomTree Europe Hedged Equity Fund",1,382,No,Equity,NA,NA
HEEM,"Emrg Mkts Curr Hedged Ishares MSCI ETF",38.46,"iShares Currency Hedged MSCI Emerging Markets ETF",NA,NA,No,"Portfolio-Multi Asset",NA,NA
HEFA,"EAFE Curr Hedged Ishares MSCI ETF",42.6,"iShares Currency Hedged MSCI EAFE ETF",NA,NA,No,"Portfolio-Multi Asset",NA,NA
HEGD,"Swan Hedged Equity US Large Cap ETF",25.58,"Swan Hedged Equity  U.S. Large Cap ETF",NA,NA,No,Equity,NA,NA
HEJD,"Victoryshares Hedged Equity Income ETF",27.5,"VictoryShares Hedged Equity Income ETF",NA,NA,No,Equity,NA,NA
HELO,"JPM Hedged Equity Laddered Overlay ETF",67.19,"JPMorgan Hedged Equity Laddered Overlay ETF",NA,NA,No,Equity,NA,NA
HELX,"Franklin Genomic Advancements ETF",36.85,"Franklin Genomic Advancements ETF",NA,NA,No,Equity,NA,NA
HEQQ,"JPM Nasdaq Hedged Equity Laddered Overlay ETF",59.9,"JPMorgan Nasdaq Hedged Equity Laddered Overlay ETF",NA,NA,No,Equity,NA,NA
HEQT,"Simplify Hedged Equity ETF",32.52,"Simplify Hedged Equity ETF",NA,NA,No,Equity,NA,NA
HERD,"Pacer Cash Cows Fund of Funds ETF",45.33,"Pacer Cash Cows Fund of Funds ETF",NA,NA,No,Equity,NA,NA
HERO,"GX Video Games & Esports ETF",31.41,"Global X Video Games & Esports ETF",NA,NA,No,Equity,NA,NA
HEWJ,"Japan Curr Hedged Ishares MSCI ETF",54.5,"iShares Currency Hedged MSCI Japan ETF",2,19,No,"Portfolio-Multi Asset",NA,NA
HEZU,"Eurozone Curr Hedged Ishares MSCI ETF",45.25,"iShares Currency Hedged MSCI Eurozone ETF",NA,NA,No,"Portfolio-Multi Asset",NA,NA
HF,"Dga Absolute Return ETF",21.61,"Dga Absolute Return Etf",NA,NA,No,Alternative,"Real Estate Operations",Finance
HFEQ,"Unlimited Hfeq Equity Long/Short ETF",22.48,"Unlimited HFEQ Equity Long/Short ETF",NA,NA,No,Equity,NA,NA
HFGM,"Unlimited Hfgm Global Macro ETF",34.55,"Unlimited HFGM Global Macro ETF",NA,NA,No,Alternative,NA,NA
HFGO,"Hartford Large Cap Growth ETF",27.13,"Hartford Large Cap Growth ETF",NA,NA,No,Equity,NA,NA
HFMF,"Unlimited Hfmf Managed Futures ETF",23.55,"Unlimited HFMF Managed Futures ETF",NA,NA,No,Alternative,NA,NA
HFND,"Tidal Unlimited Hfnd Multi-Strategy ETF",23.71,"Unlimited HFND Multi-Strategy Return Tracker ETF",NA,NA,No,Alternative,NA,NA
HFSI,"Hartford Strategic Income ETF",35.75,"Hartford Strategic Income ETF",NA,NA,No,"Fixed Income",NA,NA
HFSP,"Tradersai Large Cap Equity & Cash ETF",15.24,"TradersAI Large Cap Equity & Cash ETF",NA,NA,No,Equity,NA,NA
HFXI,"Nyli FTSE International Equity Currency Neutral",34.32,"NYLI FTSE International Equity Currency Neutral ETF",NA,NA,No,Equity,NA,NA
HGER,"Harbor All-Weather Inflation Focus ETF",27.95,"Harbor All-Weather Inflation Focus ETF",40,88,No,Commodity,NA,NA
HGRO,"ETF Opp TR Hedgeye Quality Growth ETF",29.36,"Hedgeye Quality Growth ETF",NA,NA,No,Equity,NA,NA
HIBL,"Direxion Daily S&P 500 High Beta Bull 3X",76.18,"Direxion Daily S&P 500 High Beta Bull 3X Shares",6,634,No,Equity,NA,NA
HIBS,"Direxion Daily S&P 500 High Beta Bear 3X",4.24,"Direxion Daily S&P 500 High Beta Bear 3X Shares",5,1992,No,Equity,NA,NA
HIDE,"Ea Architect High Inflation and Deflation ETF",23.41,"Alpha Architect High Inflation and Deflation ETF",NA,NA,No,"Portfolio-Multi Asset",NA,NA
HIDV,"Ab US High Dividend ETF",82.99,"AB US High Dividend ETF",NA,NA,No,Equity,NA,NA
HIGH,"Simplify Enhanced Income ETF",22.13,"Simplify Enhanced Income ETF",12,0,No,"Fixed Income",NA,NA
HIMU,"Ishares High Yield Muni Active ETF",49.04,"iShares High Yield Muni Active ETF",NA,NA,No,"Fixed Income",NA,NA
HIMY,"Defiance Leveraged Long Income Hims ETF",5.43,"Defiance Leveraged Long plus Income HIMS ETF",NA,NA,No,Equity,NA,NA
HIMZ,"Defiance Daily Target 2X Long Hims ETF",4.34,"Defiance Daily Target 2X Long HIMS ETF",1200,37529,No,Equity,NA,NA
HIPS,"Graniteshares Hips US High Income ETF",12.1,"Master Income ETF",1,609,No,Equity,NA,NA
HISF,"Strategic Income ETF FT",45.18,"First Trust High Income Strategic Focus ETF",NA,NA,No,Equity,"Finance - Investment Funds",Finance
HIYS,"Invesco High Yield Select ETF",25.68,"Invesco High Yield Select ETF",NA,NA,No,"Fixed Income",NA,NA
HIYY,"Yieldmax Hims Option Income Strategy ETF",21.51,"Yieldmax HIMS Option Income Strategy ETF",1,45,No,Equity,NA,NA
HLAL,"Wahed FTSE USA Shariah ETF",64.07,"Wahed FTSE USA Shariah ETF",NA,NA,No,Equity,NA,NA
HMOP,"Hartford Municipal Opportunities ETF",39.43,"Hartford Municipal Opportunities ETF",NA,NA,No,"Fixed Income",NA,NA
HMYY,"Graniteshares Yieldboost Hims ETF",14.57,"GraniteShares YieldBoost HIMS ETF",NA,NA,No,Equity,NA,NA
HNDL,"Strategy Shares Nasdaq 7Handl ETF",22.28,"Nasdaq 7HANDL Index ETF",NA,NA,No,"Portfolio-Multi Asset",NA,NA
HODL,"Vaneck Bitcoin ETF",25.18,"VanEck Bitcoin ETF",15,982,No,Currency,NA,NA
HODU,"Direxion Daily Hood Bull 2X ETF",18.41,"Direxion Daily HOOD Bull 2X ETF",NA,NA,No,Equity,NA,NA
HOLA,"JPM International Hedged Equity Laddered Overlay",54.17,"JPMorgan International Hedged Equity Laddered Overlay ETF",NA,NA,No,Equity,NA,NA
HOLD,"Harbor Alpha Layering ETF",32.66,"Harbor Alpha Layering ETF",NA,NA,No,Equity,NA,NA
HOMZ,"Hoya Capital Housing ETF",47.15,"Hoya Capital Housing ETF",1,55,No,Equity,NA,NA
HOOG,"Leverage Shares 2X Long Hood Daily ETF",44.33,"Leverage Shares 2X Long HOOD Daily ETF",60,1545,No,Equity,NA,NA
HOOI,"Defiance Leveraged Long Income Hood ETF",10.05,"Defiance Leveraged Long plus Income HOOD ETF",NA,NA,No,Equity,NA,NA
HOOW,"Roundhill Hood Weeklypay ETF",40.52,"Roundhill HOOD WeeklyPay ETF",154,2352,No,Equity,NA,NA
HOOX,"Defiance Daily Target 2X Long Hood ETF",16.74,"Defiance Daily Target 2X Long HOOD ETF",62,711,No,Equity,NA,NA
HOOY,"Yieldmax Hood Option Income Strategy ETF",42.61,"YieldMax HOOD Option Income Strategy ETF",9,501,No,Equity,NA,NA
HOYY,"Graniteshares Yieldboost Hood ETF",11.73,"GraniteShares YieldBOOST HOOD ETF",NA,NA,No,Equity,NA,NA
HQGO,"Hartford US Quality Growth ETF",61.35,"Hartford US Quality Growth ETF",NA,NA,No,Equity,NA,NA
HRTS,"Tema Cardiovascular and Metabolic ETF",35.53,"Tema Cardiovascular and Metabolic ETF",NA,NA,No,Equity,NA,NA
HSBH,"HSBC Holdings Plc Adrhedged",93.2,"HSBC Holdings ADRhedged",NA,NA,No,Equity,NA,NA
HSCZ,"EAFE Smallcap Curr Hedged Ishares MSCI ETF",40.58,"iShares Currency Hedged MSCI EAFE Small-Cap ETF",NA,NA,No,Equity,NA,NA
HSMV,"FT Horizon Managed Volatility Small/Mid ETF",36.4,"First Trust Horizon Managed Volatility Small/Mid ETF",NA,NA,No,Equity,NA,NA
HTAB,"Hartford Schroders Tax-Aware Bond ETF",19.21,"Hartford Schroders Tax-Aware Bond ETF",NA,NA,No,"Fixed Income",NA,NA
HTAX,"Nomura National High-Yield Municipal Bond ETF",24.51,"Nomura National High-Yield Municipal Bond ETF",NA,NA,No,"Fixed Income",NA,NA
HTEC,"Robo Global Healthcare Technology Innovation ETF",37.01,"ROBO Global Healthcare Technology and Innovation ETF",40,10,No,Equity,NA,NA
HTRB,"Hartford Total Return Bond ETF",34.26,"Hartford Total Return Bond ETF",NA,NA,No,"Fixed Income",NA,NA
HTUS,"Hull Tactical US ETF",40.15,"HULL Tactical US ETF",NA,NA,No,Equity,NA,NA
HUMN,"Roundhill Humanoid Robotics ETF",32.92,"Roundhill Humanoid Robotics ETF",2,844,No,Equity,NA,NA
HUSV,"Horizon Vol Domestic ETF FT",39.33,"First Trust Horizon Managed Volatility Domestic ETF",NA,NA,No,Equity,NA,NA
HUTG,"Leverage Shares 2X Long Hut Daily ETF",16.33,"Leverage Shares 2X Long HUT Daily ETF",NA,NA,No,Equity,NA,NA
HVAC,"Advisorshares Hvac and Industrials ETF",34.55,"AdvisorShares HVAC and Industrials ETF",NA,NA,No,Equity,NA,NA
HWAY,"Themes US Infrastructure ETF",33.23,"Themes US Infrastructure ETF",NA,NA,No,Equity,"Medical Services",Medical
HWSM,"Hotchkis & Wiley Smid Cap Diversified Value Fund",28.1,"H&W SMID Cap Diversified Value Fund",NA,NA,No,Equity,NA,NA
HYBB,"Ishares Bb Rated Corporate Bond ETF",47.33,"iShares BB Rated Corporate Bond ETF",NA,NA,No,"Fixed Income",NA,NA
HYBI,"Neos Enhanced Income Credit Select ETF",50.32,"NEOS Enhanced Income Credit Select ETF",NA,NA,No,Equity,NA,NA
HYBL,"SPDR Blackstone High Income ETF",28.54,"SPDR Blackstone High Income ETF",NA,NA,No,"Fixed Income",NA,NA
HYBX,"Tcw High Yield Bond ETF",30.28,"TCW High Yield Bond ETF",NA,NA,No,"Fixed Income",NA,NA
HYD,"Vaneck High Yield Muni ETF",51.24,"VanEck Vectors High-Yield Municipal Index ETF",42,3146,No,"Fixed Income",NA,NA
HYDB,"High Yield Defensive Bond Ishares Edge ETF",47.64,"iShares Edge High Yield Defensive Bond ETF",NA,NA,No,"Fixed Income",NA,NA
HYDR,"GX Hydrogen ETF",40.59,"Global X Hydrogen ETF",6,229,No,Equity,NA,NA
HYDW,"Xt Low Beta High Yield Bond ETF",47.29,"Xtrackers Low Beta High Yield Bond ETF",NA,NA,No,"Fixed Income",NA,NA
HYEM,"Vaneck Emerging Markets High Yield Bond ETF",20.19,"VanEck Vectors Emerging Markets High Yield Bond ETF",NA,NA,No,"Fixed Income",NA,NA
HYFI,"Ab High Yield ETF",37.88,"AB High Yield ETF",NA,NA,No,"Fixed Income",NA,NA
HYG,"High Yield Corp Bond Ishares Iboxx $ ETF",81.04,"iShares iBoxx $ High Yield Corporate Bond ETF",574085,8349721,Yes,"Fixed Income","Finance - Investment Funds",Finance
HYGH,"Int Rate Hedged High Yield Bond Ishares ETF",86.95,"iShares Interest Rate Hedged High Yield Bond ETF",12,148,No,"Portfolio-Multi Asset",NA,NA
HYGV,"Flexshares High Yield Value-Scored Bond Fund",41.01,"FlexShares High Yield Value-Scored Bond Index Fund",NA,NA,No,"Fixed Income",NA,NA
HYGW,"Ishares Hi-Yield Corp Bond Buywrite Strategy ETF",29.98,"iShares High Yield Corporate Bond BuyWrite Strategy ETF",NA,NA,No,"Fixed Income",NA,NA
HYHG,"High Yield Interest Rate Hedged ETF",64.87,"ProShares High Yield-Interest Rate Hedged ETF",NA,NA,No,"Portfolio-Multi Asset",NA,NA
HYKE,"Vest 2 Year Interest Rate Hedge ETF",25.81,"Vest 2 Year Interest Rate Hedge ETF",NA,NA,No,Alternative,NA,NA
HYLB,"Xt USD High Yield Corp Bond ETF",37.03,"X-trackers USD High Yield Corporate Bond ETF",1,78,No,"Fixed Income",NA,NA
HYLS,"Tactical High Yield ETF FT",41.66,"First Trust Tactical High Yield ETF",NA,NA,No,"Portfolio-Multi Asset",NA,NA
HYMB,"S&P High Yield Muni Bond SPDR",25.09,"SPDR Nuveen S&P High Yield Municipal Bond ETF",1,591,No,"Fixed Income",NA,NA
HYP,"Golden Eagle Dynamic Hypergrowth ETF",28.53,"Golden Eagle Dynamic Hypergrowth ETF",NA,NA,No,Equity,NA,NA
HYRM,"Xt Risk Managed USD High Yield Strategy ETF",23.46,"Xtrackers Risk Managed USD High Yield Strategy ETF",NA,NA,No,"Fixed Income",NA,NA
HYS,"0-5 Year High Yield Corp Bond Pimco ETF",95.24,"PIMCO 0-5 Year US High Yield Corporate Bond Index ETF",NA,NA,No,"Fixed Income",NA,NA
HYSA,"Bondbloxx USD High Yield Bond Sector Rotation Et",15.21,"BondBloxx USD High Yield Bond Sector Rotation ETF",NA,NA,No,"Fixed Income",NA,NA
HYSD,"Columbia Short Duration High Yield ETF",20.36,"Columbia Short Duration High Yield ETF",NA,NA,No,"Fixed Income",NA,NA
HYTI,"FT Vest High Yield & Target Income ETF",19.76,"FT Vest High Yield & Target Income ETF",NA,NA,No,"Fixed Income",NA,NA
HYTR,"Cp High Yield Trend ETF",21.83,"CP High Yield Trend ETF",NA,NA,No,"Fixed Income",NA,NA
HYUP,"Xt High Beta High Yield Bond ETF",42.46,"Xtrackers High Beta High Yield Bond ETF",NA,NA,No,"Fixed Income",NA,NA
HYXF,"High Yield Ex Oil and Gas Corp Bond Ishares Ibox",47.39,"iShares ESG Advanced High Yield Corporate Bond ETF",NA,NA,No,"Fixed Income",NA,NA
HYZD,"Wisdomtree Int Rate HI Yld Bond Hedged Fund",22.58,"WisdomTree Interest Rate Hedged High Yield Bond Fund",NA,NA,No,"Portfolio-Multi Asset",NA,NA
IAGG,"Intl Aggregate Bond Ishares Core ETF",50.27,"iShares Core International Aggregate Bond ETF",NA,NA,No,"Portfolio-Multi Asset",NA,NA
IAI,"US Broker-Dealers & Sec Exch Ishares ETF",185.26,"iShares U.S. Broker-Dealers & Securities Exchanges ETF",5,317,No,Equity,NA,NA
IAK,"US Insurance Ishares ETF",131.62,"iShares U.S. Insurance ETF",7,149,No,Equity,NA,NA
IALT,"Ishares Systematic Alternatives Active ETF",25.98,"iShares Systematic Alternatives Active ETF",NA,NA,No,"Portfolio-Multi Asset",NA,NA
IAPR,"Innovator Intl Developed Power Buffer ETF Apr",31.28,"Innovator MSCI EAFE Power Buffer ETF (Apr)",NA,NA,No,Equity,NA,NA
IAT,"US Regional Banks Ishares ETF",57.24,"iShares U.S. Regional Banks ETF",2,1765,No,Equity,NA,NA
IAU,"Gold Trust Ishares",101.25,"iShares Gold Trust",28448,136055,Yes,Commodity,"Finance - Investment Funds",Finance
IAUG,"Innovator Intl Developed Power Buffer ETF August",29.12,"Innovator International Developed Power Buffer ETF (Aug)",NA,NA,No,Equity,NA,NA
IAUI,"Neos Gold High Income ETF",62.83,"NEOS Gold High Income ETF",27,283,No,Commodity,NA,NA
IAUM,"Ishares Gold Trust Micro ETV Shares",53.6,"iShares Gold Trust Micro",NA,NA,No,Commodity,NA,NA
IBAT,"Ishares Energy Storage & Materials ETF",33.23,"Ishares Energy Storage & Materials ETF",NA,NA,No,Equity,NA,NA
IBB,"Nasdaq Biotechnology Ishares ETF",174.03,"iShares Nasdaq Biotechnology ETF",3239,51758,No,Equity,"Finance - Investment Funds",Finance
IBBQ,"Invesco Nasdaq Biotechnology ETF",29.34,"Invesco Nasdaq Biotechnology ETF",1,37,No,Equity,NA,NA
IBCA,"Ibonds Dec 2035 Term Corporate ETF",25.96,"iShares iBonds Dec 2035 Term Corporate ETF",NA,NA,No,"Fixed Income",NA,NA
IBD,"Inspire Corporate Bond Impact ETF",24.09,"Inspire Corporate Bond Impact ETF",NA,NA,No,"Fixed Income",NA,NA
IBDR,"Dec 2026 Term Corp Ishares Ibonds ETF",24.27,"iShares iBonds Dec 2026 Term Corporate ETF",NA,NA,No,"Portfolio-Multi Asset",NA,NA
IBDS,"Dec 2027 Term Corp Ishares Ibonds ETF",24.33,"iShares iBonds Dec 2027 Term Corporate ETF",NA,NA,No,"Portfolio-Multi Asset",NA,NA
IBDT,"Ishares Ibonds Dec 2028 Term Corporate ETF",25.51,"iShares iBonds Dec 2028 Term Corporate ETF",NA,NA,No,"Fixed Income",NA,NA
IBDU,"Ishares Ibonds Dec 2029 Term Corporate ETF",23.47,"iShares iBonds Dec 2029 Term Corporate ETF",NA,NA,No,"Fixed Income",NA,NA
IBDV,"Ishares Ibonds Dec 2030 Term Corporate ETF",22.1,"iShares iBonds Dec 2030 Term Corporate ETF",NA,NA,No,"Fixed Income",NA,NA
IBDW,"Ishares Ibonds Dec 2031 Term Corporate ETF",21.18,"iShares iBonds Dec 2031 Term Corporate ETF",NA,NA,No,"Fixed Income",NA,NA
IBDX,"Ishares Ibonds Dec 2032 Term Corporate ETF",25.58,"iShares iBonds Dec 2032 Term Corporate ETF",NA,NA,No,"Fixed Income",NA,NA
IBDY,"Ishares Ibonds Dec 2033 Term Corporate ETF",26.16,"iShares iBonds Dec 2033 Term Corporate ETF",NA,NA,No,"Fixed Income",NA,NA
IBDZ,"Ibonds Dec 2034 Term Corporate ETF",26.41,"iShares iBonds Dec 2034 Term Corporate ETF",NA,NA,No,"Fixed Income",NA,NA
IBGA,"Ibonds Dec 2044 Term Treasury ETF",24.77,"iShares iBonds Dec 2044 Term Treasury ETF",NA,NA,No,"Fixed Income",NA,NA
IBGB,"Ibonds Dec 2045 Term Treasury ETF",24.73,"iShares iBonds Dec 2045 Term Treasury ETF",NA,NA,No,"Fixed Income",NA,NA
IBGK,"Ibonds Dec 2054 Term Treasury ETF",23.65,"iShares iBonds Dec 2054 Term Treasury ETF",NA,NA,No,"Fixed Income",NA,NA
IBGL,"Ibonds Dec 2055 Term Treasury ETF",24.31,"iShares iBonds Dec 2055 Term Treasury ETF",NA,NA,No,"Fixed Income",NA,NA
IBHF,"Ishares Ibonds 2026 Term High Yield Income ETF",23.13,"iShares iBonds 2026 Term High Yield and Income ETF",NA,NA,No,"Fixed Income",NA,NA
IBHG,"Ishares Ibonds 2027 Term High Yield Income ETF",22.35,"iShares iBonds 2027 Term High Yield and Income ETF",NA,NA,No,"Fixed Income",NA,NA
IBHK,"Ibonds 2031 Term High Yield and Income ETF",26.06,"iShares iBonds 2031 Term High Yield and Income ETF",NA,NA,No,"Fixed Income",NA,NA
IBHL,"Ibonds 2032 Term High Yield and Income ETF",25.84,"iShares iBonds 2032 Term High Yield and Income ETF",NA,NA,No,"Fixed Income",NA,NA
IBIC,"Ishares Ibonds Oct 2026 Term TIPS",25.61,"iShares iBonds Oct 2026 Term TIPS ETF",NA,NA,No,"Fixed Income",NA,NA
IBID,"Ishares Ibonds Oct 2027 Term TIPS",25.87,"iShares iBonds Oct 2027 Term TIPS ETF",NA,NA,No,"Fixed Income",NA,NA
IBIE,"Ishares Ibonds Oct 2028 Term TIPS",26.07,"iShares iBonds Oct 2028 Term TIPS ETF",NA,NA,No,"Fixed Income",NA,NA
IBIF,"Ishares Ibonds Oct 2029 Term TIPS ETF",26.15,"iShares iBonds Oct 2029 Term TIPS ETF",NA,NA,No,"Fixed Income",NA,NA
IBIG,"Ishares Ibonds Oct 2030 Term TIPS ETF",26.16,"iShares iBonds Oct 2030 Term TIPS ETF",NA,NA,No,"Fixed Income",NA,NA
IBIH,"Ishares Ibonds Oct 2031 Term TIPS ETF",26.15,"iShares iBonds Oct 2031 Term TIPS ETF",NA,NA,No,"Fixed Income",NA,NA
IBII,"Ishares Ibonds Oct 2032 Term TIPS ETF",25.88,"iShares iBonds Oct 2032 Term TIPS ETF",NA,NA,No,"Fixed Income",NA,NA
IBIJ,"Ishares Ibonds Oct 2033 Term TIPS ETF",25.98,"iShares iBonds Oct 2033 Term TIPS ETF",NA,NA,No,"Fixed Income",NA,NA
IBIK,"Ibonds Oct 2034 Term TIPS ETF",25.77,"iShares iBonds Oct 2034 Term TIPS ETF",NA,NA,No,"Fixed Income",NA,NA
IBIL,"Ibonds Oct 2035 Term TIPS ETF",25.52,"iShares iBonds Oct 2035 Term TIPS ETF",NA,NA,No,"Fixed Income",NA,NA
IBIT,"Ishares Bitcoin Trust ETF",50.51,"iShares Bitcoin Trust ETF",481821,5791512,Yes,Currency,NA,NA
IBLC,"Ishares Blockchain and Tech ETF",47.51,"iShares Blockchain and Tech ETF",9,6,No,Equity,NA,NA
IBMO,"Ishares Ibonds Dec 2026 Term Muni Bond ETF",25.67,"iBonds Dec 2026 Term Muni Bond ETF",NA,NA,No,"Fixed Income",NA,NA
IBMP,"Ishares Ibonds Dec 2027 Term Muni Bond ETF",25.49,"iShares iBonds Dec 2027 Term Muni Bond ETF",NA,NA,No,"Fixed Income",NA,NA
IBMQ,"Ishares Ibonds Dec 2028 Term Muni Bond ETF",25.68,"iShares iBonds Dec 2028 Term Muni Bond ETF",NA,NA,No,"Fixed Income",NA,NA
IBMR,"Ishares Ibonds Dec 2029 Term Muni Bond ETF",25.63,"iShares iBonds Dec 2029 Term Muni Bond ETF",NA,NA,No,"Fixed Income",NA,NA
IBMS,"Ibonds Dec 2030 Term Muni Bond ETF",26.25,"iShares iBonds Dec 2030 Term Muni Bond ETF",NA,NA,No,"Fixed Income",NA,NA
IBMT,"Ibonds Dec 2031 Term Muni Bond ETF",26.21,"iShares iBonds Dec 2031 Term Muni Bond ETF",NA,NA,No,"Fixed Income",NA,NA
IBND,"BBG International Corporate Bond SPDR ETF",32.87,"SPDR Bloomberg International Corporate Bond ETF",NA,NA,No,"Fixed Income",NA,NA
IBOT,"Vaneck Robotics ETF",57.65,"Vaneck Robotics ETF",NA,NA,No,Equity,NA,NA
IBRN,"Ishares Neuroscience and Healthcare ETF",32.75,"iShares Neuroscience and Healthcare ETF",2,2,No,Equity,NA,NA
IBTG,"Ishares Ibonds Dec 2026 Term Treasury ETF",22.93,"iShares iBonds Dec 2026 Term Treasury ETF",NA,NA,No,"Fixed Income",NA,NA
IBTH,"Ishares Ibonds Dec 2027 Term Treasury ETF",22.5,"iShares iBonds Dec 2027 Term Treasury ETF",NA,NA,No,"Fixed Income",NA,NA
IBTI,"Ishares Ibonds Dec 2028 Term Treasury ETF",22.36,"iShares iBonds Dec 2028 Term Treasury ETF",NA,NA,No,"Fixed Income",NA,NA
IBTJ,"Ishares Ibonds Dec 2029 Term Treasury ETF",21.92,"iShares iBonds Dec 2029 Term Treasury ETF",NA,NA,No,"Fixed Income",NA,NA
IBTK,"Ishares Ibonds Dec 2030 Term Treasury ETF",19.81,"iShares iBonds Dec 2030 Term Treasury ETF",NA,NA,No,"Fixed Income",NA,NA
IBTL,"Ishares Ibonds Dec 2031 Term Treasury ETF",20.48,"iShares iBonds Dec 2031 Term Treasury ETF",NA,NA,No,"Fixed Income",NA,NA
IBTM,"Ishares Ibonds Dec 2032 Term Treasury ETF",23.01,"iShares iBonds Dec 2032 Term Treasury ETF",NA,NA,No,"Fixed Income",NA,NA
IBTO,"Ishares Ibonds Dec 2033 Term Treasury ETF",24.49,"iShares iBonds Dec 2033 Term Treasury ETF",NA,NA,No,"Fixed Income",NA,NA
IBTP,"Ibonds Dec 2034 Term Treasury ETF",25.74,"iShares iBonds Dec 2034 Term Treasury ETF",NA,NA,No,"Fixed Income",NA,NA
IBTQ,"Ibonds Dec 2035 Term Treasury ETF",25.4,"iShares iBonds Dec 2035 Term Treasury ETF",NA,NA,No,"Fixed Income",NA,NA
IBUF,"Innovator Intl Dvlp 10 Buffer ETF Quarterly",29.55,"Innovator International Developed 10 Buffer ETF",NA,NA,No,Equity,NA,NA
IBUY,"Amplify Online Retail ETF",73.17,"Amplify Online Retail ETF",4,18,No,Equity,NA,NA
ICAP,"Infracap Equity Income Fund ETF",28.79,"InfraCap Equity Income Fund ETF",NA,NA,No,Equity,NA,NA
ICF,"Cohen & Steers REIT Ishares ETF",60.15,"iShares Cohen & Steers REIT ETF",2,8,No,Equity,"Finance - Investment Funds",Finance
ICLN,"Global Clean Energy Ishares ETF",19.03,"iShares Global Clean Energy ETF",2269,40904,Yes,Equity,NA,NA
ICLO,"Invesco AAA Clo Floating Rate Note ETF",25.56,"Invesco AAA CLO Floating Rate Note ETF",NA,NA,No,"Fixed Income",NA,NA
ICOI,"Bitwise Coin Option Income Strategy ETF",14.91,"Bitwise COIN Option Income Strategy ETF",NA,NA,No,Equity,NA,NA
ICOP,"Ishares Copper and Metals Mining ETF",55.06,"iShares Copper and Metals Mining ETF",349,1849,No,Equity,NA,NA
ICOW,"Pacer Developed Markets International Cash",41.4,"Pacer Developed Markets International Cash Cows 100 ETF",NA,NA,No,"Fixed Income",NA,NA
ICPY,"Tweedy Browne International Insider + Value ETF",11.63,"Tweedy, Browne International Insider plus Value ETF",NA,NA,No,Equity,NA,NA
ICSH,"Ultrashort Term Ishares ETF",50.73,"iShares Ultra Short-Term ETF",NA,NA,No,"Portfolio-Multi Asset",NA,NA
ICVT,"Convertible Bond Ishares ETF",105.91,"iShares Convertible Bond ETF",1,76,No,"Fixed Income",NA,NA
IDEC,"Innovator Intl Developed Power Buffer ETF Dec",33.29,"Innovator International Developed Power Buffer ETF (Dec)",NA,NA,No,Equity,NA,NA
IDEF,"Ishares Defense Industrials Active ETF",35.44,"iShares Defense Industrials Active ETF",NA,NA,No,Equity,NA,NA
IDEQ,"Lazard International Dynamic Equity ETF",33.14,"Lazard International Dynamic Equity ETF",NA,NA,No,Equity,NA,NA
IDEV,"Intl Devd Markets Ishares Core MSCI ETF",87.12,"iShares Core MSCI International Developed Markets ETF",3,75,No,Equity,NA,NA
IDGT,"U.S. Digital Infrastructure and Real Estate ETF",88.74,"iShares North American Tech-Multimedia Networking ETF",3,77,No,Equity,NA,NA
IDHQ,"S&P Intl Developed Quality Invesco ETF",37.96,"Invesco S&P International Developed Quality ETF",NA,NA,No,Equity,NA,NA
IDLV,"S&P Intl Developed Low Vol Invesco ETF",34.78,"Invesco S&P International Developed Low Volatility ETF",NA,NA,No,Equity,NA,NA
IDMO,"S&P Intl Developed Momentum Invesco ETF",58.29,"Invesco S&P International Developed Momentum ETF",NA,NA,No,"Portfolio-Multi Asset",NA,NA
IDNA,"Genomics Immunology and Healthcare ETF",28.9,"iShares Genomics Immunology and Healthcare ETF",1,53,No,Equity,NA,NA
IDOG,"Alps International Sector Dividend",40.35,"ALPS International Sector Dividend Dogs ETF",NA,NA,No,"Portfolio-Multi Asset",NA,NA
IDRV,"Ishares Self-Driving Ev and Tech ETF",40.01,"iShares Self-Driving EV and Tech ETF",2,12,No,Equity,NA,NA
IDU,"US Utilities Ishares ETF",110.31,"iShares U.S. Utilities ETF",2,30,No,Equity,NA,NA
IDUB,"Aptus International Enhanced Yield ETF",26.02,"Aptus International Enhanced Yield ETF",NA,NA,No,Equity,NA,NA
IDV,"Intl Select Dividend Ishares ETF",42.1,"iShares International Select Dividend ETF",7,808,No,Equity,"Finance - Investment Funds",Finance
IDVO,"Amplify Intl Enhanced Dividend Income ETF",42.96,"Amplify International Enhanced Dividend Income ETF",9,107,No,Equity,NA,NA
IDVZ,"The Opal International Dividend Income ETF",34.02,"Opal International Dividend Income ETF",NA,NA,No,Equity,NA,NA
IDX,"Vaneck Indonesia Index ETF",15.04,"VanEck Vectors Indonesia Index ETF",NA,NA,No,Equity,NA,NA
IDYN,"Ishares Intl Factor Rotation Active ETF",30.14,"iShares International Equity Factor Rotation Active ETF",NA,NA,No,Equity,NA,NA
IEDI,"US Discretionary Spending Ishares Evolved ETF",57.26,"iShares Evolved U.S. Discretionary Spending ETF",10,2,No,Equity,NA,NA
IEF,"7-10 Year Treasury Bond Ishares ETF",95.9,"iShares 7-10 Year Treasury Bond ETF",30212,900814,Yes,"Fixed Income","Finance - Investment Funds",Finance
IEFA,"EAFE Ishares Core MSCI ETF",94.36,"iShares Core MSCI EAFE ETF",21,3952,No,"Portfolio-Multi Asset",NA,NA
IEI,"3-7 Year Treas Bond Ishares ETF",119.14,"iShares 3-7 Year Treasury Bond ETF",19,3024,No,"Fixed Income",NA,NA
IEMG,"Emrg Mkts Ishares Core MSCI ETF",74.45,"iShares Core MSCI Emerging Markets ETF",70,2671,No,"Portfolio-Multi Asset",NA,NA
IEO,"US Oil & Gas Explor & Prod Ishares ETF",96.37,"iShares U.S. Oil & Gas Exploration & Production ETF",18,550,No,Equity,NA,NA
IETC,"US Technology Ishares Evolved ETF",100.73,"iShares Evolved U.S. Technology ETF",8,111,No,Equity,NA,NA
IEUR,"Europe Ishares Core MSCI ETF",74.5,"iShares Core MSCI Europe ETF",3,118,No,"Portfolio-Multi Asset",NA,NA
IEUS,"Europe Smallcap Ishares MSCI ETF",72.88,"iShares MSCI Europe Small-Cap ETF",NA,NA,No,"Portfolio-Multi Asset",NA,NA
IEV,"Europe 350 Ishares ETF",71.88,"iShares Europe ETF",8,266,No,Equity,NA,NA
IEZ,"US Oil Equipment & Services Ishares ETF",25.29,"iShares U.S. Oil Equipment & Services ETF",26,1328,No,Equity,NA,NA
IFEB,"Innovator Intl Developed Power Buffer ETF Feb",30.43,"Innovator International Developed Power Buffer ETF (Feb)",NA,NA,No,Equity,NA,NA
IFED,"Etracs Ifed Invest With The Fed TR Index ETN",45.47,"ETRACS IFED Invest with the Fed TR Index ETN",NA,NA,No,Equity,NA,NA
IFGL,"Intl Developed Real Estate Ishares ETF",24.19,"iShares International Developed Real Estate ETF",NA,NA,No,Equity,NA,NA
IFLO,"Victoryshares International Free Cash Flow ETF",30.13,"VictoryShares International Free Cash Flow ETF",NA,NA,No,Equity,NA,NA
IFLR,"Innovator International Developed Managed Floor",52.52,"Innovator International Developed Managed Floor ETF",NA,NA,No,Equity,NA,NA
IFRA,"US Infrastructure Ishares ETF",56.31,"iShares U.S. Infrastructure ETF",NA,NA,No,Equity,NA,NA
IFV,"Dorsey Wright Intl Focus 5 ETF FT",27.11,"First Trust Dorsey Wright International Focus 5 ETF",NA,NA,No,"Portfolio-Multi Asset",NA,NA
IG,"Principal Investment Grade Corporate Active ETF",20.97,"Principal Investment Grade Corporate Active ETF",NA,NA,No,"Fixed Income",NA,NA
IGBH,"Int Rate Hedged Long-Term Corp Bond Ishares ETF",24.94,"iShares Interest Rate Hedged Long-Term Corporate Bond ETF",NA,NA,No,"Fixed Income",NA,NA
IGCB,"Tcw Corporate Bond ETF",46.5,"TCW Corporate Bond ETF",NA,NA,No,"Fixed Income",NA,NA
IGE,"Natural Resources North American Ishares ETF",57.74,"iShares North American Natural Resources ETF",NA,NA,No,Equity,"Finance - Investment Funds",Finance
IGEB,"Invst Grade Enhanced Bond Ishares Edge ETF",45.77,"iShares Edge Investment Grade Enhanced Bond ETF",NA,NA,No,"Fixed Income",NA,NA
IGF,"Global Infrastructure Ishares ETF",64.35,"iShares Global Infrastructure ETF",1,7,No,Equity,NA,NA
IGGY,"Ab International Growth ETF",29.55,"AB International Growth ETF",NA,NA,No,Equity,NA,NA
IGHG,"Invst Grade-Interest Rate Hedged ETF",78.99,"ProShares Investment Grade-Interest Rate Hedged ETF",NA,NA,No,"Portfolio-Multi Asset",NA,NA
IGIB,"Interm Term Corp Bond Ishares ETF",53.99,"iShares Intermediate-Term Corporate Bond ETF",1,112,No,"Fixed Income","Finance - Investment Funds",Finance
IGLB,"Long-Term Corp Bond Ishares ETF",50.84,"iShares Long-Term Corporate Bond ETF",19,524,No,"Fixed Income",NA,NA
IGLD,"FT Vest Gold Strategy Target Income ETF",29.73,"FT Vest Gold Strategy Target Income ETF",7,56,No,Commodity,"Internet - Services","Computers and Technology"
IGM,"North American Tech Ishares ETF",132.95,"iShares North American Tech ETF",123,2095,No,Equity,NA,NA
IGME,"Bitwise Gme Option Income Strategy ETF",25.61,"Bitwise GME Option Income Strategy ETF",NA,NA,No,Equity,NA,NA
IGOV,"Intl Treasury Bond Ishares ETF",42.73,"iShares International Treasury Bond ETF",1,2,No,"Fixed Income",NA,NA
IGPT,"Invesco AI and Next Gen Software ETF",66.6,"Invesco AI and Next Gen Software ETF",2,55,No,Equity,NA,NA
IGRO,"Intl Dividend Growth Ishares ETF",85.98,"iShares International Dividend Growth ETF",1,2,No,Equity,NA,NA
IGSB,"Short-Term Corp Bond Ishares ETF",53.03,"iShares Short-Term Corporate Bond ETF",3,120,No,"Fixed Income","Finance - Investment Funds",Finance
IGTR,"Innovator Gradient Tactical Rotation ETF",29.23,"Innovator Gradient Tactical Rotation Strategy ETF",NA,NA,No,Equity,NA,NA
IGV,"North American Tech-Software Ishares ETF",97.06,"iShares North American Tech-Software ETF",27162,210271,No,Equity,NA,NA
IHAK,"Ishares Cybersecurity and Tech ETF",48.26,"iShares Cybersecurity and Tech ETF",1,81,No,Equity,NA,NA
IHDG,"Wisdomtree Intl Hedged Quality Div Growth ETF",49.82,"WisdomTree International Hedged Quality Dividend Growth Fund",NA,NA,No,"Portfolio-Multi Asset",NA,NA
IHE,"US Pharmaceuticals Ishares ETF",86.15,"iShares U.S. Pharmaceuticals ETF",13,182,No,Equity,NA,NA
IHF,"US Healthcare Providers Ishares ETF",45.69,"iShares U.S. Healthcare Providers ETF",820,3248,No,Equity,NA,NA
IHI,"US Medical Devices Ishares ETF",60.06,"iShares U.S. Medical Devices ETF",111,2852,No,Equity,NA,NA
IHY,"Vaneck International High Yield Bond",22.33,"VanEck Vectors International High Yield Bond ETF",NA,NA,No,"Fixed Income",NA,NA
IHYF,"Invesco High Yield Bond Factor ETF",22.67,"Invesco High Yield Bond Factor ETF",NA,NA,No,"Fixed Income",NA,NA
IIGD,"Invesco Investment Grade Defensive ETF",24.81,"Invesco Investment Grade Defensive ETF",NA,NA,No,"Fixed Income",NA,NA
IJAN,"Innovator Intl Developed Power Buffer ETF Jan",37.06,"Innovator International Developed Power Buffer ETF (Jan)",NA,NA,No,Equity,NA,NA
IJH,"S&P Midcap 400 Ishares Core ETF",69.45,"iShares Core S&P Mid-Cap ETF",119,11787,No,Equity,"Finance - Investment Funds",Finance
IJJ,"S&P Midcap 400 Value Ishares ETF",136.92,"iShares S&P Mid-Cap 400 Value ETF",10,80,No,Equity,"Finance - Investment Funds",Finance
IJK,"S&P Midcap 400 Growth Ishares ETF",102.86,"iShares S&P Mid-Cap 400 Growth ETF",6,67,No,Equity,"Finance - Investment Funds",Finance
IJR,"S&P Smallcap Ishares Core ETF",127.06,"iShares Core S&P Small-Cap ETF",84,6801,No,Equity,"Finance - Investment Funds",Finance
IJS,"S&P Smallcap 600 Value Ishares ETF",120.53,"iShares S&P Small-Cap 600 Value ETF",6,533,No,Equity,"Finance - Investment Funds",Finance
IJT,"S&P Smallcap 600 Growth Ishares ETF",148.74,"iShares S&P Small-Cap 600 Growth ETF",3,135,No,Equity,"Finance - Investment Funds",Finance
IJUL,"Innovator Intl Developed Power Buffer ETF Jul",34.37,"Innovator MSCI EAFE Power Buffer ETF (Jul)",NA,NA,No,Equity,NA,NA
IJUN,"Innovator Intl Developed Power Buffer ETF June",29.92,"Innovator International Developed Power Buffer ETF (Jun)",NA,NA,No,Equity,NA,NA
ILCB,"Mstar Largecap Ishares ETF",96.26,"iShares Morningstar U.S. Equity ETF",NA,NA,No,Equity,NA,NA
ILCG,"Mstar Largecap Growth Ishares ETF",105.96,"iShares Morningstar Large-Cap Growth ETF",21,12,No,Equity,NA,NA
ILCV,"Mstar Largecap Value Ishares ETF",96.43,"iShares Morningstar Large-Cap Value ETF",NA,NA,No,Equity,NA,NA
ILDR,"FT Innovation Leaders ETF",33.92,"First Trust Innovation Leaders ETF",NA,NA,No,Equity,NA,NA
ILF,"Latin America 40 Ishares ETF",36.58,"iShares Latin America 40 ETF",2497,8221,No,Equity,"Finance - Investment Funds",Finance
ILIT,"Ishares Lithium Miners and Producers ETF",18.83,"iShares Lithium Miners and Producers ETF",20,259,No,Equity,NA,NA
ILOW,"Ab Intl Low Volatility Equity ETF",44.18,"AB International Low Volatility Equity ETF",NA,NA,No,Equity,NA,NA
ILS,"Brookmont Catastrophic Bond ETF",20.05,"Brookmont Catastrophic Bond ETF",NA,NA,No,"Fixed Income",NA,NA
ILTB,"10+ Year USD Bond Ishares Core ETF",49.92,"iShares Core 10 plus Year USD Bond ETF",NA,NA,No,"Fixed Income",NA,NA
IMAR,"Innovator Intl Developed Power Buffer ETF Mar",30.22,"Innovator International Developed Power Buffer ETF (Mar)",NA,NA,No,Equity,NA,NA
IMAY,"Innovator Intl Dvlp Power Buffer ETF May",30.43,"Innovator International Developed Power Buffer ETF (May)",NA,NA,No,Equity,NA,NA
IMCB,"Mstar Midcap Ishares ETF",86.02,"iShares Morningstar Mid-Cap ETF",NA,NA,No,Equity,NA,NA
IMCG,"Mstar Midcap Growth Ishares ETF",83.49,"iShares Morningstar Mid-Cap Growth ETF",1,30,No,Equity,NA,NA
IMCV,"Mstar Midcap Value Ishares ETF",85.21,"iShares Morningstar Mid-Cap Value ETF",NA,NA,No,Equity,NA,NA
IMF,"Invesco Managed Futures Strategy ETF",48.25,"Invesco Managed Futures Strategy ETF",NA,NA,No,Alternative,NA,NA
IMOM,"Intl Quantitative Momentum ETF",42.69,"Alpha Architect International Quantitative Momentum ETF",NA,NA,No,"Portfolio-Multi Asset",NA,NA
IMRA,"Bitwise Mara Option Income Strategy ETF",16.59,"Bitwise MARA Option Income Strategy ETF",NA,NA,No,Equity,"Medical - Biomedical",Medical
IMST,"Bitwise Mstr Option Income Strategy ETF",12.89,"Bitwise MSTR Option Income Strategy ETF",NA,NA,No,Equity,NA,NA
IMTB,"5-10 Year USD Bond Ishares Core ETF",44.31,"iShares Core 5-10 Year USD Bond ETF",NA,NA,No,"Fixed Income",NA,NA
IMTM,"Intl Momentum Factor Ishares Edge MSCI ETF",51.37,"iShares Edge MSCI Intl Momentum Factor ETF",6,74,No,"Portfolio-Multi Asset",NA,NA
INCE,"Franklin Income Equity Focus ETF",64.24,"Franklin Income Equity Focus ETF",NA,NA,No,Equity,NA,NA
INCM,"Franklin Income Focus ETF",28.87,"Franklin Income Focus ETF",NA,NA,No,"Portfolio-Multi Asset",NA,NA
INCO,"India Consumer Egshares ETF",60.41,"Columbia India Consumer ETF",48,8,No,Equity,NA,NA
IND,"Xtrackers Nifty 500 India ETF",23.78,"Xtrackers Nifty 500 India ETF",NA,NA,No,Equity,NA,NA
INDA,"India MSCI Ishares ETF",51.49,"iShares MSCI India ETF",11938,113278,No,Equity,NA,NA
INDE,"Matthews India Active ETF",28.26,"Matthews India Active ETF",NA,NA,No,Equity,NA,NA
INDH,"Wisdomtree India Hedged Equity Fund",41.07,"WisdomTree India Hedged Equity Fund",NA,NA,No,Equity,NA,NA
INDL,"Direxion Daily MSCI India Bull 2X",51.28,"Direxion Daily MSCI India Bull 2X Shares",40,1893,No,Equity,NA,NA
INDS,"Pacer Benchmark Industrial Real Estate ETF",38.16,"Pacer Benchmark Industrial Real Estate SCTR ETF",NA,NA,No,Alternative,NA,NA
INDY,"India 50 Ishares ETF",46.78,"iShares India 50 ETF",6,122,No,Equity,NA,NA
INEQ,"Columbia Sustainable International ETF",38.76,"Columbia Sustainable International Equity Income ETF",NA,NA,No,Equity,NA,NA
INFL,"Horizon Kinetics Inflation Beneficiaries ETF",50.97,"Horizon Kinetics Inflation Beneficiaries ETF",4,379,No,Equity,NA,NA
INFO,"Harbor Panagora Dynamic Large Cap Core ETF",25.05,"Harbor PanAgora Dynamic Large Cap Core ETF",NA,NA,No,Equity,"Business Information","Business Services"
INFR,"Clearbridge Sustainable Infrastructure ETF",27.74,"ClearBridge Sustainable Infrastructure ETF",NA,NA,No,Equity,NA,NA
INKM,"SSGA Income Allocation ETF SPDR",33.82,"SPDR SSGA Income Allocation ETF",NA,NA,No,"Portfolio-Multi Asset",NA,NA
INMU,"Blackrock Intermediate Muni Income Bond ETF",24.29,"BlackRock Intermediate Muni Income Bond ETF",NA,NA,No,"Fixed Income",NA,NA
INOV,"Innovator Intl Developed Power Buffer ETF Nov",35.66,"Innovator International Developed Power Buffer ETF (Nov)",NA,NA,No,Equity,"IT Services","Computers and Technology"
INQQ,"India Internet & Ecommerce ETF",13.47,"India Internet & Ecommerce Index",4,68,No,Equity,NA,NA
INRO,"Blackrock U.S. Industry Rotation ETF",32.87,"BlackRock U.S. Industry Rotation ETF",NA,NA,No,Equity,NA,NA
INTF,"Intl Multifactor Ishares Edge MSCI ETF",39.86,"iShares Edge MSCI Multifactor Intl ETF",NA,NA,No,Equity,NA,NA
INTM,"Invesco Intermediate Municipal ETF",51.96,"Invesco Intermediate Municipal ETF",NA,NA,No,Equity,NA,NA
INTW,"Graniteshares 2X Long Intc Daily ETF",68.01,"GraniteShares 2x Long INTC Daily ETF",860,4763,No,Equity,NA,NA
INVG,"GMO Systematic Investment Grade Credit ETF",25.79,"GMO Systematic Investment Grade Credit ETF",NA,NA,No,"Fixed Income",NA,NA
INVN,"Alger Russell Innovation ETF",20.86,"Alger Russell Innovation ETF",NA,NA,No,Equity,"Electronics - Misc Components","Computers and Technology"
IOCT,"Innovator Intl Developed Power Buffer ETF Oct",35.76,"Innovator International Developed Power Buffer ETF (Oct)",NA,NA,No,Equity,NA,NA
ION,"Proshares S&P Global Core Battery Metals ETF",64.49,"ProShares S&P Global Core Battery Metals ETF",16,39,No,Equity,NA,NA
IONL,"Graniteshares 2X Long Ionq Daily ETF",32.63,"GraniteShares 2x Long IONQ Daily ETF",121,1104,No,Equity,NA,NA
IONX,"Defiance Daily Target 2X Long Ionq ETF",21.4,"Defiance Daily Target 2X Long IONQ ETF",36,4294,No,Equity,NA,NA
IONZ,"Defiance Daily Target 2X Short Ionq ETF",18.24,"Defiance Daily Target 2X Short IONQ ETF",81,961,No,Equity,NA,NA
IOO,"Global 100 Ishares ETF",129.78,"iShares Global 100 ETF",7,102,No,Equity,NA,NA
IOPP,"Simplify Tara India Opportunities ETF",25.65,"Simplify Tara India Opportunities ETF",NA,NA,No,Equity,NA,NA
IOYY,"Graniteshares Yieldboost Ionq ETF",16.05,"GraniteShares YieldBOOST IONQ ETF",NA,NA,No,Equity,NA,NA
IPAC,"Pacific Ishares Core MSCI ETF",77.72,"iShares Core MSCI Pacific ETF",1,23,No,"Portfolio-Multi Asset",NA,NA
IPAV,"GX Infrastructure Development Ex-U.S. ETF",31.58,"Global X Infrastructure Development ex-U.S. ETF",NA,NA,No,Equity,NA,NA
IPAY,"Amplify Digital Payments ETF",49.77,"Amplify Digital Payments ETF",NA,NA,No,Equity,NA,NA
IPKW,"Intl Buyback Achievers Invesco ETF",58.24,"Invesco International BuyBack Achievers ETF",NA,NA,No,"Portfolio-Multi Asset",NA,NA
IPO,"Renaissance IPO ETF",47.37,"Renaissance IPO ETF",2,608,No,"Portfolio-Multi Asset",NA,NA
IPOS,"Renaissance International IPO ETF",19.58,"Renaissance International IPO ETF",3,77,No,"Portfolio-Multi Asset",NA,NA
IQDF,"Flexshares Intl Quality Div Fund",32.78,"FlexShares International Quality Dividend Index Fund",NA,NA,No,Equity,NA,NA
IQDG,"Wisdomtree Intl Quality Div Growth Fund",43.27,"WisdomTree International Quality Dividend Growth Fund",NA,NA,No,"Portfolio-Multi Asset",NA,NA
IQDY,"Flexshares Intl Quality Div Dyn Fund",39.54,"FlexShares International Quality Dividend Dynamic Index Fund",NA,NA,No,Equity,NA,NA
IQHI,"Nyli Mackay ESG High Income ETF",26.35,"NYLI MacKay ESG High Income ETF",NA,NA,No,"Fixed Income",NA,NA
IQLT,"Intl Quality Factor Ishares Edge MSCI ETF",47.98,"iShares Edge MSCI Intl Quality Factor ETF",NA,NA,No,"Portfolio-Multi Asset",NA,NA
IQM,"Franklin Intelligent Machines ETF",96.31,"Franklin Intelligent Machines ETF",NA,NA,No,Equity,NA,NA
IQQQ,"Proshares Nasdaq-100 High Income ETF",45.87,"ProShares Nasdaq-100 High Income ETF",NA,NA,No,Equity,NA,NA
IQRA,"Nyli CBRE Real Assets ETF",28.86,"NYLI CBRE Real Assets ETF",NA,NA,No,Equity,NA,NA
IQSI,"Nyli Candriam International Equity ETF",36.93,"NYLI Candriam International Equity ETF",NA,NA,No,Equity,NA,NA
IQSM,"Nyli Candriam U.S. Mid Cap Equity ETF",36.21,"NYLI Candriam U.S. Mid Cap Equity ETF",NA,NA,No,Equity,NA,NA
IQSU,"Nyli Candriam U.S. Large Cap Equity ETF",56.29,"NYLI Candriam U.S. Large Cap Equity ETF",NA,NA,No,Equity,NA,NA
IQSZ,"Invesco Global Equity Net Zero ETF",28.7,"Invesco Global Equity Net Zero ETF",NA,NA,No,Equity,NA,NA
IREG,"Leverage Shares 2X Long Iren Daily ETF",41.43,"Leverage Shares 2X Long IREN Daily ETF",NA,NA,No,Equity,NA,NA
IRET,"Marketvector Quality REIT Index ETF",19.04,"iREIT MarketVector Quality REIT Index ETF",NA,NA,No,Equity,"REIT - Equity Trust Other",Finance
IREX,"Tradr 2X Long Iren Daily ETF",25.23,"Tradr 2X Long IREN Daily ETF",1390,19964,No,Equity,NA,NA
IREZ,"Tradr 2X Short Iren Daily ETF",16.02,"Tradr 2X Short IREN Daily ETF",NA,NA,No,Equity,NA,NA
IROC,"Invesco Rochester High Yield Municipal ETF",50.69,"Invesco Rochester High Yield Municipal ETF",NA,NA,No,"Fixed Income",NA,NA
IRTR,"Ishares Lifepath Retirement ETF",31.32,"iShares LifePath Retirement ETF",NA,NA,No,"Portfolio-Multi Asset",NA,NA
IRVH,"GX Interest Rate Vol & Inflation Hedge ETF",20.33,"Global X Interest Rate Volatility & Inflation Hedge ETF",NA,NA,No,"Fixed Income",NA,NA
ISCB,"Mstar Smallcap Ishares ETF",68.3,"iShares Morningstar Small-Cap ETF",NA,NA,No,Equity,"Leisure & Recreation Services","Consumer Discretionary"
ISCF,"Intl Smallcap Multifactor Ishares Edge MSCI ETF",44.61,"iShares Edge MSCI Multifactor Intl Small-Cap ETF",NA,NA,No,Equity,NA,NA
ISCG,"Mstar Smallcap Growth Ishares ETF",58.51,"iShares Morningstar Small-Cap Growth ETF",NA,NA,No,Equity,NA,NA
ISCV,"Mstar Smallcap Value Ishares ETF",71.73,"iShares Morningstar Small-Cap Value ETF",NA,NA,No,Equity,NA,NA
ISEP,"Innovator Intl Developed Power Buffer ETF Sep",33.43,"Innovator International Developed Power Buffer ETF (Sep)",NA,NA,No,Equity,NA,NA
ISHG,"1-3 Year Intl Treas Bond Ishares ETF",77.08,"iShares 1-3 Year International Treasury Bond ETF",NA,NA,No,"Fixed Income",NA,NA
ISHP,"S-Network E-Sommerce ETF FT",39.52,"First Trust S-Network E-Commerce ETF",NA,NA,No,Equity,NA,NA
ISMD,"Inspire Small/Mid Cap Impact ETF",41.14,"Inspire Small/Mid Cap Impact ETF",NA,NA,No,Equity,NA,NA
ISMF,"Ishares Managed Futures Active ETF",27.76,"iShares Managed Futures Active ETF",NA,NA,No,"Portfolio-Multi Asset",NA,NA
ISPY,"Proshares S&P 500 High Income ETF",46.57,"Proshares S&P 500 High Income ETF",1,54,No,Alternative,NA,NA
ISRA,"Vaneck Israel ETF",64.11,"VanEck Vectors Israel ETF",10,55,No,"Portfolio-Multi Asset",NA,NA
ISTB,"1-5 Year USD Bond Ishares Core ETF",48.82,"iShares Core 1-5 Year USD Bond ETF",NA,NA,No,"Portfolio-Multi Asset",NA,NA
ISUL,"Graniteshares 2X Long Isrg Daily ETF",31.68,"GraniteShares 2x Long ISRG Daily ETF",NA,NA,No,Equity,NA,NA
ISVL,"Ishares Intl Dveloped Small Cap Value Factor ETF",51.08,"iShares International Developed Small Cap Value Factor ETF",NA,NA,No,Equity,NA,NA
ISWN,"Amplify Blackswan Iswn ETF",22.17,"Amplify BlackSwan ISWN ETF",NA,NA,No,"Portfolio-Multi Asset",NA,NA
ITA,"US Aerospace & Defense Ishares ETF",233.69,"iShares U.S. Aerospace & Defense ETF",561,15495,No,Equity,NA,NA
ITAN,"Sparkline Intangible Value ETF",38.16,"Sparkline Intangible Value ETF",NA,NA,No,Equity,NA,NA
ITB,"US Home Construction Ishares ETF",103.18,"iShares U.S. Home Construction ETF",6842,75716,No,Equity,NA,NA
ITDB,"Ishares Lifepath Target Date 2030 ETF",33.6,"iShares LifePath Target Date 2030 ETF",NA,NA,No,"Portfolio-Multi Asset",NA,NA
ITDC,"Ishares Lifepath Target Date 2035 ETF",34.87,"iShares LifePath Target Date 2035 ETF",NA,NA,No,"Portfolio-Multi Asset",NA,NA
ITDD,"Ishares Lifepath Target Date 2040 ETF",36.33,"iShares LifePath Target Date 2040 ETF",NA,NA,No,"Portfolio-Multi Asset","Diversified Comm Services",Utilities
ITDE,"Ishares Lifepath Target Date 2045 ETF",37.46,"iShares LifePath Target Date 2045 ETF",NA,NA,No,"Portfolio-Multi Asset",NA,NA
ITDF,"Ishares Lifepath Target Date 2050 ETF",38.64,"iShares LifePath Target Date 2050 ETF",NA,NA,No,"Portfolio-Multi Asset",NA,NA
ITDG,"Ishares Lifepath Target Date 2055 ETF",39.21,"iShares LifePath Target Date 2055 ETF",NA,NA,No,"Portfolio-Multi Asset",NA,NA
ITDH,"Ishares Lifepath Target Date 2060 ETF",39.15,"iShares LifePath Target Date 2060 ETF",NA,NA,No,"Portfolio-Multi Asset",NA,NA
ITDI,"Ishares Lifepath Target Date 2065 ETF",39.17,"iShares LifePath Target Date 2065 ETF",NA,NA,No,"Portfolio-Multi Asset",NA,NA
ITDJ,"Ishares Lifepath Target Date 2070",30.46,"iShares LifePath Target Date 2070 ETF",NA,NA,No,"Portfolio-Multi Asset",NA,NA
ITEQ,"Amplify Bluestar Israel Technology ETF",63.56,"Amplify BlueStar Israel Technology ETF",10,4,No,Equity,NA,NA
ITM,"Vaneck Intermediate Muni ETF",47.37,"VanEck Vectors AMT-Free Intermediate Municipal Index ETF",2,169,No,"Fixed Income",NA,NA
ITOL,"Tema International Durable Quality ETF",28.07,"Tema International Durable Quality ETF",NA,NA,No,Equity,NA,NA
ITOT,"S&P Total US Stock Market Ishares Core ETF",152.1,"iShares Core S&P Total U.S. Stock Market ETF",86,1757,No,Equity,NA,NA
ITWO,"Proshares Russell 2000 High Income ETF",42.38,"ProShares Russell 2000 High Income ETF",1,31,No,Equity,NA,NA
IUS,"Invesco Strategic US ETF",59.42,"Invesco Strategic US ETF",NA,NA,No,Equity,NA,NA
IUSB,"USD Bond Market Total Ishares Core ETF",46.68,"iShares Core Total USD Bond Market ETF",NA,NA,No,"Portfolio-Multi Asset",NA,NA
IUSG,"S&P US Growth Ishares Core ETF",171.59,"iShares Core S&P U.S. Growth ETF",1,225,No,Equity,NA,NA
IUSV,"S&P US Value Ishares Core ETF",104.76,"iShares Core S&P U.S. Value ETF",30,76,No,Equity,NA,NA
IVAL,"Intl Quantitative Valueshares ETF",33.55,"Alpha Architect International Quantitative Value ETF",NA,NA,No,"Portfolio-Multi Asset",NA,NA
IVE,"S&P 500 Value Ishares ETF",216.35,"iShares S&P 500 Value ETF",2,1220,No,Equity,NA,NA
IVES,"Dan Ives Wedbush AI Revolution ETF",33.52,"Dan IVES Wedbush AI Revolution ETF",74,14037,No,Equity,NA,NA
IVLU,"Intl Value Factor Ishares Edge MSCI ETF",40.39,"iShares Edge MSCI Intl Value Factor ETF",61,220,No,Equity,NA,NA
IVOG,"S&P Midcap 400 Growth ETF Vanguard",127.88,"Vanguard S&P Mid-Cap 400 Growth ETF",NA,NA,No,Equity,NA,NA
IVOL,"Quadratic Interest Rate Vol and Infl ETF",18.85,"Quadratic Interest Rate Volatility and Inflation Hedge ETF",20,2629,No,"Fixed Income",NA,NA
IVOO,"S&P Midcap 400 ETF Vanguard",117.62,"Vanguard S&P Mid-Cap 400 ETF",8,45,No,Equity,NA,NA
IVOV,"S&P Midcap 400 Value ETF Vanguard",105.19,"Vanguard S&P Mid-Cap 400 Value ETF",1,1,No,Equity,NA,NA
IVRA,"Invesco Real Assets ESG ETF",16.8,"Invesco Real Assets ESG ETF",NA,NA,No,Equity,NA,NA
IVRS,"Ishares Future Metaverse Tech and Communications",35.21,"iShares Future Metaverse Tech and Communications ETF",NA,NA,No,Equity,NA,NA
IVSI,"Applied Finance Ivs International Large ETF",26.83,"Applied Finance IVS International Large ETF",NA,NA,No,Equity,NA,NA
IVSS,"Applied Finance Ivs US Smid ETF",26.57,"Applied Finance IVS US SMID ETF",NA,NA,No,Equity,NA,NA
IVV,"S&P 500 Ishares Core ETF",698.7,"iShares Core S&P 500 ETF",576,22507,Yes,Equity,"Finance - Investment Funds",Finance
IVVB,"Ishares Large Cap Deep Buffer ETF",33.6,"iShares Large Cap Deep Buffer ETF",NA,NA,No,Equity,NA,NA
IVVM,"Ishares Large Cap Moderate Buffer ETF",35.18,"iShares Large Cap Moderate Buffer ETF",NA,NA,No,"Fixed Income",NA,NA
IVVW,"Ishares S&P 500 Buywrite ETF",46.12,"Ishares S&P 500 Buywrite ETF",NA,NA,No,Equity,NA,NA
IVW,"S&P 500 Growth Ishares ETF",125.61,"iShares S&P 500 Growth ETF",69,3212,No,Equity,NA,NA
IWB,"Russell 1000 Ishares ETF",380.96,"iShares Russell 1000 ETF",10,1258,No,Equity,NA,NA
IWC,"Micro-Cap Ishares ETF",170.96,"iShares Micro-Cap ETF",26,1290,No,Equity,NA,NA
IWD,"Russell 1000 Value Ishares ETF",219.31,"iShares Russell 1000 Value ETF",3,31858,No,Equity,"Finance - Investment Funds",Finance
IWDL,"Etracs 2X US Value Factor TR ETN",51.88,"ETRACS 2x Leveraged US Value Factor TR ETN",NA,NA,No,Equity,NA,NA
IWF,"Russell 1000 Growth Ishares ETF",473.29,"iShares Russell 1000 Growth ETF",163,7567,No,Equity,"Finance - Investment Funds",Finance
IWFG,"Nyli Winslow Focused Large Cap Growth ETF",52.72,"NYLI Winslow Focused Large Cap Growth ETF",NA,NA,No,Equity,NA,NA
IWFL,"Etracs 2X US Growth Factor TR ETN",57.05,"ETRACS 2x Leveraged US Growth Factor TR ETN",NA,NA,No,Equity,NA,NA
IWL,"Russell Top 200 Ishares ETF",173.16,"iShares Russell Top 200 ETF",2,16,No,Equity,NA,NA
IWLG,"Nyli Winslow Large Cap Growth ETF",53.54,"NYLI Winslow Large Cap Growth ETF",NA,NA,No,Equity,NA,NA
IWM,"Russell 2000 Ishares ETF",263.3,"iShares Russell 2000 ETF",1728719,9387976,Yes,Equity,"Finance - Investment Funds",Finance
IWMI,"Neos Russell 2000 High Income ETF",50.48,"NEOS Russell 2000 High Income ETF",43,731,No,Equity,NA,NA
IWML,"Etracs 2X US Size Factor TR ETN",26.62,"ETRACS 2x Leveraged US Size Factor TR ETN",NA,NA,No,Equity,NA,NA
IWMW,"Ishares Russell 2000 Buywrite ETF",39.74,"Ishares Russell 2000 Buywrite ETF",2,28,No,Equity,NA,NA
IWMY,"Defiance R2000 Enhanced Options Income ETF",20.39,"Defiance R2000 Enhanced Options Income ETF",1,255,No,Equity,NA,NA
IWN,"Russell 2000 Value Ishares ETF",194.56,"iShares Russell 2000 Value ETF",50,1667,No,Equity,"Finance - Investment Funds",Finance
IWO,"Russell 2000 Growth Ishares ETF",344.47,"iShares Russell 2000 Growth ETF",43,3078,No,Equity,"Finance - Investment Funds",Finance
IWP,"Russell Midcap Growth Ishares ETF",138.77,"iShares Russell Mid-Cap Growth ETF",1,1298,No,Equity,"Finance - Investment Funds",Finance
IWR,"Russell Midcap Ishares ETF",100.19,"iShares Russell Mid-Cap ETF",1,1804,No,Equity,"Finance - Investment Funds",Finance
IWS,"Russell Midcap Value Ishares ETF",147.84,"iShares Russell Mid-Cap Value ETF",12,85,No,Equity,"Finance - Investment Funds",Finance
IWV,"Russell 3000 Ishares ETF",395.4,"iShares Russell 3000 ETF",7,23243,No,Equity,NA,NA
IWX,"Russell Top 200 Value Ishares ETF",95.52,"iShares Russell Top 200 Value ETF",10,8,No,Equity,NA,NA
IWY,"Russell Top 200 Growth Ishares ETF",276.65,"iShares Russell Top 200 Growth ETF",11,227,No,Equity,NA,NA
IXC,"Global Energy Ishares ETF",46.76,"iShares Global Energy ETF",6,195,No,Equity,NA,NA
IXG,"Global Financials Ishares ETF",121.11,"iShares Global Financials ETF",2,18,No,Equity,NA,NA
IXJ,"Global Healthcare Ishares ETF",98.35,"iShares Global Healthcare ETF",10,27,No,Equity,NA,NA
IXN,"Global Tech Ishares ETF",110.76,"iShares Global Tech ETF",1,220,No,Equity,NA,NA
IXP,"Global Telecom Ishares ETF",122.74,"iShares Global Telecom ETF",1,129,No,Equity,NA,NA
IXUS,"Total Intl Stock Ishares Core MSCI ETF",90.65,"iShares Core MSCI Total International Stock ETF",2,641,No,"Portfolio-Multi Asset",NA,NA
IYC,"US Consumer Services Ishares ETF",104.31,"iShares U.S. Consumer Services ETF",46,40,No,Equity,NA,NA
IYE,"US Energy Ishares ETF",52.98,"iShares U.S. Energy ETF",2,140,No,Equity,"Finance - Investment Funds",Finance
IYF,"US Financials Ishares ETF",126.73,"iShares U.S. Financials ETF",2,274,No,Equity,NA,NA
IYG,"US Financial Services Ishares ETF",89.68,"iShares U.S. Financial Services ETF",4,253,No,Equity,NA,NA
IYH,"US Healthcare Ishares ETF",64.87,"iShares U.S. Healthcare ETF",4,169,No,Equity,NA,NA
IYJ,"US Industrials Ishares ETF",153.48,"iShares U.S. Industrials ETF",1,67,No,Equity,NA,NA
IYK,"US Consumer Goods Ishares ETF",70.32,"iShares U.S. Consumer Goods ETF",20,54,No,Equity,NA,NA
IYLD,"Mstar Multi-Asset Income Ishares ETF",22.31,"iShares Morningstar Multi-Asset Income ETF",NA,NA,No,"Portfolio-Multi Asset",NA,NA
IYM,"US Basic Materials Ishares ETF",177.03,"iShares U.S. Basic Materials ETF",5,492,No,Equity,NA,NA
IYR,"US Real Estate Ishares ETF",95.08,"iShares U.S. Real Estate ETF",1026,124699,Yes,Equity,"Finance - Investment Funds",Finance
IYRI,"Neos Real Estate High Income ETF",48.82,"NEOS Real Estate High Income ETF",43,132,No,Equity,NA,NA
IYT,"Transportation Average Ishares ETF",75.77,"iShares Transportation Average ETF",18,5451,No,Equity,NA,NA
IYW,"US Technology Ishares ETF",204.72,"iShares U.S. Technology ETF",342,8782,No,Equity,"Finance - Investment Funds",Finance
IYY,"DJ US Ishares ETF",169.26,"iShares Dow Jones U.S. ETF",4,113,No,Equity,NA,NA
IYZ,"US Telecommunications Ishares ETF",34.97,"iShares U.S. Telecommunications ETF",17,282,No,Equity,NA,NA
IZRL,"Ark Israel Innovative Technology ETF",31.63,"ARK Israel Innovative Technology ETF",1,123,No,Equity,NA,NA
JAAA,"Janus AAA Clo ETF",50.8,"Janus Henderson AAA CLO ETF",13,1659,No,"Fixed Income",NA,NA
JABS,"Janus Henderson Asset-Backed Securities ETF",50.22,"Janus Henderson Asset-Backed Securities ETF",NA,NA,No,"Fixed Income",NA,NA
JADE,"JPM Active Developing Markets Equity ETF",70.23,"JPMorgan Active Developing Markets Equity ETF",NA,NA,No,Equity,NA,NA
JAJL,"Innovator Equity Defined Protection ETF 6Mo Jan/",29.2,"Innovator Equity Defined Protection ETF - 6mo Jan/Jul",NA,NA,No,Equity,NA,NA
JANH,"Innovator Premium Income 20 Barrier ETF Jan",24.73,"Innovator Premium Income 20 Barrier ETF (Jan)",NA,NA,No,Equity,NA,NA
JANJ,"Innovator Premium Income 30 Barrier ETF Jan",24.73,"Innovator Premium Income 30 Barrier ETF (Jan)",NA,NA,No,Equity,NA,NA
JANM,"FT Vest U.S. Max Buffer ETF - Jan",33.13,"FT Vest U.S. Equity Max Buffer ETF (Jan)",NA,NA,No,Equity,NA,NA
JANP,"PGIM S&P 500 Buffer 12 ETF - January",33.1,"PGIM US Large-Cap Buffer 12 ETF (Jan)",NA,NA,No,Equity,NA,NA
JANT,"Allianzim U.S. Large Cap Buffer10 Jan ETF",41.76,"AllianzIM U.S. Large Cap Buffer10 Jan ETF",NA,NA,No,Equity,NA,NA
JANU,"Allianzim U.S. Equity Buffer15 Uncapped Jan ETF",28.54,"AllianzIM U.S. Equity Buffer15 Uncapped Jan ETF",NA,NA,No,Equity,NA,NA
JANW,"Allianzim U.S. Large Cap Buffer20 Jan ETF",37.32,"AllianzIM U.S. Large Cap Buffer20 Jan ETF",NA,NA,No,Equity,NA,NA
JANZ,"Trueshares Structured Outcome [Jan] ETF",38.48,"TrueShares Structured Outcome (January) ETF",NA,NA,No,Equity,NA,NA
JAPN,"Horizon Kinetics Japan Owner Operator ETF",24.49,"Horizon Kinetics Japan Owner Operator ETF",NA,NA,No,Equity,NA,NA
JAVA,"JPM Active Value ETF",74.94,"JPMorgan Active Value ETF",NA,NA,No,Equity,NA,NA
JBBB,"Janus B-BBB Clo ETF",48.23,"Janus Henderson B-BBB CLO ETF",2,2377,No,"Fixed Income",NA,NA
JBND,"JPM Active Bond ETF",54.14,"JPMorgan Active Bond ETF",NA,NA,No,"Fixed Income",NA,NA
JCHI,"JPM Active China ETF",57.05,"JPMorgan Active China ETF",NA,NA,No,Equity,NA,NA
JCPB,"JPM Core Plus Bond ETF",47.52,"JPMorgan Core Plus Bond ETF",NA,NA,No,"Fixed Income",NA,NA
JCPI,"JPM Inflation Managed Bond ETF",48.38,"JPMorgan Inflation Managed Bond ETF",NA,NA,No,"Fixed Income",NA,NA
JDIV,"JPM Dividend Leaders ETF",55.41,"JPMorgan Dividend Leaders ETF",NA,NA,No,Equity,NA,NA
JDOC,"JPM Healthcare Leaders ETF",58.55,"JPMorgan Healthcare Leaders ETF",NA,NA,No,Equity,NA,NA
JDST,"Direxion Daily Junior Gold Miners Bear 2X",1.47,"Direxion Daily Junior Gold Miners Index Bear 3X Shares",3583,20370,No,"Portfolio-Multi Asset",NA,NA
JDVI,"JH Disciplined Value Intl Select ETF",38.17,"John Hancock Disciplined Value International Select ETF",NA,NA,No,Equity,NA,NA
JDVL,"John Hancock Disciplined Value Select ETF",28.78,"John Hancock Disciplined Value Select ETF",NA,NA,No,Equity,NA,NA
JEDI,"Defiance Drone and Modern Warfare ETF",29.16,"Defiance Drone & Modern Warfare ETF",NA,NA,No,Equity,NA,NA
JEMA,"JPM Activebuilders Emerging Markets Equity ETF",54.63,"JPMorgan Emerging Markets Equity Core ETF",NA,NA,No,Equity,NA,NA
JEMB,"Janus Emerging Markets Debt Hard Currency ETF",53.83,"Janus Henderson Emerging Markets Debt Hard Currency ETF",NA,NA,No,"Fixed Income",NA,NA
JEPI,"JPM Equity Premium Income ETF",58.42,"JPMorgan Equity Premium Income ETF",314,19229,No,Equity,NA,NA
JEPQ,"JPM Nasdaq Equity Premium Income ETF",59.96,"JPMorgan Nasdaq Equity Premium Income ETF",2249,44326,No,"Fixed Income",NA,NA
JETD,"Max Airlines -3X Inverse Leveraged ETN",4.5,"MAX Airlines -3x Inverse Leveraged ETN",NA,NA,No,Equity,NA,NA
JETS,"US Global Jets ETF",27.69,"U.S. Global Jets ETF",1973,172146,Yes,Equity,NA,NA
JETU,"Max Airlines 3X Leveraged ETN",30.89,"MAX Airlines 3x Leveraged ETN",NA,NA,No,Equity,NA,NA
JFLI,"JPM Flexible Income ETF",52.27,"JPMorgan Flexible Income ETF",NA,NA,No,"Portfolio-Multi Asset",NA,NA
JFLX,"Jpmorgan Flexible Debt ETF",50.66,"JPMorgan Flexible Debt ETF",NA,NA,No,"Fixed Income",NA,NA
JGLO,"JPM Global Select Equity ETF",69.43,"JPMorgan Global Select Equity ETF",NA,NA,No,Equity,NA,NA
JGRO,"JPM Active Growth ETF",92.69,"JPMorgan Active Growth ETF",NA,NA,No,Equity,NA,NA
JGRW,"Jensen Quality Growth ETF",27.18,"Jensen Quality Growth ETF",NA,NA,No,Equity,NA,NA
JHAC,"JH Fundamental All Cap Core ETF",15.18,"John Hancock Fundamental All Cap Core ETF",NA,NA,No,Equity,NA,NA
JHAI,"Janus Global Artificial Intelligence ETF",28.69,"Janus Henderson Global Artificial Intelligence ETF",NA,NA,No,Equity,NA,NA
JHCB,"JH Corporate Bond ETF",21.55,"John Hancock Corporate Bond ETF",NA,NA,No,"Fixed Income",NA,NA
JHCP,"John Hancock Core Plus Bond ETF",25.4,"John Hancock Core Plus Bond ETF",NA,NA,No,"Fixed Income",NA,NA
JHCR,"John Hancock Core Bond ETF",25.4,"John Hancock Core Bond ETF",NA,NA,No,"Fixed Income",NA,NA
JHDV,"JH U.S. High Dividend ETF",41.67,"John Hancock U.S. High Dividend ETF",NA,NA,No,Equity,NA,NA
JHEM,"JH Multifactor Emerging Markets ETF",35.84,"John Hancock Multifactor Emerging Markets ETF",NA,NA,No,Equity,NA,NA
JHHY,"JH High Yield ETF",25.89,"John Hancock High Yield ETF",NA,NA,No,"Fixed Income",NA,NA
JHID,"JH International High Dividend ETF",40.69,"John Hancock International High Dividend ETF",NA,NA,No,Equity,NA,NA
JHLN,"John Hancock Global Senior Loan ETF",24.71,"John Hancock Global Senior Loan ETF",NA,NA,No,"Fixed Income",NA,NA
JHMB,"JH Mortgage-Backed Securities ETF",22.26,"John Hancock Mortgage Backed Securities ETF",NA,NA,No,"Fixed Income",NA,NA
JHMD,"JH Developed Intl Multifactor ETF",43.69,"John Hancock Multifactor Developed International ETF",NA,NA,No,Equity,NA,NA
JHML,"JH Largecap Multifactor ETF",82.12,"John Hancock Multifactor Large Cap ETF",NA,NA,No,Equity,NA,NA
JHMM,"JH Midcap Multifactor ETF",68.96,"John Hancock Multifactor Mid Cap ETF",4,9,No,Equity,NA,NA
JHMU,"JH Dynamic Municipal Bond ETF",26.39,"John Hancock Dynamic Municipal Bond ETF",NA,NA,No,"Fixed Income",NA,NA
JHPI,"JH Preferred I ETF",23.09,"John Hancock Preferred Income ETF",NA,NA,No,Alternative,NA,NA
JHSC,"JH Multifactor Small Cap ETF",44.65,"John Hancock Multifactor Small Cap ETF",NA,NA,No,Equity,NA,NA
JIG,"JPM International Growth ETF",78.95,"JPMorgan International Growth ETF",NA,NA,No,Equity,NA,NA
JIII,"Janus Henderson Income ETF",50.64,"Janus Henderson Income ETF",NA,NA,No,"Fixed Income",NA,NA
JIRE,"JPM International Research Enhanced Equity ETF",78.71,"JPMorgan International Research Enhanced Equity ETF",NA,NA,No,Equity,NA,NA
JIVE,"JPM International Value ETF",86.98,"JPMorgan International Value ETF",NA,NA,No,Equity,"Computer - Software","Computers and Technology"
JLQD,"Janus Sustainable Corporate Bond ETF",42.18,"Janus Henderson Sustainable Corporate Bond ETF",NA,NA,No,"Fixed Income",NA,NA
JMBS,"Janus Mortgage-Backed Securities ETF",45.94,"Janus Henderson Mortgage-Backed Securities ETF",2,8,No,"Fixed Income",NA,NA
JMEE,"JPM Small & Mid Cap Enhanced Equity ETF",67.89,"JPMorgan Market Expansion Enhanced Equity ETF",NA,NA,No,Equity,NA,NA
JMHI,"JPM High Yield Municipal ETF",50.56,"JPMorgan High Yield Municipal ETF",NA,NA,No,"Fixed Income",NA,NA
JMID,"Janus Henderson Mid Cap Growth Alpha ETF",29.88,"Janus Henderson Mid Cap Growth Alpha ETF",NA,NA,No,Equity,NA,NA
JMOM,"JPM U.S. Momentum Factor ETF",70.93,"JPMorgan U.S. Momentum Factor ETF",NA,NA,No,Equity,NA,NA
JMSI,"JPM Sustainable Municipal Income ETF",50.73,"JPMorgan Sustainable Municipal Income ETF",NA,NA,No,"Fixed Income",NA,NA
JMST,"JPM Ultra-Short Municipal Income ETF",51.12,"JPMorgan Ultra-Short Municipal ETF",NA,NA,No,"Fixed Income",NA,NA
JMTG,"JPM Mortgage-Backed Securities ETF",51.25,"JPMorgan Mortgage-Backed Securities ETF",NA,NA,No,"Fixed Income",NA,NA
JMUB,"JPM Municipal ETF",50.8,"JPMorgan Municipal ETF",NA,NA,No,"Fixed Income",NA,NA
JNEU,"Allianzim U.S. Equity Buffer15 Uncapped June ETF",30.9,"AllianzIM U.S. Equity Buffer15 Uncapped June ETF",NA,NA,No,Equity,NA,NA
JNK,"BBG High Yield Bond SPDR ETF",97.75,"SPDR Bloomberg High Yield Bond ETF",1,7104,No,"Fixed Income","Finance - Investment Funds",Finance
JNUG,"Direxion Daily Junior Gold Miners Bull 2X",354.57,"Direxion Daily Junior Gold Miners Index Bull 3X Shares",1808,21150,No,"Portfolio-Multi Asset",NA,NA
JOBX,"Tradr 2X Long Joby Daily ETF",18.23,"Tradr 2X Long JOBY Daily ETF",3,217,No,Equity,NA,NA
JOET,"Virtus Terranova U.S. Quality Momentum ETF",43.04,"Virtus Terranova U.S. Quality Momentum ETF",NA,NA,No,Equity,NA,NA
JOJO,"Atac Credit Rotation ETF",15.68,"ATAC Credit Rotation ETF",NA,NA,No,"Fixed Income",NA,NA
JOYT,"Jpmorgan Equity and Options Total Return ETF",55.88,"JPMorgan Equity and Options Total Return ETF",NA,NA,No,Equity,NA,NA
JPAN,"Matthews Japan Active ETF",37.52,"Matthews Japan Active ETF",NA,NA,No,Equity,NA,NA
JPEF,"JPM Equity Focus ETF",75.95,"JPMorgan Equity Focus ETF",NA,NA,No,Equity,NA,NA
JPEM,"JPM Diversified Return Emerging Markets Equity E",66.33,"JPMorgan Diversified Return Emerging Markets Equity ETF",NA,NA,No,Equity,NA,NA
JPHY,"JPM Active High Yield ETF",50.9,"JPMorgan Active High Yield ETF",NA,NA,No,"Fixed Income",NA,NA
JPIB,"JPM International Bond Opportunities ETF",49.16,"JPMorgan International Bond Opportunities ETF",NA,NA,No,"Fixed Income",NA,NA
JPIE,"JPM Income ETF",46.45,"JPMorgan Income ETF",NA,NA,No,"Fixed Income",NA,NA
JPIN,"JPM Diversified Return International Equity ETF",72.07,"JPMorgan Diversified Return International Equity ETF",NA,NA,No,"Portfolio-Multi Asset",NA,NA
JPLD,"JPM Limited Duration Bond ETF",52.54,"JPMorgan Limited Duration Bond ETF",NA,NA,No,"Fixed Income",NA,NA
JPMB,"JPM USD Emerging Markets Sovereign Bond ETF",40.44,"JPMorgan USD Emerging Markets Sovereign Bond ETF",NA,NA,No,"Fixed Income",NA,NA
JPME,"JPM Diversified Return U.S. Mid Cap Equity ETF",113.42,"JPMorgan Diversified Return U.S. Mid Cap Equity ETF",NA,NA,No,Equity,NA,NA
JPMO,"Yieldmax JPM Option Income Strategy ETF",14.7,"YieldMax JPM Option Income Strategy ETF",NA,NA,No,Equity,NA,NA
JPRE,"JPM Realty Income ETF",47.09,"JPMorgan Realty Income ETF",NA,NA,No,Alternative,NA,NA
JPSE,"JPM Diversified Return U.S. Small Cap Equity ETF",53.38,"JPMorgan Diversified Return U.S. Small Cap Equity ETF",NA,NA,No,Equity,NA,NA
JPST,"JPM Ultra-Short Income ETF",50.75,"JPMorgan Ultra-Short Income ETF",NA,NA,No,"Fixed Income",NA,NA
JPSV,"JPM Active Small Cap Value ETF",60.38,"JPMorgan Active Small Cap Value ETF",NA,NA,No,Equity,NA,NA
JPUS,"JPM Diversified Return U.S. Equity ETF",129.21,"JPMorgan Diversified Return U.S. Equity ETF",NA,NA,No,"Portfolio-Multi Asset",NA,NA
JPXN,"Jpx-Nikkei 400 Ishares ETF",91.55,"iShares JPX-Nikkei 400 ETF",NA,NA,No,Equity,NA,NA
JPY,"Lazard Japanese Equity ETF",33.05,"Lazard Japanese Equity ETF",NA,NA,No,Equity,NA,NA
JQUA,"JPM U.S. Quality Factor ETF",64.64,"JPMorgan U.S. Quality Factor ETF",NA,NA,No,Equity,NA,NA
JRE,"Janus U.S. Real Estate ETF",23.44,"Janus Henderson U.S. Real Estate ETF",NA,NA,No,Alternative,NA,NA
JSCP,"JPM Short Duration Core Plus ETF",47.65,"JPMorgan Short Duration Core Plus ETF",NA,NA,No,"Fixed Income",NA,NA
JSI,"Janus Securitized Income ETF",52.35,"Janus Henderson Securitized Income ETF",NA,NA,No,"Fixed Income",NA,NA
JSMD,"Janus Small/Midcap Growth ETF",86.9,"Janus Henderson Small/Mid Cap Growth Alpha",NA,NA,No,Equity,NA,NA
JSML,"Janus Smallcap Growth ETF",77.15,"Janus Henderson Small Cap Growth Alpha ETF",NA,NA,No,Equity,NA,NA
JSTC,"Adasina Social Justice All Cap Global ETF",21,"Adasina Social Justice All Cap Global ETF",NA,NA,No,Equity,NA,NA
JTEK,"JPM U.S. Tech Leaders ETF",91.74,"JPMorgan U.S. Tech Leaders ETF",NA,NA,No,"Portfolio-Multi Asset",NA,NA
JUCY,"Aptus Enhanced Yield ETF",22.3,"Aptus Enhanced Yield ETF",NA,NA,No,"Fixed Income",NA,NA
JULH,"Innovator Premium Income 20 Barrier ETF Jul",25.02,"Innovator Premium Income 20 Barrier ETF (Jul)",NA,NA,No,Equity,NA,NA
JULJ,"Innovator Premium Income 30 Barrier ETF Jul",25,"Innovator Premium Income 30 Barrier ETF (Jul)",NA,NA,No,Equity,NA,NA
JULM,"FT Vest U.S. Max Buffer ETF - Jul",33.76,"FT Vest U.S. Equity Max Buffer ETF (Jul)",NA,NA,No,Equity,NA,NA
JULP,"PGIM S&P 500 Buffer 12 ETF - July",31.13,"PGIM US Large-Cap Buffer 12 ETF (Jul)",NA,NA,No,Equity,NA,NA
JULT,"Allianzim U.S. Large Cap Buffer10 Jul ETF",45.38,"AllianzIM U.S. Large Cap Buffer10 Jul ETF",NA,NA,No,Equity,NA,NA
JULU,"Allianzim U.S. Equity Buffer15 Uncapped Jul ETF",30.15,"AllianzIM U.S. Equity Buffer15 Uncapped Jul ETF",NA,NA,No,Equity,NA,NA
JULW,"Allianzim U.S. Large Cap Buffer20 Jul ETF",39.4,"AllianzIM U.S. Large Cap Buffer20 Jul ETF",NA,NA,No,Equity,NA,NA
JULZ,"Trueshares Structured Outcome [Jul] ETF",42.92,"TrueShares Structured Outcome (July) ETF",NA,NA,No,Equity,NA,NA
JUNM,"FT Vest U.S. Max Buffer ETF - Jun",34.38,"FT Vest U.S. Equity Max Buffer ETF (Jun)",NA,NA,No,Equity,NA,NA
JUNP,"PGIM S&P 500 Buffer 12 ETF - June",30.8,"PGIM US Large-Cap Buffer 12 ETF (Jun)",NA,NA,No,Equity,"Medical - HMO",Medical
JUNT,"Aim U.S. Large Cap Buffer10 Jun ETF",36.68,"AllianzIM U.S. Large Cap Buffer10 Jun ETF",NA,NA,No,Equity,NA,NA
JUNW,"Aim U.S. Large Cap Buffer20 Jun ETF",33.58,"AllianzIM U.S. Large Cap Buffer20 Jun ETF",NA,NA,No,Equity,NA,NA
JUNZ,"Trueshares Structured Outcome [Jun] ETF",33.29,"TrueShares Structured Outcome (June) ETF",NA,NA,No,Equity,NA,NA
JUSA,"JPM U.S. Research Enhanced Large Cap ETF",62.89,"JPMorgan ActiveBuilders U.S. Large Cap Equity ETF",NA,NA,No,Equity,NA,NA
JUST,"GS Just U.S. Large Cap Equity ETF",98.66,"Goldman Sachs JUST U.S. Large Cap Equity ETF",NA,NA,No,Equity,NA,NA
JVAL,"JPM U.S. Value Factor ETF",51.15,"JPMorgan U.S. Value Factor ETF",1,28,No,Equity,NA,NA
JXI,"Global Utilities Ishares ETF",81.76,"iShares Global Utilities ETF",NA,NA,No,Equity,NA,NA
JXX,"Janus Henderson Transformational Growth ETF",27.66,"Janus Henderson Transformational Growth ETF",NA,NA,No,Equity,NA,NA
KAPR,"Innovator U.S. Smallcap Power Buffer ETF Apr",35.65,"Russell 2000 Power Buffer ETF (April)",NA,NA,No,Equity,NA,NA
KARS,"KS Electric Vehicles and Future Mobility ETF",32.97,"KraneShares Electric Vehicles & Future Mobility ETF",6,334,No,Equity,NA,NA
KAT,"Scharf ETF",56.37,"Scharf ETF",NA,NA,No,Equity,NA,NA
KAUG,"Innovator US Small Cap Power Buffer ETF August",27.22,"Innovator US Small Cap Power Buffer ETF (Aug)",NA,NA,No,Equity,NA,NA
KBA,"KS Bosera MSCI China A ETF",30.88,"KraneShares Bosera MSCI China A ETF",6,740,No,"Portfolio-Multi Asset",NA,NA
KBAB,"Kraneshares 2X Long Baba Daily ETF",19.83,"KraneShares 2x Long BABA Daily ETF",NA,NA,No,Equity,NA,NA
KBDU,"Kraneshares 2X Long Bidu Daily ETF",43.09,"KraneShares 2x Long BIDU Daily ETF",NA,NA,No,Equity,NA,NA
KBE,"S&P Bank ETF SPDR",63,"SPDR S&P Bank ETF",777,180419,No,Equity,NA,NA
KBUF,"Kraneshares 90% Kweb Defined ETF Jan 2026",31.61,"KraneShares 90% KWEB Defined Outcome January 2026 ETF",NA,NA,No,Equity,NA,NA
KBWB,"KBW Bank Invesco ETF",85.09,"Invesco KBW Bank ETF",177,35178,No,"Portfolio-Multi Asset",NA,NA
KBWD,"KBW High Dividend Yield Financial Invesco ETF",14.28,"Invesco KBW High Dividend Yield Financial ETF",10,972,No,Equity,NA,NA
KBWP,"KBW Property & Casualty Insurance Invesco ETF",121.37,"Invesco KBW Property & Casualty Insurance ETF",1,87,No,Equity,NA,NA
KBWR,"KBW Regional Banking Invesco ETF",65.29,"Invesco KBW Regional Banking ETF",4,40,No,"Portfolio-Multi Asset",NA,NA
KBWY,"KBW Premium Yield Equity REIT Invesco ETF",15.64,"Invesco KBW Premium Yield Equity REIT ETF",21,515,No,Equity,NA,NA
KCAI,"Kraneshares China Alpha Index ETF",30.38,"KraneShares China Alpha Index ETF",NA,NA,No,Equity,NA,NA
KCCA,"KS California Carbon Allowance ETF",15.57,"KraneShares California Carbon Allowance ETF",2,263,No,Commodity,NA,NA
KCE,"S&P Capital Markets ETF SPDR",156.76,"SPDR S&P Capital Markets ETF",1,54,No,Equity,NA,NA
KCSH,"KS Sustainable Ultra Short Duration Index ETF",25.14,"KraneShares Sustainable Ultra Short Duration Index ETF",NA,NA,No,"Fixed Income",NA,NA
KDEC,"Innovator U.S. Small Cap Power Buffer ETF Decemb",26.39,"Innovator U.S. Small Cap Power Buffer ETF (Dec)",NA,NA,No,Equity,NA,NA
KDEF,"Plus Korea Defense Industry Index ETF",57.55,"PLUS Korea Defense Industry Index ETF",44,359,No,Equity,NA,NA
KDRN,"ETF Opp Kingsbarn Tactical Bond ETF",23.32,"Kingsbarn Tactical Bond ETF",NA,NA,No,"Fixed Income",NA,NA
KEAT,"Keating Active ETF",33.03,"Keating Active ETF",NA,NA,No,Equity,NA,NA
KEMQ,"KS EM Consumer Technology Index ETF",27.98,"KraneShares Emerging Markets Consumer Technology ETF",NA,NA,No,Equity,NA,NA
KEMX,"KS MSCI Emerging Markets Ex China Index ETF",42.45,"KraneShares MSCI Emerging Markets ex-China Index ETF",1,25,No,Equity,NA,NA
KEUA,"KS European Carbon Allowance ETF",28.02,"KraneShares European Carbon Allowance ETF",1,37,No,Commodity,NA,NA
KFEB,"Innovator U.S. Small Cap Power Buffer ETF Feb",29.01,"Innovator U.S. Small Cap Power Buffer ETF (Feb)",NA,NA,No,Equity,NA,NA
KGLD,"Kurv Gold Enhanced Income ETF",38.63,"Kurv Gold Enhanced Income ETF",NA,NA,No,Commodity,NA,NA
KGRN,"KS MSCI China Environment Index ETF",27.86,"KraneShares MSCI China Environment ETF",NA,NA,No,Equity,NA,NA
KHPI,"Kensington Hedged Premium Income ETF",25.94,"Kensington Hedged Premium Income ETF",NA,NA,No,Equity,NA,NA
KHYB,"KS Ccbs China Corp High Yield Bond USD ETF",24.84,"KraneShares Asia Pacific High Yield Bond ETF",NA,NA,No,"Fixed Income",NA,NA
KIE,"S&P Insurance ETF SPDR",57.75,"SPDR S&P Insurance ETF",126,20850,No,Equity,NA,NA
KIQQ,"KS Insperex Nasdaq Dynamic Buffered High Income",25.2,"KraneShares InspereX Nasdaq Dynamic Buffered High Income Index ETF",NA,NA,No,Equity,NA,NA
KJAN,"Innovator U.S. Smallcap Power Buffer ETF Jan",42.75,"Russell 2000 Power Buffer ETF (January)",NA,NA,No,Equity,NA,NA
KJD,"Kraneshares 2X Long Jd Daily ETF",18.9,"KraneShares 2x Long JD Daily ETF",60,9,No,Equity,NA,NA
KJUL,"Innovator U.S. Smallcap Power Buffer ETF Jul",32.43,"Innovator Russell 2000 Power Buffer ETF (Jul)",NA,NA,No,Equity,NA,NA
KJUN,"Innovator U.S. Small Cap Power Buffer ETF June",28.42,"Innovator U.S. Small Cap Power Buffer ETF (Jun)",NA,NA,No,Equity,NA,NA
KLAG,"Leverage Shares 2X Long Klac Daily ETF",27.9,"Leverage Shares 2X Long KLAC Daily ETF",NA,NA,No,Equity,NA,NA
KLIP,"KS China Internet and Covered Call Strategy ETF",31.77,"KraneShares China Internet & Covered Call Strategy ETF",1,44,No,Equity,NA,NA
KLMN,"Invesco MSCI North America Climate ETF",28.65,"Invesco MSCI North America Climate ETF",NA,NA,No,Equity,NA,NA
KLMT,"Invesco MSCI Global Climate 500 ETF",32.03,"Invesco MSCI Global Climate 500 ETF",NA,NA,No,Equity,NA,NA
KLXY,"KS Global Luxury Index ETF",25.41,"KraneShares Global Luxury Index ETF",NA,NA,No,Equity,NA,NA
KMAR,"Innovator U.S. Small Cap Power Buffer ETF March",29.53,"Innovator U.S. Small Cap Power Buffer ETF (Mar)",NA,NA,No,Equity,NA,NA
KMAY,"Innovator U.S. Small Cap Power Buffer ETF May",28.65,"Innovator U.S. Small Cap Power Buffer ETF (May)",NA,NA,No,Equity,NA,NA
KMID,"Virtus Kar Mid-Cap ETF",25.37,"Virtus KAR Mid-Cap ETF",NA,NA,No,Equity,NA,NA
KMLI,"Kraneshares 2X Long Meli Daily ETF",17.12,"KraneShares 2x Long MELI Daily ETF",NA,NA,No,Equity,NA,NA
KMLM,"Kfa Mount Lucas Index Strategy ETF",26.69,"KFA Mount Lucas Index Strategy ETF",1,6,No,"Fixed Income",NA,NA
KNCT,"Invesco Next Gen Connectivity ETF",144.45,"Invesco Next Gen Connectivity ETF",NA,NA,No,Equity,NA,NA
KNG,"FT Vest S&P 500 Dividend Aristocrats Target Inco",50.55,"Cboe Vest S&P 500 Dividend Aristocrats Target Income ETF",NA,NA,No,Equity,NA,NA
KNGZ,"FT S&P 500 Diversified Dividend Aristocrats ETF",37.39,"First Trust S&P 500 Diversified Dividend Aristocrats ETF",1,58,No,Equity,NA,NA
KNO,"Axs Knowledge Leaders ETF",54.87,"AXS Knowledge Leaders ETF",NA,NA,No,Equity,NA,NA
KNOV,"Innovator U.S. Small Cap Power Buffer ETF Novemb",29.41,"Innovator U.S. Small Cap Power Buffer ETF (Nov)",NA,NA,No,Equity,NA,NA
KNOW,"Fundamentals First ETF",12.07,"Fundamentals First ETF",NA,NA,No,Equity,"Finance - Investment Funds",NA
KNRG,"Simplify Energy and Infrastructure Credit ETF",25.94,"Simplify Kayne Anderson Energy and Infrastructure Credit ETF",NA,NA,No,"Fixed Income",NA,NA
KOCT,"Innovator U.S. Smallcap Power Buffer ETF Oct",34.81,"Innovator Russell 2000 Power Buffer ETF (Oct)",NA,NA,No,Equity,NA,NA
KOID,"Humanoid and Embodied Intelligence Index ETF",34.48,"KraneShares Global Humanoid & Embodied Intelligence Index ETF",NA,NA,No,Equity,NA,NA
KOKU,"Xt MSCI Kokusai Equity ETF",122.94,"Xtrackers MSCI Kokusai Equity ETF",NA,NA,No,Equity,NA,NA
KOLD,"Ultrashort Bloomberg Natural Gas -2X ETF",19.26,"ProShares UltraShort Bloomberg Natural Gas",35945,153531,Yes,Commodity,NA,NA
KOMP,"SPDR Kensho & New Economies Composite ETF",65.69,"SPDR S&P Kensho New Economies Composite ETF",2,22,No,Equity,NA,NA
KONG,"Opportunities Formidable Fortress ETF",31.35,"Formidable Fortress ETF",NA,NA,No,Equity,NA,NA
KOOL,"North Shore Equity Rotation ETF",13.32,"North Shore Equity Rotation ETF",NA,NA,No,Equity,"Medical Instruments",Medical
KORP,"American Century Dvfd Corp Bond ETF",47.48,"American Century Diversified Corporate Bond ETF",NA,NA,No,"Fixed Income",NA,NA
KORU,"Direxion Daily South Korea Bull 3X",378,"Direxion Daily MSCI South Korea Bull 3X Shares",82,1015,No,"Portfolio-Multi Asset",NA,NA
KPDD,"Kraneshares 2X Long Pdd Daily ETF",9.26,"KraneShares 2X Long PDD Daily ETF",16,365,No,Equity,NA,NA
KPRO,"Kraneshares 100% Kweb Defined ETF Jan 2026",28.75,"KraneShares 100% KWEB Defined Outcome January 2026 ETF",NA,NA,No,Equity,NA,NA
KQQQ,"Kurv Technology Titans Select ETF",28.1,"Kurv Technology Titans Select ETF",NA,NA,No,Equity,NA,NA
KRBN,"Kfa Global Carbon ETF",34.58,"KFA Global Carbon ETF",1,65,No,Equity,NA,NA
KRE,"S&P Regional Banking ETF SPDR",67.78,"SPDR S&P Regional Banking ETF",28638,1565922,Yes,Equity,NA,NA
KRMA,"GX Conscious Companies ETF",44.16,"Global X Conscious Companies ETF",NA,NA,No,Equity,NA,NA
KROP,"GX Agtech & Food Innovation ETF",33.12,"Global X AgTech & Food Innovation ETF",NA,NA,No,Equity,NA,NA
KSA,"Saudi Arabia Ishares MSCI ETF",40.14,"iShares MSCI Saudi Arabia ETF",126,1878,No,Equity,NA,NA
KSEP,"Innovator U.S. Small Cap Power Buffer ETF Sep",28.81,"Innovator U.S. Small Cap Power Buffer ETF (Sep)",NA,NA,No,Equity,NA,NA
KSLV,"Kurv Silver Enhanced Income ETF",58.22,"Kurv Silver Enhanced Income ETF",NA,NA,No,Commodity,NA,NA
KSPY,"Kraneshares Hedgeye Hedged Equity Index ETF",27.98,"KraneShares Hedgeye Hedged Equity Index ETF",NA,NA,No,Equity,NA,NA
KSTR,"KS Sse Star Market 50 Index ETF",21.61,"KraneShares SSE STAR Market 50 Index ETF",2,973,No,Equity,NA,NA
KTEC,"KS Hang Seng Tech Index ETF",16.52,"KraneShares Hang Seng TECH Index ETF",1,606,No,Equity,"Machinery - Material Handling","Industrial Products"
KTUP,"T-Rex 2X Long Ktos Daily Target ETF",47.37,"T-REX 2X Long KTOS Daily Target ETF",9,202,No,Equity,NA,NA
KURE,"KS MSCI All China Health Care Index ETF",18.02,"KraneShares MSCI All China Health Care Index ETF",5,235,No,Equity,NA,NA
KVLE,"KS Kfa Value Line Dynamic Core Equity ETF",26.42,"KFA Value Line Dynamic Core Equity Index ETF",NA,NA,No,Equity,NA,NA
KWEB,"KS CSI China Internet ETF",36.09,"KraneShares CSI China Internet ETF",60419,3263622,Yes,"Portfolio-Multi Asset",NA,NA
KWT,"Ishares MSCI Kuwait ETF",37.48,"iShares MSCI Kuwait ETF",NA,NA,No,Equity,NA,NA
KXI,"Global Cons Staples Ishares ETF",67.31,"iShares Global Consumer Staples ETF",NA,NA,No,Equity,NA,NA
LABD,"Direxion Daily S&P Biotech Bear 3X",18.68,"Direxion Daily S&P Biotech Bear 3x Shares",973,20238,Yes,"Portfolio-Multi Asset",NA,NA
LABU,"Direxion Daily S&P Biotech Bull 3X",170.76,"Direxion Daily S&P Biotech Bull 3x Shares",2513,25113,Yes,"Portfolio-Multi Asset",NA,NA
LABX,"Tradr 2X Long Alab Daily ETF",14.89,"Tradr 2X Long ALAB Daily ETF",124,1820,No,Equity,NA,NA
LACG,"Leverage Shares 2X Long Lac Daily ETF",18.78,"Leverage Shares 2X Long LAC Daily ETF",NA,NA,No,Equity,NA,NA
LALT,"FT Multi-Strategy ETF",24.07,"First Trust Multi-Strategy Alternative ETF",NA,NA,No,Alternative,NA,NA
LAPR,"Innovator Premium Income 15 Buffer ETF Apr",25.18,"Innovator Premium Income 15 Buffer ETF (Apr)",NA,NA,No,Equity,NA,NA
LAYS,"Stkd 100% Nvda & 100% Amd ETF",54.61,"STKd 100% NVDA & 100% AMD ETF",NA,NA,No,Equity,NA,NA
LBAY,"Leatherback Long/Short Alternative Yield ETF",25.42,"Leatherback Long/Short Alternative Yield ETF",NA,NA,No,Equity,NA,NA
LBO,"Whitewolf Publicly Listed Private Equity ETF",28.4,"WHITEWOLF Publicly Listed Private Equity ETF",NA,NA,No,Equity,NA,NA
LCAP,"Principal Capital Appreciation Select ETF",30.48,"Principal Capital Appreciation Select ETF",NA,NA,No,Equity,"Medical Services",Medical
LCDL,"Graniteshares 2X Long Lcid Daily ETF",3.28,"GraniteShares 2x Long LCID Daily ETF",10,618,No,Equity,NA,NA
LCDS,"JPM Fundamental Data Science Large Core ETF",67.04,"JPMorgan Fundamental Data Science Large Core ETF",NA,NA,No,Equity,NA,NA
LCF,"Touchstone US Large Cap Focused ETF",43.08,"Touchstone US Large Cap Focused ETF",NA,NA,No,Equity,NA,NA
LCIZ,"Tradr 2X Short Lcid Daily ETF",27.07,"Tradr 2X Short LCID Daily ETF",NA,NA,No,Equity,NA,NA
LCLG,"Logan Capital Broad Innovative Growth ETF",65.17,"Logan Capital Broad Innovative Growth ETF",NA,NA,No,Equity,NA,NA
LCOW,"Pacer S&P 500 Quality Fcf Aristocrats ETF",24.24,"Pacer S&P 500 Quality FCF Aristocrats ETF",NA,NA,No,Equity,NA,NA
LCR,"Leuthold Core ETF",38.79,"Leuthold Core ETF",NA,NA,No,"Portfolio-Multi Asset",NA,NA
LCTD,"Blackrock World Ex U.S. Carbon Transition ETF",57.52,"BlackRock World ex U.S. Carbon Transition Readiness ETF",NA,NA,No,Equity,NA,NA
LCTU,"Blackrock U.S. Carbon Transition Readiness ETF",75.15,"BlackRock U.S. Carbon Transition Readiness ETF",NA,NA,No,Equity,NA,NA
LDDR,"Lifex 2035 Term Income ETF",83.1,"LifeX 2035 Term Income ETF",NA,NA,No,"Fixed Income",NA,NA
LDEM,"Ishares ESG MSCI EM Leaders ETF",63.59,"iShares ESG MSCI EM Leaders ETF",NA,NA,No,Equity,NA,NA
LDRC,"Ishares Ibonds 1-5 Year Corporate Ladder ETF",25.44,"iShares iBonds 1-5 Year Corporate Ladder ETF",NA,NA,No,"Fixed Income",NA,NA
LDRH,"Ishares Ibonds 1-5 Year High Yield and Income LA",25.01,"iShares iBonds 1-5 Year High Yield and Income Ladder ETF",NA,NA,No,"Fixed Income","Medical Instruments",Medical
LDRI,"Ishares Ibonds 1-5 Year TIPS Ladder ETF",25.29,"iShares iBonds 1-5 Year TIPS Ladder ETF",NA,NA,No,"Fixed Income",NA,NA
LDRT,"Ishares Ibonds 1-5 Year Treasury Ladder ETF",25.34,"iShares iBonds 1-5 Year Treasury Ladder ETF",NA,NA,No,"Fixed Income",NA,NA
LDRX,"Sgi Enhanced Market Leaders ETF",33.11,"SGI Enhanced Market Leaders ETF",NA,NA,No,Equity,NA,NA
LDSF,"FT Low Duration Strategic Focus ETF",19.17,"First Trust Low Duration Strategic Focus ETF",NA,NA,No,"Fixed Income",NA,NA
LDUR,"Pimco Low Duration ETF",96.14,"PIMCO Enhanced Low Duration Active ETF",NA,NA,No,"Portfolio-Multi Asset",NA,NA
LEAD,"Siren Divcon Leaders Dividend ETF",80.63,"Siren DIVCON Leaders Dividend ETF",NA,NA,No,Equity,NA,NA
LEGR,"FT Indxx Innovative Transaction & Process ETF",62.65,"First Trust Indxx Innovative Transaction and Process ETF",NA,NA,No,Equity,NA,NA
LEMB,"JPM EM Local Currency Bond",42.63,"iShares J.P. Morgan Emerging Markets Local Currency Bond ETF",NA,NA,No,"Fixed Income",NA,NA
LENS,"Sarmaya Thematic ETF",49.44,"Sarmaya Thematic ETF",NA,NA,No,Equity,"Medical Instruments",Medical
LEXI,"Alexis Practical Tactical ETF",37.11,"Alexis Practical Tactical ETF",NA,NA,No,"Portfolio-Multi Asset",NA,NA
LFAI,"Lifex 2050 Longevity Income ETF",154.05,"LifeX 2050 Longevity Income ETF",NA,NA,No,"Fixed Income",NA,NA
LFAO,"Lifex 2055 Longevity Income ETF",167.81,"LifeX 2055 Longevity Income ETF",NA,NA,No,"Fixed Income",NA,NA
LFAW,"Lifex 2060 Longevity Income ETF",178.99,"LifeX 2060 Longevity Income ETF",NA,NA,No,"Fixed Income",NA,NA
LFBE,"Lifex 2065 Longevity Income ETF",188.65,"LifeX 2065 Longevity Income ETF",NA,NA,No,"Fixed Income",NA,NA
LFDR,"Lifex Durable Income ETF",188.7,"LifeX Durable Income ETF",NA,NA,No,"Fixed Income",NA,NA
LFEQ,"Vaneck Long/Flat Trend ETF",55.23,"VanEck Vectors NDR CMG Long/Flat Allocation ETF",NA,NA,No,Equity,NA,NA
LFGY,"Yieldmax Crypto Industry & Tech Portfolio Option",25.96,"YieldMax Crypto Industry & Tech Portfolio Option Income ETF",1,618,No,Equity,NA,NA
LFSC,"F/M Emerald Life Sciences Innovation ETF",35.88,"F/m Emerald Life Sciences Innovation ETF",NA,NA,No,Equity,NA,NA
LGCF,"Themes US Cash Flow Champions ETF",34.38,"Themes US Cash Flow Champions ETF",NA,NA,No,Equity,NA,NA
LGDX,"Intech S&P Large Cap Diversified Alpha ETF",23.27,"Intech S&P Large Cap Diversified Alpha ETF",NA,NA,No,Equity,NA,NA
LGH,"Hcm Defender 500 Index ETF",63.3,"HCM Defender 500 Index ETF",NA,NA,No,"Portfolio-Multi Asset",NA,NA
LGHT,"Langar Global Healthtech ETF",10.07,"Langar Global HealthTech ETF",NA,NA,No,Equity,NA,NA
LGLV,"SSGA US Large Cap Low Vol Index SPDR",181.48,"SPDR SSGA US Large Cap Low Volatility Index ETF",NA,NA,No,"Portfolio-Multi Asset",NA,NA
LGOV,"FT Long Duration Opportunities ETF",21.76,"First Trust Long Duration Opportunities ETF",NA,NA,No,"Fixed Income",NA,NA
LGRO,"Level Four Large Cap Growth Active ETF",41.76,"Level Four Large Cap Growth Active ETF",NA,NA,No,Equity,NA,NA
LIAE,"Lifex 2050 Inflation-Protected Longevity Income",211.69,"LifeX 2050 Inflation-Protected Longevity Income ETF",NA,NA,No,"Fixed Income",NA,NA
LIAM,"Lifex 2055 Infl-Prot Longevity Income ETF",240.24,"LifeX 2055 Inflation-Protected Longevity Income ETF",NA,NA,No,"Fixed Income",NA,NA
LIAU,"Lifex 2060 Infl-Prot Longevity Income ETF",266.28,"LifeX 2060 Inflation-Protected Longevity Income ETF",NA,NA,No,"Fixed Income",NA,NA
LIBD,"Lifex 2065 Infl-Prot Longevity Income ETF",283.19,"LifeX 2065 Inflation-Protected Longevity Income ETF",NA,NA,No,"Fixed Income",NA,NA
LIFT,"Lifex 2028 Income Bucket ETF",28.14,"LifeX 2028 Income Bucket ETF",NA,NA,No,"Fixed Income",NA,NA
LIMI,"Themes Lithium & Battery Metal Miners ETF",55.08,"Themes Lithium & Battery Metal Miners ETF",7,16,No,Equity,NA,NA
LINT,"Direxion Daily Intc Bull 2X ETF",43.19,"Direxion Daily INTC Bull 2X ETF",NA,NA,No,Equity,NA,NA
LIT,"GX Lithium & Battery Tech ETF",74.73,"Global X Lithium & Battery Tech ETF",364,13983,No,Equity,NA,NA
LITL,"Simplify Piper Sandler US Small-Cap Plus Income",30.18,"Simplify Piper Sandler US Small-Cap PLUS Income ETF",NA,NA,No,Equity,NA,NA
LITP,"Sprott Lithium Miners ETF",15.22,"Sprott Lithium Miners ETF",NA,NA,No,Equity,NA,NA
LITX,"Tradr 2X Long Lite Daily ETF",33.63,"Tradr 2X Long LITE Daily ETF",NA,NA,No,Equity,NA,NA
LJAN,"Innovator Premium Income 15 Buffer ETF Jan",24.69,"Innovator Premium Income 15 Buffer ETF (Jan)",NA,NA,No,Equity,NA,NA
LJUL,"Innovator Premium Income 15 Buffer ETF July",24.06,"Innovator Premium Income 15 Buffer ETF (Jul)",NA,NA,No,Equity,NA,NA
LKOR,"Flexshares Credit Scored US Long Corp",42.76,"FlexShares Credit-Scored US Long Corporate Bond Index Fund",NA,NA,No,"Fixed Income",NA,NA
LLDR,"GX Long-Term Treasury Ladder ETF",45.6,"Global X Long-Term Treasury Ladder ETF",NA,NA,No,"Fixed Income",NA,NA
LLYX,"Defiance Daily Target 2X Long Lly ETF",22.66,"Defiance Daily Target 2X Long LLY ETF",108,1762,No,Equity,NA,NA
LLYZ,"Defiance Daily Target 2X Short Lly ETF",8.57,"Defiance Daily Target 2X Short LLY ETF",NA,NA,No,Equity,NA,NA
LMBO,"Direxion Daily Crypto Industry Bull 2X",26.15,"Direxion Daily Crypto Industry Bull 2X Shares",10,162,No,Equity,NA,NA
LMBS,"Low Duration Opportunities ETF FT",50.09,"First Trust Low Duration Opportunities ETF",NA,NA,No,"Fixed Income",NA,NA
LMNX,"Defiance Daily Target 2X Long Lmnd ETF",46.7,"Defiance Daily Target 2x Long LMND ETF",NA,NA,No,Equity,"Medical Instruments",Medical
LMTL,"Direxion Daily Lmt Bull 2X ETF",45.02,"Direxion Daily LMT Bull 2X ETF",NA,NA,No,Equity,NA,NA
LMTS,"Direxion Daily Lmt Bear 1X ETF",17.51,"Direxion Daily LMT Bear 1X ETF",NA,NA,No,Equity,NA,NA
LMUB,"Ishares Long-Term National Muni Bond ETF",50.49,"iShares Long-Term National Muni Bond ETF",NA,NA,No,"Fixed Income",NA,NA
LNGX,"GX U.S. Natural Gas ETF",37.9,"Global X U.S. Natural Gas ETF",NA,NA,No,Equity,NA,NA
LOCT,"Innovator Premium Income 15 Buffer ETF Oct",23.96,"Innovator Premium Income 15 Buffer ETF (Oct)",NA,NA,No,Equity,NA,NA
LODI,"Aam Slc Low Duration Income ETF",25.5,"AAM SLC Low Duration Income ETF",NA,NA,No,"Fixed Income",NA,NA
LOGO,"Alpha Brands Consumption Leaders ETF",20.94,"Alpha Brands Consumption Leaders ETF",NA,NA,No,Equity,NA,NA
LONZ,"Pimco Senior Loan Active Exchange",50.54,"PIMCO Senior Loan Active ETF",NA,NA,No,"Fixed Income",NA,NA
LOPP,"Gabelli Love Our Planet & People ETF",35.49,"Gabelli Love Our Planet & People ETF",NA,NA,No,Equity,NA,NA
LOTI,"Liberty One Tactical Income ETF",25.55,"Liberty One Tactical Income ETF",NA,NA,No,Equity,NA,NA
LOUP,"Innovator Deepwater Frontier Tech ETF",82.13,"Innovator Loup Frontier Tech ETF",6,45,No,Equity,NA,NA
LOWV,"Ab US Low Volatility Equity ETF",79.21,"AB US Low Volatility Equity ETF",NA,NA,No,Equity,NA,NA
LPRE,"Long Pond Real Estate Select ETF",26.77,"Long Pond Real Estate Select ETF",NA,NA,No,Equity,NA,NA
LQAI,"Lg Qraft Ai-Powered U.S. Large Cap Core ETF",40.11,"LG QRAFT AI-Powered U.S. Large Cap Core ETF",NA,NA,No,Equity,NA,NA
LQD,"Invst Grade Corp Bond Ishares Iboxx $ ETF",110.65,"iShares iBoxx $ Investment Grade Corporate Bond ETF",71234,1808101,Yes,"Fixed Income","Finance - Investment Funds",Finance
LQDB,"Ishares BBB Rated Corporate Bond ETF",87.46,"iShares BBB Rated Corporate Bond ETF",NA,NA,No,"Fixed Income",NA,NA
LQDH,"Int Rate Hedged Corp Bond Ishares ETF",94.05,"iShares Interest Rate Hedged Corporate Bond ETF",NA,NA,No,"Portfolio-Multi Asset",NA,NA
LQDI,"Ishares Inflation Hedged Corporate Bond ETF",26.62,"iShares Inflation Hedged Corporate Bond ETF",NA,NA,No,"Fixed Income",NA,NA
LQIG,"SPDR Marketaxess Investment Grade 400 Corporate",96.1,"SPDR MarketAxess Investment Grade 400 Corporate Bond ETF",NA,NA,No,"Fixed Income",NA,NA
LQPE,"Peo Alphaquest Thematic Pe ETF",18.64,"PEO AlphaQuest Thematic PE ETF",NA,NA,No,"Portfolio-Multi Asset",NA,NA
LQTI,"FT Vest Investment Grade & Target Income ETF",20.01,"FT Vest Investment Grade & Target Income ETF",NA,NA,No,"Fixed Income",NA,NA
LRCU,"Tradr 2X Long Lrcx Daily ETF",127.5,"Tradr 2X Long LRCX Daily ETF",37,167,No,Equity,NA,NA
LRGC,"Ab US Large Cap Strategic Equities ETF",79.13,"AB US Large Cap Strategic Equities ETF",NA,NA,No,Equity,NA,NA
LRGE,"Clearbridge Large Cap Groowth ETF",82.63,"ClearBridge Large Cap Growth ESG ETF",NA,NA,No,Equity,NA,NA
LRGF,"USA Multifactor Ishares Edge MSCI ETF",70.09,"iShares Edge MSCI Multifactor USA ETF",NA,NA,No,Equity,NA,NA
LRGG,"Nomura Focused Large Growth ETF",29.35,"Nomura Focused Large Growth ETF",NA,NA,No,Equity,NA,NA
LRND,"Nyli U.S. Large Cap R&D Leaders ETF",41.27,"NYLI U.S. Large Cap R&D Leaders ETF",NA,NA,No,Equity,NA,NA
LRNZ,"Trueshares Technology AI & Deep Learning ETF",47.85,"TrueShares Technology, AI and Deep Learning ETF",10,25,No,Equity,NA,NA
LSAF,"Leadershares Alphafactor US Core Equity ETF",46.44,"LeaderShares AlphaFactor US Core Equity ETF",NA,NA,No,Equity,NA,NA
LSAT,"Leadershares Alphafactor Tactical Focused ETF",38.81,"LeaderShares AlphaFactor Tactical Focused ETF",NA,NA,No,"Portfolio-Multi Asset",NA,NA
LSEQ,"Harbor Long-Short Equity ETF",31.24,"Harbor Long-Short Equity ETF",NA,NA,No,Equity,NA,NA
LSGR,"Natixis Loomis Sayles Focused Growth ETF",44.71,"Natixis Loomis Sayles Focused Growth ETF",NA,NA,No,Equity,NA,NA
LST,"Managed Portfolio Series Leuthold Select Industr",42.13,"Leuthold Select Industries ETF",NA,NA,No,Equity,NA,NA
LSVD,"Lsv Disciplined Value ETF",30.79,"LSV Disciplined Value ETF",NA,NA,No,Equity,NA,NA
LTCC,"Canary Litecoin ETF",16.93,"Canary Litecoin ETF",3,853,No,Currency,NA,NA
LTL,"Ultra Telecommunications 2X ETF",27.78,"ProShares Ultra Telecommunications",4,15,No,Equity,NA,NA
LTPZ,"15+ Year US TIPS Index Pimco ETF",52.24,"PIMCO 15 Plus Year U.S. TIPS Index ETF",6,3244,No,"Fixed Income","Finance - Investment Funds",Finance
LTTI,"FT Vest 20+ Year Treasury & Target Income ETF",19.14,"FT Vest 20 plus Year Treasury & Target Income ETF",NA,NA,No,"Fixed Income",NA,NA
LULG,"Leverage Shares 2X Long Lulu Daily ETF",17.82,"Leverage Shares 2X Long LULU Daily ETF",1,197,No,Equity,NA,NA
LVDS,"JPM Fundamental Data Science Large Value ETF",51.8,"JPMorgan Fundamental Data Science Large Value ETF",NA,NA,No,Equity,NA,NA
LVHD,"Franklin U.S. Low Vol High Div ETF",41.49,"Legg Mason Low Volatility High Dividend ETF",NA,NA,No,Equity,NA,NA
LVHI,"Franklin Intl Low Vol High Div ETF",38.05,"Legg Mason International Low Volatility High Dividend ETF",1,3,No,Equity,NA,NA
LYFX,"Tradr 2X Long Lyft Daily ETF",14.74,"Tradr 2X Long LYFT Daily ETF",3,40,No,Equity,NA,NA
LYLD,"Cambria Large Cap Shareholder Yield ETF",28.77,"Cambria Large Cap Shareholder Yield ETF",NA,NA,No,Equity,NA,NA
MAAY,"Graniteshares Yieldboost Mara ETF",13.11,"GraniteShares YieldBOOST MARA ETF",NA,NA,No,Equity,NA,NA
MADE,"Ishares U.S. Manufacturing ETF",34.24,"iShares U.S. Manufacturing ETF",NA,NA,No,Equity,NA,NA
MAGA,"Point Bridge Gop Stock Tracker ETF",53.43,"Point Bridge GOP Stock Tracker ETF",3,14,No,Equity,NA,NA
MAGC,"Roundhill China Magnificent Seven ETF",23.83,"Roundhill China Magnificent Seven ETF",2,87,No,Equity,NA,NA
MAGG,"Madison Aggregate Bond ETF",20.48,"Madison Aggregate Bond ETF",NA,NA,No,"Fixed Income",NA,NA
MAGS,"Roundhill Magnificent Seven ETF",66.54,"The Magnificent Seven ETF",6230,64673,Yes,Equity,"Protection - Safety","Industrial Products"
MAGX,"Roundhill Daily 2X Long Magnificent Seven ETF",57.51,"Roundhill Daily 2X Long Magnificent Seven ETF",46,569,No,Equity,NA,NA
MAGY,"Roundhill Magnificent Seven Covered Call ETF",51.99,"Roundhill Magnificent Seven Covered Call ETF",36,332,No,Equity,NA,NA
MAKX,"Proshares S&P Kensho Smart Factories ETF",55.54,"ProShares S&P Kensho Smart Factories ETF",NA,NA,No,Equity,NA,NA
MAMB,"Monarch Ambassador Income ETF",24.65,"Monarch Ambassador Income ETF",NA,NA,No,Equity,NA,NA
MANI,"Man Active Income ETF",25.22,"Man Active Income ETF",NA,NA,No,"Fixed Income",NA,NA
MAPP,"Harbor Multi-Asset Explorer ETF",27.33,"Harbor Multi-Asset Explorer ETF",NA,NA,No,"Portfolio-Multi Asset",NA,NA
MARB,"Merger Arbitrage ETF FT",20.7,"First Trust Merger Arbitrage ETF",NA,NA,No,Equity,NA,NA
MARM,"FT Vest U.S. Max Buffer ETF - Mar",33.17,"FT Vest U.S. Equity Max Buffer ETF (Mar)",NA,NA,No,Equity,NA,NA
MARO,"Yieldmax Mara Option Income Strategy ETF",7.81,"YieldMax MARA Option Income Strategy ETF",4,383,No,Equity,NA,NA
MART,"Aim U.S. Large Cap Buffer10 Mar ETF",39.18,"AllianzIM U.S. Large Cap Buffer10 Mar ETF",NA,NA,No,Equity,NA,NA
MARU,"Allianzim U.S. Equity Buffer15 Uncapped Mar ETF",28.25,"AllianzIM U.S. Equity Buffer15 Uncapped Mar ETF",NA,NA,No,Equity,NA,NA
MARW,"Aim U.S. Large Cap Buffer20 Mar ETF",34.57,"AllianzIM U.S. Large Cap Buffer20 Mar ETF",NA,NA,No,Equity,NA,NA
MARZ,"Trueshares Structured Outcome [Mar] ETF",34.74,"TrueShares Structured Outcome (March) ETF",NA,NA,No,Equity,NA,NA
MATE,"Man Active Trend Enhanced ETF",28.93,"Man Active Trend Enhanced ETF",NA,NA,No,Equity,NA,NA
MAVF,"Matrix Advisors Value ETF",127.27,"Matrix Advisors Value ETF",NA,NA,No,Equity,NA,NA
MAXI,"Simplify Bitcoin Strategy Plus Income ETF",14.54,"Simplify Bitcoin Strategy PLUS Income ETF",4,471,No,Equity,NA,NA
MAYM,"FT Vest U.S. Max Buffer ETF - May",32.33,"FT Vest U.S. Equity Max Buffer ETF (May)",NA,NA,No,Equity,NA,NA
MAYP,"PGIM S&P 500 Buffer 12 ETF - May",31.1,"PGIM US Large-Cap Buffer 12 ETF (May)",NA,NA,No,Equity,NA,NA
MAYT,"Aim U.S. Large Cap Buffer10 May ETF",37.21,"AllianzIM U.S. Large Cap Buffer10 May ETF",NA,NA,No,Equity,NA,NA
MAYU,"Allianzim U.S. Equity Buffer15 Uncapped May ETF",32.08,"AllianzIM U.S. Equity Buffer15 Uncapped May ETF",NA,NA,No,Equity,NA,NA
MAYW,"Aim U.S. Large Cap Buffer20 May ETF",33.7,"AllianzIM U.S. Large Cap Buffer20 May ETF",NA,NA,No,Equity,NA,NA
MAYZ,"Trueshares Structured Outcome [May] ETF",34,"TrueShares Structured Outcome (May) ETF",NA,NA,No,Equity,NA,NA
MBB,"MBS Ishares ETF",95.69,"iShares MBS ETF",16,3048,No,"Fixed Income","Finance - Investment Funds",Finance
MBBB,"Vaneck Moody's BBB Corp Bond ETF",21.71,"VanEck Vectors Moody's Analytics BBB Corporate Bond ETF",NA,NA,No,"Fixed Income",NA,NA
MBCC,"Monarch Blue Chips Core ETF",36.95,"Monarch Blue Chips Core ETF",NA,NA,No,Equity,NA,NA
MBND,"SPDR Nuveen Municipal Bond ETF",27.53,"SPDR Nuveen Municipal Bond ETF",NA,NA,No,"Fixed Income",NA,NA
MBNE,"SPDR Nuveen Municipal Bond ESG ETF",29.17,"SPDR Nuveen Municipal Bond ESG ETF",NA,NA,No,"Fixed Income",NA,NA
MBOX,"Freedom Day Dividend ETF",36.79,"Freedom Day Dividend ETF",NA,NA,No,Equity,NA,NA
MBS,"Angel Oak Mortgage-Backed Securities ETF",8.78,"Angel Oak Mortgage-Backed Securities ETF",NA,NA,No,"Fixed Income",NA,NA
MBSD,"Flexshares Disciplined Duration MBS Index Fund",20.86,"FlexShares Disciplined Duration MBS Index Fund",NA,NA,No,"Fixed Income",NA,NA
MBSF,"Regan Floating Rate MBS ETF",25.66,"Regan Floating Rate MBS ETF",NA,NA,No,"Fixed Income",NA,NA
MBSX,"Advisor Managed Portfolios Regan Fixed Rate MBS",25.38,"Regan Fixed Rate MBS ETF",NA,NA,No,"Fixed Income",NA,NA
MCDS,"JPM Fundamental Data Science Mid Core ETF",60.39,"JPMorgan Fundamental Data Science Mid Core ETF",NA,NA,No,Equity,NA,NA
MCH,"Matthews China Active ETF",29.95,"Matthews China Active ETF",NA,NA,No,Equity,NA,NA
MCHI,"China Ishares MSCI ETF",63.91,"iShares MSCI China ETF",806,30682,No,Equity,NA,NA
MCHS,"Matthews China Discovery Active ETF",36.48,"Matthews China Discovery Active ETF",NA,NA,No,Equity,NA,NA
MCOW,"Pacer S&P Midcap 400 Fcf Aristocrats ETF",20.13,"Pacer S&P MidCap 400 Quality FCF Aristocrats ETF",NA,NA,No,Equity,NA,NA
MDBX,"Tradr 2X Long Mdb Daily ETF",66.16,"Tradr 2X Long MDB Daily ETF",4,82,No,Equity,"Medical Services",Medical
MDEV,"Indxx Medical Devices ETF FT",20.97,"First Trust Indxx Medical Devices ETF",NA,NA,No,Equity,NA,NA
MDIV,"Multiasset Diversified Income Index Fund FT",16.13,"First Trust Multi-Asset Diversified Income Index Fund",NA,NA,No,"Portfolio-Multi Asset",NA,NA
MDLV,"Morgan Dempsey Large Cap Value ETF",29.59,"Morgan Dempsey Large Cap Value ETF",NA,NA,No,Equity,NA,NA
MDPL,"Monarch Dividend Plus Index ETF",27.21,"Monarch Dividend Plus ETF",NA,NA,No,Equity,NA,NA
MDST,"Westwood Enhanced Midstream Income ETF",27.49,"Westwood Salient Enhanced Midstream Income ETF",NA,NA,No,"Fixed Income",NA,NA
MDY,"SPDR S&P Midcap 400 ETF Trust",634.32,"SPDR S&P MIDCAP 400 ETF Trust",47,25487,No,Equity,NA,NA
MDYG,"S&P Midcap Growth ETF SPDR",98.09,"SPDR S&P 400 Mid Cap Growth ETF",48,10,No,Equity,NA,NA
MDYV,"S&P Midcap Value ETF SPDR",88.15,"SPDR S&P 400 Mid Cap Value ETF",NA,NA,No,Equity,NA,NA
MEAR,"Short Maturity Muni Bond Ishares ETF",50.49,"iShares Short Maturity Municipal Bond ETF",NA,NA,No,"Fixed Income",NA,NA
MEDI,"Harbor Health Care ETF",31.16,"Harbor Health Care ETF",NA,NA,No,Equity,NA,NA
MEDX,"Horizon Kinetics Medical ETF",33.39,"Horizon Kinetics Medical ETF",NA,NA,No,Equity,NA,NA
MEM,"Matthews Emerging Markets Equity Active ETF",40.01,"Matthews Emerging Markets Equity Active ETF",NA,NA,No,Equity,NA,NA
MEMA,"Man Active Emerging Markets Alternative ETF",28.61,"Man Active Emerging Markets Alternative ETF",NA,NA,No,Equity,NA,NA
MEME,"Roundhill Meme Stock ETF",7.98,"Roundhill MEME ETF",165,2966,No,Equity,NA,NA
MEMS,"Matthews Emerging Markets Discovery Active ETF",27.56,"Matthews Emerging Markets Discovery Active ETF",NA,NA,No,Equity,NA,NA
MEMX,"Matthews Emerging Markets Ex China ETF",41.77,"Matthews Emerging Markets ex China Active ETF",NA,NA,No,Equity,NA,NA
METD,"Direxion Daily Meta Bear 1X",15.58,"Direxion Daily META Bear 1X Shares",NA,NA,No,Equity,NA,NA
METL,"Sprott Active Metals & Miners ETF",33.33,"Sprott Active Metals & Miners ETF",NA,NA,No,Equity,NA,NA
METU,"Direxion Daily Meta Bull 2X",32.35,"Direxion Daily META Bull 2X Shares",10221,59198,Yes,Equity,NA,NA
METV,"Roundhill Ball Metaverse ETF",19.03,"Roundhill Ball Metaverse ETF",100,512,No,Equity,NA,NA
METW,"Roundhill Meta Weeklypay ETF",35.42,"Roundhill META WeeklyPay ETF",1,112,No,Equity,NA,NA
MEXX,"Direxion Daily MSCI Mexico Bull 3X",36.19,"Direxion Daily MSCI Mexico Bull 3X Shares",32,559,No,Equity,NA,NA
MFDX,"Pimco RAFI Multi-Factor Intl ETF",40.77,"PIMCO RAFI Dynamic Multi-Factor International Equity ETF",NA,NA,No,Equity,NA,NA
MFEM,"Pimco RAFI Multi-Factor EM ETF",26.12,"PIMCO RAFI Dynamic Multi-Factor Emerging Market Equity ETF",NA,NA,No,Equity,NA,NA
MFIG,"Motley Fool Innovative Growth ETF",19.94,"Motley Fool Innovative Growth Factor ETF",NA,NA,No,Equity,NA,NA
MFLX,"Municipal CEF Income Opportunity ETF FT",17.04,"First Trust Flexible Municipal High Income ETF",NA,NA,No,"Fixed Income","Electronics - Misc Components","Computers and Technology"
MFMO,"Motley Fool Momentum Factor ETF",20.6,"Motley Fool Momentum Factor ETF",NA,NA,No,Equity,NA,NA
MFSB,"MFS Active Core Plus Bond ETF",25.27,"MFS Active Core Plus Bond ETF",NA,NA,No,"Fixed Income",NA,NA
MFSG,"MFS Active Growth ETF",28.65,"MFS Active Growth ETF",NA,NA,No,Equity,NA,NA
MFSI,"MFS Active International ETF",31.29,"MFS Active International ETF",NA,NA,No,Equity,NA,NA
MFSM,"MFS Active Intermediate Muni Bond ETF",25.23,"MFS Active Intermediate Muni Bond ETF",NA,NA,No,"Fixed Income",NA,NA
MFSV,"MFS Active Value ETF",27.28,"MFS Active Value ETF",NA,NA,No,Equity,NA,NA
MFUL,"Mindful Conservative ETF",22.01,"Mindful Conservative ETF",NA,NA,No,"Portfolio-Multi Asset",NA,NA
MFUS,"Pimco RAFI Multi-Factor U.S. Equity ETF",58.71,"PIMCO RAFI Dynamic Multi-Factor U.S. Equity ETF",NA,NA,No,Equity,NA,NA
MFUT,"Cambria Chesapeake Pure Trend ETF",18.86,"Cambria Chesapeake Pure Trend ETF",NA,NA,No,"Portfolio-Multi Asset",NA,NA
MFVL,"Motley Fool Value Factor ETF",20.51,"Motley Fool Value Factor ETF",NA,NA,No,Equity,NA,NA
MGC,"Vanguard Mega Cap ETF",254.96,"Vanguard Mega Cap ETF",1,130,No,Equity,NA,NA
MGK,"Vanguard Mega Cap Growth ETF",412.49,"Vanguard Mega Cap Growth ETF",31,2818,No,Equity,NA,NA
MGMT,"Ballast Small/Mid Cap ETF",47.71,"Ballast Small/Mid Cap ETF",NA,NA,No,Equity,NA,NA
MGNR,"Glg Natural Resources ETF",51.93,"American Beacon GLG Natural Resources ETF",NA,NA,No,Equity,NA,NA
MGOV,"FT Intermediate Government Opportunities ETF",20.5,"First Trust Intermediate Government Opportunities ETF",NA,NA,No,"Fixed Income",NA,NA
MGV,"Vanguard Mega Cap Value ETF",146.68,"Vanguard Mega Cap Value ETF",2,268,No,Equity,NA,NA
MHY,"Man Active High Yield ETF",25.07,"Man Active High Yield ETF",NA,NA,No,Equity,"Finance - Investment Funds",Finance
MID,"American Century Mid Cap Growth Impact ETF",67.59,"American Century Mid Cap Growth Impact ETF",NA,NA,No,Equity,NA,NA
MIDE,"Xt S&P Midcap 400 ESG ETF",34.6,"Xtrackers S&P MidCap 400 ESG ETF",NA,NA,No,Equity,NA,NA
MIDU,"Mid Cap Bull 3X ETF Direxion",58.32,"Direxion Daily Mid Cap Bull 3X Shares",5,484,No,Equity,NA,NA
MIG,"Vaneck Moody's IG Corp Bond ETF",21.64,"VanEck Vectors Moody's Analytics IG Corporate Bond ETF",NA,NA,No,"Fixed Income",NA,NA
MILK,"Pacer US Cash Cows Bond ETF",24.7,"Pacer US Cash Cows Bond ETF",NA,NA,No,"Fixed Income",NA,NA
MILN,"GX Millennial Consumer ETF",46.45,"Global X Millennial Consumer ETF",NA,NA,No,Equity,NA,NA
MINO,"Pimco Municipal Income Opportunities Active ETF",45.6,"PIMCO Municipal Income Opportunities Active ETF",NA,NA,No,"Fixed Income",NA,NA
MINT,"Enhanced Short-Maturity Strgy Pimco ETF",100.67,"PIMCO Enhanced Short Maturity ETF",NA,NA,No,"Fixed Income",NA,NA
MINV,"Matthews Asia Innovators Active ETF",39.01,"Matthews Asia Innovators Active ETF",NA,NA,No,Equity,NA,NA
MISL,"FT Indxx Aerospace & Defence ETF",49.61,"First Trust Indxx Aerospace & Defense ETF",24,324,No,Equity,NA,NA
MJ,"Amplify Alternative Harvest ETF",27.55,"Amplify Alternative Harvest ETF",201,2334,No,Equity,NA,NA
MJSC,"Mufg Japan Small Cap Active ETF",52.97,"MUFG Japan Small Cap Active ETF",NA,NA,No,Equity,NA,NA
MKAM,"Mkam ETF",31.07,"MKAM ETF",NA,NA,No,Equity,NA,NA
MKOR,"Matthews Korea Active ETF",43.58,"Matthews Korea Active ETF",NA,NA,No,Equity,NA,NA
MKTN,"Federated Hermes Mdt Market Neutral ETF",25.38,"Federated Hermes MDT Market Neutral ETF",NA,NA,No,Alternative,NA,NA
MLDR,"GX Intermediate-Term Treasury Ladder ETF",49.51,"Global X Intermediate-Term Treasury Ladder ETF",NA,NA,No,"Fixed Income",NA,NA
MLN,"Vaneck Vaneck Corp Long Muni ETF",17.53,"VanEck Vectors AMT-Free Long Municipal Index ETF",NA,NA,No,"Fixed Income",NA,NA
MLPA,"GX MLP ETF",51.41,"Global X MLP ETF",8,76,No,Equity,NA,NA
MLPB,"Etracs MLP Infrastructure Index ETN",26.82,"ETRACS Alerian MLP Infrastructure Index ETN Series B",NA,NA,No,"Portfolio-Multi Asset",NA,NA
MLPD,"GX MLP & Energy Infrastructure Covered Call ETF",25.31,"Global X MLP & Energy Infrastructure Covered Call ETF",NA,NA,No,Equity,NA,NA
MLPR,"Etracs Quarterly Pay 1.5X Alerian MLP ETN",63.26,"ETRACS Quarterly Pay 1.5X Leveraged Alerian MLP Index ETN",NA,NA,No,Equity,NA,NA
MLPX,"GX MLP & Energy Infrastructure ETF",64.95,"Global X MLP & Energy Infrastructure ETF",19,1755,No,Equity,NA,NA
MMAX,"Ishares Large Cap Max Buffer Mar ETF",26.34,"iShares Large Cap Max Buffer Mar ETF",NA,NA,No,Equity,NA,NA
MMCA,"Nyli Mackay California Muni Intermediate ETF",21.99,"NYLI MacKay California Muni Intermediate ETF",NA,NA,No,"Fixed Income",NA,NA
MMID,"MFS Active Mid Cap ETF",25.81,"MFS Active Mid Cap ETF",NA,NA,No,Equity,NA,NA
MMIN,"Nyli Mackay Muni Insured ETF",24.11,"NYLI MacKay Muni Insured ETF",NA,NA,No,"Fixed Income",NA,NA
MMIT,"Nyli Mackay Muni Intermediate ETF",24.51,"NYLI MacKay Muni Intermediate ETF",NA,NA,No,"Fixed Income",NA,NA
MMKT,"Texas Capital Government Money Market ETF",100.25,"Texas Capital Government Money Market ETF",NA,NA,No,"Fixed Income",NA,NA
MMLG,"Multi-Manager Large Growth ETF FT",35.22,"First Trust Multi-Manager Large Growth ETF",NA,NA,No,Equity,NA,NA
MMSC,"FT Multi-Manager Small Cap Opportunities ETF",25.91,"First Trust Multi-Manager Small Cap Opportunities ETF",NA,NA,No,Equity,NA,NA
MMSD,"Nyli Mackay Muni Short Duration ETF",25.55,"NYLI MacKay Muni Short Duration ETF",NA,NA,No,"Fixed Income",NA,NA
MMTM,"S&P 1500 Momentum Tilt ETF SPDR",300.58,"SPDR S&P 1500 Momentum Tilt ETF",NA,NA,No,Equity,NA,NA
MNA,"Nyli Merger Arbitrage ETF",36.13,"NYLI Merger Arbitrage ETF",NA,NA,No,"Portfolio-Multi Asset",NA,NA
MNBD,"Alps Intermediate Municipal Bond ETF",26.09,"ALPS Intermediate Municipal Bond ETF",NA,NA,No,"Fixed Income",NA,NA
MNRS,"Grayscale Bitcoin Miners ETF",38.81,"Grayscale Bitcoin Miners ETF",6,936,No,Equity,NA,NA
MNZL,"Manzil Russell Halal USA Broad Market ETF",52.92,"Manzil Russell Halal USA Broad Market ETF",NA,NA,No,Equity,NA,NA
MOAT,"Vaneck Morningstar Wide Moat ETF",106.09,"VanEck Vectors Morningstar Wide Moat ETF",2,120,No,Equity,NA,NA
MODL,"Victory Westend U.S. Sector ETF",47.92,"VictoryShares WestEnd US Sector ETF",NA,NA,No,Equity,NA,NA
MOO,"Vaneck Agribusiness ETF",80.55,"VanEck Vectors Agribusiness ETF",172,2659,No,Equity,NA,NA
MOOD,"Alpha Architect Relative Sentiment ETF",43.96,"Relative Sentiment Tactical Allocation ETF",NA,NA,No,"Portfolio-Multi Asset",NA,NA
MORT,"Vaneck Mortgage REIT Income ETF",11.31,"VanEck Vectors Mortgage REIT Income ETF",2,688,No,"Portfolio-Multi Asset",NA,NA
MOTG,"Vaneck Morningstar Global Wide Moat ETF",40.4,"VanEck Morningstar Global Wide Moat ETF",NA,NA,No,Equity,NA,NA
MOTI,"Vaneck Mstar International Moat ETF",38.82,"VanEck Vectors Morningstar International Moat ETF",NA,NA,No,Equity,NA,NA
MOTO,"Smartetfs Smart Transport & Tech ETF",57.99,"SmartETFs Smart Transportation and Technology ETF",NA,NA,No,Equity,NA,NA
MPG,"Leverage Shares 2X Long MP Daily ETF",11.13,"Leverage Shares 2X Long MP Daily ETF",12,279,No,Alternative,"Engines - Internal Combustion",Auto-Tires-Trucks
MPLY,"Strategy Shares Monopoly ETF",30.64,"Strategy Shares Monopoly ETF",NA,NA,No,Equity,NA,NA
MPRO,"Northern IV Monarch Procap ETF",31.34,"Monarch ProCap ETF",NA,NA,No,Equity,NA,NA
MQQQ,"Tradr 2X Long Innovation 100 Monthly ETF",191.43,"Tradr 2X Long Triple Q Monthly ETF",1,6,No,Equity,NA,NA
MRAL,"Graniteshares 2X Long Mara Daily ETF",5.82,"GraniteShares 2x Long MARA Daily ETF",23,1649,No,Equity,"Finance - Consumer Loans",Finance
MRCP,"PGIM S&P 500 Buffer 12 ETF - March",32.33,"PGIM US Large-Cap Buffer 12 ETF (Mar)",NA,NA,No,Equity,NA,NA
MRGR,"Merger ETF",44.95,"ProShares Merger ETF",NA,NA,No,"Portfolio-Multi Asset",NA,NA
MRNY,"Yieldmax Mrna Option Income Strategy ETF",19.85,"YieldMax MRNA Option Income Strategy ETF",119,724,No,Equity,NA,NA
MRSK,"Agility Shares Managed Risk ETF",37.37,"Agility Shares Managed Risk ETF",NA,NA,No,Alternative,NA,NA
MSDD,"Graniteshares -2X Short Mstr Daily ETF",78.83,"GraniteShares 2x Short MSTR Daily ETF",NA,NA,No,Equity,NA,NA
MSFD,"Direxion Daily Msft Bear 1X",11.56,"Direxion Daily MSFT Bear 1X Shares",26,157,No,Equity,NA,NA
MSFL,"Graniteshares 2X Long Msft Daily ETF",26.69,"GraniteShares 2x Long MSFL Daily ETF",238,2009,No,Equity,NA,NA
MSFO,"Yieldmax Msft Option Income Strategy ETF",15.17,"YieldMax MSFT Option Income Strategy ETF",14,238,No,Equity,NA,NA
MSFU,"Direxion Daily Msft Bull 2X",40.68,"Direxion Daily MSFT Bull 1.5X Shares",3179,12724,No,Equity,NA,NA
MSFW,"Roundhill Msft Weeklypay ETF",38.32,"Roundhill MSFT WeeklyPay ETF",1,17,No,Equity,NA,NA
MSFX,"T-Rex 2X Long Microsoft Daily Target ETF",26.74,"T-REX 2X Long Microsoft Daily Target ETF",140,345,No,Equity,NA,NA
MSFY,"Kurv Yield Premium Microsoft [Msft] ETF",23.96,"Kurv Yield Premium Strategy Microsoft (MSFT) ETF",2,5,No,Equity,NA,NA
MSII,"Rex Mstr Growth & Income ETF",8.3,"REX MSTR Growth & Income ETF",NA,NA,No,Equity,NA,NA
MSLC,"MS Pathway Large Cap Equity ETF",55.5,"Morgan Stanley Pathway Large Cap Equity ETF",NA,NA,No,Equity,NA,NA
MSMR,"ETF Series Mcelhenny Sheffield Managed",36.32,"McElhenny Sheffield Managed Risk ETF",NA,NA,No,"Portfolio-Multi Asset",NA,NA
MSOO,"2X Capped Accelerated Mstr Monthly ETF",8.27,"Leverage Shares 2x Capped Accelerated MSTR Monthly ETF",NA,NA,No,Equity,NA,NA
MSOS,"Advisorshares Pure US Cannabis ETF",4.27,"AdvisorShares Pure US Cannabis ETF",77259,563498,Yes,Equity,NA,NA
MSOX,"Advisorshares Msos 2X Daily ETF",3.43,"AdvisorShares MSOS 2x Daily ETF",2456,27986,No,Equity,NA,NA
MSSM,"MS Pathway Small-Mid Cap Equity ETF",54.04,"Morgan Stanley Pathway Small-Mid Cap Equity ETF",NA,NA,No,Equity,NA,NA
MSSS,"Monarch Select Subsector Index ETF",30.83,"Monarch Select Subsector Index ETF",NA,NA,No,Equity,NA,NA
MST,"Defiance Leveraged Long Income Mstr ETF",5.8,"Defiance Leveraged Long plus Income MSTR ETF",5,698,No,Equity,NA,NA
MSTB,"Lha Market State Tactical Beta ETF",40.34,"Lha Market State Tactical Beta ETF",NA,NA,No,"Portfolio-Multi Asset",NA,NA
MSTI,"Madison Short Term Strategic Income ETF",20.47,"Madison Short Term Strategic Income ETF",NA,NA,No,"Fixed Income",NA,NA
MSTP,"Graniteshares 2X Long Mstr Daily ETF",2.87,"GraniteShares 2x Long MSTR Daily ETF",NA,NA,No,Equity,NA,NA
MSTQ,"Lha Market State Tactical Q ETF",35.25,"LHA Market State Tactical Q ETF",NA,NA,No,Equity,NA,NA
MSTU,"T-Rex 2X Long Mstr Daily Target ETF",8.64,"T-REX 2X Long MSTR Daily Target ETF",6065,367536,Yes,Equity,NA,NA
MSTW,"Roundhill Mstr Weeklypay ETF",9.62,"Roundhill MSTR WeeklyPay ETF",3,992,No,Equity,NA,NA
MSTX,"Defiance Daily Target 1.75X Long Mstr ETF",3.96,"Defiance Daily Target 1.75X Long MSTR ETF",14739,262943,Yes,Equity,"Medical - Biomedical",Medical
MSTY,"Yieldmax Mstr Option Income Strategy ETF",29.22,"YieldMax MSTR Option Income Strategy ETF",971,57585,Yes,"Portfolio-Multi Asset",NA,NA
MSTZ,"T-Rex 2X Inverse Mstr Daily Target ETF",14.55,"T-REX 2X Inverse MSTR Daily Target ETF",629,31911,Yes,Equity,NA,NA
MTBA,"Simplify MBS ETF",50.42,"Simplify MBS ETF",14,61,No,"Fixed Income",NA,NA
MTGP,"Wisdomtree Mortgage Plus Bond Fund",44.59,"WisdomTree Mortgage Plus Bond Fund",NA,NA,No,"Fixed Income",NA,NA
MTRA,"Invesco International Growth Focus ETF",27.39,"Invesco International Growth Focus ETF",NA,NA,No,Equity,NA,NA
MTUL,"Etracs 2X MSCI US Momentum Factor TR ETF",40.28,"ETRACS 2x Leveraged MSCI US Momentum Factor TR ETN",NA,NA,No,Equity,NA,NA
MTUM,"USA Momentum Factor Ishares Edge MSCI ETF",260.09,"iShares Edge MSCI USA Momentum Factor ETF",25,16115,No,"Portfolio-Multi Asset",NA,NA
MTYY,"Graniteshares Yieldboost Mstr ETF",7.78,"GraniteShares YieldBOOST MSTR ETF",1,22,No,Equity,NA,NA
MUB,"Natl Muni Bond Ishares ETF",107.81,"iShares National Muni Bond ETF",2891,26493,No,"Fixed Income","Finance - Investment Funds",Finance
MUD,"Direxion Daily Mu Bear 1X",3.68,"Direxion Daily MU Bear 1X Shares",NA,NA,No,Equity,NA,NA
MULL,"Graniteshares 2X Long Mu Daily ETF",198.31,"GraniteShares 2x Long MU Daily ETF",827,3175,No,Equity,NA,NA
MULT,"Franklin Multisector Income ETF",25.36,"Franklin Multisector Income ETF",NA,NA,No,"Fixed Income",NA,NA
MUNA,"Nt 2030 Tax-Exempt Distributing Ladder ETF",100.47,"Northern Trust 2030 Tax-Exempt Distributing Ladder ETF",NA,NA,No,"Fixed Income",NA,NA
MUNB,"Nt 2035 Tax-Exempt Distributing Ladder ETF",101.92,"Northern Trust 2035 Tax-Exempt Distributing Ladder ETF",NA,NA,No,"Fixed Income",NA,NA
MUNC,"Nt 2045 Tax-Exempt Distributing Ladder ETF",103.83,"Northern Trust 2045 Tax-Exempt Distributing Ladder ETF",NA,NA,No,"Fixed Income",NA,NA
MUND,"Nt 2055 Tax-Exempt Distributing Ladder ETF",103.78,"Northern Trust 2055 Tax-Exempt Distributing Ladder ETF",NA,NA,No,"Fixed Income",NA,NA
MUNI,"Interm Muni Bond Strgy Pimco ETF",52.78,"PIMCO Intermediate Municipal Bond Active ETF",NA,NA,No,"Fixed Income",NA,NA
MUNY,"Vanguard New York Tax-Exempt Bond ETF Vanguard N",103.74,"Vanguard New York Tax-Exempt Bond ETF",NA,NA,No,"Fixed Income",NA,NA
MUSE,"Tcw Multisector Credit Income ETF",50.61,"TCW Multisector Credit Income ETF",NA,NA,No,"Fixed Income",NA,NA
MUSI,"American Century Multisector Income ETF",44.31,"American Century Multisector Income ETF",NA,NA,No,"Fixed Income",NA,NA
MUSQ,"Musq Global Music Industry ETF",28,"MUSQ Global Music Industry ETF",NA,NA,No,Equity,NA,NA
MUST,"Columbia Multi-Sector Municipal Income ETF",20.79,"Columbia Multi-Sector Municipal Income ETF",NA,NA,No,"Fixed Income",NA,NA
MUU,"Direxion Daily Mu Bull 2X",223.65,"Direxion Daily MU Bull 2X Shares",NA,NA,No,Equity,NA,NA
MVAL,"Vaneck Morningstar Wide Moat Value ETF",37.7,"VanEck Morningstar Wide Moat Value ETF",NA,NA,No,Equity,NA,NA
MVFD,"Monarch Volume Factor Dividend Tree ETF",30.1,"Monarch Volume Factor Dividend Tree ETF",NA,NA,No,"Portfolio-Multi Asset",NA,NA
MVFG,"Monarch Volume Factor Global Uncons ETF",34.04,"Monarch Volume Factor Global Unconstrained Index ETF",NA,NA,No,"Portfolio-Multi Asset",NA,NA
MVLL,"Graniteshares 2X Long Mrvl Daily ETF",20.36,"GraniteShares 2x Long MRVL Daily ETF",46,2139,No,Equity,NA,NA
MVPA,"Miller Value Partners Appreciation ETF",34.11,"Miller Value Partners Appreciation ETF",NA,NA,No,Equity,NA,NA
MVPL,"Miller Value Partners Leverage ETF",37.56,"Miller Value Partners Leverage ETF",NA,NA,No,Equity,NA,NA
MVRL,"Etracs Monthly Pay 1.5X Mortgage REIT ETN",16.49,"ETRACS Monthly Pay 1.5X Leveraged Mortgage REIT ETN",NA,NA,No,Equity,NA,NA
MVV,"Ultra Midcap400 2X ETF",76.74,"ProShares Ultra MidCap400",1,3,No,Equity,NA,NA
MXI,"Global Materials Ishares ETF",109.79,"iShares Global Materials ETF",60,377,No,Equity,NA,NA
MYCF,"SPDR SSGA My2026 Corporate Bond ETF",25.11,"SPDR SSGA My2026 Corporate Bond ETF",NA,NA,No,"Fixed Income",NA,NA
MYCG,"SPDR SSGA My2027 Corporate Bond ETF",25.1,"SPDR SSGA My2027 Corporate Bond ETF",NA,NA,No,"Fixed Income",NA,NA
MYCH,"SPDR SSGA My2028 Corporate Bond ETF",25.14,"SPDR SSGA My2028 Corporate Bond ETF",NA,NA,No,"Fixed Income",NA,NA
MYCI,"SPDR SSGA My2029 Corporate Bond ETF",25.08,"SPDR SSGA My2029 Corporate Bond ETF",NA,NA,No,"Fixed Income",NA,NA
MYCJ,"SPDR SSGA My2030 Corporate Bond ETF",25.01,"SPDR SSGA My2030 Corporate Bond ETF",NA,NA,No,"Fixed Income",NA,NA
MYCK,"SPDR SSGA My2031 Corporate Bond ETF",25.14,"SPDR SSGA My2031 Corporate Bond ETF",NA,NA,No,"Fixed Income",NA,NA
MYCL,"SPDR SSGA My2032 Corporate Bond ETF",25.04,"SPDR SSGA My2032 Corporate Bond ETF",NA,NA,No,"Fixed Income",NA,NA
MYCM,"SPDR SSGA My2033 Corporate Bond ETF",25,"SPDR SSGA My2033 Corporate Bond ETF",NA,NA,No,"Fixed Income",NA,NA
MYCN,"SPDR SSGA My2034 Corporate Bond ETF",24.86,"SPDR SSGA My2034 Corporate Bond ETF",NA,NA,No,"Fixed Income",NA,NA
MYCO,"SPDR SSGA My2035 Corporate Bond ETF",24.85,"SPDR SSGA My2035 Corporate Bond ETF",NA,NA,No,"Fixed Income",NA,NA
MYLD,"Cambria Micro and Smallcap Shareholder Yield ETF",28.2,"Cambria Micro and SmallCap Shareholder Yield ETF",NA,NA,No,Equity,NA,NA
MYMF,"SPDR SSGA My2026 Municipal Bond ETF",25.01,"SPDR SSGA My2026 Municipal Bond ETF",NA,NA,No,"Fixed Income",NA,NA
MYMG,"SPDR SSGA My2027 Municipal Bond ETF",24.8,"SPDR SSGA My2027 Municipal Bond ETF",NA,NA,No,"Fixed Income",NA,NA
MYMH,"SPDR SSGA My2028 Municipal Bond ETF",24.76,"SPDR SSGA My2028 Municipal Bond ETF",NA,NA,No,"Fixed Income",NA,NA
MYMI,"SPDR SSGA My2029 Municipal Bond ETF",24.84,"SPDR SSGA My2029 Municipal Bond ETF",NA,NA,No,"Fixed Income",NA,NA
MYMJ,"SPDR SSGA My2030 Municipal Bond ETF",25.02,"SPDR SSGA My2030 Municipal Bond ETF",NA,NA,No,"Fixed Income",NA,NA
MYMK,"SPDR SSGA My2031 Municipal Bond ETF",25.34,"SPDR SSGA My2031 Municipal Bond ETF",NA,NA,No,"Fixed Income",NA,NA
MYY,"Short Midcap400 -1X ETF",16.72,"ProShares Short MidCap400",NA,NA,No,Equity,NA,NA
MZZ,"Ultrashort Midcap400 -2X ETF",7.19,"ProShares UltraShort MidCap400",NA,NA,No,Equity,NA,NA
NACP,"Impact Shares Naacp Minority Empowerment ETF",52.04,"NAACP Minority Empowerment ETF",NA,NA,No,Equity,NA,NA
NAIL,"Direxion Daily Homebuilders Bull 3X",59.05,"Direxion Daily Homebuilders & Supplies Bull 3X Shares",2561,52033,Yes,Equity,NA,NA
NANC,"Unusual Whales Democratic Trades ETF",46.59,"Subversive Unusual Whales Democratic ETF",7,149,No,Equity,NA,NA
NANR,"S&P North American Natural SPDR",79.76,"SPDR S&P North American Natural Resources ETF",10,11,No,"Portfolio-Multi Asset",NA,NA
NAPR,"Innovator Growth-100 Power Buffer ETF Apr",54.05,"Innovator Nasdaq-100 Power Buffer ETF (Apr)",NA,NA,No,Equity,NA,NA
NATO,"Themes Transatlantic Defense ETF",42.37,"Themes Transatlantic Defense ETF",NA,NA,No,Equity,NA,NA
NAUG,"Innovator Growth-100 Power Buffer ETF August",29.93,"Innovator Growth 100 Power Buffer ETF (Aug)",NA,NA,No,Equity,"Retail - Wsale Auto & Trucks",Retail-Wholesale
NBCE,"Neuberger China Equity ETF",36.05,"Neuberger Berman China Equity ETF",NA,NA,No,Equity,NA,NA
NBCM,"Neuberger Commodity Strategy ETF",25.81,"Neuberger Berman Commodity Strategy ETF",NA,NA,No,Commodity,NA,NA
NBCR,"Neuberger Berman Core Equity ETF",32.01,"Neuberger Berman Core Equity ETF",NA,NA,No,Equity,NA,NA
NBDS,"Neuberger Disrupters ETF",35.63,"Neuberger Berman Disrupters ETF",NA,NA,No,Equity,NA,NA
NBET,"Neuberger Carbon Transition Infrastructure ETF",35.22,"Neuberger Berman Energy Transition & Infrastructure ETF",NA,NA,No,Equity,NA,NA
NBFC,"Neuberger Berman Flexible Credit Income ETF",51.35,"Neuberger Berman Flexible Credit Income ETF",NA,NA,No,"Fixed Income",NA,NA
NBGX,"Neuberger Berman Growth ETF",28.11,"Neuberger Berman Growth ETF",NA,NA,No,Equity,NA,NA
NBIG,"Leverage Shares 2X Long Nbis Daily ETF",8.78,"Leverage Shares 2x Long NBIS Daily ETF",361,1430,No,Alternative,NA,NA
NBIL,"Graniteshares 2X Long Nbis Daily ETF",12.34,"GraniteShares 2x Long NBIS Daily ETF",NA,NA,No,Equity,NA,NA
NBIZ,"Tradr 2X Short Nbis Daily ETF",23.5,"Tradr 2X Short NBIS Daily ETF",NA,NA,No,Equity,NA,NA
NBJP,"Neuberger Berman Japan Equity ETF",32.76,"Neuberger Berman Japan Equity ETF",NA,NA,No,Equity,NA,NA
NBOS,"Neuberger Berman Option Strategy ETF",27.45,"Neuberger Berman Option Strategy ETF",NA,NA,No,Equity,NA,NA
NBSD,"Neuberger Berman Short Duration Income ETF",51.19,"Neuberger Berman Short Duration Income ETF",NA,NA,No,"Fixed Income",NA,NA
NBSM,"Neuberger Berman Small-Mid Cap ETF",26.43,"Neuberger Berman Small-Mid Cap ETF",NA,NA,No,Equity,NA,NA
NBTR,"Neuberger Berman Total Return Bond ETF",50.47,"Neuberger Berman Total Return Bond ETF",NA,NA,No,"Fixed Income",NA,NA
NCIQ,"Hashdex Nasdaq Crypto Index US ETF",23.19,"Hashdex Nasdaq Crypto Index US ETF",NA,NA,No,Currency,NA,NA
NCLO,"Nuveen Aa-BBB Clo ETF",25.13,"Nuveen AA-BBB CLO ETF",NA,NA,No,"Fixed Income",NA,NA
NCPB,"Nuveen Core Plus Bond ETF",25.34,"Nuveen Core Plus Bond ETF",NA,NA,No,"Fixed Income",NA,NA
NDAA,"Ned Davis Research 360 Dynamic Allocation ETF",22.74,"Ned Davis Research 360 Dynamic Allocation ETF",NA,NA,No,"Portfolio-Multi Asset",NA,NA
NDEC,"Innovator Growth-100 Power Buffer ETF December",28.18,"Innovator Growth-100 Power Buffer ETF (Dec)",NA,NA,No,Equity,NA,NA
NDIA,"GX X India Active ETF",28.46,"Global X India Active ETF",NA,NA,No,Equity,NA,NA
NDIV,"Amplify Natural Resources Dividend Income ETF",30.3,"Amplify Natural Resources Dividend Income ETF",NA,NA,No,Equity,NA,NA
NDOW,"Collaborative Anydrus Advantage ETF",28.92,"Anydrus Advantage ETF",NA,NA,No,"Portfolio-Multi Asset",NA,NA
NDVG,"Nuveen Dividend Growth ETF",36.01,"Nuveen Dividend Growth ETF",NA,NA,No,Equity,NA,NA
NEAR,"Short Maturity Bond Ishares ETF",51.23,"iShares Short Maturity Bond ETF",NA,NA,No,"Portfolio-Multi Asset",NA,NA
NEBX,"Tradr 2X Long Nbis Daily ETF",38.79,"Tradr 2X Long NBIS Daily ETF",321,6807,No,Equity,NA,NA
NEMG,"Leverage Shares 2X Long Nem Daily ETF",32.19,"Leverage Shares 2x Long NEM Daily ETF",4,16,No,Equity,NA,NA
NERD,"Roundhill Video Games ETF",24.52,"Roundhill BITKRAFT Esports & Digital Entertainment ETF",NA,NA,No,Equity,NA,NA
NETG,"Leverage Shares 2X Long Net Daily ETF",10.66,"Leverage Shares 2X Long NET Daily ETF",3,29,No,Equity,NA,NA
NETL,"Netlease Corporate Real Estate ETF",24.29,"NETLease Corporate Real Estate ETF",1,108,No,Alternative,NA,NA
NETX,"Tradr 2X Long Net Daily ETF",15.96,"Tradr 2X Long NET Daily ETF",1,51,No,Equity,NA,NA
NEWZ,"Stocksnips Ai-Powered Sentiment US All Cap ETF",27.52,"StockSnips AI-Powered Sentiment US All Cap ETF",NA,NA,No,Equity,NA,NA
NFEB,"Innovator Growth-100 Power Buffer ETF Feb",28.37,"Innovator Growth-100 Power Buffer ETF (Feb)",NA,NA,No,Equity,NA,NA
NFLP,"Kurv Yield Premium Netflix [Nflx] ETF",24.31,"Kurv Yield Premium Strategy Netflix (NFLX) ETF",NA,NA,No,Equity,NA,NA
NFLT,"Virtus Newfleet Multi-Sector Bond ETF",23.14,"Virtus Newfleet Multi-Sector Bond ETF",NA,NA,No,"Portfolio-Multi Asset",NA,NA
NFLU,"T-Rex 2X Long Nflx Daily Target ETF",26.11,"T-REX 2X Long NFLX Daily Target ETF",233,8059,No,Equity,NA,NA
NFLW,"Roundhill Nflx Weeklypay ETF",23.56,"Roundhill NFLX WeeklyPay ETF",1,146,No,Equity,NA,NA
NFLY,"Yieldmax Nflx Option Income Strategy ETF",10.91,"YieldMax NFLX Option Income Strategy ETF",11,696,No,Equity,NA,NA
NFRA,"Flexshares Global Broad Infr Fund",61.53,"FlexShares STOXX Global Broad Infrastructure Index Fund",NA,NA,No,Equity,NA,NA
NFTY,"FT India Nifty 50 EW ETF",56.12,"First Trust India NIFTY 50 Equal Weight ETF",50,85,No,Equity,NA,NA
NFXL,"Direxion Daily Nflx Bull 2X ETF",24.68,"Direxion Daily NFLX Bull 2X Shares ETF",NA,NA,No,Equity,NA,NA
NFXS,"Direxion Daily Nflx Bear 1X ETF",19.14,"Direxion Daily NFLX Bear 1X Shares ETF",NA,NA,No,Equity,NA,NA
NHYB,"Nuveen High Yield Corporate Bond ETF",25.13,"Nuveen High Yield Corporate Bond ETF",NA,NA,No,"Fixed Income",NA,NA
NHYM,"Nuveen High Yield Municipal Income ETF",24.9,"Nuveen High Yield Municipal Income ETF",NA,NA,No,"Fixed Income",NA,NA
NIHI,"Neos ETF Trust Neos MSCI EAFE High Income ETF",51.98,"NEOS MSCI EAFE High Income ETF",NA,NA,No,"Fixed Income",NA,NA
NIKL,"Sprott Nickel Miners ETF",19.58,"Sprott Nickel Miners ETF",NA,NA,No,Equity,NA,NA
NIOG,"Leverage Shares 2X Long Nio Daily ETF",12.97,"Leverage Shares 2X Long NIO Daily ETF",NA,NA,No,Equity,NA,NA
NITE,"The Nightview Fund Nite",37.86,"Nightview Fund",NA,NA,No,Equity,"Medical - Biomedical",Medical
NIXT,"Research Affiliates Deletions ETF",27.51,"Research Affiliates Deletions ETF",NA,NA,No,Equity,NA,NA
NJAN,"Innovator Growth-100 Power Buffer ETF Jan",55.76,"Innovator Growth-100 Power Buffer ETF (Jan)",NA,NA,No,Equity,NA,NA
NJNK,"Columbia U.S. High Yield ETF",20.32,"Columbia U.S. High Yield ETF",NA,NA,No,"Fixed Income",NA,NA
NJUL,"Innovator Growth-100 Power Buffer ETF Jul",73.64,"Innovator Growth-100 Power Buffer ETF (Jul)",NA,NA,No,Equity,NA,NA
NJUN,"Innovator Growth-100 Power Buffer ETF June",31.81,"Innovator Growth-100 Power Buffer ETF (Jun)",NA,NA,No,Equity,NA,NA
NLR,"Vaneck Uranium & Nuclear Energy ETF",164.37,"VanEck Vectors Uranium Plus Nuclear Energy ETF",1003,8757,No,Equity,NA,NA
NMAR,"Innovator Growth-100 Power Buffer ETF March",29.77,"Innovator Growth-100 Power Buffer ETF (Mar)",NA,NA,No,Equity,NA,NA
NMAY,"Innovator Growth-100 Power Buffer ETF May",28.04,"Innovator Growth-100 Power Buffer ETF (May)",NA,NA,No,Equity,NA,NA
NMB,"Simplify National Muni Bond ETF",24.8,"Simplify National Muni Bond ETF",NA,NA,No,"Fixed Income",NA,NA
NNEX,"Tradr 2X Long Nne Daily ETF",18.36,"Tradr 2X Long NNE Daily ETF",3,58,No,Currency,NA,NA
NNOV,"Innovator Growth-100 Power Buffer ETF November",29.25,"Innovator Growth-100 Power Buffer ETF (Nov)",NA,NA,No,Equity,NA,NA
NOBL,"S&P 500 Dividend Aristocrats ETF",108.63,"ProShares S&P 500 Dividend Aristocrats ETF",3,1157,No,"Portfolio-Multi Asset",NA,NA
NOCT,"Innovator Growth-100 Power Buffer ETF Oct",58.74,"Innovator Nasdaq-100 Power Buffer ETF (Oct)",NA,NA,No,Equity,NA,NA
NODE,"Vaneck Onchain Economy ETF",40.91,"VanEck Onchain Economy ETF",NA,NA,No,Equity,NA,NA
NORW,"GX MSCI Norway ETF",32.76,"Global X MSCI Norway ETF",NA,NA,No,Equity,NA,NA
NOVM,"FT Vest U.S. Max Buffer ETF - Nov",33.02,"FT Vest U.S. Equity Max Buffer ETF (Nov)",NA,NA,No,Equity,NA,NA
NOVP,"PGIM S&P 500 Buffer 12 ETF - November",30.81,"PGIM US Large-Cap Buffer 12 ETF (Nov)",NA,NA,No,Equity,NA,NA
NOVZ,"Trueshares Structured Outcome [Nov] ETF",44.32,"TrueShares Structured Outcome (November) ETF",NA,NA,No,Equity,NA,NA
NOWL,"Graniteshares 2X Long Now Daily ETF",10.06,"GraniteShares 2x Long NOW Daily ETF",NA,NA,No,Equity,NA,NA
NPFI,"Nuveen Preferred and Income ETF",26.39,"Nuveen Preferred and Income ETF",NA,NA,No,"Fixed Income",NA,NA
NRES,"Xtrackers Rreef Global Natural Resources ETF",33.75,"Xtrackers RREEF Global Natural Resources ETF",NA,NA,No,Equity,NA,NA
NRGD,"U.S. Big Oil -3 Inverse Leveraged Etns",11.95,"MicroSectors U.S. Big Oil Index -3X Inverse Leveraged ETN",NA,NA,No,Equity,NA,NA
NRGU,"U.S. Big Oil 3 Leveraged Etns",22.38,"MicroSectors U.S. Big Oil Index 3X Leveraged ETN",NA,NA,No,Equity,NA,NA
NRSH,"Aztlan North America Nearshoring Stock ETF",25.87,"Aztlan North America Nearshoring Stock Selection ETF",NA,NA,No,Equity,NA,NA
NSCI,"Nuveen Securitized Income ETF",25.28,"Nuveen Securitized Income ETF",NA,NA,No,"Fixed Income",NA,NA
NSCR,"Nuveen Sustainable Core ETF",31.58,"Nuveen Sustainable Core ETF",NA,NA,No,Equity,NA,NA
NSEP,"Innovator U.S. Small Cap Power Buffer ETF Sep",29.64,"Innovator Growth-100 Power Buffer ETF (Sep)",NA,NA,No,Equity,NA,NA
NSI,"National Security Emerging Markets Index ETF",37.08,"National Security Emerging Markets Index ETF",NA,NA,No,Equity,NA,NA
NTSE,"Wisdomtree Emerging Markets Efficient Core Fund",42.22,"WisdomTree Emerging Markets Efficient Core Fund",NA,NA,No,"Portfolio-Multi Asset",NA,NA
NTSI,"Wisdomtree Intl Efficient Core Fund",46.05,"WisdomTree International Efficient Core Fund",NA,NA,No,"Portfolio-Multi Asset",NA,NA
NTSX,"Wisdomtree U.S. Efficient Core Fund",55.57,"WisdomTree 90/60 U.S. Balanced Fund",NA,NA,No,"Portfolio-Multi Asset",NA,NA
NUAG,"Nushares US Aggregate Bond ETF",21.26,"NuShares Enhanced Yield U.S. Aggregate Bond ETF",NA,NA,No,"Fixed Income",NA,NA
NUBD,"Nushares ESG U.S. Aggregate Bond ETF",22.4,"NuShares ESG U.S. Aggregate Bond ETF",NA,NA,No,"Fixed Income",NA,NA
NUDM,"Nushares ESG Intl Developed Markets Equity ETF",37.87,"NuShares ESG International Developed Markets Equity ETF",NA,NA,No,Equity,NA,NA
NUDV,"Nuveen ESG Dividend ETF",30.9,"Nuveen ESG Dividend ETF",NA,NA,No,Equity,NA,NA
NUEM,"Nushares ESG Emerging Markets Equity ETF",39,"NuShares ESG Emerging Markets Equity ETF",NA,NA,No,Equity,NA,NA
NUG,"Leverage Shares 2X Long Nu Daily ETF",20.13,"Leverage Shares 2X Long NU Daily ETF",NA,NA,No,Equity,NA,NA
NUGO,"Nuveen Growth Opportunities ETF",40.1,"Nuveen Growth Opportunities ETF",NA,NA,No,Equity,NA,NA
NUGT,"Direxion Daily Gold Miners Bull 2X",309.51,"Direxion Daily Gold Miners Bull 2X Shares",6971,44562,Yes,Equity,NA,NA
NUGY,"Graniteshares Yieldboost Gold Miners ETF",24.51,"GraniteShares YieldBOOST Gold Miners ETF",NA,NA,No,Equity,NA,NA
NUHY,"Nuveen ESG High Yield Corporate Bond ETF",21.72,"Nuveen ESG High Yield Corporate Bond ETF",NA,NA,No,"Fixed Income",NA,NA
NUKZ,"Nuclear Renaissance Index ETF",72.59,"Range Nuclear Renaissance Index ETF",43,1946,No,Equity,NA,NA
NULC,"Nuveen ESG Large-Cap ETF",49.43,"Nuveen ESG Large-Cap ETF",NA,NA,No,Equity,NA,NA
NULG,"Nushares ESG Largecap Growth ETF",99.61,"NuShares ESG Large-Cap Growth ETF",NA,NA,No,Equity,NA,NA
NULV,"Nushares ESG Largecap Value ETF",46.83,"NuShares ESG Large-Cap Value ETF",NA,NA,No,Equity,NA,NA
NUMG,"Nushares ESG Midcap Growth ETF",46.91,"NuShares ESG Mid-Cap Growth ETF",NA,NA,No,Equity,NA,NA
NUMI,"Nuveen Municipal Income ETF",25.28,"Nuveen Municipal Income ETF",NA,NA,No,"Fixed Income",NA,NA
NUMV,"Nushares ESG Midcap Value ETF",40.54,"NuShares ESG Mid-Cap Value ETF",NA,NA,No,Equity,NA,NA
NURE,"Nushares Short-Term REIT ETF",27.99,"NuShares Short-Term REIT ETF",NA,NA,No,Equity,NA,NA
NUSA,"1-5 Year U.S. Aggregate Nushares ETF",23.4,"NuShares Enhanced Yield 1-5 Year U.S. Aggregate Bond ETF",NA,NA,No,"Fixed Income",NA,NA
NUSB,"Nuveen Ultra Short Income ETF",25.31,"Nuveen Ultra Short Income ETF",NA,NA,No,"Fixed Income",NA,NA
NUSC,"Nushares ESG Smallcap ETF",47.36,"NuShares ESG Small-Cap ETF",NA,NA,No,Equity,NA,NA
NVBT,"Aim U.S. Large Cap Buffer10 Nov ETF",37.36,"AllianzIM U.S. Large Cap Buffer10 Nov ETF",NA,NA,No,Equity,NA,NA
NVBU,"Allianzim U.S. Equity Buffer15 Uncapped Nov ETF",29.33,"AllianzIM U.S. Equity Buffer15 Uncapped Nov ETF",NA,NA,No,Equity,NA,NA
NVBW,"Aim U.S. Large Cap Buffer20 Nov ETF",34.14,"AllianzIM U.S. Large Cap Buffer20 Nov ETF",NA,NA,No,Equity,NA,NA
NVD,"Graniteshares -2X Short Nvda Daily ETF",6.72,"GraniteShares 2x Short NVDA Daily ETF",174,9415,No,Equity,NA,NA
NVDD,"Direxion Daily Nvda Bear 1X",37.39,"Direxion Daily NVDA Bear 1X Shares",32,2697,No,Equity,NA,NA
NVDG,"Leverage Shares 2X Long Nvda Daily ETF",17.48,"Leverage Shares 2X Long NVDA Daily ETF",37,986,No,Equity,NA,NA
NVDL,"Graniteshares 2X Long Nvda Daily ETF",91.66,"GraniteShares 2x Long NVDA Daily ETF",19043,175704,Yes,Equity,NA,NA
NVDO,"2X Capped Accelerated Nvda Monthly ETF",19.76,"Leverage Shares 2x Capped Accelerated NVDA Monthly ETF",NA,NA,No,Equity,NA,NA
NVDQ,"T-Rex 2X Inverse Nvidia Daily Target ETF",15.74,"T-REX 2X Inverse NVIDIA Daily Target ETF",10,4628,No,Equity,"Medical Instruments",Medical
NVDS,"Tradr 1.5X Short Nvda Daily ETF",26.77,"Tradr 1.5X Short NVDA Daily ETF",10,355,No,Equity,NA,NA
NVDU,"Direxion Daily Nvda Bull 2X",122.53,"Direxion Daily NVDA Bull 1.5X Shares",375,7750,No,Equity,NA,NA
NVDW,"Roundhill Nvda Weeklypay ETF",41.58,"Roundhill NVDA WeeklyPay ETF",10,587,No,Equity,NA,NA
NVDX,"T-Rex 2X Long Nvidia Daily Target ETF",17.76,"T-REX 2X Long NVIDIA Daily Target ETF",3766,66326,Yes,Equity,NA,NA
NVDY,"Yieldmax Nvda Option Income Strategy ETF",14.72,"YieldMax NVDA Option Income Strategy ETF",875,26108,No,Equity,NA,NA
NVII,"Rex Nvda Growth & Income ETF",28.52,"REX NVDA Growth & Income ETF",NA,NA,No,Equity,NA,NA
NVIR,"Horizon Kinetics Energy and Remediation ETF",35.77,"Horizon Kinetics Energy and Remediation ETF",NA,NA,No,Equity,NA,NA
NVOH,"Novo Nordisk A/S B Shares Adrhedged ETF",31.79,"Novo Nordisk A/S (B Shares) ADRhedged",NA,NA,No,Equity,NA,NA
NVOX,"Defiance Daily Target 2X Long Nvo ETF",29.75,"Defiance Daily Target 2X Long NVO ETF",57,5725,No,Equity,NA,NA
NVTX,"Tradr 2X Long Nvts Daily ETF",37.17,"Tradr 2X Long NVTS Daily ETF",41,858,No,Equity,NA,NA
NVYY,"Graniteshares Yieldboost Nvda ETF",18.08,"GraniteShares YieldBOOST NVDA ETF",24,395,No,Equity,NA,NA
NWLG,"Nuveen Winslow Largecap Growth ESG ETF",37.71,"Nuveen Winslow Large-Cap Growth ESG ETF",NA,NA,No,Equity,NA,NA
NWMX,"Tradr 2X Long Nem Daily ETF",40.09,"Tradr 2X Long NEM Daily ETF",450,292,No,Equity,NA,NA
NXTE,"Axs Green Alpha ETF",42.6,"AXS Green Alpha ETF",NA,NA,No,Equity,NA,NA
NXTG,"Nasdaq Smartphone Index Fund",115.61,"First Trust NASDAQ Smartphone Index Fund",NA,NA,No,Equity,NA,NA
NXTI,"Simplify Next Intangible Core ETF",32,"Simplify Next Intangible Core Index ETF",NA,NA,No,Equity,NA,NA
NXUS,"Nuveen International Aggregate Bond ETF",25.14,"Nuveen International Aggregate Bond ETF",NA,NA,No,"Fixed Income",NA,NA
NYF,"New York Muni Bond Ishares ETF",53.85,"iShares New York Muni Bond ETF",NA,NA,No,"Fixed Income",NA,NA
NZAC,"SPDR MSCI ACWI Climate Paris Aligned ETF",43.79,"SPDR MSCI ACWI Climate Paris Aligned ETF",NA,NA,No,"Portfolio-Multi Asset",NA,NA
NZUS,"SPDR MSCI USA Climate Paris Aligned ETF",35.75,"SPDR MSCI USA Climate Paris Aligned ETF",NA,NA,No,Equity,NA,NA
OACP,"Oneascent Core Plus Bond ETF",23.09,"OneAscent Core Plus Bond ETF",NA,NA,No,"Fixed Income",NA,NA
OAEM,"Oneascent Emerging Markets ETF",41.81,"OneAscent Emerging Markets ETF",NA,NA,No,Equity,NA,NA
OAIM,"Oneascent International Equity ETF",43.77,"OneAscent International Equity ETF",NA,NA,No,Equity,NA,NA
OAKM,"Oakmark U.S. Large Cap ETF",28.26,"Oakmark U.S. Large Cap ETF",NA,NA,No,Equity,NA,NA
OALC,"Oneascent Large Cap Core ETF",36.43,"Oneascent Large Cap Core ETF",NA,NA,No,Equity,NA,NA
OARK,"Yieldmax Innovation Option Income Strategy ETF",36.14,"YieldMax ARKK Option Income Strategy ETF",2,166,No,Equity,NA,NA
OASC,"Oneascent Small Cap Core ETF",30.4,"OneAscent Small Cap Core ETF",NA,NA,No,Equity,NA,NA
OBIL,"US Treasury 12 Month Bill ETF",50.29,"US Treasury 12 Month Bill ETF",NA,NA,No,"Fixed Income",NA,NA
OBND,"SPDR Loomis Sayles Opportunistic Bond ETF",26.21,"SPDR Loomis Sayles Opportunistic Bond ETF",NA,NA,No,"Fixed Income",NA,NA
OBOR,"KS MSCI One Belt One Road Index ETF",29.47,"KraneShares MSCI One Belt One Road ETF",2,0,No,Equity,NA,NA
OBTC,"Osprey Bitcoin Trust",28.61,"Osprey Bitcoin Trust ETF",NA,NA,No,Currency,NA,NA
OCIO,"ETF Series Solutions ETF",35.53,"ClearShares OCIO ETF",NA,NA,No,"Portfolio-Multi Asset",NA,NA
OCTH,"Innovator Premium Income 20 Barrier ETF Oct",24.06,"Innovator U.S. Equity Premium Income 20 Barrier (Oct)",NA,NA,No,Equity,NA,NA
OCTJ,"Innovator Premium Income 30 Barrier ETF Oct",24.05,"Innovator U.S. Equity Premium Income 30 Barrier ETF (Oct)",NA,NA,No,Equity,NA,NA
OCTM,"FT Vest U.S. Max Buffer ETF - Oct",32.81,"FT Vest U.S. Equity Max Buffer ETF (Oct)",NA,NA,No,Equity,NA,NA
OCTP,"PGIM S&P 500 Buffer 12 ETF - October",30.68,"PGIM US Large-Cap Buffer 12 ETF (Oct)",NA,NA,No,Equity,NA,NA
OCTT,"Allianzim U.S. Large Cap Buffer10 Oct ETF",44.07,"AllianzIM U.S. Large Cap Buffer10 Oct ETF",NA,NA,No,Equity,NA,NA
OCTU,"Allianzim U.S. Equity Buffer15 Uncapped Oct ETF",28.85,"AllianzIM U.S. Equity Buffer15 Uncapped Oct ETF",NA,NA,No,Equity,NA,NA
OCTW,"Allianzim U.S. Large Cap Buffer20 Oct ETF",39.35,"AllianzIM U.S. Large Cap Buffer20 Oct ETF",NA,NA,No,Equity,NA,NA
OCTZ,"Trueshares Structured Outcome [Oct] ETF",43.46,"TrueShares Structured Outcome (October) ETF",NA,NA,No,Equity,NA,NA
ODDS,"Pacer Bluestar Digital Entertainment ETF",27.59,"Pacer BlueStar Digital Entertainment ETF",NA,NA,No,Equity,NA,NA
ODHY,"Obra Defensive High Yield ETF",10.11,"Obra Defensive High Yield ETF",NA,NA,No,"Fixed Income",NA,NA
OEF,"S&P 100 Ishares ETF",344.69,"iShares S&P 100 ETF",2,1982,No,Equity,NA,NA
OEFA,"Alps O'Shares Intl Dvlp Quality Divd ETF",34.15,"ALPS O'Shares International Developed Quality Dividend ETF",NA,NA,No,Equity,NA,NA
OGIG,"Alps O'Shares Global Internet Giants ETF",49.93,"ALPS O'Shares Global Internet Giants ETF",1,2,No,Equity,NA,NA
OGSP,"Obra High Grade Structured Products ETF",10.09,"Obra High Grade Structured Products ETF",NA,NA,No,Equity,NA,NA
OIH,"Vaneck Oil Services ETF",343.89,"VanEck Vectors Oil Services ETF",879,21336,No,Equity,"Finance - Investment Funds",Finance
OILD,"Microsectors Oil & Gas Exp. & Prod -3X ETN",7.25,"MicroSectors Oil & Gas Exploration & Production -3X Leveraged ETN",NA,NA,No,Equity,NA,NA
OILK,"Crude Oil Strategy K-1 Free ETF",40.69,"ProShares K-1 Free Crude Oil Strategy ETF",14,150,No,Commodity,NA,NA
OILT,"Texas Oil Index ETF",24.92,"Texas Capital Texas Oil Index ETF",NA,NA,No,Equity,NA,NA
OILU,"Microsectors Oil & Gas Exp. & Prod. 3X ETN",30.97,"MicroSectors Oil & Gas Exploration & Production 3X Leveraged ETN",NA,NA,No,Equity,NA,NA
OKLL,"Defiance Daily Target 2X Long Oklo ETF",26.81,"Defiance Daily Target 2X Long OKLO ETF",1549,10757,No,Equity,NA,NA
OKTG,"Leverage Shares 2X Long Okta Daily ETF",16.73,"Leverage Shares 2x Long OKTA Daily ETF",2,7,No,Equity,NA,NA
OKTX,"Tradr 2X Long Okta Daily ETF",22.848,"Tradr 2X Long OKTA Daily ETF",NA,NA,No,Equity,NA,NA
OMAH,"Vistashares Target 15 Berkshire Select Income Et",18.19,"VistaShares Target 15 Berkshire Select Income ETF",14,725,No,Equity,NA,NA
OMFL,"Oppenheimer Russell 1000 Multifactor ETF",63.37,"Oppenheimer Russell 1000 Dynamic Multifactor ETF",5,53,No,Equity,NA,NA
OMFS,"Oppenheimer Russell 2000 Multifactor ETF",47.15,"Oppenheimer Russell 2000 Dynamic Multifactor ETF",NA,NA,No,Equity,NA,NA
OND,"Proshares On-Demand ETF",41.51,"ProShares On-Demand ETF",5,100,No,Equity,NA,NA
ONDG,"Leverage Shares 2X Long Onds Daily ETF",12.41,"Leverage Shares 2X Long ONDS Daily ETF",NA,NA,No,Equity,NA,NA
ONDU,"Tradr 2X Long Onds Daily ETF",20.42,"Tradr 2X Long ONDS Daily ETF",35,138,No,Equity,NA,NA
ONEO,"Russell 1000 Momentum Focus ETF SPDR",136.05,"SPDR Russell 1000 Momentum Focus ETF",NA,NA,No,"Portfolio-Multi Asset",NA,NA
ONEQ,"Nasdaq Composite ETF",93.83,"Fidelity Nasdaq Composite Index ETF",1,510,No,Equity,NA,NA
ONEV,"Russell 1000 Low Vol ETF SPDR",137.29,"SPDR Russell 1000 Low Volatility Focus ETF",NA,NA,No,"Portfolio-Multi Asset",NA,NA
ONEY,"Russell 1000 Yield Focus ETF SPDR",119.34,"SPDR Russell 1000 Yield Focus ETF",NA,NA,No,"Portfolio-Multi Asset",NA,NA
ONEZ,"Trueshares Seasonality Laddered Buffered ETF",26.33,"TrueShares Seasonality Laddered Buffered ETF",NA,NA,No,Equity,NA,NA
ONLN,"Online Retail ETF",61.72,"ProShares Online Retail ETF",1,44,No,Equity,NA,NA
ONOF,"GX Adaptive U.S. Risk Management ETF",38.33,"Global X Adaptive U.S. Risk Management ETF",NA,NA,No,"Portfolio-Multi Asset",NA,NA
OOQB,"One One Nasdaq-100 and Bitcoin ETF",12.75,"One One Nasdaq-100 and Bitcoin ETF",NA,NA,No,"Portfolio-Multi Asset",NA,NA
OOSB,"One One S&P 500 and Bitcoin ETF",13.23,"One One S&P 500 and Bitcoin ETF",NA,NA,No,"Portfolio-Multi Asset",NA,NA
OOSP,"Obra Opportunistic Structured Products ETF",10.19,"Obra Opportunistic Structured Products ETF",NA,NA,No,Equity,NA,NA
OPEG,"Leverage Shares 2X Long Open Daily ETF",9.09,"Leverage Shares 2X Long OPEN Daily ETF",NA,NA,No,Equity,NA,NA
OPER,"Clearshares Ultra-Short Maturity ETF",100.29,"ClearShares Ultra-Short Maturity ETF",NA,NA,No,"Fixed Income",NA,NA
OPEX,"Tradr 2X Long Open Daily ETF",12.76,"Tradr 2X Long OPEN Daily ETF",16,745,No,Equity,NA,NA
OPPE,"Wisdomtree Europe Hedged Smallcap Equity Fund",54.08,"WisdomTree European Opportunities Fund",NA,NA,No,Equity,NA,NA
OPPJ,"Wisdomtree Japan Opportunities Fund",50.02,"WisdomTree Japan Opportunities Fund",7,53,No,Equity,NA,NA
OPTZ,"Optimize Strategy Index ETF",37.66,"Optimize Strategy Index ETF",NA,NA,No,Equity,NA,NA
ORCS,"Direxion Daily Orcl Bear 1X ETF",30.49,"Direxion Daily ORCL Bear 1X ETF",NA,NA,No,Equity,NA,NA
ORCU,"Direxion Daily Orcl Bull 2X ETF",14.23,"Direxion Daily ORCL Bull 2X ETF",NA,NA,No,Equity,NA,NA
ORCX,"Defiance Daily Target 2X Long Orcl ETF",13.29,"Defiance Daily Target 2X Long ORCL ETF",802,18633,No,Equity,NA,NA
ORLG,"Leverage Shares 2X Long Orly Daily ETF",16.99,"Leverage Shares 2X Long ORLY Daily ETF",NA,NA,No,Equity,NA,NA
ORR,"Militia Long/Short Equity ETF",35.94,"Militia Long/Short Equity ETF",26,2724,No,Equity,NA,NA
OSCG,"Leverage Shares 2X Long Oscr Daily ETF",9.25,"Leverage Shares 2X Long OSCR Daily ETF",5,23,No,Equity,NA,NA
OSCV,"Opus Small Cap Value Plus ETF",38.99,"Opus Small Cap Value Plus ETF",NA,NA,No,Equity,NA,NA
OSCX,"Defiance Daily Target 2X Long Oscr ETF",9.43,"Defiance Daily Target 2x Long OSCR ETF",NA,NA,No,Equity,NA,NA
OSEA,"Harbor International Compounders ETF",30.64,"Harbor International Compounders ETF",NA,NA,No,Equity,NA,NA
OTGL,"Otg Latin America ETF",11.6,"OTG Latin America ETF",NA,NA,No,Equity,NA,NA
OUNZ,"Vaneck Merk Gold ETF",51.75,"Vaneck Merk Gold ETF",396,1937,No,Commodity,NA,NA
OUSA,"Alps O'Shares U.S. Quality Dividend ETF",58.4,"ALPS O'Shares U.S. Quality Dividend ETF",NA,NA,No,Equity,NA,NA
OUSM,"Alps O'Shares U.S. Small-Cap Qlty Divd ETF",44.96,"ALPS O'Shares U.S. Small-Cap Quality Dividend ETF",NA,NA,No,Equity,NA,NA
OVB,"Overlay Shares Core Bond ETF",20.25,"Overlay Shares Core Bond ETF",NA,NA,No,"Fixed Income",NA,NA
OVF,"Overlay Shares Foreign Equity ETF",31.01,"Overlay Shares Foreign Equity ETF",NA,NA,No,"Fixed Income",NA,NA
OVL,"Overlay Shares Large Cap Equity ETF",54.27,"Overlay Shares Large Cap Equity ETF",NA,NA,No,Equity,NA,NA
OVLH,"Overlay Shares Hedged Large Cap Equity ETF",39.9,"Overlay Shares Hedged Large Cap Equity ETF",NA,NA,No,Equity,NA,NA
OVM,"Overlay Shares Municipal Bond ETF",21.63,"Overlay Shares Municipal Bond ETF",NA,NA,No,"Fixed Income",NA,NA
OVS,"Overlay Shares Small Cap Equity ETF",37.54,"Overlay Shares Small Cap Equity ETF",NA,NA,No,Equity,NA,NA
OVT,"Overlay Shares Short-Term Bond ETF",21.94,"Overlay Shares Short Term Bond ETF",NA,NA,No,"Fixed Income",NA,NA
OWNB,"Bitwise Bitcoin Standard Corporations ETF",23.69,"Bitwise Bitcoin Standard Corporations ETF",NA,NA,No,Equity,NA,NA
OWNS,"Impact Shares Affordable Housing MBS ETF",17.57,"Impact Shares Affordable Housing MBS ETF",NA,NA,No,"Fixed Income",NA,NA
OZEM,"Roundhill Glp-1 & Weight Loss ETF",36.11,"Roundhill GLP-1 & Weight Loss ETF",4,591,No,Equity,NA,NA
PAAA,"PGIM AAA Clo ETF",51.51,"PGIM AAA CLO ETF",NA,NA,No,Equity,NA,NA
PAB,"Gim Active Aggregate Bond ETF",42.85,"PGIM Active Aggregate Bond ETF",NA,NA,No,"Fixed Income",NA,NA
PABD,"Ishares Paris-Aligned Climate MSCI World Ex USA",67.73,"iShares Paris-Aligned Climate MSCI World ex USA ETF",NA,NA,No,Equity,NA,NA
PABU,"Ishares Paris-Aligned Climate MSCI USA ETF",72.32,"iShares Paris-Aligned Climate MSCI USA ETF",NA,NA,No,Equity,NA,NA
PALC,"Pacer Large Cap Multi-Factor Alternator ETF",54.02,"Pacer Lunt Large Cap Multi-Factor Alternator ETF",NA,NA,No,Equity,NA,NA
PALD,"Direxion Daily Panw Bear 1X",23.83,"Direxion Daily PANW Bear 1X Shares",NA,NA,No,Equity,NA,NA
PALL,"Physical Palladium ETF",185.91,"Aberdeen Standard Physical Palladium Shares ETF",2111,24075,No,Commodity,"Finance - Investment Funds",Finance
PALU,"Direxion Daily Panw Bull 2X",17.6,"Direxion Daily PANW Bull 2X Shares",NA,NA,No,Equity,NA,NA
PAMC,"Pacer Lunt Midcap Multi-Factor Alternator ETF",49.13,"Pacer Lunt Mid Cap Multi-Factor Alternator ETF",NA,NA,No,Equity,NA,NA
PANG,"Leverage Shares 2X Long Panw Daily ETF",10.83,"Leverage Shares 2X Long PANW Daily ETF",4,162,No,Equity,"Medical Services",Medical
PAPI,"Parametric Equity Premium Income ETF",27.07,"Parametric Equity Premium Income ETF",NA,NA,No,"Fixed Income",NA,NA
PAPR,"Innovator U.S. Equity Power Buffer ETF Apr",39.36,"Innovator S&P 500 Power Buffer ETF (Apr)",NA,NA,No,Equity,NA,NA
PATN,"Patent Leaders ETF",29.72,"Pacer Nasdaq International Patent Leaders ETF",NA,NA,No,Equity,NA,NA
PATX,"Tradr 2X Long Path Daily ETF",16.32,"Tradr 2X Long PATH Daily ETF",NA,NA,No,Equity,NA,NA
PAUG,"Innovator U.S. Equity Power Buffer ETF Aug",43.66,"Innovator S&P 500 Power Buffer ETF (Aug)",NA,NA,No,Equity,NA,NA
PAVE,"GX U.S. Infrastructure Development ETF",50.9,"Global X U.S. Infrastructure Development ETF",69,2042,No,Equity,NA,NA
PAWZ,"Pet Care ETF",55.81,"ProShares Pet Care ETF",NA,NA,No,Equity,NA,NA
PBAP,"PGIM S&P 500 Buffer 20 ETF - April",29.12,"PGIM US Large-Cap Buffer 20 ETF (Apr)",NA,NA,No,Equity,NA,NA
PBAU,"PGIM S&P 500 Buffer 20 ETF - August",30.19,"PGIM US Large-Cap Buffer 20 ETF (Aug)",NA,NA,No,Equity,NA,NA
PBD,"Global Clean Energy Invesco ETF",18.3,"Invesco Global Clean Energy ETF",1,15,No,Equity,NA,NA
PBDC,"Putnam Bdc Income ETF",30.26,"Putnam BDC Income ETF",NA,NA,No,Equity,NA,NA
PBDE,"PGIM S&P 500 Buffer 20 ETF - December",29.72,"PGIM US Large-Cap Buffer 20 ETF (Dec)",NA,NA,No,Equity,NA,NA
PBE,"Dynamic Biotechnology & Genome Invesco ETF",82.36,"Invesco Dynamic Biotechnology & Genome ETF",NA,NA,No,Equity,NA,NA
PBEU,"Portfolio European Banks Index ETF",30.66,"Portfolio Building Block European Banks Index ETF",NA,NA,No,Equity,NA,NA
PBFB,"PGIM S&P 500 Buffer 20 ETF - February",30.7,"PGIM US Large-Cap Buffer 20 ETF (Feb)",NA,NA,No,Equity,NA,NA
PBFR,"PGIM Laddered S&P 500 Buffer 20 ETF",29.43,"PGIM Laddered Fund of Buffer 20 ETF",NA,NA,No,Equity,NA,NA
PBJ,"Dynamic Food & Beverage Invesco ETF",47.33,"Invesco Dynamic Food & Beverage ETF",NA,NA,No,Equity,NA,NA
PBJA,"PGIM S&P 500 Buffer 20 ETF - January",31.14,"PGIM US Large-Cap Buffer 20 ETF (Jan)",NA,NA,No,Equity,NA,NA
PBJL,"PGIM S&P 500 Buffer 20 ETF - July",30.16,"PGIM US Large-Cap Buffer 20 ETF (Jul)",NA,NA,No,Equity,NA,NA
PBJN,"PGIM S&P 500 Buffer 20 ETF - June",30.15,"PGIM US Large-Cap Buffer 20 ETF (Jun)",NA,NA,No,Equity,NA,NA
PBL,"PGIM Portfolio Ballast ETF",31.39,"PGIM Portfolio Ballast ETF",NA,NA,No,Alternative,NA,NA
PBMR,"PGIM S&P 500 Buffer 20 ETF - March",30.72,"PGIM US Large-Cap Buffer 20 ETF (Mar)",NA,NA,No,Equity,NA,NA
PBMY,"PGIM S&P 500 Buffer 20 ETF - May",30.2,"PGIM US Large-Cap Buffer 20 ETF (May)",NA,NA,No,Equity,NA,NA
PBNV,"PGIM S&P 500 Buffer 20 ETF - November",29.67,"PGIM US Large-Cap Buffer 20 ETF (Nov)",NA,NA,No,Equity,NA,NA
PBOC,"PGIM S&P 500 Buffer 20 ETF - October",29.43,"PGIM US Large-Cap Buffer 20 ETF (Oct)",NA,NA,No,Equity,NA,NA
PBOG,"Integrated Oil and Gas and Exploration ETF",27.83,"Portfolio Building Block Integrated Oil Gas Exp Prod Index ETF",NA,NA,No,Equity,NA,NA
PBP,"S&P 500 Buywrite Invesco ETF",22.9,"Invesco S&P 500 BuyWrite ETF",NA,NA,No,Equity,NA,NA
PBPH,"Portfolio World Pharma and Biotech Index ETF",25.92,"Portfolio Building Block World Pharma and Biotech Index ETF",NA,NA,No,Equity,NA,NA
PBQQ,"PGIM Laddered Nasdaq-100 Buffer 12",29.22,"PGIM Laddered Nasdaq-100 Buffer 12 ETF",NA,NA,No,Equity,NA,NA
PBRG,"Leverage Shares 2X Long Pbr Daily ETF",26.56,"Leverage Shares 2X Long PBR Daily ETF",NA,NA,No,Equity,NA,NA
PBSE,"PGIM S&P 500 Buffer 20 ETF - September",29.67,"PGIM US Large-Cap Buffer 20 ETF (Sep)",NA,NA,No,Equity,NA,NA
PBTP,"Purebetasm 0-5 Yr US TIPS Invesco ETF",26.01,"Invesco PureBeta 0-5 Yr US TIPS ETF",NA,NA,No,"Fixed Income",NA,NA
PBUS,"Purebetasm MSCI USA Invesco ETF",69.8,"Invesco PureBeta MSCI USA ETF",NA,NA,No,Equity,NA,NA
PBW,"Wilderhill Clean Energy Invesco ETF",36.13,"Invesco WilderHill Clean Energy ETF",20,2470,No,Equity,NA,NA
PCCE,"Polen Capital China Growth ETF",13.65,"Polen Capital China Growth ETF",NA,NA,No,Equity,NA,NA
PCEF,"CEF Income Composite Invesco ETF",20.11,"Invesco CEF Income Composite ETF",4,54,No,"Portfolio-Multi Asset",NA,NA
PCEM,"Polen Capital Emerging Markets Ex China Growth E",12.56,"Polen Capital Emerging Markets ex China Growth ETF",NA,NA,No,Equity,NA,NA
PCFI,"Polen Floating Rate Income ETF",23.78,"Polen Floating Rate Income ETF",NA,NA,No,"Fixed Income",NA,NA
PCGG,"Polen Capital Global Growth ETF",11.77,"Polen Capital Global Growth ETF",NA,NA,No,Equity,NA,NA
PCHI,"Polen High Income ETF",25.25,"Polen High Income ETF",NA,NA,No,"Fixed Income",NA,NA
PCI,"PGIM Corporate Bond 5-10 Year ETF",50.76,"PGIM Corporate Bond 5-10 Year ETF",NA,NA,No,"Fixed Income",NA,NA
PCIG,"Polen Capital International Growth Et",9.5,"Polen Capital International Growth ETF",NA,NA,No,Equity,NA,NA
PCL,"PGIM Corporate Bond 10+ Year ETF",50.72,"PGIM Corporate Bond 10 plus Year ETF",NA,NA,No,"Fixed Income","Building Products - Wood",Construction
PCLG,"Polen Focus Growth ETF",23.96,"Polen Focus Growth ETF",NA,NA,No,Equity,NA,NA
PCLO,"Virtus Seix AAA Private Credit Clo ETF",24.95,"Virtus Seix AAA Private Credit CLO ETF",NA,NA,No,"Fixed Income",NA,NA
PCMM,"Bondbloxx Private Credit Clo ETF",50.35,"BondBloxx Private Credit CLO ETF",NA,NA,No,"Fixed Income",NA,NA
PCR,"Simplify Vettafi Private Credit Strategy ETF",22.94,"Simplify VettaFi Private Credit Strategy ETF",NA,NA,No,"Fixed Income",NA,NA
PCRB,"Putnam ESG Core Bond ETF",49.38,"Putnam ESG Core Bond ETF",NA,NA,No,"Fixed Income",NA,NA
PCS,"Corporate Bond 0-5 Year ETF",50.5,"PGIM Corporate Bond 0-5 Year ETF",NA,NA,No,"Fixed Income",NA,NA
PCY,"Emrg Mkts Sovereign Debt Invesco ETF",21.58,"Invesco Emerging Markets Sovereign Debt ETF",NA,NA,No,"Fixed Income","Finance - Investment Funds",Finance
PDBA,"Invesco Agriculture Commodity K-1 ETF",34.5,"Invesco Agriculture Commodity Strategy No K-1 ETF",3,17,No,Commodity,NA,NA
PDBC,"Optimum Yield Diversified Commodity Strategy",14.82,"Invesco Optimum Yield Diversified Commodity Strategy No K-1 ETF",97,1229,No,Commodity,NA,NA
PDDL,"Graniteshares 2X Long Pdd Daily ETF",22.86,"GraniteShares 2x Long PDD Daily ETF",NA,NA,No,Equity,NA,NA
PDEC,"Innovator U.S. Equity Power Buffer ETF Dec",43.81,"Innovator S&P 500 Power Buffer ETF (Dec)",NA,NA,No,Equity,NA,NA
PDN,"FTSE RAFI Dev Markets Ex-U.S. Small-Mid Invesco",45.44,"Invesco FTSE RAFI Developed Markets ex-U.S. Small-Mid ETF",NA,NA,No,Equity,NA,NA
PDP,"DWA Momentum Invesco ETF",125.46,"Invesco DWA Momentum ETF",17,38,No,Equity,NA,NA
PEJ,"Dynamic Leisure and Entertainment Invesco ETF",60.46,"Invesco Dynamic Leisure and Entertainment ETF",6,28,No,Equity,NA,NA
PEMX,"Putnam Emerging Markets Ex-China ETF",72.48,"Putnam Emerging Markets ex-China ETF",NA,NA,No,Equity,NA,NA
PEPS,"Parametric Equity Plus ETF",30.1,"Parametric Equity Plus ETF",NA,NA,No,Equity,NA,NA
PEVC,"Pacer Pe/Vc ETF",28.65,"Pacer PE/VC ETF",NA,NA,No,Equity,NA,NA
PEX,"Global Listed Private Equity ETF",24.91,"ProShares Global Listed Private Equity ETF",NA,NA,No,"Portfolio-Multi Asset",NA,NA
PEXL,"Pacer US Export Leaders ETF",63.87,"Pacer US Export Leaders ETF",NA,NA,No,Equity,NA,NA
PEY,"High Yield Equity Dividend Achievers Invesco ETF",21.14,"Invesco High Yield Equity Dividend Achievers ETF",100,1617,No,Equity,NA,NA
PEZ,"DWA Consumer Cyclicals Momentum Invesco ETF",104.44,"Invesco DWA Consumer Cyclicals Momentum ETF",NA,NA,No,Equity,NA,NA
PFDE,"Pathfinder Disciplined US Equity ETF",25.42,"Pathfinder Disciplined US Equity ETF",NA,NA,No,Equity,NA,NA
PFEB,"Innovator U.S. Equity Power Buffer ETF Feb",41.19,"Innovator S&P 500 Power Buffer ETF (Feb)",NA,NA,No,Equity,NA,NA
PFF,"US Preferred Stock Ishares ETF",31.81,"iShares U.S. Preferred Stock ETF",189,7945,No,"Fixed Income","Finance - Investment Funds",Finance
PFFA,"Virtus Infracap U.S. Preferred Stock ETF",21.83,"Virtus InfraCap U.S. Preferred Stock ETF",11,2375,No,Alternative,NA,NA
PFFD,"GX U.S. Preferred ETF",19.51,"Global X U.S. Preferred ETF",5,146,No,Equity,NA,NA
PFFL,"Etracs 2X Prfd Stock Index ETN",8.51,"ETRACS Monthly Pay 2xLeveraged Preferred Stock ETN",NA,NA,No,"Portfolio-Multi Asset",NA,NA
PFFR,"Infracap REIT Preferred ETF",18.27,"InfraCap REIT Preferred ETF",NA,NA,No,Equity,NA,NA
PFFV,"GX Variable Rate Preferred ETF",22.66,"Global X Variable Rate Preferred ETF",NA,NA,No,Alternative,NA,NA
PFI,"DWA Financial Momentum Invesco ETF",58.4,"Invesco DWA Financial Momentum ETF",11,5,No,Equity,NA,NA
PFIG,"Fundamental Investment Grade Corp Bond Invesco",24.24,"Invesco Fundamental Investment Grade Corporate Bond ETF",NA,NA,No,"Fixed Income",NA,NA
PFIX,"Simplify Interest Rate Hedge ETF",46,"Simplify Interest Rate Hedge ETF",1,344,No,"Fixed Income",NA,NA
PFLD,"Aam Low Duration Preferred and Income Securities",19.81,"AAM Low Duration Preferred and Income Securities ETF",NA,NA,No,"Fixed Income",NA,NA
PFM,"Dividend Achievers Invesco ETF",52.61,"Invesco Dividend Achievers ETF",NA,NA,No,Equity,NA,NA
PFRL,"PGIM Floating Rate Income ETF",49.74,"PGIM Floating Rate Income ETF",NA,NA,No,"Fixed Income",NA,NA
PFUT,"Putnam Sustainable Future ETF",25.32,"Putnam Sustainable Future ETF",NA,NA,No,Equity,NA,NA
PFXF,"Vaneck Prfd Securities Ex Financials ETF",18.42,"VanEck Vectors Preferred Securities ex Financials ETF",1,152,No,Equity,NA,NA
PGF,"Financial Preferred Invesco ETF",14.35,"Invesco Financial Preferred ETF",5,146,No,Equity,NA,NA
PGHY,"Global Short-Term Hi-Yld Bond Invesco ETF",19.92,"Invesco Global Short Term High Yield Bond ETF",NA,NA,No,"Portfolio-Multi Asset",NA,NA
PGJ,"Golden Dragon China Invesco ETF",30.24,"Invesco Golden Dragon China ETF",3,380,No,Equity,NA,NA
PGRO,"Putnam Focused Large Cap Growth ETF",44.48,"Putnam Focused Large Cap Growth ETF",NA,NA,No,Equity,NA,NA
PGX,"Preferred Invesco ETF",11.39,"Invesco Preferred ETF",2,1059,No,"Fixed Income","Finance - Investment Funds",Finance
PHB,"Fundamental Hi-Yld Corp Bond Invesco ETF",18.62,"Invesco Fundamental High Yield Corporate Bond ETF",NA,NA,No,"Fixed Income",NA,NA
PHDG,"S&P 500 Downside Hedged Invesco ETF",38.08,"Invesco S&P 500 Downside Hedged ETF",NA,NA,No,"Portfolio-Multi Asset",NA,NA
PHEQ,"Parametric Hedged Equity ETF",32.76,"Parametric Hedged Equity ETF",NA,NA,No,Equity,NA,NA
PHO,"Water Resources Invesco ETF",72.22,"Invesco Water Resources ETF",47,620,No,Equity,NA,NA
PHYD,"Putnam ESG High Yield ETF",52.36,"Putnam ESG High Yield ETF",NA,NA,No,"Fixed Income",NA,NA
PHYL,"PGIM Active High Yield Bond ETF",35.72,"PGIM Active High Yield Bond ETF",NA,NA,No,"Fixed Income",NA,NA
PHYS,"Sprott Physical Gold Trust ETV",40.8,"Sprott Physical Gold Trust",NA,NA,No,"Portfolio-Multi Asset",NA,NA
PICB,"Intl Corp Bond Invesco ETF",24.4,"Invesco International Corporate Bond ETF",NA,NA,No,"Fixed Income",NA,NA
PICK,"Ishares Global Select Metals & Mining Fund",61.33,"iShares MSCI Global Metals & Mining Producers ETF",62,1482,No,Equity,NA,NA
PID,"Intl Dividend Achievers Invesco ETF",22.79,"Invesco International Dividend Achievers ETF",1,3,No,Equity,"Finance - Investment Funds",Finance
PIE,"DWA Emerging Markets Momentum Invesco ETF",26.93,"Invesco DWA Emerging Markets Momentum ETF",NA,NA,No,Equity,NA,NA
PIEQ,"Principal International Equity ETF",35.17,"Principal International Equity ETF",NA,NA,No,Equity,NA,NA
PIFI,"Clearshares Piton Intermediate ETF",94.74,"Clearshares Piton Intermediate Fixed Income ETF",NA,NA,No,"Fixed Income",NA,NA
PILL,"Direxion Daily Pharma & Medical Bull 3X",11.7,"Direxion Daily Pharmaceutical & Medical Bull 3X Shares",62,381,No,Equity,NA,NA
PIN,"India Invesco ETF",23.16,"Invesco India ETF",1,196,No,Equity,"Finance - Investment Funds",Finance
PINK,"Simplify Health Care ETF",36.78,"Simplify Health Care ETF",24,103,No,Equity,NA,NA
PIO,"Global Water Invesco ETF",46.8,"Invesco Global Water ETF",NA,NA,No,Equity,NA,NA
PIT,"Vaneck Commodity Strategy ETF",61.21,"VanEck Commodity Strategy ETF",NA,NA,No,"Fixed Income",NA,NA
PIZ,"DWA Developed Markets Momentum Invesco ETF",53.47,"Invesco DWA Developed Markets Momentum ETF",1,12,No,Equity,NA,NA
PJAN,"Innovator U.S. Equity Power Buffer ETF Jan",47.53,"Innovator S&P 500 Power Buffer ETF (Jan)",NA,NA,No,Equity,NA,NA
PJBF,"PGIM Jennison Better Future ETF",62.69,"PGIM Jennison Better Future ETF",NA,NA,No,Equity,NA,NA
PJFG,"PGIM Jennison Focused Growth ETF",110.25,"PGIM Jennison Focused Growth ETF",NA,NA,No,Equity,NA,NA
PJFM,"PGIM Jennison Focused Mid-Cap ETF",65.59,"PGIM Jennison Focused Mid-Cap ETF",NA,NA,No,Equity,NA,NA
PJFV,"PGIM Jennison Focused Value ETF",85.53,"PGIM Jennison Focused Value ETF",NA,NA,No,Equity,NA,NA
PJIO,"PGIM Jennison International Opp ETF",63.58,"PGIM Jennison International Opportunities ETF",NA,NA,No,Equity,NA,NA
PJP,"Dynamic Pharmaceuticals Invesco ETF",104.62,"Invesco Dynamic Pharmaceuticals ETF",2,51,No,Equity,NA,NA
PJUL,"Innovator U.S. Equity Power Buffer ETF Jul",46.83,"Innovator S&P 500 Power Buffer ETF (Jul)",NA,NA,No,Equity,NA,NA
PJUN,"Innovator U.S. Equity Power Buffer ETF Jun",42.19,"Innovator S&P 500 Power Buffer ETF (Jun)",NA,NA,No,Equity,NA,NA
PKB,"Dynamic Building & Construction Invesco ETF",100.03,"Invesco Dynamic Building & Construction ETF",6,96,No,Equity,NA,NA
PKW,"Buyback Achievers Invesco ETF",135.85,"Invesco BuyBack Achievers ETF",NA,NA,No,Equity,NA,NA
PLDR,"Putnam Sustainable Leaders ETF",36.97,"Putnam Sustainable Leaders ETF",NA,NA,No,Equity,NA,NA
PLOO,"2X Capped Accelerated Pltr Monthly ETF",14.81,"Leverage Shares 2x Capped Accelerated PLTR Monthly ETF",NA,NA,No,Equity,NA,NA
PLT,"Defiance Leveraged Long Income Pltr ETF",12.38,"Defiance Leveraged Long plus Income PLTR ETF",NA,NA,No,Equity,"Communications Components","Computers and Technology"
PLTD,"Direxion Daily Pltr Bear 1X",7.39,"Direxion Daily PLTR Bear 1X Shares ETF",84,758,No,Equity,NA,NA
PLTG,"Leverage Shares 2X Long Pltr Daily ETF",20.17,"Leverage Shares 2X Long PLTR Daily ETF",104,711,No,Equity,NA,NA
PLTM,"Graniteshares Platinum Shares ETF",25.93,"GraniteShares Platinum Trust",NA,NA,No,Commodity,NA,NA
PLTU,"Direxion Daily Pltr Bull 2X",56.45,"Direxion Daily PLTR Bull 2X Shares ETF",421,1661,No,Equity,NA,NA
PLTW,"Roundhill Pltr Weeklypay ETF",30.75,"Roundhill PLTR WeeklyPay ETF",226,1627,No,Equity,NA,NA
PLTY,"Yieldmax Pltr Option Income Strategy ETF",44.86,"YieldMax PLTR Option Income Strategy ETF",298,5605,No,Equity,NA,NA
PLTZ,"Defiance Daily Target 2X Short Pltr ETF",30.55,"Defiance Daily Target 2x Short PLTR ETF",NA,NA,No,Equity,NA,NA
PLUL,"Leverage Shares 2X Long Plug Daily ETF",16.48,"Leverage Shares 2X Long PLUG Daily ETF",NA,NA,No,Equity,NA,NA
PLYY,"Graniteshares Yieldboost Pltr ETF",15.86,"GraniteShares YieldBOOST PLTR ETF",2,72,No,Equity,NA,NA
PMAP,"PGIM S&P 500 Max Buffer ETF - April",26.48,"PGIM S&P 500 Max Buffer ETF (Apr)",NA,NA,No,Equity,NA,NA
PMAR,"Innovator U.S. Equity Power Buffer ETF Mar",45.33,"Innovator S&P 500 Power Buffer ETF (Mar)",NA,NA,No,Equity,NA,NA
PMAU,"PGIM S&P 500 Max Buffer ETF August",25.88,"PGIM S&P 500 Max Buffer ETF (Aug)",NA,NA,No,Equity,NA,NA
PMAY,"Innovator U.S. Equity Power Buffer ETF May",39.81,"Innovator S&P 500 Power Buffer ETF (May)",NA,NA,No,Equity,NA,NA
PMBS,"Pimco Mortgage-Backed Securities Active ETF",50.11,"PIMCO Mortgage-Backed Securities Active ETF",NA,NA,No,"Fixed Income","Medical - Drugs",Medical
PMFB,"PGIM S&P 500 Max Buffer ETF - February",26.68,"PGIM S&P 500 Max Buffer ETF (Feb)",NA,NA,No,Equity,NA,NA
PMIO,"PGIM Municipal Income Opp ETF",51.35,"PGIM Municipal Income Opportunities ETF",NA,NA,No,"Fixed Income",NA,NA
PMJA,"PGIM S&P 500 Max Buffer ETF - January",26.94,"PGIM S&P 500 Max Buffer ETF (Jan)",NA,NA,No,Equity,NA,NA
PMJL,"PGIM S&P 500 Max Buffer ETF July",25.91,"PGIM S&P 500 Max Buffer ETF (Jul)",NA,NA,No,"Fixed Income",NA,NA
PMJN,"PGIM S&P 500 Max Buffer ETF - June",26.23,"PGIM S&P 500 Max Buffer ETF (Jun)",NA,NA,No,Equity,NA,NA
PMMF,"Ishares Prime Money Market ETF",100.5,"iShares Prime Money Market ETF",NA,NA,No,Alternative,NA,NA
PMMR,"PGIM S&P 500 Max Buffer ETF - March",26.45,"PGIM S&P 500 Max Buffer ETF (Mar)",NA,NA,No,Equity,NA,NA
PMMY,"PGIM S&P 500 Max Buffer ETF - May",26.24,"PGIM S&P 500 Max Buffer ETF (May)",NA,NA,No,Equity,NA,NA
PMSE,"PGIM S&P 500 Max Buffer ETF Sep",25.6,"PGIM S&P 500 Max Buffer ETF (Sep)",NA,NA,No,Equity,NA,NA
PNOV,"Innovator U.S. Equity Power Buffer ETF Nov",42.24,"Innovator S&P 500 Buffer ETF (Nov)",NA,NA,No,Equity,NA,NA
PNQI,"Nasdaq Internet Invesco ETF",52.51,"Invesco NASDAQ Internet ETF",NA,NA,No,Equity,NA,NA
POCT,"Innovator U.S. Equity Power Buffer ETF Oct",44.3,"Innovator S&P 500 Power Buffer ETF (Oct)",NA,NA,No,Equity,NA,NA
PONX,"Tradr 2X Long Pony Daily ETF",22.06,"Tradr 2X Long PONY Daily ETF",6,153,No,Equity,NA,NA
POWA,"Invesco Bloomberg Pricing Power ETF",93.25,"Invesco Bloomberg Pricing Power ETF",NA,NA,No,Equity,NA,NA
POWR,"Ishares Global Energy Producers Fund",24.68,"iShares MSCI Global Energy Producers ETF",NA,NA,No,Equity,"Oil Field Machinery & Equip",Oils-Energy
PPA,"Aerospace & Defense Invesco ETF",175.74,"Invesco Aerospace & Defense ETF",14,829,No,Equity,NA,NA
PPEM,"Putnam ESG Emerging Markets Equity ETF",29.82,"Putnam PanAgora ESG Emerging Markets Equity ETF",NA,NA,No,Equity,NA,NA
PPH,"Vaneck Pharmaceutical ETF",105.39,"VanEck Vectors Pharmaceutical ETF",14,737,No,Equity,NA,NA
PPI,"Axs Astoria Inflation Sensitive ETF",20.85,"AXS Astoria Real Assets ETF",5,5,No,"Portfolio-Multi Asset",NA,NA
PPIE,"Putnam ESG International Equity ETF",28.07,"Putnam PanAgora ESG International Equity ETF",NA,NA,No,Equity,NA,NA
PPLT,"Physical Platinum ETF",245.16,"Aberdeen Standard Physical Platinum Shares ETF",3763,63610,No,Commodity,"Finance - Investment Funds",Finance
PPTY,"Ppty U.S. Diversified Real Estate ETF",30.06,"U.S. Diversified Real Estate ETF",NA,NA,No,Alternative,NA,NA
PQAP,"PGIM Nasdaq-100 Buffer 12 ETF - Apr",28.82,"PGIM Nasdaq-100 Buffer 12 ETF (Apr)",NA,NA,No,Equity,NA,NA
PQDI,"Principal Spectrum Tax-Advantaged Dividend ETF",19.73,"Principal Spectrum Tax-Advantaged Dividend Active ETF",NA,NA,No,Equity,NA,NA
PQJA,"PGIM Nasdaq-100 Buffer 12 ETF - Jan",29.66,"PGIM Nasdaq-100 Buffer 12 ETF (Jan)",NA,NA,No,Equity,NA,NA
PQJL,"PGIM Nasdaq-100 Buffer 12 ETF - Jul",29.43,"PGIM Nasdaq-100 Buffer 12 ETF (Jul)",NA,NA,No,Equity,NA,NA
PQOC,"PGIM Nasdaq-100 Buffer 12 ETF - Oct",29.1,"PGIM Nasdaq-100 Buffer 12 ETF (Oct)",NA,NA,No,Equity,NA,NA
PRAE,"Planrock Alternative Growth ETF",40.53,"PlanRock Alternative Growth ETF",NA,NA,No,Equity,NA,NA
PRAY,"Fis Christian Stock Fund",33.15,"FIS Biblically Responsible Risk Managed ETF",NA,NA,No,Equity,NA,NA
PRCS,"Parnassus Income Funds Parnassus Core Select ETF",27.83,"Parnassus Core Select ETF",NA,NA,No,Equity,NA,NA
PREF,"Principal Spectrum Preferred Securities ETF",19.17,"Principal Spectrum Preferred Securities Active ETF",NA,NA,No,Equity,NA,NA
PRF,"FTSE RAFI US 1000 Invesco ETF",48.71,"Invesco FTSE RAFI US 1500 Small- Mid ETF",1,17,No,Equity,NA,NA
PRFD,"Pimco Preferred & Capital Securities Active ETF",51.87,"PIMCO Preferred & Capital Securities Active ETF",NA,NA,No,"Fixed Income",NA,NA
PRFZ,"FTSE RAFI US 1500 Small/Mid Invesco ETF",48.26,"Invesco FTSE RAFI US 1500 Small- Mid ETF",NA,NA,No,Equity,NA,NA
PRIV,"SPDR SSGA Apollo IG Public & Private Credit ETF",25.46,"SPDR SSGA IG Public & Private Credit ETF",NA,NA,No,"Fixed Income",NA,NA
PRMR,"Peakshares Rmr Prime Equity ETF",24.77,"PeakShares RMR Prime Equity ETF",NA,NA,No,Equity,NA,NA
PRN,"DWA Industrials Momentum Invesco ETF",196.99,"Invesco DWA Industrials Momentum ETF",48,116,No,Equity,NA,NA
PRNT,"3D Printing ETF",23.4,"The 3D Printing ETF",10,344,No,Equity,NA,NA
PRVS,"Parnassus Income Funds Parnassus Value Select Et",29.34,"Parnassus Value Select ETF",NA,NA,No,Equity,NA,NA
PRXG,"Praxis Funds Praxis Impact Large Cap Growth ETF",36.77,"Praxis Impact Large Cap Growth ETF",NA,NA,No,Equity,"Engineering & R&D Services","Industrial Products"
PRXV,"Praxis Funds Praxis Impact Large Cap Value ETF",31.45,"Praxis Impact Large Cap Value ETF",NA,NA,No,Equity,NA,NA
PSC,"Resources Prospect Ltd",60.57,"Principal U.S. Small Cap Index ETF",NA,NA,No,Equity,NA,NA
PSCC,"S&P Smallcap Consumer Staples Invesco ETF",33.04,"Invesco S&P SmallCap Consumer Staples ETF",NA,NA,No,Equity,NA,NA
PSCD,"S&P Smallcap Consumer Discretionary Invesco ETF",110.86,"Invesco S&P SmallCap Consumer Discretionary ETF",9,9,No,Equity,NA,NA
PSCE,"S&P Smallcap Energy Invesco ETF",48.87,"Invesco S&P SmallCap Energy ETF",11,95,No,Equity,NA,NA
PSCF,"S&P Smallcap Financials Invesco ETF",58.9,"Invesco S&P SmallCap Financials ETF",6,32,No,Equity,NA,NA
PSCH,"S&P Smallcap Health Care Invesco ETF",44.33,"Invesco S&P SmallCap Health Care ETF",NA,NA,No,Equity,NA,NA
PSCI,"S&P Smallcap Industrials Invesco ETF",163.36,"Invesco S&P SmallCap Industrials ETF",2,4,No,Equity,NA,NA
PSCJ,"Pacer Swan Sos Conservative [Jul] ETF",30.33,"Pacer Swan SOS Conservative (July) ETF",NA,NA,No,Equity,NA,NA
PSCM,"S&P Smallcap Materials Invesco ETF",93.59,"Invesco S&P SmallCap Materials ETF",NA,NA,No,Equity,NA,NA
PSCQ,"Pacer Swan Sos Conservative [Oct] ETF",29.8,"Pacer Swan SOS Conservative (October) ETF",NA,NA,No,Equity,NA,NA
PSCT,"S&P Smallcap Information Technology Invesco ETF",61.46,"Invesco S&P SmallCap Information Technology ETF",14,64,No,Equity,NA,NA
PSCU,"S&P Smallcap Utilities Invesco ETF",59.22,"Invesco S&P SmallCap Utilities ETF",NA,NA,No,Equity,NA,NA
PSCW,"Pacer Swan Sos Conservative [Apr] ETF",28.12,"Pacer Swan SOS Conservative (April) ETF",NA,NA,No,Equity,NA,NA
PSCX,"Pacer Swan Sos Conservative [Dec] ETF",31.28,"Pacer Swan SOS Conservative (December) ETF",NA,NA,No,Equity,NA,NA
PSDM,"PGIM Short Duration Multi-Sector Bond ETF",51.61,"PGIM Short Duration Multi-Sector Bond ETF",NA,NA,No,Equity,NA,NA
PSEP,"Innovator U.S. Equity Power Buffer ETF Sep",44.1,"Innovator S&P 500 Power Buffer ETF (Sep)",NA,NA,No,Equity,NA,NA
PSET,"Principal Price Setters ETF",76.25,"Principal Price Setters Index ETF",NA,NA,No,Equity,NA,NA
PSFD,"Pacer Funds ETF",38.01,"Pacer Swan SOS Flex (December) ETF",NA,NA,No,Equity,NA,NA
PSFF,"Pacer Swan Sos Fund of Funds ETF",32.7,"Pacer Swan SOS Fund of Funds ETF",NA,NA,No,Equity,NA,NA
PSFJ,"Pacer Swan Sos Flex [Jul] ETF",33.52,"Pacer Swan SOS Flex (July) ETF",NA,NA,No,Equity,NA,NA
PSFM,"Pacer Swan Sos Flex [Apr] ETF",32.1,"Pacer Swan SOS Flex (April) ETF",NA,NA,No,Equity,NA,NA
PSFO,"Pacer Swan Sos Flex [Oct] ETF",32.79,"Pacer Swan SOS Flex (October) ETF",NA,NA,No,Equity,NA,NA
PSH,"PGIM Short Duration High Yield ETF",50.63,"PGIM Short Duration High Yield ETF",NA,NA,No,"Fixed Income",NA,NA
PSI,"Dynamic Semiconductors Invesco ETF",96.34,"Invesco Dynamic Semiconductors ETF",9,255,No,Equity,NA,NA
PSIL,"Advisorshares Psychedelics ETF",17.04,"AdvisorShares Psychedelics ETF",250,404,No,Equity,NA,NA
PSK,"SPDR ICE Preferred Securities ETF",32.38,"SPDR ICE Preferred Securities ETF",NA,NA,No,"Fixed Income",NA,NA
PSL,"DWA Consumer Staples Momentum Invesco ETF",108.42,"Invesco DWA Consumer Staples Momentum ETF",NA,NA,No,Equity,NA,NA
PSLV,"Sprott Physical Silver Trust ETV",36.36,"Sprott Physical Silver Trust",NA,NA,No,"Portfolio-Multi Asset",NA,NA
PSMD,"Pacer Swan Sos Moderate [Dec] ETF",32.76,"Pacer Swan SOS Moderate (December) ETF",NA,NA,No,Equity,NA,NA
PSMJ,"Pacer Swan Sos Moderate [Jul] ETF",32.46,"Pacer Swan SOS Moderate (July) ETF",NA,NA,No,Equity,NA,NA
PSMO,"Pacer Swan Sos Moderate [Oct] ETF",31.05,"Pacer Swan SOS Moderate (October) ETF",NA,NA,No,Equity,NA,NA
PSMR,"Pacer Swan Sos Moderate [Apr ETF",29.91,"Pacer Swan SOS Moderate (April) ETF",NA,NA,No,Equity,NA,NA
PSP,"Global Listed Private Equity Invesco ETF",68.42,"Invesco Global Listed Private Equity ETF",6,81,No,Equity,"Finance - Investment Funds",Finance
PSQ,"Short QQQ -1X ETF",29.41,"ProShares Short QQQ",143,10004,No,Equity,NA,NA
PSQA,"Palmer Square Clo Senior Debt ETF",20.47,"Palmer Square CLO Senior Debt ETF",NA,NA,No,"Fixed Income",NA,NA
PSQO,"Palmer Square Credit Opportunities ETF",20.67,"Palmer Square Credit Opportunities ETF",NA,NA,No,"Fixed Income",NA,NA
PSR,"Active U.S. Real Estate Invesco ETF",90.99,"Invesco Active U.S. Real Estate ETF",NA,NA,No,Equity,NA,NA
PST,"Ultrashort Lehman 7-10 Year Treasury -2X ETF",22.35,"ProShares UltraShort 7-10 Year Treasury",4,152,No,"Fixed Income",NA,NA
PSTP,"Innovator Power Buffer Step-Up Strategy ETF",35.72,"Innovator Power Buffer Step-Up Strategy ETF",NA,NA,No,Equity,NA,NA
PSTR,"Peakshares Sector Rotation ETF",29.41,"PeakShares Sector Rotation ETF",NA,NA,No,Equity,"Oil - US Integrated",Oils-Energy
PSWD,"Xt Cybersecurity Select Equity ETF",34.37,"Xtrackers Cybersecurity Select Equity ETF",NA,NA,No,Equity,NA,NA
PTBD,"Pacer Trendpilot US Bond ETF",19.44,"Pacer Trendpilot US Bond ETF",NA,NA,No,"Fixed Income",NA,NA
PTEU,"Pacer Trendpilot European Index ETF",32.18,"Pacer Trendpilot European Index ETF",NA,NA,No,Equity,NA,NA
PTF,"DWA Technology Momentum Invesco ETF",87.96,"Invesco DWA Technology Momentum ETF",13,278,No,Equity,NA,NA
PTH,"DWA Healthcare Momentum Invesco ETF",48.53,"Invesco DWA Healthcare Momentum ETF",NA,NA,No,Equity,NA,NA
PTIN,"Pacer Trendpilot International ETF",33.74,"Pacer Trendpilot International ETF",NA,NA,No,"Portfolio-Multi Asset",NA,NA
PTIR,"Graniteshares 2X Long Pltr Daily ETF",20.56,"GraniteShares 2x Long PLTR Daily ETF",2698,37654,No,Equity,NA,NA
PTL,"Northern Lights Inspire 500 ETF",259.01,"Inspire 500 ETF",NA,NA,No,Equity,NA,NA
PTLC,"Pacer Trendpilot 750 ETF",56.67,"Pacer Trendpilot 750 ETF",NA,NA,No,Equity,NA,NA
PTMC,"Pacer Trendpilot 450 ETF",37.52,"Pacer Trendpilot 450 ETF",NA,NA,No,Equity,NA,NA
PTNQ,"Pacer Trendpilot 100 ETF",81.07,"Pacer Trendpilot 100 ETF",NA,NA,No,Equity,NA,NA
PTRB,"PGIM Total Return Bond ETF",42.15,"PGIM Total Return Bond ETF",NA,NA,No,"Fixed Income",NA,NA
PUI,"DWA Utilities Momentum Invesco ETF",45.07,"Invesco DWA Utilities Momentum ETF",2,5,No,Equity,NA,NA
PULS,"PGIM Ultra Short Bond ETF",49.77,"PGIM Ultra Short Bond ETF",NA,NA,No,"Fixed Income",NA,NA
PULT,"Putnam ESG Ultra Short ETF",50.75,"Putnam Sustainable Future ETF",NA,NA,No,"Fixed Income",NA,NA
PUSH,"PGIM Ultra Short Municipal Bond ETF",50.62,"PGIM Ultra Short Municipal Bond ETF",NA,NA,No,"Fixed Income",NA,NA
PVAL,"Putnam Focused Large Cap Value ETF",47.26,"Putnam Focused Large Cap Value ETF",NA,NA,No,Equity,NA,NA
PVI,"Vrdo Tax-Free Weekly Invesco ETF",24.78,"Invesco VRDO Tax-Free Weekly ETF",NA,NA,No,"Fixed Income",NA,NA
PWB,"Dynamic Large Cap Growth Invesco ETF",137.38,"Invesco Dynamic Large Cap Growth ETF",NA,NA,No,Equity,NA,NA
PWER,"Nomura Energy Transition ETF",39.81,"Nomura Energy Transition ETF",NA,NA,No,Equity,NA,NA
PWRD,"Tcw Transform Systems ETF",101.87,"TCW Transform Systems ETF",6,27,No,Equity,NA,NA
PWS,"Pacer Wealthshield ETF",33.33,"Pacer WealthShield ETF",NA,NA,No,"Portfolio-Multi Asset",NA,NA
PWV,"Dynamic Large Cap Value Invesco ETF",67.82,"Invesco Dynamic Large Cap Value ETF",NA,NA,No,Equity,NA,NA
PWZ,"California Amt-Free Municipal Bond Invesco ETF",24.15,"Invesco California AMT-Free Municipal Bond ETF",10,73,No,"Fixed Income",NA,NA
PXE,"Ynamic Energy Exploration & Production ETF",29.63,"Invesco Dynamic Energy Exploration & Production ETF",8,26,No,Equity,NA,NA
PXF,"FTSE RAFI Dev Markets Ex-U.S. Invesco ETF",70.3,"Invesco FTSE RAFI Developed Markets ex-U.S. ETF",1,7,No,Equity,NA,NA
PXH,"FTSE RAFI Emrg Markets Invesco ETF",28.32,"Invesco FTSE RAFI Emerging Markets ETF",NA,NA,No,Equity,NA,NA
PXI,"DWA Energy Momentum Invesco ETF",49.98,"Invesco DWA Energy Momentum ETF",NA,NA,No,Equity,NA,NA
PXIU,"T-Rex 2X Long Upxi Daily Target ETF",1.6,"T-REX 2X Long UPXI Daily Target ETF",6,209,No,Equity,NA,NA
PXJ,"Dynamic Oil & Gas Services Invesco ETF",34.8,"Invesco Dynamic Oil & Gas Services ETF",21,148,No,Equity,NA,NA
PY,"Principal Shareholders Yield ETF",52.17,"Principal Shareholder Yield Index ETF",NA,NA,No,Equity,NA,NA
PYLD,"Pimco Multisector Bond Active ETF",26.84,"PIMCO Multisector Bond Active ETF",NA,NA,No,"Fixed Income",NA,NA
PYPG,"Leverage Shares 2X Long Pypl Daily ETF",9.42,"Leverage Shares 2X Long PYPL Daily ETF",53,918,No,Equity,NA,NA
PYPY,"Yieldmax Pypl Option Income Strategy ETF",37.75,"YieldMax PYPL Option Income Strategy ETF",1,275,No,Equity,NA,NA
PYZ,"DWA Basic Materials Momentum Invesco ETF",128.91,"Invesco DWA Basic Materials Momentum ETF",8,15,No,Equity,NA,NA
PZA,"National Amt-Free Municipal Bond Invesco ETF",23.29,"Invesco National AMT-Free Municipal Bond ETF",NA,NA,No,"Fixed Income",NA,NA
PZT,"New York Amt-Free Municipal Bond Invesco ETF",22.24,"Invesco New York AMT-Free Municipal Bond ETF",NA,NA,No,"Fixed Income",NA,NA
QABA,"Nasdaq Aba Community Bank Index Fund FT",59.04,"First Trust NASDAQ ABA Community Bank Index Fund",2,37,No,Equity,NA,NA
QAI,"Nyli Hedge Multi-Strategy Tracker ETF",34.63,"NYLI Hedge Multi-Strategy Tracker ETF",1,8,No,"Portfolio-Multi Asset",NA,NA
QALT,"Sei Dbi Multi-Strategy Alternative ETF",25.71,"SEI DBi Multi-Strategy Alternative ETF",NA,NA,No,Equity,NA,NA
QARP,"Xt Russell 1000 US Quality Reasonable Price ETF",61.15,"Xtrackers Russell 1000 US QARP ETF",NA,NA,No,Equity,NA,NA
QAT,"Qatar Ishares MSCI ETF",20,"iShares MSCI Qatar ETF",NA,NA,No,"Portfolio-Multi Asset",NA,NA
QB,"Proshares Nasdaq-100 Dynamic Buffer ETF",42.81,"ProShares Nasdaq-100 Dynamic Buffer ETF",NA,NA,No,Equity,NA,NA
QBER,"Trueshares Quarterly Bear Hedge ETF",23.88,"TrueShares Quarterly Bear Hedge ETF",NA,NA,No,Equity,NA,NA
QBF,"Innovator Uncapped Bitcoin 20 Floor ETF Quarterl",21.57,"Innovator Uncapped Bitcoin 20 Floor ETF - Quarterly",NA,NA,No,Currency,NA,NA
QBIG,"Invesco Top QQQ ETF",38.67,"Invesco Top QQQ ETF",NA,NA,No,Equity,NA,NA
QBSF,"Allianzim U.S. Equity Buffer15 ETF",26.4,"AllianzIM U.S. Equity Buffer15 ETF",NA,NA,No,Equity,NA,NA
QBTX,"Tradr 2X Long Qbts Daily ETF",28.48,"Tradr 2X Long QBTS Daily ETF",131,5047,No,Equity,NA,NA
QBTZ,"Defiance Daily Target 2X Short Qbts ETF",9.11,"Defiance Daily Target 2x Short QBTS ETF",NA,NA,No,Equity,NA,NA
QBUF,"Innovator Nasdaq-100 10 Buffer ETF Quarterly",29.67,"Innovator Nasdaq-100 10 Buffer ETF Quarterly",NA,NA,No,Equity,NA,NA
QBUL,"Trueshares Quarterly Bull Hedge ETF",23.8,"TrueShares Quarterly Bull Hedge ETF",NA,NA,No,Equity,NA,NA
QBY,"Graniteshares Yieldboost Qbts ETF",15.31,"GraniteShares YieldBoost QBTS ETF",NA,NA,No,Equity,NA,NA
QCAP,"FT Vest Nasdaq-100 Con Buffer ETF - Apr",23.83,"FT Vest Nasdaq-100 Conservative Buffer ETF (Apr)",NA,NA,No,Equity,NA,NA
QCJA,"FT Vest Nasdaq-100 Con Buffer ETF - Jan",22.35,"FT Vest Nasdaq-100 Conservative Buffer ETF (Jan)",NA,NA,No,Equity,NA,NA
QCJL,"FT Vest Nasdaq-100 Con Buffer ETF - Jul",23.99,"FT Vest Nasdaq-100 Conservative Buffer ETF (Jul)",NA,NA,No,Equity,NA,NA
QCLN,"Nasdaq Green Energy Index ETF",51.86,"First Trust NASDAQ Clean Edge Green Energy Index Fund",13,114,No,Equity,NA,NA
QCLR,"GX Nasdaq 100 Collar 95-110 ETF",29,"Global X Nasdaq 100 Collar 95-110 ETF",NA,NA,No,Equity,NA,NA
QCMD,"Direxion Daily Qcom Bear 1X ETF",24.23,"Direxion Daily QCOM Bear 1X ETF",NA,NA,No,Equity,NA,NA
QCML,"Graniteshares 2X Long Qcom Daily ETF",16.71,"GraniteShares 2x Long QCOM Daily ETF",11,374,No,Equity,NA,NA
QCMU,"Direxion Daily Qcom Bull 2X ETF",21.15,"Direxion Daily QCOM Bull 2X ETF",NA,NA,No,Equity,NA,NA
QCOC,"FT Vest Nasdaq-100 Con Buffer ETF - Oct",22.72,"FT Vest Nasdaq-100 Conservative Buffer ETF (Oct)",NA,NA,No,Equity,NA,NA
QDEC,"FT Vest Nasdaq-100 Buffer ETF - Dec",33.13,"FT Vest Growth-100 Buffer ETF (Dec)",NA,NA,No,Equity,NA,NA
QDEF,"Flexshares Quality Div Def Fund",82.59,"FlexShares Quality Divided Defensive Index Fund",NA,NA,No,Equity,NA,NA
QDF,"Flexshares Quality Div Fund",82.45,"FlexShares Quality Dividend Index Fund",NA,NA,No,Equity,NA,NA
QDIV,"GX S&P 500 Quality Dividend ETF",36.38,"Global X S&P 500 Quality Dividend ETF",NA,NA,No,Equity,NA,NA
QDPL,"Pacer Metaurus US Large Cap Divd Multiplier 400",43.27,"Pacer Metaurus US Large Cap Dividend Multiplier 400 ETF",NA,NA,No,Equity,NA,NA
QDTE,"Roundhill Innovation-100 0Dte Covered Call ETF",31.37,"Roundhill N-100 0DTE Covered Call Strategy ETF",121,5558,No,Equity,NA,NA
QDTY,"Yieldmax Nasdaq 100 0Dte Covered Call Strategy E",43.72,"YieldMax Nasdaq 100 0DTE Covered Call Strategy ETF",NA,NA,No,Equity,NA,NA
QDVO,"Amplify Cwp Growth & Income ETF",29.37,"Amplify CWP Growth & Income ETF",3,287,No,Equity,NA,NA
QEFA,"SPDR MSCI EAFE Strategic Factors ETF",95.01,"SPDR MSCI EAFE StrategicFactors ETF",NA,NA,No,"Portfolio-Multi Asset",NA,NA
QEMM,"EM Strategicfactors MSCI ETF SPDR",72.02,"SPDR MSCI Emerging Markets StrategicFactors ETF",11,1,No,"Portfolio-Multi Asset",NA,NA
QETH,"Invesco Galaxy Ethereum ETF",29.98,"Invesco Galaxy Ethereum ETF",1,5,No,"Fixed Income",NA,NA
QFLR,"Innovator Nasdaq-100 Managed Floor ETF",35.2,"Innovator Nasdaq-100 Managed Floor ETF",NA,NA,No,Equity,NA,NA
QGRD,"Horizon Nasdaq-100 Defined Risk ETF",27.4,"Horizon Nasdaq-100 Defined Risk ETF",NA,NA,No,Equity,NA,NA
QGRO,"American Century Stoxx U.S. Quality Growth ETF",114.99,"American Century STOXX U.S. Quality Growth ETF",4,21,No,Equity,NA,NA
QGRW,"Wisdomtree U.S. Quality Growth Fund",59.88,"WisdomTree U.S. Quality Growth Fund",NA,NA,No,Equity,NA,NA
QHDG,"Innovator Hedged Nasdaq-100 ETF",30.44,"Innovator Hedged Nasdaq-100 ETF",NA,NA,No,Equity,NA,NA
QHY,"Wisdomtree U.S. High Yield Corporate Bond Fund",46.46,"WisdomTree Fundamental U.S. High Yield Corporate Bond Fund",NA,NA,No,"Fixed Income",NA,NA
QID,"Ultrashort QQQ -2X ETF",19.09,"ProShares UltraShort QQQ",492,14287,No,Equity,NA,NA
QIDX,"Indexperts Quality Earnings Focused ETF",11.13,"Indexperts Quality Earnings Focused ETF",NA,NA,No,Equity,NA,NA
QIG,"Wisdomtree U.S. Corporate Bond Fund",44.99,"WisdomTree Fundamental U.S. Corporate Bond Fund",NA,NA,No,"Fixed Income",NA,NA
QINT,"American Century Quality Diversified Intl ETF",68.01,"American Century Quality Diversified International ETF",NA,NA,No,Equity,NA,NA
QIS,"Simplify Multi-Qis Alternative ETF",15.88,"Simplify Multi-QIS Alternative ETF",NA,NA,No,Alternative,NA,NA
QJUN,"FT Vest Nasdaq-100 Buffer ETF - Jun",32.22,"FT Vest Nasdaq-100 Buffer ETF (Jun)",NA,NA,No,Equity,NA,NA
QLC,"Flexshares US Quality Largecap ETF",82.78,"FlexShares US Quality Large Cap Index Fund",NA,NA,No,Equity,NA,NA
QLD,"Ultra QQQ 2X ETF",74.36,"ProShares Ultra QQQ",907,43832,No,Equity,NA,NA
QLDY,"Defiance Nasdaq 100 Lightningspread Income ETF",47,"Defiance Nasdaq 100 LightningSpread Income ETF",NA,NA,No,Equity,NA,NA
QLTA,"AAA A Rated Corp Bond Ishares ETF",48.24,"iShares AAA - A Rated Corporate Bond ETF",NA,NA,No,"Fixed Income",NA,NA
QLTI,"GMO International Quality ETF",27.31,"GMO International Quality ETF",NA,NA,No,Equity,"Medical - Drugs",Medical
QLTY,"GMO U.S. Quality ETF",39.71,"GMO U.S. Quality ETF",NA,NA,No,Equity,NA,NA
QLV,"Flexshares US Quality Low Volatility Index Fund",73.71,"FlexShares US Quality Low Volatility Index Fund",NA,NA,No,Equity,NA,NA
QLVD,"Flexshares Dvld Markets Ex-US Qlty Low Vol ETF",32.5,"FlexShares Developed Markets ex-US Quality Low Volatility Index Fund",NA,NA,No,Equity,NA,NA
QLVE,"Flexshares EM Quality Low Vol ETF",31.58,"FlexShares Emerging Markets Quality Low Volatility Index Fund",NA,NA,No,Equity,NA,NA
QMAG,"FT Vest Nasdaq-100 Moderate Buffer ETF - Aug",23.98,"FT Vest Nasdaq-100 Moderate Buffer ETF (Aug)",NA,NA,No,Equity,NA,NA
QMAR,"FT Vest Nasdaq-100 Buffer ETF - Mar",33.24,"FT Vest Growth-100 Buffer ETF (Mar)",NA,NA,No,Equity,NA,NA
QMFE,"FT Vest Nasdaq-100 Moderate Buffer ETF - Feb",22.56,"FT Vest Nasdaq-100 Moderate Buffer ETF (Feb)",NA,NA,No,Equity,NA,NA
QMID,"Wisdomtree U.S. Midcap Quality Growth Fund",28.79,"WisdomTree U.S. MidCap Quality Growth Fund",NA,NA,No,Equity,NA,NA
QMMY,"FT Vest Nasdaq-100 Moderate Buffer ETF - May",25.31,"FT Vest Nasdaq-100 Moderate Buffer ETF (May)",NA,NA,No,Equity,NA,NA
QMNV,"FT Vest Nasdaq-100 Moderate Buffer ETF - Nov",23.7,"FT Vest Nasdaq-100 Moderate Buffer ETF (Nov)",NA,NA,No,Equity,NA,NA
QMOM,"Quantitative Momentum ETF",71.19,"Alpha Architect U.S. Quantitative Momentum ETF",NA,NA,No,"Portfolio-Multi Asset",NA,NA
QNXT,"Ishares Nasdaq-100 Ex Top 30 ETF",28.52,"iShares Nasdaq-100 ex Top 30 ETF",NA,NA,No,Equity,NA,NA
QOWZ,"Invesco Nasdaq Free Cash Flow Achievers ETF",35.52,"Invesco Nasdaq Free Cash Flow Achievers ETF",NA,NA,No,Equity,NA,NA
QPUX,"Defiance 2X Daily Long Pure Quantum ETF",15.76,"Defiance 2X Daily Long Pure Quantum ETF",17,765,No,Equity,NA,NA
QPX,"Advisorshares Q Dynamic Growth ETF",46.63,"AdvisorShares Q Dynamic Growth ETF",NA,NA,No,"Portfolio-Multi Asset",NA,NA
QQA,"Invesco QQQ Income Advantage ETF",53.98,"Invesco QQQ Income Advantage ETF",NA,NA,No,"Fixed Income",NA,NA
QQDN,"Proshares Ultrashort Top QQQ",25.25,"ProShares UltraShort Top QQQ",NA,NA,No,Equity,NA,NA
QQEW,"Nasdaq 100 EW Index Fund",143.87,"First Trust Nasdaq-100 Select Equal Weight ETF",NA,NA,No,Equity,NA,NA
QQH,"Hcm Defender 100 Index ETF",79.71,"HCM Defender 100 Index ETF",22,0,No,"Portfolio-Multi Asset",NA,NA
QQHG,"Invesco QQQ Hedged Advantage ETF",61.13,"Invesco QQQ Hedged Advantage ETF",NA,NA,No,Equity,NA,NA
QQJG,"Invesco ESG Nasdaq Next Gen 100 ETF",28.21,"Invesco ESG NASDAQ Next Gen 100 ETF",NA,NA,No,Equity,NA,NA
QQLV,"Invesco QQQ Low Volatility ETF",24.47,"Invesco QQQ Low Volatility ETF",NA,NA,No,Equity,NA,NA
QQMG,"Invesco ESG Nasdaq 100 ETF",43.8,"Invesco ESG NASDAQ 100 ETF",NA,NA,No,Equity,NA,NA
QQQ,"Nasdaq QQQ Invesco ETF",633.22,"Invesco QQQ Trust",4164056,8212989,Yes,Equity,"Finance - Investment Funds",Finance
QQQA,"Nasdaq 100 Dorsey Wright Momentum ETF",56.29,"ProShares Nasdaq-100 Dorsey Wright Momentum ETF",10,3,No,Equity,NA,NA
QQQD,"Direxion Daily Magnificent 7 Bear 1X",12.88,"Direxion Daily Concentrated Qs Bear 1X Shares",4,1210,No,Equity,NA,NA
QQQE,"Nasdaq-100 Equal Weighted Index ETF Direxion",106.21,"Direxion NASDAQ-100 Equal Weighted Index Shares",19,467,No,Equity,NA,NA
QQQG,"Nasdaq 100 Top 50 Cash Cows Growth Leaders ETF",25.16,"Pacer Nasdaq 100 Top 50 Cash Cows Growth Leaders ETF",NA,NA,No,Equity,NA,NA
QQQH,"Neos Nasdaq-100 Hedged Equity Income ETF",54.68,"NEOS Nasdaq-100 Hedged Equity Income ETF",1,56,No,"Fixed Income",NA,NA
QQQI,"Neos Nasdaq 100 High Income ETF",54.5,"NEOS Nasdaq 100 High Income ETF",1581,25110,No,Equity,NA,NA
QQQJ,"Invesco Nasdaq Next Gen 100 ETF",39.24,"Invesco NASDAQ Next Gen 100 ETF",36,1274,No,Equity,NA,NA
QQQM,"Invesco Nasdaq 100 ETF",260.76,"Invesco NASDAQ 100 ETF",1075,22899,No,Equity,NA,NA
QQQP,"Tradr 2X Long Innovation 100 Quarterly ETF",185.43,"Tradr 2X Long Triple Q Quarterly ETF",NA,NA,No,"Fixed Income",NA,NA
QQQS,"Invesco Nasdaq Future Gen 200 ETF",35.84,"Invesco Nasdaq Future Gen 200 ETF",NA,NA,No,Equity,NA,NA
QQQT,"Defiance Nasdaq 100 Income Target ETF",17.84,"Defiance Nasdaq 100 Income Target ETF",NA,NA,No,Equity,NA,NA
QQQU,"Direxion Daily Magnificent 7 Bull 2X",57.06,"Direxion Daily Concentrated Qs Bull 2X Shares",NA,NA,No,Equity,NA,NA
QQQY,"Defiance Nasdaq 100 Enhanced Options Income ETF",23.7,"Defiance Nasdaq 100 Enhanced Options Income ETF",29,997,No,Alternative,NA,NA
QQUP,"Proshares Ultra Top QQQ",57.86,"ProShares Ultra Top QQQ",NA,NA,No,Equity,NA,NA
QQWZ,"Pacer Cash Cowz 100-Nasdaq 100 Rotator ETF",26.14,"Pacer Cash COWZ 100-Nasdaq 100 Rotator ETF",NA,NA,No,Equity,NA,NA
QQXL,"Proshares Ultra QQQ Top 30",45.8,"ProShares Ultra QQQ Top 30",NA,NA,No,Equity,NA,NA
QQXT,"Nasdaq 100 Ex-Tech Sector Indexsm ETF",100.69,"First Trust NASDAQ-100 Ex-Technology Sector Index Fund",26,32,No,Equity,NA,NA
QRFT,"Qraft Ai-Enhanced U.S. Large Cap ETF",63.6,"QRAFT AI Enhanced U.S. Large Cap ETF",NA,NA,No,Equity,NA,NA
QRMI,"GX Nasdaq 100 Risk Managed Income ETF",16.02,"Global X Nasdaq 100 Risk Managed Income ETF",NA,NA,No,Equity,NA,NA
QSIG,"Wisdomtree U.S. Short-Term Corp Bond Fund",48.93,"WisdomTree Fundamental U.S. Short-Term Corporate Bond Fund",NA,NA,No,"Fixed Income",NA,NA
QSIX,"Pacer Nasdaq 100 Dividend Multiplier 600 ETF",38.52,"Pacer Metaurus Nasdaq 100 Dividend Multiplier 600 ETF",NA,NA,No,Equity,NA,NA
QSML,"Wisdomtree U.S. Smallcap Quality Growth Fund",29.66,"WisdomTree U.S. SmallCap Quality Growth Fund",NA,NA,No,Equity,NA,NA
QSPT,"FT Vest Nasdaq-100 Buffer ETF - Sep",32.25,"FT Vest Nasdaq-100 Buffer ETF (Sep)",NA,NA,No,Equity,NA,NA
QSX,"Tradr 2X Long Qs Daily ETF",12.42,"Tradr 2X Long QS Daily ETF",11,58,No,Equity,NA,NA
QTAP,"Innovator Growth Accelerated Plus ETF Apr",45.15,"Innovator Growth Accelerated Plus ETF (Apr)",NA,NA,No,Equity,NA,NA
QTEC,"Nasdaq 100 Technology Index Fund",246.56,"First Trust NASDAQ-100 Technology Sector Index Fund",2,36,No,Equity,NA,NA
QTJA,"Innovator Growth Accelerated Plus ETF Jan",30.43,"Innovator Growth Accelerated Plus ETF (Jan)",NA,NA,No,Equity,NA,NA
QTJL,"Innovator Growth Accelerated Plus ETF Jul",39.99,"Innovator Growth Accelerated Plus ETF (Jul)",NA,NA,No,Equity,NA,NA
QTOC,"Innovator Growth Accelerated Plus ETF Oct",34.95,"Innovator Growth Accelerated Plus ETF (Oct)",NA,NA,No,Equity,NA,NA
QTOP,"Ishares Nasdaq Top 30 Stocks ETF",33,"iShares Nasdaq Top 30 Stocks ETF",2,261,No,Equity,NA,NA
QTPI,"Rcim Tax-Advantaged Preferred and Income Securit",25.84,"North Square RCIM Tax-Advantaged Preferred and Income Securities ETF",NA,NA,No,"Fixed Income",NA,NA
QTR,"GX Nasdaq 100 Tail Risk ETF",31.19,"Global X Nasdaq 100 Tail Risk ETF",NA,NA,No,Equity,NA,NA
QTUM,"Defiance Quantum ETF",120.8,"Defiance Quantum ETF",409,9939,No,Equity,NA,NA
QUAL,"USA Quality Factor Ishares Edge MSCI ETF",204.27,"iShares Edge MSCI USA Quality Factor ETF",7,281,No,"Portfolio-Multi Asset",NA,NA
QUBX,"Tradr 2X Long Qubt Daily ETF",24.21,"Tradr 2X Long QUBT Daily ETF",6,2082,No,Equity,NA,NA
QUIZ,"Zacks Trust Zacks Quality International ETF",28.09,"Zacks Quality International ETF",NA,NA,No,Equity,NA,NA
QULL,"Etracs 2X MSCI US Quality Factor TR ETF",59.62,"ETRACS 2x Leveraged MSCI US Quality Factor TR ETN",NA,NA,No,Equity,NA,NA
QUS,"USA Qlty Mix MSCI ETF SPDR",177.43,"SPDR MSCI USA StrategicFactors ETF",NA,NA,No,"Portfolio-Multi Asset",NA,NA
QUSA,"Vistashares Target 15 USA Quality Income ETF",18.17,"VistaShares Target 15 USA Quality Income ETF",NA,NA,No,Equity,"Publishing - Periodicals",NA
QUVU,"Hartford Quality Value ETF",28.05,"Hartford Quality Value ETF",NA,NA,No,Equity,NA,NA
QVAL,"US Quantitative Valueshares ETF",51.19,"Alpha Architect U.S. Quantitative Value ETF",NA,NA,No,"Portfolio-Multi Asset",NA,NA
QVML,"Invesco S&P 500 Qvm Multi-Factor ETF",40.93,"Invesco S&P 500 QVM Multi-factor ETF",NA,NA,No,Equity,NA,NA
QVMM,"Invesco S&P Midcap 400 Qvm Multi-Factor ETF",32.41,"Invesco S&P MidCap 400 QVM Multi-factor ETF",NA,NA,No,Equity,NA,NA
QVMS,"Invesco S&P Smallcap 600 Qvm Multi-Factor ETF",29.76,"Invesco S&P SmallCap 600 QVM Multi-factor ETF",NA,NA,No,Equity,NA,NA
QVOY,"Q3 All-Season Active Rotation ETF",29.31,"Q3 All-Season Active Rotation ETF",NA,NA,No,Alternative,NA,NA
QWLD,"World Qlty Mix MSCI ETF SPDR",147.05,"SPDR MSCI World StrategicFactors ETF",NA,NA,No,"Portfolio-Multi Asset",NA,NA
QXQ,"Sgi Enhanced Nasdaq-100 ETF",28.32,"SGI Enhanced Nasdaq-100 ETF",NA,NA,No,Equity,NA,NA
QYLD,"GX Nasdaq-100 Covered Call ETF",17.88,"Global X Nasdaq 100 Covered Call ETF",109,15156,No,Equity,NA,NA
QYLG,"GX Nasdaq 100 Covered Call & Growth ETF",27.82,"Global X Nasdaq 100 Covered Call & Growth ETF",1,119,No,Equity,NA,NA
RAA,"Smi 3Fourteen Real Asset Allocation ETF",28.84,"SMI 3Fourteen REAL Asset Allocation ETF",NA,NA,No,Equity,NA,NA
RAAA,"Reckoner Leveraged AAA Clo ETF",25.15,"Reckoner Leveraged AAA CLO ETF",NA,NA,No,"Fixed Income",NA,NA
RAAX,"Vaneck Inflation Allocation ETF",40.16,"VanEck Vectors Real Asset Allocation ETF",100,8,No,"Portfolio-Multi Asset",NA,NA
RAFE,"Pimco RAFI ESG U.S. ETF",42.76,"PIMCO RAFI ESG U.S. ETF",NA,NA,No,Equity,NA,NA
RAUS,"Racwi US ETF",27,"RACWI US ETF",NA,NA,No,Equity,NA,NA
RAVI,"Flexshares Ready Access Variable Income",75.58,"FlexShares Ready Access Variable Income FundBarclays ETN  Schiller CAPE ETN",NA,NA,No,"Fixed Income",NA,NA
RAYJ,"Rayliant Smdam Japan Equity ETF",35,"Rayliant SMDAM Japan Equity ETF",NA,NA,No,Equity,NA,NA
RB,"Proshares Russell 2000 Dynamic Buffer ETF",44.79,"ProShares Russell 2000 Dynamic Buffer ETF",NA,NA,No,"Fixed Income",NA,NA
RBIL,"F/M Ultrashort Treasury Inflation-Protected Secu",49.7,"F/m Ultrashort Treasury Inflation-Protected Security (TIPS) ETF",NA,NA,No,"Fixed Income",NA,NA
RBLD,"FT Alerian US Nextgen Infrastructure ETF",79.5,"First Trust Alerian US NextGen Infrastructure ETF",NA,NA,No,Equity,NA,NA
RBLU,"T-Rex 2X Long Rblx Daily Target ETF",23.92,"T-REX 2X Long RBLX Daily Target ETF",5,264,No,Equity,NA,NA
RBLY,"Yieldmax Rblx Option Income Strategy ETF",25.71,"YieldMax RBLX Option Income Strategy ETF",1,43,No,Equity,NA,NA
RBUF,"Innovator U.S. Small Cap 10 Buffer ETF Quarterly",29.66,"Innovator U.S. Small Cap 10 Buffer ETF - Quarterly",NA,NA,No,Equity,NA,NA
RCGE,"Rockcreek Global Equality ETF",29.05,"RockCreek Global Equality ETF",NA,NA,No,Equity,NA,NA
RCTR,"FT Bloomberg Nuclear Power ETF",37.61,"First Trust Bloomberg Nuclear Power ETF",NA,NA,No,Equity,NA,NA
RDFI,"Rareview Dynamic Fixed Income ETF",24.33,"Rareview Dynamic Fixed Income ETF",NA,NA,No,"Fixed Income",NA,NA
RDIV,"Ultra Dividend Revenue ETF Oppenheimer",53.51,"Oppenheimer Ultra Dividend Revenue ETF",NA,NA,No,Equity,NA,NA
RDOG,"Alps REIT Dividend Dogs ETF",36.26,"ALPS REIT Dividend Dogs ETF",NA,NA,No,Equity,"Finance - Investment Funds",Finance
RDTE,"Roundhill Russell 2000 0Dte Covered Call ETF",30.37,"Roundhill Small Cap 0Dte Covered Call Strategy ETF",1,125,No,Equity,NA,NA
RDTL,"Graniteshares 2X Long Rddt Daily ETF",33.85,"GraniteShares 2x Long RDDT Daily ETF",348,2327,No,Equity,NA,NA
RDTY,"Yieldmax R2000 0Dte Covered Strategy ETF",40.45,"YieldMax Russell 2000 0DTE Covered Call Strategy ETF",NA,NA,No,Equity,NA,NA
RDVI,"FT Vest Rising Dividend Achievers Target Income",27.25,"FT Vest Rising Dividend Achievers Target Income ETF",NA,NA,No,Equity,NA,NA
RDVY,"Rising Dividend Achievers ETF FT",72.72,"First Trust NASDAQ Rising Dividend Achievers ETF",NA,NA,No,Equity,NA,NA
RDYY,"Yieldmax Rddt Option Income Strategy ETF",30.36,"Yieldmax RDDT Option Income Strategy ETF",NA,NA,No,Equity,NA,NA
REAI,"Private Real Estate Via Liquid Reits ETF",19.86,"Private Real Estate Strategy via Liquid REITs ETF",NA,NA,No,Equity,NA,NA
RECS,"Columbia Research Enhanced Core ETF",41.48,"Columbia Research Enhanced Core ETF",NA,NA,No,Equity,NA,NA
REET,"Global REIT Ishares ETF",25.38,"iShares Global REIT ETF",NA,NA,No,"Portfolio-Multi Asset",NA,NA
REGL,"S&P Midcap 400 Dividend Aristocrats ETF",87.73,"ProShares S&P MidCap 400 Dividend Aristocrats ETF",1,24,No,Equity,NA,NA
REIT,"Alps Active REIT ETF",26.44,"ALPS Active REIT ETF",NA,NA,No,Alternative,NA,NA
REK,"Short Real Estate -1X ETF",17.06,"ProShares Short Real Estate",10,342,No,"Portfolio-Multi Asset",NA,NA
REKT,"Direxion Daily Crypto Industry Bear 1X",16.39,"Direxion Daily Crypto Industry Bear 1X Shares",3,514,No,Equity,NA,NA
REM,"Mortgage Real Estate Ishares ETF",23.75,"iShares Mortgage Real Estate ETF",3,4657,No,Equity,NA,NA
REMG,"Emerging Markets Active ETF",33.02,"Emerging Markets Equity Active ETF",NA,NA,No,Equity,NA,NA
REMX,"Vaneck Rare Earth Strategic Metals ETF",97.52,"VanEck Vectors Rare Earth/Strategic Metals ETF",1042,23731,No,Equity,NA,NA
RETL,"Direxion Daily Retail Bull 3X Shares ETF",9.78,"Direxion Daily Retail Bull 3X Shares",8,1290,No,Equity,NA,NA
REVS,"Columbia Research Enhanced Value ETF",29.16,"Columbia Research Enhanced Value ETF",NA,NA,No,Equity,NA,NA
REW,"Ultrashort Technology -2X ETF",10.23,"ProShares UltraShort Technology",3,529,No,Equity,NA,NA
REZ,"Residential and Multisector Real Estate ETF",82.5,"iShares Residential Real Estate Capped ETF",1,90,No,Equity,NA,NA
RFCI,"Riverfront Core Income Fund ETF FT",22.59,"RiverFront Dynamic Core Income ETF",NA,NA,No,"Fixed Income",NA,NA
RFDA,"Riverfront US Dividend Adv ETF FT",64.62,"RiverFront Dynamic US Dividend Advantage ETF",NA,NA,No,Equity,NA,NA
RFDI,"Riverfront Dyn Developed Intl ETF FT",85.78,"First Trust RiverFront Dynamic Developed International ETF",NA,NA,No,Equity,NA,NA
RFEM,"Riverfront Dyn Emerging Markets ETF FT",86.34,"First Trust RiverFront Dynamic Emerging Markets ETF",NA,NA,No,"Portfolio-Multi Asset",NA,NA
RFFC,"Riverfront US Flex-Cap ETF FT",70.1,"RiverFront Dynamic US Flex-Cap ETF",NA,NA,No,Equity,NA,NA
RFG,"S&P Midcap 400 Pure Growth Invesco ETF",56.58,"Invesco S&P MidCap 400 Pure Growth ETF",NA,NA,No,Equity,NA,NA
RFIX,"Simplify Downside Interest Rate Hedge Strategy E",35.69,"Simplify Downside Interest Rate Hedge Strategy ETF",NA,NA,No,"Fixed Income",NA,NA
RFLR,"Innovator U.S. Small Cap Managed Floor ETF",29.47,"Innovator U.S. Small Cap Managed Floor ETF",NA,NA,No,Equity,NA,NA
RFV,"S&P Midcap 400 Pure Value Invesco ETF",133.29,"Invesco S&P MidCap 400 Pure Value ETF",NA,NA,No,Equity,NA,NA
RGEF,"Rockefeller Global Equity ETF",32.19,"Rockefeller Global Equity ETF",NA,NA,No,Equity,NA,NA
RGLO,"Global Equity Active ETF",30.71,"Global Equity Active ETF",NA,NA,No,Equity,NA,NA
RGTU,"Tradr 2X Long Rgti Daily ETF",14.09,"Tradr 2X Long RGTI Daily ETF",6,1194,No,Equity,NA,NA
RGTX,"Defiance Daily Target 2X Long Rgti ETF",11.3,"Defiance Daily Target 2X Long RGTI ETF",21,3017,No,Equity,NA,NA
RGTZ,"Defiance Daily Target 2X Short Rgti ETF",18.97,"Defiance Daily Target 2x Short RGTI ETF",28,193,No,Equity,NA,NA
RGYY,"Graniteshares Yieldboost Rgti ETF",16.87,"GraniteShares YieldBoost RGTI ETF",NA,NA,No,Equity,NA,NA
RHRX,"Roundhill Tactical Rotation ETF",18.99,"RH Tactical Rotation ETF",NA,NA,No,Equity,NA,NA
RHTX,"Roundhill Tactical Outlook ETF",20.6,"RH Tactical Outlook ETF",NA,NA,No,"Portfolio-Multi Asset",NA,NA
RIET,"Hoya Capital High Dividend Yield ETF",9.54,"Hoya Capital High Dividend Yield ETF",1,113,No,Alternative,NA,NA
RIFR,"Global Infrastructure Active ETF",26.56,"Global Infrastructure Active ETF",NA,NA,No,Equity,NA,NA
RIGS,"Riverfront Strategic Income Fund ETF",23.12,"Riverfront Strategic Income Fund",NA,NA,No,"Portfolio-Multi Asset",NA,NA
RILA,"Indexperts Gorilla Aggressive Growth ETF",11.53,"Indexperts Gorilla Aggressive Growth ETF",NA,NA,No,Equity,NA,NA
RINF,"Inflation Expectations ETF",32.48,"ProShares Inflation Expectations ETF",2,0,No,"Portfolio-Multi Asset",NA,NA
RING,"Ishares Global Gold Miners ETF",96.64,"iShares MSCI Global Gold Miners ETF",37,777,No,Equity,NA,NA
RINT,"International Developed Equity Active ETF",30.89,"International Developed Equity Active ETF",NA,NA,No,Equity,NA,NA
RIOX,"Defiance Daily Target 2X Long Riot ETF",12.52,"Defiance Daily Target 2X Long RIOT ETF",66,2416,No,Equity,NA,NA
RISN,"Inspire Tactical Balanced ESG ETF",30.14,"Inspire Tactical Balanced ESG ETF",NA,NA,No,"Portfolio-Multi Asset",NA,NA
RISR,"Foliobeyond Rising Rates ETF",35.92,"FolioBeyond Rising Rates ETF",NA,NA,No,"Fixed Income",NA,NA
RITA,"ETF Series Etfb Green Sri Reits ETF",19.48,"Green SRI REITs ETF",NA,NA,No,Alternative,NA,NA
RKLX,"Defiance Daily Target 2X Long Rklb ETF",60.25,"Defiance Daily Target 2X Long RKLB ETF",330,3713,No,Equity,NA,NA
RKLZ,"Defiance Daily Target 2X Short Rklb ETF",2.68,"Defiance Daily Target 2x Short RKLB ETF",NA,NA,No,Equity,NA,NA
RKNG,"DeFiance Retail Kings ETF",25.42,"Defiance Retail Kings ETF",NA,NA,No,Equity,NA,NA
RLY,"SSGA Multi-Asset Real Return ETF SPDR",34.57,"SPDR SSGA Multi-Asset Real Return ETF",NA,NA,No,Equity,NA,NA
RMCA,"Rockefeller California Municipal Bond ETF",24.26,"Rockefeller California Municipal Bond ETF",NA,NA,No,"Fixed Income",NA,NA
RMIF,"Solutions Lha Risk-Managed Income ETF",24.84,"LHA Risk-Managed Income ETF",NA,NA,No,"Fixed Income",NA,NA
RMNY,"Rockefeller New York Municipal Bond ETF",24.51,"Rockefeller New York Municipal Bond ETF",NA,NA,No,"Fixed Income",NA,NA
RMOP,"Rockefeller Opportunistic Municipal Bond ETF",25.13,"Rockefeller Opportunistic Municipal Bond ETF",NA,NA,No,"Fixed Income",NA,NA
RND,"FT Bloomberg R&D Leaders ETF",30.67,"First Trust Bloomberg R&D Leaders ETF",NA,NA,No,Equity,NA,NA
RNEM,"Emrg Mkts Equity Select ETF FT",57.83,"First Trust Emerging Markets Equity Select ETF",NA,NA,No,Equity,NA,NA
RNIN,"Bushido Capital US Smid Cap Equity ETF",28.31,"Bushido Capital US SMID Cap Equity ETF",NA,NA,No,Equity,NA,NA
RNRG,"GX Renewable Energy Producers ETF",36.44,"Global X Renewable Energy Producers ETF",NA,NA,No,Equity,NA,NA
RNTY,"Yieldmax Target 12 Real Estate Option Income ETF",49.32,"YieldMax Target 12 Real Estate Option Income ETF",NA,NA,No,Equity,NA,NA
RNWZ,"Trueshares Eagle Global Renewable Energy Income",29.72,"TrueShares Eagle Global Renewable Energy Income ETF",NA,NA,No,Equity,NA,NA
ROAM,"Hartford Multifactor Emerging Markets ETF",32.01,"Hartford Multifactor Emerging Markets ETF",NA,NA,No,Equity,NA,NA
ROBN,"T-Rex 2X Long Hood Daily Target ETF",44.15,"T-REX 2X Long HOOD Daily Target ETF",686,13572,No,Equity,NA,NA
ROBO,"Global Robotics and Automation ETF",74.37,"ROBO Global Robotics & Automation Index ETF",35,1973,No,Equity,NA,NA
ROBT,"Artificial Intelligence and Robotics ETF FT",54.23,"First Trust Nasdaq Artificial Intelligence and Robotics ETF",5,140,No,Equity,NA,NA
RODM,"Hartford Multifactor Dev Markets [Ex-Us] ETF",38.5,"Hartford Multifactor Developed Markets (ex-US) ETF",NA,NA,No,Equity,NA,NA
ROE,"Astoria US Quality Kings ETF",37.11,"Astoria US Quality Kings ETF",NA,NA,No,Equity,NA,NA
ROKT,"SPDR Kensho Final Frontiers ETF",103.89,"SPDR S&P Kensho Final Frontiers ETF",2,161,No,Equity,NA,NA
ROM,"Ultra Technology 2X ETF",100.69,"ProShares Ultra Technology",33,238,No,Equity,NA,NA
ROMO,"Strategy Shares Newfound/Resolve Robust Momentum",33.06,"Newfound/ReSolve Robust Momentum ETF",NA,NA,No,Equity,NA,NA
ROPE,"Coastal Compass 100 ETF",27.84,"Coastal Compass 100 ETF",NA,NA,No,Equity,NA,NA
ROSC,"Hartford Multifactor Small Cap ETF",48.66,"Hartford Multifactor Small Cap ETF",NA,NA,No,Equity,NA,NA
ROUS,"Hartford Multifactor U.S. Equity ETF",60.58,"Hartford Multifactor US Equity ETF",NA,NA,No,Equity,NA,NA
RPAR,"Rpar Risk Parity ETF",22.94,"RPAR Risk Parity ETF",NA,NA,No,"Portfolio-Multi Asset",NA,NA
RPG,"S&P 500 Pure Growth Invesco ETF",49.78,"Invesco S&P 500 Pure Growth ETF",8,21,No,Equity,NA,NA
RPHS,"Regents Park Hedged Market Strategy ETF",10.3,"Regents Park Hedged Market Strategy ETF",NA,NA,No,Equity,NA,NA
RPV,"S&P 500 Pure Value Invesco ETF",106.36,"Invesco S&P 500 Pure Value ETF",100,89,No,Equity,NA,NA
RSBA,"Return Stacked Bonds & Merger Arbitrage ETF",20.91,"Return Stacked Bonds & Merger Arbitrage ETF",NA,NA,No,"Portfolio-Multi Asset",NA,NA
RSBT,"Return Stacked Bonds & Managed Futures ETF",19.37,"Return Stacked Bonds & Managed Futures ETF",NA,NA,No,Alternative,NA,NA
RSBY,"Return Stacked Bonds & Futures Yield ETF",15.57,"Return Stacked Bonds & Futures Yield ETF",NA,NA,No,"Portfolio-Multi Asset",NA,NA
RSDE,"FT Vest U.S. Equal Weight Buffer ETF - Dec",22.29,"FT Vest U.S. Equity Equal Weight Buffer ETF (Dec)",NA,NA,No,Equity,NA,NA
RSHO,"Tema American Reshoring ETF",48,"Tema American Reshoring ETF",NA,NA,No,Equity,NA,NA
RSJN,"FT Vest U.S. Equal Weight Buffer ETF - Jun",35.02,"FT Vest U.S. Equity Equal Weight Buffer ETF (Jun)",NA,NA,No,Equity,NA,NA
RSMC,"Rockefeller U.S. Small-Mid Cap ETF",26.26,"Rockefeller U.S. Small-Mid Cap ETF",NA,NA,No,Equity,NA,NA
RSMR,"FT Vest U.S. Equal Weight Buffer ETF - Mar",22.35,"FT Vest U.S. Equity Equal Weight Buffer ETF (Mar)",NA,NA,No,Equity,NA,NA
RSMV,"Relative Strength Managed Volatility Strategy Et",27.84,"Relative Strength Managed Volatility Strategy ETF",NA,NA,No,Equity,NA,NA
RSP,"S&P 500 EW Invesco ETF",198.26,"Invesco S&P 500 Equal Weight ETF",6467,251013,Yes,Equity,"Finance - Investment Funds",Finance
RSPA,"Invesco S&P 500 Equal Weight Income Advantage",51.88,"Invesco S&P 500 Equal Weight Income Advantage ETF",NA,NA,No,Equity,NA,NA
RSPC,"Invesco S&P 500 EW Comm Services ETF",38.56,"Invesco S&P 500 Equal Weight Communication Services ETF",NA,NA,No,"Portfolio-Multi Asset",NA,NA
RSPD,"S&P 500 EW Consumer Discretionary Invesco ETF",58.16,"Invesco S&P 500 Equal Weight Consumer Discretionary ETF",2,103,No,Equity,NA,NA
RSPE,"Invesco ESG S&P 500 Equal Weight ETF",30.75,"Invesco ESG S&P 500 Equal Weight ETF",NA,NA,No,Equity,NA,NA
RSPF,"S&P 500 EW Financials Invesco ETF",77.35,"Invesco S&P 500 Equal Weight Financials ETF",NA,NA,No,Equity,NA,NA
RSPG,"S&P 500 EW Energy Invesco ETF",88.33,"Invesco S&P 500 Equal Weight Energy ETF",28,133,No,Equity,NA,NA
RSPH,"S&P 500 EW Health Care Invesco ETF",32.3,"Invesco S&P 500 Equal Weight Health Care ETF",4,44,No,Equity,NA,NA
RSPM,"S&P 500 EW Materials Invesco ETF",37.65,"Invesco S&P 500 Equal Weight Materials ETF",7,11,No,Equity,NA,NA
RSPN,"S&P 500 EW Industrials Invesco ETF",59.9,"Invesco S&P 500 Equal Weight Industrials ETF",2,12,No,Equity,NA,NA
RSPR,"S&P 500 EW Real Estate Invesco ETF",34,"Invesco S&P 500 Equal Weight Real Estate ETF",NA,NA,No,"Portfolio-Multi Asset",NA,NA
RSPS,"S&P 500 EW Consumer Staples Invesco ETF",30.62,"Invesco S&P 500 Equal Weight Consumer Staples ETF",NA,NA,No,Equity,NA,NA
RSPT,"S&P 500 EW Technology Invesco ETF",48.75,"Invesco S&P 500 Equal Weight Technology ETF",163,256,No,Equity,NA,NA
RSPU,"S&P 500 EW Utilities Invesco ETF",76.48,"Invesco S&P 500 Equal Weight Utilities ETF",NA,NA,No,"Portfolio-Multi Asset",NA,NA
RSSB,"Return Stacked Global Stocks & Bonds ETF",29.05,"Return Stacked Global Stocks & Bonds ETF",NA,NA,No,Equity,NA,NA
RSSE,"FT Vest U.S. Equal Weight Buffer ETF Sep",21.85,"FT Vest U.S. Equity Equal Weight Buffer ETF (Sep)",NA,NA,No,Equity,NA,NA
RSSL,"GX Russell 2000 ETF",103.39,"Global X Russell 2000 ETF",NA,NA,No,Equity,NA,NA
RSST,"Tidal U.S. Stocks & Managed Futures ETF",31.09,"Return Stacked U.S. Stocks & Managed Futures ETF",NA,NA,No,Alternative,NA,NA
RSSY,"Return Stacked U.S. Stocks & Futures Yield ETF",19.84,"Return Stacked U.S. Stocks & Futures Yield ETF",NA,NA,No,Equity,NA,NA
RTAI,"Rareview Tax Advantaged Income ETF",21.56,"Rareview Tax Advantaged Income ETF",NA,NA,No,Equity,NA,NA
RTH,"Vaneck Retail ETF",261.51,"VanEck Vectors Retail ETF",1,25,No,Equity,"Finance - Investment Funds",Finance
RTRE,"Rareview Total Return Bond ETF",25.39,"Rareview Total Return Bond ETF",NA,NA,No,"Fixed Income",NA,NA
RTXG,"Leverage Shares 2X Long Rtx Daily ETF",26.59,"Leverage Shares 2X Long RTX Daily ETF",NA,NA,No,Equity,NA,NA
RTYY,"Graniteshares Yieldboost Riot ETF",18.92,"GraniteShares YieldBoost RIOT ETF",NA,NA,No,Equity,NA,NA
RULE,"Adaptive Core ETF",25.77,"Adaptive Core ETF",NA,NA,No,"Portfolio-Multi Asset",NA,NA
RUNN,"Running Oak Efficient Growth ETF",34.44,"Running Oak Efficient Growth ETF",NA,NA,No,Equity,NA,NA
RUSC,"US Small Cap Equity Active ETF",32.79,"U.S. Small Cap Equity Active ETF",NA,NA,No,Equity,NA,NA
RVER,"Advisor Managed Portfolios Trenchless Fund ETF",32.5,"Trenchless Fund ETF",NA,NA,No,Equity,NA,NA
RVNL,"Graniteshares 2X Long Rivn Daily ETF",33.09,"GraniteShares 2x Long RIVN Daily ETF",NA,NA,No,Equity,NA,NA
RVNU,"Xt Municipal Infrastructure Revenue Bond ETF",24.76,"X-trackers Municipal Infrastructure Revenue Bond ETF",NA,NA,No,"Portfolio-Multi Asset",NA,NA
RVRB,"Advisorshares Reverb ETF",36.12,"Reverb ETF",NA,NA,No,Equity,NA,NA
RW,"Rainwater Equity ETF",25.52,"Rainwater Equity ETF",NA,NA,No,Equity,NA,NA
RWEM,"Rayliant Wilshire Nxtgen Emerging Mkts Eqty ETF",31.8,"Rayliant Wilshire NxtGen Emerging Markets Equity ETF",NA,NA,No,Equity,NA,NA
RWJ,"Smallcap Revenue ETF Oppenheimer",51.76,"Oppenheimer Small Cap Revenue ETF",1,20,No,Equity,NA,NA
RWK,"Midcap Revenue ETF Oppenheimer",132.33,"Oppenheimer Mid Cap Revenue ETF",NA,NA,No,Equity,NA,NA
RWL,"Largecap Revenue ETF Oppenheimer",117.31,"Oppenheimer Large Cap Revenue ETF",4,55,No,Equity,NA,NA
RWLC,"Rayliant Wilshire Nxtgen US Large Cap Equity ETF",34,"Rayliant Wilshire NxtGen US Large Equity ETF",NA,NA,No,Equity,NA,NA
RWM,"Short Russell 2000 -1X ETF",15.35,"ProShares Short Russell2000",6,1324,No,Equity,NA,NA
RWO,"DJ Global Real Estate ETF SPDR",46.07,"SPDR Dow Jones Global Real Estate ETF",NA,NA,No,Equity,NA,NA
RWR,"DJ REIT ETF SPDR",98.85,"SPDR Dow Jones REIT ETF",9,86,No,Equity,NA,NA
RWX,"DJ Intl Real Estate ETF SPDR",29.18,"SPDR Dow Jones International Real Estate ETF",1,2,No,Equity,"Finance - Investment Funds",Finance
RXD,"Ultrashort Health Care -2X ETF",9.17,"ProShares UltraShort Health Care",6,36,No,Equity,NA,NA
RXI,"Global Cons Disc Ishares ETF",207.84,"iShares Global Consumer Discretionary ETF",NA,NA,No,Equity,NA,NA
RXL,"Ultra Health Care 2X ETF",51.19,"ProShares Ultra Health Care",2,119,No,Equity,NA,NA
RYLD,"GX Russell 2000 Covered Call ETF",15.59,"Global X Russell 2000 Covered Call ETF",3,1124,No,"Portfolio-Multi Asset",NA,NA
RYLG,"GX Russell 2000 Covered Call & Growth ETF",23.06,"Global X Russell 2000 Covered Call & Growth ETF",NA,NA,No,Equity,NA,NA
RYSE,"CBOE 10-Year Interest Rate Hedge ETF",23.73,"Cboe Vest 10 Year Interest Rate Hedge ETF",NA,NA,No,Alternative,NA,NA
RZG,"S&P Smallcap 600 Pure Growth Invesco ETF",57.64,"Invesco S&P SmallCap 600 Pure Growth ETF",2,0,No,Equity,NA,NA
RZV,"S&P Smallcap 600 Pure Value Invesco ETF",126.97,"Invesco S&P SmallCap 600 Pure Value ETF",NA,NA,No,Equity,NA,NA
SAA,"Ultra Smallcap600 2X ETF",28.62,"ProShares Ultra S&P SmallCap600",NA,NA,No,Equity,NA,NA
SAEF,"Schwab Strategic Ariel ESG ETF",28.75,"Schwab Ariel ESG ETF",NA,NA,No,Equity,NA,NA
SAGP,"Strategas Global Policy Opportunities ETF",35.81,"Strategas Global Policy Opportunities ETF",NA,NA,No,Equity,NA,NA
SAMM,"Strategas Macro Momentum ETF",30.93,"Strategas Macro Momentum ETF",NA,NA,No,Equity,NA,NA
SAMT,"Strategas Macro Thematic Opportunities ETF",41.32,"Strategas Macro Thematic Opportunities ETF",NA,NA,No,Equity,NA,NA
SAPH,"SAP Se Adrhedged ETF",42.52,"SAP SE ADRhedged",NA,NA,No,Equity,NA,NA
SARK,"Tradr 1X Short Innovation Daily ETF",29.24,"Tradr 2X Short Innovation Daily ETF",12,1583,No,Equity,NA,NA
SATG,"Leverage Shares 2X Long Sats Daily ETF",22.24,"Leverage Shares 2X Long SATS Daily ETF",NA,NA,No,Equity,NA,NA
SATO,"Invesco Alerian Galaxy Crypto Economy ETF",19.7,"Invesco Alerian Galaxy Crypto Economy ETF",NA,NA,No,Equity,NA,NA
SAUG,"FT Vest U.S. Small Cap Moderate Buffer ETF - Aug",26.23,"FT Vest U.S. Small Cap Moderate Buffer ETF (Aug)",NA,NA,No,Equity,NA,NA
SAWG,"Sawgrass US Large Cap Quality Growth ETF",22.51,"AAM Sawgrass US Large Cap Quality Growth ETF",NA,NA,No,Equity,NA,NA
SAWS,"Sawgrass US Small Cap Quality Growth ETF",22.03,"AAM Sawgrass US Small Cap Quality Growth ETF",NA,NA,No,Equity,NA,NA
SBAR,"Simplify Exchange Traded Funds Simplify Barrier",26.12,"Simplify Barrier Income ETF",NA,NA,No,"Fixed Income",NA,NA
SBB,"Short Smallcap600 -1X ETF",12.94,"ProShares Short SmallCap600",NA,NA,No,Equity,NA,NA
SBIL,"Simplify Government Money Market ETF",100.08,"Simplify Government Money Market ETF",NA,NA,No,"Fixed Income",NA,NA
SBIO,"Alps Medical Breakthroughs ETF",51.94,"ALPS Medical Breakthroughs ETF",1,152,No,"Portfolio-Multi Asset",NA,NA
SBIT,"Proshares Ultrashort Bitcoin ETF",41.36,"ProShares UltraShort Bitcoin ETF",52,19440,No,Currency,NA,NA
SBND,"Columbia Short-Duration Bond ETF",18.99,"Columbia Short Duration Bond ETF",NA,NA,No,"Fixed Income",NA,NA
SBU,"Leverage Shares 2X Long Sbux Daily ETF",18.29,"Leverage Shares 2x Long SBUX Daily ETF",8,9,No,Equity,NA,NA
SCAP,"Infracap Small Cap Income ETF",37.77,"InfraCap Small Cap Income ETF",NA,NA,No,Equity,NA,NA
SCC,"Ultrashort Consumer Services -2X ETF",13.78,"ProShares UltraShort Consumer Services",NA,NA,No,Equity,NA,NA
SCCR,"Schwab Core Bond ETF",25.92,"Schwab Core Bond ETF",NA,NA,No,"Fixed Income",NA,NA
SCDL,"Etracs 2X US Dividend Factor TR ETN",44.78,"ETRACS 2x Leveraged US Dividend Factor TR ETN",NA,NA,No,Equity,NA,NA
SCDS,"JPM Fundamental Data Science Small Core ETF",64.03,"JPMorgan Fundamental Data Science Small Core ETF",NA,NA,No,Equity,NA,NA
SCDV,"Bahl & Gaynor Small Cap Dividend ETF",25.39,"Bahl & Gaynor Small Cap Dividend ETF",NA,NA,No,Equity,NA,NA
SCEC,"Sterling Capital Enhanced Core Bond ETF",25.38,"Sterling Capital Enhanced Core Bond ETF",NA,NA,No,"Fixed Income",NA,NA
SCHA,"Schwab U.S. Smallcap ETF",30.32,"Schwab U.S. Small-Cap ETF",5,903,No,Equity,NA,NA
SCHB,"Schwab U.S. Broad Market ETF",26.83,"Schwab U.S. Broad Market ETF",14,2550,No,Equity,NA,NA
SCHC,"Schwab Intl Smallcap Equity ETF",49.97,"Schwab International Small-Cap Equity ETF",20,12,No,Equity,NA,NA
SCHD,"Schwab US Dividend Equity ETF",29.3,"Schwab U.S. Dividend Equity ETF",5579,113652,Yes,Equity,NA,NA
SCHE,"Schwab Emrg Mkts Equity ETF",35.28,"Schwab Emerging Markets Equity ETF",22,164,No,Equity,NA,NA
SCHF,"Schwab Intl Equity ETF",25.67,"Schwab International Equity ETF",84,1873,No,Equity,NA,NA
SCHG,"Schwab U.S. Largecap Growth ETF",32.49,"Schwab U.S. Large-Cap Growth ETF",555,10768,No,Equity,NA,NA
SCHH,"Schwab U.S. REIT ETF",21.06,"Schwab U.S. REIT ETF",34,538,No,Equity,NA,NA
SCHI,"Schwab 5-10 Year Corp Bond ETF",23,"Schwab 5-10 Year Corporate Bond ETF",NA,NA,No,"Fixed Income",NA,NA
SCHJ,"Schwab 1-5 Year Corp Bond ETF",24.94,"Schwab 1-5 Year Corporate Bond ETF",NA,NA,No,"Fixed Income",NA,NA
SCHK,"Schwab 1000 Index ETF",33.5,"Schwab 1000 Index ETF",1,122,No,Equity,NA,NA
SCHM,"Schwab U.S. Mid Cap ETF",31.94,"Schwab U.S. Mid-Cap ETF",NA,NA,No,Equity,NA,NA
SCHO,"Schwab Short-Term U.S. Treasury ETF",24.38,"Schwab Short-Term U.S. Treasury ETF",2,310,No,"Fixed Income",NA,NA
SCHP,"Schwab U.S. TIPS ETF",26.63,"Schwab U.S. TIPS ETF",64,734,No,"Fixed Income",NA,NA
SCHQ,"Schwab Long-Term U.S. Treasury ETF",31.8,"Schwab Long-Term U.S. Treasury ETF",NA,NA,No,"Fixed Income",NA,NA
SCHR,"Schwab Int-Term U.S. Treasury ETF",25.03,"Schwab Intermediate-Term U.S. Treasury ETF",5,119,No,"Fixed Income",NA,NA
SCHV,"Schwab U.S. Largecap Value ETF",30.99,"Schwab U.S. Large-Cap Value ETF",2,86,No,Equity,NA,NA
SCHX,"Schwab U.S. Largecap ETF",27.43,"Schwab U.S. Large-Cap ETF",44,1703,No,Equity,NA,NA
SCHY,"Schwab International Dividend Equity ETF",31.34,"Schwab International Dividend Equity ETF",NA,NA,No,Equity,NA,NA
SCHZ,"Schwab US Aggregate Bond ETF",23.42,"Schwab U.S. Aggregate Bond ETF",2,70,No,"Fixed Income",NA,NA
SCIO,"FT Structured Credit Income Opp ETF",20.82,"First Trust Structured Credit Income Opportunities ETF",NA,NA,No,"Fixed Income",NA,NA
SCJ,"Japan Smallcap Ishares MSCI ETF",96.77,"iShares MSCI Japan Small-Cap ETF",36,52,No,Equity,NA,NA
SCLS,"Stoneport Advisors Commodity Long Short ETF",19.98,"Stoneport Advisors Commodity Long Short ETF",NA,NA,No,Commodity,NA,NA
SCLZ,"Swan Enhanced Dividend Income ETF",54.62,"Swan Enhanced Dividend Income ETF",NA,NA,No,Equity,NA,NA
SCMB,"Schwab Strategic Municipal Bond ETF",25.88,"Schwab Municipal Bond ETF",NA,NA,No,Equity,NA,NA
SCO,"Ultrashort Bloomberg Crude Oil -2X ETF",16.3,"ProShares UltraShort Bloomberg Crude Oil",711,19040,No,Commodity,NA,NA
SCOW,"Pacer S&P Smallcap 600 Fcf Aristocrats ETF",19.9963,"Pacer S&P SmallCap 600 Quality FCF Aristocrats ETF",NA,NA,No,Equity,NA,NA
SCUS,"Schwab Ultra-Short Income ETF",25.24,"Schwab Ultra-Short Income ETF",NA,NA,No,"Fixed Income",NA,NA
SCYB,"Schwab High Yield Bond ETF",26.58,"Schwab High Yield Bond ETF",NA,NA,No,"Fixed Income",NA,NA
SCZ,"EAFE Smallcap Ishares MSCI ETF",82.83,"iShares MSCI EAFE Small-Cap ETF",2,52,No,Equity,NA,NA
SDCI,"Uscf Summerhaven Dynamic Commodity Strategy No K",24.61,"USCF SummerHaven Dynamic Commodity Strategy No K-1 Fund",1,39,No,Commodity,NA,NA
SDCP,"Virtus Newfleet Short Duration Core Plus Bonus E",25.77,"Virtus Newfleet Short Duration Core Plus Bond ETF",NA,NA,No,"Fixed Income",NA,NA
SDD,"Ultrashort Smallcap600 -2X ETF",11.19,"ProShares UltraShort SmallCap600",NA,NA,No,Equity,NA,NA
SDEM,"GX MSCI Superdividend EM ETF",33.16,"Global X MSCI SuperDividend Emerging Markets ETF",NA,NA,No,Equity,NA,NA
SDFI,"Ab Short Duration Income ETF",35.83,"AB Short Duration Income ETF",NA,NA,No,Equity,NA,NA
SDG,"Ishares Global Sustainable Goals ETF",85.96,"iShares MSCI Global Sustainable Development Goals ETF",NA,NA,No,Equity,NA,NA
SDIV,"GX Superdividend ETF",26.11,"Global X SuperDividend ETF",141,1513,No,Equity,NA,NA
SDOG,"Alps Sector Dividend Dogs ETF",63.25,"ALPS Sector Dividend Dogs ETF",NA,NA,No,Equity,NA,NA
SDOW,"Ultrapro Short Dow 30 -3X ETF",30.2,"ProShares UltraPro Short Dow30",214,28829,No,"Portfolio-Multi Asset",NA,NA
SDP,"Ultrashort Utilities -2X ETF",12.15,"ProShares UltraShort Utilites",NA,NA,No,Equity,NA,NA
SDS,"Ultrashort S&P500 -2X ETF",66.15,"ProShares UltraShort S&P500",63,32738,No,Equity,NA,NA
SDSI,"American Century Short-Duration Strategic ETF",51.78,"American Century Short Duration Strategic Income ETF",NA,NA,No,Equity,NA,NA
SDTY,"Yieldmax S&P 500 0Dte Covered Call Strategy ETF",44.67,"YieldMax S&P 500 0DTE Covered Call Strategy ETF",NA,NA,No,Equity,NA,NA
SDVD,"FT Vest Smid Rising Dividend Achievers Target IN",22.25,"FT Vest SMID Rising Dividend Achievers Target Income ETF",NA,NA,No,Equity,NA,NA
SDVY,"FT Smid Cap Rising Dividend Achievers ETF",40.25,"First Trust SMID Cap Rising Dividend Achievers ETF",NA,NA,No,Equity,NA,NA
SDY,"S&P Dividend SPDR",146.75,"SPDR S&P Dividend ETF",5,1572,No,Equity,"Finance - Investment Funds",Finance
SEA,"U.S. Global Sea To Sky Cargo ETF",15.32,"U.S. Global Sea to Sky Cargo ETF",3,72,No,Equity,NA,NA
SECR,"Nyli Mackay Securitized Income ETF",25.85,"NYLI MacKay Securitzed Income ETF",NA,NA,No,"Fixed Income",NA,NA
SECT,"Northern IV Main Sector Rotation ETF",65.24,"Main Sector Rotation ETF",NA,NA,No,Equity,NA,NA
SEEM,"Sei Select Emerging Markets Equity ETF",34.88,"SEI Select Emerging Markets Equity ETF",NA,NA,No,Equity,NA,NA
SEF,"Short Financials -1X ETF",31.83,"ProShares Short Financials",2,251,No,Equity,NA,NA
SEIE,"Sei Select International Equity ETF",33.92,"SEI Select International Equity ETF",NA,NA,No,Equity,NA,NA
SEIM,"Sei Enhanced U.S. Large Cap Momentum Factor ETF",48.03,"SEI Enhanced U.S. Large Cap Momentum Factor ETF",NA,NA,No,Equity,NA,NA
SEIQ,"Sei Enhanced U.S. Large Cap Quality ETF",39.28,"SEI Enhanced U.S. Large Cap Quality Factor ETF",NA,NA,No,Equity,NA,NA
SEIS,"Sei Select Small Cap ETF",29.43,"SEI Select Small Cap ETF",NA,NA,No,Equity,NA,NA
SEIV,"Sei Exchange Traded Fds Sei Enhanced U.S. Large",42.24,"SEI Enhanced U.S. Large Cap Value Factor ETF",NA,NA,No,Equity,NA,NA
SEIX,"Virtus Seix Senior Loan ETF",23.33,"Virtus Seix Senior Loan ETF",NA,NA,No,"Fixed Income",NA,NA
SELV,"Sei Enhanced Low Volatility U.S. Large Cap ETF",32.88,"SEI Enhanced Low Volatility U.S. Large Cap ETF",NA,NA,No,Equity,NA,NA
SEMG,"Suncoast Select Growth ETF",26.79,"Suncoast Select Growth ETF",NA,NA,No,Equity,"Oil - Production & Pipeline",Oils-Energy
SEMI,"Columbia Seligman Semiconductor and Tech ETF",32.2,"Columbia Seligman Semiconductor and Technology ETF",NA,NA,No,Equity,"Semi-Eqpt Wafer Fabrication","Computers and Technology"
SEMY,"Graniteshares Yieldboost Semiconductor ETF",21.86,"GraniteShares YieldBOOST Semiconductor ETF",NA,NA,No,Equity,NA,NA
SEPI,"Scm Trust Shelton Equity Premium Income ETF",27.08,"Shelton Equity Premium Income ETF",NA,NA,No,Equity,NA,NA
SEPM,"FT Vest U.S. Max Buffer ETF - Sep",31.98,"FT Vest U.S. Equity Max Buffer ETF (Sep)",NA,NA,No,Equity,NA,NA
SEPP,"PGIM S&P 500 Buffer 12 ETF - September",30.93,"PGIM US Large-Cap Buffer 12 ETF (Sep)",NA,NA,No,Equity,NA,NA
SEPT,"Aim U.S. Large Cap Buffer10 Sep ETF",35.54,"AllianzIM U.S. Large Cap Buffer10 Sep ETF",NA,NA,No,Equity,NA,NA
SEPU,"Allianzim U.S. Equity Buffer15 Uncapped Sep ETF",29.39,"AllianzIM U.S. Equity Buffer15 Uncapped Sep ETF",NA,NA,No,Equity,NA,NA
SEPW,"Aim U.S. Large Cap Buffer20 Sep ETF",32.17,"AllianzIM U.S. Large Cap Buffer20 Sep ETF",NA,NA,No,Equity,NA,NA
SEPZ,"Trueshares Structured Outcome [September] ETF",42.76,"TrueShares Structured Outcome (September) ETF",NA,NA,No,Equity,NA,NA
SETH,"Proshares Short Ether Strategy ETF",40.74,"ProShares Short Ether Strategy ETF",1,417,No,Currency,NA,NA
SETM,"Sprott Energy Transition Materials ETF",39.73,"Sprott Energy Transition Materials ETF",NA,NA,No,Equity,NA,NA
SFEB,"FT Vest U.S. Small Cap Moderate Buffer ETF - Feb",24.28,"FT Vest U.S. Small Cap Moderate Buffer ETF (Feb)",NA,NA,No,Equity,NA,NA
SFGV,"Ccm Global Equity ETF",33.44,"CCM Global Equity ETF",NA,NA,No,Equity,NA,NA
SFLO,"Victoryshares Small Cap Free Cash Flow ETF",30.07,"VictoryShares Small Cap Free Cash Flow ETF",NA,NA,No,Equity,NA,NA
SFLR,"Innovator Equity Managed Floor ETF",37.16,"Innovator Equity Managed Floor ETF",NA,NA,No,Equity,NA,NA
SFTY,"Horizon Managed Risk ETF",28.79,"Horizon Managed Risk ETF",NA,NA,No,Equity,NA,NA
SFY,"Sofi Select 500 ETF",135.3,"SoFi Select 500 ETF",2,52,No,Equity,NA,NA
SFYF,"Sofi 50 ETF",55.74,"SoFi 50 ETF",NA,NA,No,Equity,NA,NA
SFYX,"Sofi Next 500 ETF",17.13,"SoFi Next 500 ETF",NA,NA,No,Equity,NA,NA
SGDJ,"Alps Sprott Junior Gold",111.24,"Sprott Junior Gold Miners ETF",54,494,No,"Portfolio-Multi Asset",NA,NA
SGDM,"Sprott Gold Miners ETF",91.01,"Sprott Gold Miners ETF",55,374,No,"Portfolio-Multi Asset",NA,NA
SGLC,"The Rbb Fund Inc Sgi U.S. Large Cap Core ETF",40.04,"SGI U.S. Large Cap Core ETF",NA,NA,No,Equity,NA,NA
SGOL,"Physical Gold ETF",51.24,"Aberdeen Standard Physical Swiss Gold Shares ETF",2075,16912,No,Commodity,NA,NA
SGOV,"Ishares 0-3 Month Treasury Bond ETF",100.64,"iShares 0-3 Month Treasury Bond ETF",545,4347,No,"Fixed Income",NA,NA
SGRT,"Smart Earnings Growth 30 ETF",27.07,"SMART Earnings Growth 30 ETF",NA,NA,No,Equity,NA,NA
SGVT,"Schwab Government Money Market ETF",100.73,"Schwab Government Money Market ETF",NA,NA,No,"Fixed Income",NA,NA
SH,"Short S&P500 -1X ETF",35.46,"ProShares Short S&P500",276,28975,No,Equity,NA,NA
SHAG,"Wisdomtree Yield Enhd U.S. Short-Term Agg Bond",47.94,"WisdomTree Barclays Yield Enhanced U.S. Short-Term Aggregate Bond Fund",NA,NA,No,"Fixed Income",NA,NA
SHDG,"Soundwatch Hedged Equity ETF",32.81,"Soundwatch Hedged Equity ETF",NA,NA,No,Equity,NA,NA
SHE,"SSGA Gender Diversity ETF SPDR",136.87,"SPDR SSGA Gender Diversity Index ETF",NA,NA,No,"Portfolio-Multi Asset",NA,NA
SHEH,"Shell Plc Adrhedged",53.91,"Shell ADRhedged",NA,NA,No,Equity,NA,NA
SHLD,"GX Defense Tech ETF",77.22,"Global X Defense Tech ETF",608,22177,No,Equity,"Retail - Discount",Retail-Wholesale
SHM,"Short-Term Muni Bond ETF SPDR",48.27,"SPDR Nuveen Bloomberg Short Term Municipal Bond ETF",NA,NA,No,"Fixed Income","Finance - Investment Funds",Finance
SHNY,"Microsectors Gold 3X Leveraged ETN",246.18,"MicroSectors Gold 3X Leveraged ETN",NA,NA,No,Equity,NA,NA
SHOC,"Strive U.S. Semiconductor ETF",78.62,"Strive U.S. Semiconductor ETF",NA,NA,No,Equity,NA,NA
SHPD,"Direxion Daily Shop Bear 1X ETF",20.3,"Direxion Daily SHOP Bear 1X ETF",NA,NA,No,Equity,NA,NA
SHPP,"Pacer Industrials and Logistics ETF",30.56,"Pacer Industrials and Logistics ETF",NA,NA,No,Equity,NA,NA
SHPU,"Direxion Daily Shop Bull 2X ETF",21.15,"Direxion Daily SHOP Bull 2X ETF",NA,NA,No,Equity,NA,NA
SHRT,"Gotham Short Strategies ETF",7.22,"Gotham Short Strategies ETF",NA,NA,No,Equity,NA,NA
SHRY,"Largecap US Equity Select ETF FT",42.94,"First Trust Bloomberg Shareholder Yield ETF",NA,NA,No,Equity,NA,NA
SHUS,"Stratified Largecap Hedged ETF",47.4,"Syntax Stratified U.S. Total Market Hedged ETF",NA,NA,No,Equity,NA,NA
SHV,"Short Treasury Bond Ishares ETF",110.4,"iShares Short Treasury Bond ETF",1,172,No,"Fixed Income","Finance - Investment Funds",Finance
SHY,"1-3 Year Treasury Bond Ishares ETF",82.89,"iShares 1-3 Year Treasury Bond ETF",70,11094,No,"Fixed Income","Finance - Investment Funds",Finance
SHYD,"Vaneck Short High Yield Muni ETF",22.99,"VanEck Vectors Short High-Yield Municipal Index ETF",NA,NA,No,"Portfolio-Multi Asset",NA,NA
SHYG,"0-5 Year High Yield Corp Bond Ishares ETF",43.09,"iShares 0-5 Year High Yield Corporate Bond ETF",NA,NA,No,"Portfolio-Multi Asset",NA,NA
SHYL,"Xt Short-Duration High Yield Bond ETF",45.09,"Xtrackers Short Duration High Yield Bond ETF",NA,NA,No,"Fixed Income",NA,NA
SHYM,"Blackrock High Yield Muni Income Bond ETF",22.41,"iShares High Yield Muni Income Active ETF",NA,NA,No,"Fixed Income",NA,NA
SIFI,"Harbor Scientific Alpha Income ETF",44.06,"Harbor Scientific Alpha Income ETF",NA,NA,No,Equity,"Finance - Savings & Loan",Finance
SIHY,"Harbor Scientific Alpha High-Yield ETF",46,"Harbor Scientific Alpha High-Yield ETF",NA,NA,No,"Fixed Income",NA,NA
SIJ,"Ultrashort Industrials -2X ETF",10.12,"ProShares UltraShort Industrials",NA,NA,No,Equity,NA,NA
SIL,"GX Silver Miners ETF",114.52,"Global X Silver Miners ETF",12817,190086,No,Equity,NA,NA
SILJ,"Amplify Junior Silver Miners ETF",39.02,"Amplify Junior Silver Miners ETF",78722,963355,Yes,Equity,NA,NA
SIMS,"SPDR Kensho Intelligent Structures ETF",44.83,"SPDR S&P Kensho Intelligent Structures ETF",20,17,No,Equity,NA,NA
SIO,"Touchstone Strategic Income Opportunities ETF",26.07,"Touchstone Strategic Income Opportunites ETF",NA,NA,No,"Fixed Income",NA,NA
SIVR,"Physical Silver ETF",110.87,"Aberdeen Standard Physical Silver Shares ETF",2088,46492,No,Commodity,NA,NA
SIXA,"6 Meridian Mega Cap Equity ETF",51.36,"6 Meridian Mega Cap Equity ETF",NA,NA,No,Equity,NA,NA
SIXD,"Allianzim U.S. Large Cap 6 Month Buffer10 Jun/De",29.23,"AllianzIM U.S. Large Cap 6 Month Buffer10 Jun/Dec ETF",NA,NA,No,Equity,"Business Services","Business Services"
SIXF,"Aim U.S. Large Cap 6 Month Buffer10 Feb/Aug ETF",32.27,"AllianzIM U.S. Large Cap 6 Month Buffer10 Feb/Aug ETF",NA,NA,No,Equity,NA,NA
SIXG,"Defiance Next Gen Connectivity ETF",68.44,"Defiance Connective Technologies ETF",1,45,No,Equity,NA,NA
SIXH,"6 Meridian Hedged Eqty Idx Option Strategy ETF",40.33,"6 Meridian Hedged Equity - Index Option ETF",NA,NA,No,Equity,NA,NA
SIXJ,"Aim U.S. Large Cap 6 Month Buffer10 Jan/Jul ETF",34.59,"AllianzIM U.S. Large Cap 6 Month Buffer10 Jan/Jul ETF",NA,NA,No,Equity,NA,NA
SIXL,"6 Meridian Low Beta Equity Strategy ETF",37.55,"6 Meridian Low Beta Equity ETF",NA,NA,No,Equity,NA,NA
SIXO,"Allianzim U.S. Large Cap 6M Buffer10 Apr/Oct",35.15,"AllianzIM U.S. Large Cap 6 Month Buffer10 Apr/Oct ETF",NA,NA,No,Equity,NA,NA
SIXP,"Aim U.S. Large Cap 6 Month Buffer10 Mar/Sep ETF",31.9,"AllianzIM U.S. Large Cap 6 Month Buffer10 Mar/Sep ETF",NA,NA,No,Equity,NA,NA
SIXS,"6 Meridian Small Cap Equity ETF",51.73,"6 Meridian Small Cap Equity ETF",NA,NA,No,Equity,NA,NA
SIXZ,"Allianzim U.S. Large Cap 6 Month Buffer10 May/No",29.98,"AllianzIM U.S. Large Cap 6 Month Buffer10 May/Nov ETF",NA,NA,No,Equity,NA,NA
SIZE,"USA Size Factor Ishares Edge MSCI ETF",166.42,"iShares Edge MSCI USA Size Factor ETF",NA,NA,No,"Portfolio-Multi Asset",NA,NA
SJB,"Short High Yield -1X ETF",15.26,"ProShares Short High Yield",5,1077,No,"Fixed Income",NA,NA
SJCP,"Sanjac Alpha Core Plus Bond ETF",25.29,"SanJac Alpha Core Plus Bond ETF",NA,NA,No,"Fixed Income",NA,NA
SJLD,"Sanjac Alpha Low Duration ETF",25.35,"SanJac Alpha Low Duration ETF",NA,NA,No,"Fixed Income",NA,NA
SJNK,"BBG Short Term High Yield Bond SPDR ETF",25.44,"SPDR Bloomberg Short Term High Yield Bond ETF",NA,NA,No,"Fixed Income",NA,NA
SKF,"Ultrashort Financials -2X ETF",27.17,"ProShares UltraShort Financials",10,353,No,Equity,NA,NA
SKOR,"Flexshares Credit Scored US Corp Bond",49.22,"FlexShares Credit-Scored US Corporate Bond Index Fund",NA,NA,No,"Fixed Income",NA,NA
SKRE,"Tuttle Capital Daily 2X Inverse Regional Banks E",8.23,"Tuttle Capital Daily 2X Inverse Regional Banks ETF",20,261,No,Equity,NA,NA
SKYU,"Ultra Nasdaq Cloud Computing 2X ETF",34.6,"ProShares Ultra Nasdaq Cloud ETF",NA,NA,No,Equity,NA,NA
SKYY,"Cloud Computing ETF FT",126.58,"First Trust Cloud Computing ETF",8,640,No,Equity,NA,NA
SLDR,"GX Short-Term Treasury Ladder ETF",50.38,"Global X Short-Term Treasury Ladder ETF",NA,NA,No,"Fixed Income",NA,NA
SLJY,"Amplify Silj Covered Call ETF",44.23,"Amplify SILJ Covered Call ETF",NA,NA,No,Equity,NA,NA
SLNZ,"Tcw Senior Loan ETF",46.18,"TCW Senior Loan ETF",NA,NA,No,"Fixed Income",NA,NA
SLON,"Proshares Ultra Solana ETF",13.83,"ProShares Ultra Solana ETF",35,1863,No,Currency,NA,NA
SLQD,"0-5 Year Invst Grade Corp Bond Ishares ETF",50.83,"iShares 0-5 Year Investment Grade Corporate Bond ETF",NA,NA,No,"Portfolio-Multi Asset",NA,NA
SLTY,"Yieldmax Ultra Short Option Income Strategy ETF",29.74,"YieldMax Ultra Short Option Income Strategy ETF",NA,NA,No,Equity,NA,NA
SLV,"Silver Trust Ishares",105.6,"iShares Silver Trust",2790464,11690721,Yes,Commodity,NA,NA
SLVO,"CS X-Links Silver Share",103.21,"X-Links Silver Shares Covered Call ETN",NA,NA,No,"Portfolio-Multi Asset",NA,NA
SLVP,"Ishares Global Silver and Metals Miners ETF",47.49,"iShares MSCI Global Silver and Metals Miners ETF",559,28021,No,Equity,NA,NA
SLVR,"Sprott Silver Miners & Physical Silver ETF",81.07,"Sprott Silver Miners & Physical Silver ETF",761,31908,No,"Portfolio-Multi Asset",Unclassified,NA
SLX,"Vaneck Steel ETF",95.86,"VanEck Vectors Steel ETF",14,369,No,Equity,NA,NA
SLYG,"S&P Smallcap Growth ETF SPDR",99.29,"SPDR S&P 600 Small Cap Growth ETF",15,39,No,Equity,NA,NA
SLYV,"S&P Smallcap Value ETF SPDR",96.58,"SPDR S&P 600 Small Cap Value ETF",10,54,No,Equity,NA,NA
SMAP,"Amplify Small-Mid Cap Equity ETF",25.69,"Amplify Small-Mid Cap Equity ETF",NA,NA,No,Equity,"Industrial Scientific","Computers and Technology"
SMAX,"Ishares Large Cap Max Buffer Sep ETF",27.1,"iShares Large Cap Max Buffer Sep ETF",NA,NA,No,Equity,NA,NA
SMAY,"FT Vest U.S. Small Cap Moderate Buffer ETF - May",26.46,"FT Vest U.S. Small Cap Moderate Buffer ETF (May)",NA,NA,No,Equity,NA,NA
SMB,"Vaneck Short Muni ETF",17.42,"VanEck Vectors AMT-Free Short Municipal Index ETF",NA,NA,No,"Fixed Income",NA,NA
SMBS,"Schwab Mortgage-Backed Securities ETF",25.83,"Schwab Mortgage-Backed Securities ETF",NA,NA,No,"Fixed Income",NA,NA
SMCC,"Defiance Leveraged Long + Income Smci ETF",6.21,"Defiance Leveraged Long plus Income SMCI ETF",NA,NA,No,Equity,NA,NA
SMCF,"Themes US Small Cap Cash Flow Champions ETF",34.29,"Themes US Small Cap Cash Flow Champions ETF",NA,NA,No,Equity,NA,NA
SMCL,"Graniteshares 2X Long Smci Daily ETF",4.93,"GraniteShares 2x Long SMCI Daily ETF",102,7646,No,Equity,NA,NA
SMCO,"Hilton Small-Midcap Opportunity ETF",28.56,"Hilton Small-MidCap Opportunity ETF",NA,NA,No,Equity,NA,NA
SMCX,"Defiance Daily Target 2X Long Smci ETF",12.43,"Defiance Daily Target 2x Long SMCI ETF",659,30856,No,Equity,NA,NA
SMCY,"Yieldmax Smci Option Income Strategy ETF",8.17,"YieldMax SMCI Option Income Strategy ETF",185,3225,No,Equity,NA,NA
SMCZ,"Defiance Daily Target 2X Short Smci ETF",46.15,"Defiance Daily Target 2X Short SMCI ETF",NA,NA,No,Equity,NA,NA
SMDD,"Ultrapro Short Midcap 400 -3X ETF",10.68,"ProShares UltraPro Short MidCap400",15,32,No,"Portfolio-Multi Asset",NA,NA
SMDV,"Russell 2000 Dividend Growers ETF",69.14,"Russell 2000 Dividend Growers ETF",8,28,No,"Portfolio-Multi Asset",NA,NA
SMDX,"Intech S&P Small-Mid Cap Diversified Alpha ETF",23.89,"Intech S&P Small-Mid Cap Diversified Alpha ETF",NA,NA,No,Equity,NA,NA
SMH,"Vaneck Semiconductor ETF",416.63,"VanEck Vectors Semiconductor ETF",184992,941292,Yes,Equity,NA,NA
SMHB,"Etracs 2X Small Cap HI Div ETN",4.25,"ETRACS Monthly Pay 2xLeveraged US Small Cap High Dividend ETN Series B",NA,NA,No,"Fixed Income",NA,NA
SMHX,"Vaneck Fabless Semiconductor ETF",40.4,"VanEck Fabless Semiconductor ETF",2,154,No,Equity,NA,NA
SMIG,"Aam Bahl Small/Mid Cap Income Growth ETF",29.95,"AAM Bahl & Gaynor Small/Mid Cap Income Growth ETF",NA,NA,No,Equity,NA,NA
SMIN,"India Smallcap Ishares MSCI ETF",65.08,"iShares MSCI India Small-Cap ETF",53,291,No,Equity,NA,NA
SMIZ,"Zacks Small/Mid Cap ETF",39.2,"Zacks Small/Mid Cap ETF",NA,NA,No,Equity,NA,NA
SMLF,"USA Multifactor Smallcap Ishares Edge MSCI ETF",78.86,"iShares Edge MSCI Multifactor USA Small-Cap ETF",1,98,No,Equity,NA,NA
SMLL,"Harbor Active Small Cap ETF",20.46,"Harbor Active Small Cap ETF",NA,NA,No,Equity,NA,NA
SMLV,"SSGA US Smallcap Low Vol Index SPDR",136.8,"SPDR SSGA US Small Cap Low Volatility Index ETF",NA,NA,No,"Portfolio-Multi Asset",NA,NA
SMMD,"Russell 2500 Ishares ETF",79.8,"iShares Russell 2500 ETF",NA,NA,No,Equity,NA,NA
SMMU,"Short-Term Muni Bond Strgy Pimco ETF",50.72,"PIMCO Short-Term Municipal Bond Active ETF",NA,NA,No,"Fixed Income",NA,NA
SMMV,"USA Min Vol Smallcap Ishares Edge MSCI ETF",44.16,"iShares Edge MSCI Min Vol USA Small-Cap ETF",NA,NA,No,Equity,NA,NA
SMN,"Ultrashort Basic Materials -2X ETF",11,"ProShares UltraShort Basic Materials",1,6,No,Equity,NA,NA
SMOG,"Vaneck Low Carbon Energy ETF",141.82,"VanEck Vectors Global Alternative Energy ETF",1,7,No,Equity,NA,NA
SMOM,"Symmetry Panoramic Sector Momentum ETF",26.27,"Symmetry Panoramic Sector Momentum ETF",NA,NA,No,Equity,NA,NA
SMOT,"Vaneck Morningstar Smid Moat ETF",37.25,"VanEck Morningstar SMID Moat ETF",NA,NA,No,Equity,NA,NA
SMQ,"Tradr 1X Short Innovation 100 Monthly ETF",48.93,"Tradr 1X Short Innovation 100 Monthly ETF",NA,NA,No,Equity,NA,NA
SMRI,"Bushido Capital US Equity ETF",36.44,"Bushido Capital US Equity ETF",NA,NA,No,Equity,NA,NA
SMST,"Defiance Daily Target 1.5X Short Mstr ETF",78.1,"Defiance Daily Target 1.5X Short MSTR ETF",242,2057,No,Equity,NA,NA
SMTH,"Alps ETF Trust Alps",26.02,"ALPS - Smith Core Plus Bond ETF",NA,NA,No,Equity,NA,NA
SMU,"Tradr 2X Long Smr Daily ETF",19.68,"Tradr 2X Long SMR Daily ETF",48,2629,No,Equity,NA,NA
SMUP,"T-Rex 2X Long Smr Daily Target ETF",1.78,"T-REX 2X Long SMR Daily Target ETF",31,782,No,Equity,NA,NA
SMYY,"Graniteshares Yieldboost Smci ETF",12.63,"GraniteShares YieldBOOST SMCI ETF",NA,NA,No,Equity,NA,NA
SNAG,"Leverage Shares 2X Long Snap Daily ETF",15.2,"Leverage Shares 2X Long SNAP Daily ETF",NA,NA,No,Equity,NA,NA
SNAV,"Mohr Sector Navigator ETF",35.63,"Mohr Sector Nav ETF",NA,NA,No,Equity,NA,NA
SNOU,"T-Rex 2X Long Snow Daily Target ETF",39.98,"T-REX 2X Long SNOW Daily Target ETF",29,327,No,Equity,NA,NA
SNOV,"FT Vest U.S. Small Cap Moderate Buffer ETF - Nov",25.45,"FT Vest U.S. Small Cap Moderate Buffer ETF (Nov)",NA,NA,No,Equity,NA,NA
SNOY,"Yieldmax Snow Option Income Strategy ETF",11.62,"YieldMax SNOW Option Income Strategy ETF",6,105,No,Equity,NA,NA
SNPD,"Dbx S&P ESG Dividend Aristocrats ETF",28.32,"Xtrackers S&P ESG Dividend Aristocrats ETF",NA,NA,No,Equity,NA,NA
SNPE,"Xt S&P 500 ESG ETF",63.91,"Xtrackers S&P 500 ESG ETF",NA,NA,No,Equity,NA,NA
SNPG,"Dbx S&P 500 Growth ESG ETF",53.32,"Xtrackers S&P 500 Growth ESG ETF",NA,NA,No,Equity,NA,NA
SNPX,"Tradr 2X Long Snps Daily ETF",39.52,"Tradr 2X Long SNPS Daily ETF",1,32,No,Currency,"Medical - Biomedical",Medical
SNSR,"GX Internet of Things ETF",38.56,"Global X Internet of Things ETF",NA,NA,No,Equity,NA,NA
SNTH,"Mrp Synthequity ETF",28.19,"MRP Synthequity ETF",NA,NA,No,Equity,NA,NA
SNXX,"Tradr 2X Long Sndk Daily ETF",31.3,"Tradr 2X Long SNDK Daily ETF",NA,NA,No,Equity,NA,NA
SOCL,"GX Social Media ETF",57.51,"Global X Social Media ETF",15,37,No,Equity,NA,NA
SOFR,"Amplify Samsung SOFR ETF",100.43,"Amplify Samsung SOFR ETF",NA,NA,No,Equity,NA,NA
SOFX,"Defiance Daily Target 2X Long Sofi ETF",24.3,"Defiance Daily Target 2X Long SOFI ETF",257,5993,No,Equity,NA,NA
SOLC,"Canary Marinade Solana ETF",24.42,"Canary Marinade Solana ETF",4,2,No,Currency,NA,NA
SOLR,"Smartetfs Sustainable Energy II ETF",33.3,"SmartETFs Sustainable Energy II ETF",NA,NA,No,Equity,NA,NA
SOLT,"2X Solana ETF",6.26,"2x Solana ETF",934,62859,No,Equity,NA,NA
SOLZ,"Solana ETF",12.8,"Solana ETF",134,13823,No,Equity,NA,NA
SOUX,"Defiance Daily Target 2X Long Soun ETF",9.75,"Defiance Daily Target 2X Long SOUN ETF",NA,NA,No,Equity,NA,NA
SOVF,"Sovereign's Capital Flourish Fund",30.05,"Sovereigns Capital Flourish Fund",NA,NA,No,Equity,NA,NA
SOXL,"Direxion Daily Semiconductor Bull 3X",70.09,"Direxion Daily Semiconductor Bull 3X Shares",180317,885838,Yes,Equity,NA,NA
SOXQ,"Invesco PHLX Semiconductor ETF",65.39,"Invesco PHLX Semiconductor ETF",76,545,No,Equity,NA,NA
SOXS,"Direxion Daily Semiconductor Bear 3X",1.76,"Direxion Daily Semiconductor Bear 3X Shares",100466,630662,Yes,Equity,NA,NA
SOXX,"Semiconductor Ishares ETF",360.46,"iShares PHLX Semiconductor ETF",16804,87638,Yes,Equity,NA,NA
SOXY,"Yieldmax Target 12 Semiconductor Option Income E",68.58,"YieldMax Target 12 Semiconductor Option Income ETF",2,20,No,Equity,NA,NA
SOYB,"Teucrium Soybean",22.45,"Teucrium Soybean Fund",93,14867,No,Commodity,NA,NA
SPAB,"SPDR Aggregate Bond Portfolio ETF",25.81,"SPDR Portfolio Aggregate Bond ETF",NA,NA,No,"Fixed Income",NA,NA
SPAM,"Themes Cybersecurity ETF",31.92,"Themes Cybersecurity ETF",NA,NA,No,Equity,NA,NA
SPAQ,"Horizon Kinetics Spac Active ETF",91.17,"Horizon Kinetics SPAC Active ETF",NA,NA,No,Equity,"Auto - Truck Original Parts",Auto-Tires-Trucks
SPBC,"Simplify U.S. Equity Plus Gbtc ETF",45.65,"Simplify US Equity PLUS GBTC ETF",NA,NA,No,Equity,NA,NA
SPBO,"Issuer Scd Corp Bond SPDR",29.46,"SPDR Portfolio Corporate Bond ETF",52,50,No,"Fixed Income",NA,NA
SPBU,"Allianzim Buffer15 Uncapped Allocation ETF",28.61,"AllianzIM Buffer15 Uncapped Allocation ETF",NA,NA,No,Equity,"Internet - Software","Computers and Technology"
SPBW,"Allianzim Buffer20 Allocation ETF",27.64,"AllianzIM Buffer20 Allocation ETF",NA,NA,No,Equity,NA,NA
SPBX,"Allianzim 6 Month Buffer10 Allocation ETF",27.79,"AllianzIM 6 Month Buffer10 Allocation ETF",NA,NA,No,Equity,NA,NA
SPCT,"Liberty One Spectrum ETF",26.22,"Liberty One Spectrum ETF",NA,NA,No,Equity,NA,NA
SPCX,"The Spac and New Issue ETF",21.88,"SPAC and New Issue ETF",NA,NA,No,Equity,NA,NA
SPCZ,"Rivernorth Enhanced Pre-Merger Spac ETF",25.74,"RiverNorth Enhanced Pre-Merger SPAC ETF",NA,NA,No,Equity,NA,NA
SPD,"Simplify US Equity Plus Downside",39.76,"Simplify US Equity PLUS Downside Convexity ETF",NA,NA,No,Equity,NA,NA
SPDG,"SPDR Portfolio S&P Sector Neutral Dividend ETF",42.72,"SPDR Portfolio S&P Sector Neutral Dividend ETF",NA,NA,No,Equity,NA,NA
SPDN,"Direxion Daily S&P 500 Bear 1X",9.29,"Direxion Daily S&P 500 Bear 1X Shares",65,2379,No,Equity,NA,NA
SPDV,"Aam S&P 500 High Dividend Value ETF",36.46,"AAM S&P 500 High Dividend Value ETF",NA,NA,No,Equity,NA,NA
SPDW,"SPDR World Ex-US Portfolio ETF",47.34,"SPDR Portfolio Developed World ex-US ETF",6,275,No,Equity,NA,NA
SPEM,"SPDR Emerging Markets Portfolio ETF",50.37,"SPDR Portfolio Emerging Markets ETF",2,93,No,Equity,NA,NA
SPEU,"Stoxx Europe 50 SPDR",54.76,"SPDR Portfolio Europe ETF",10,247,No,Equity,NA,NA
SPFF,"GX Superincome Preferred ETF",9.53,"Global X SuperIncome Preferred ETF",NA,NA,No,Equity,NA,NA
SPGM,"SPDR Portfolio MSCI Global Stock Market ETF",79.86,"SPDR Portfolio MSCI Global Stock Market ETF",2,70,No,Equity,NA,NA
SPGP,"Invesco S&P 500 Garp ETF",115.84,"Invesco S&P 500 GARP ETF",24,82,No,"Portfolio-Multi Asset",NA,NA
SPHB,"S&P 500 High Beta Invesco ETF",123.53,"Invesco S&P 500 High Beta ETF",56,220,No,Equity,NA,NA
SPHD,"S&P 500 High Dividend Low Vol Invesco ETF",49.34,"Invesco S&P 500 High Dividend Low Volatility ETF",14,832,No,Equity,NA,NA
SPHQ,"S&P 500 Quality Invesco ETF",77.78,"Invesco S&P 500 Quality ETF",4,163,No,Equity,NA,NA
SPHY,"SPDR Portfolio High Yield Bond ETF",23.81,"SPDR Portfolio High Yield Bond ETF",65,450,No,"Fixed Income",NA,NA
SPIB,"SPDR Intermediate Term Corporate Bond Portfolio",33.88,"SPDR Portfolio Intermediate Term Corporate Bond ETF",NA,NA,No,"Fixed Income",NA,NA
SPIN,"US Equity Premium Income ETF",33.08,"State Street US Equity Premium Income ETF",NA,NA,No,Equity,Indices,NA
SPIP,"TIPS Barclays ETF SPDR",26.08,"SPDR Portfolio TIPS ETF",1,246,No,"Fixed Income",NA,NA
SPIT,"F/M Emerald Special Situations ETF",28.27,"F/m Emerald Special Situations ETF",NA,NA,No,Equity,NA,NA
SPLB,"SPDR Long Term Corporate Bond Portfolio ETF",22.77,"SPDR Portfolio Long Term Corporate Bond ETF",1,152,No,"Fixed Income",NA,NA
SPLV,"S&P 500 Low Vol Invesco ETF",72.8,"Invesco S&P 500 Low Volatility ETF",70,2033,No,"Portfolio-Multi Asset",NA,NA
SPMB,"Mortgage Backed Bond ETF SPDR",22.56,"SPDR Portfolio Mortgage Backed Bond ETF",53,0,No,"Fixed Income",NA,NA
SPMD,"SPDR Mid Cap Portfolio ETF",60.92,"SPDR Portfolio Mid Cap ETF",2,48,No,Equity,NA,NA
SPMO,"S&P 500 Momentum Invesco ETF",119.18,"Invesco S&P 500 Momentum ETF",225,5330,No,"Portfolio-Multi Asset",NA,NA
SPMV,"S&P 500 Minimum Variance Invesco ETF",50.93,"Invesco S&P 500 Minimum Variance ETF",NA,NA,No,Equity,NA,NA
SPOG,"Leverage Shares 2X Long Spot Daily ETF",9.24,"Leverage Shares 2x Long SPOT Daily ETF",1,33,No,Equity,NA,NA
SPPP,"Sprott Physical Platinum and Palladium",21.94,"Sprott Physical Platinum and Palladium Trust",NA,NA,No,"Portfolio-Multi Asset",NA,NA
SPRE,"SPDR S&P Global REIT Sharia ETF",19.77,"SP Funds S&P Global REIT Sharia ETF",NA,NA,No,Equity,NA,NA
SPRX,"Spear Alpha ETF",43.62,"Spear Alpha ETF",52,524,No,Equity,NA,NA
SPSB,"SPDR Short-Term Corporate Bond Portfolio ETF",30.28,"SPDR Portfolio Short Term Treasury ETF",NA,NA,No,"Fixed Income",NA,NA
SPSK,"Tidal SP Funds Dow Jones Global Sukuk ETF",18.2,"SP Funds Dow Jones Global Sukuk ETF",NA,NA,No,Equity,NA,NA
SPSM,"SPDR Small Cap Portfolio ETF",49.51,"SPDR Portfolio Small Cap ETF",43,974,No,"Portfolio-Multi Asset",NA,NA
SPTB,"SPDR Portfolio Treasury ETF",30.44,"SPDR Portfolio Treasury ETF",NA,NA,No,"Fixed Income",NA,NA
SPTE,"SP Funds S&P Global Technology ETF",38.27,"SP Funds S&P Global Technology ETF",NA,NA,No,Equity,NA,NA
SPTI,"Interm Term Treasury ETF SPDR",28.78,"SPDR Portfolio Intermediate Term Treasury ETF",NA,NA,No,"Fixed Income",NA,NA
SPTL,"SPDR Long Term Treasury Portfolio ETF",26.54,"SPDR Portfolio Long Term Treasury ETF",3,3028,No,"Fixed Income",NA,NA
SPTM,"SPDR Total Stock Market Portfolio ETF",84.31,"SPDR Portfolio S&P 1500 Composite Stock Market ETF",1,569,No,Equity,NA,NA
SPTS,"SPDR Short-Term Treasury Portfolio ETF",29.29,"SPDR Portfolio Short Term Treasury ETF",NA,NA,No,"Fixed Income",NA,NA
SPUC,"Simplify US Equity Plus Upside ETF",47.88,"Simplify US Equity PLUS Upside Convexity ETF",NA,NA,No,Equity,NA,NA
SPUS,"SPDR S&P 500 Sharia Industry Exclusions ETF",52.27,"SP Funds S&P 500 Sharia Industry Exclusions ETF",NA,NA,No,Equity,NA,NA
SPUT,"Innovator Equity Premium Income Daily Putwrite E",27.37,"Innovator Equity Premium Income - Daily Putwrite ETF",NA,NA,No,Equity,NA,NA
SPUU,"Direxion Daily S&P 500 Bull 2X",190.76,"Direxion Daily S&P 500 Bull 2X Shares",6,61,No,"Portfolio-Multi Asset",NA,NA
SPVM,"Invesco S&P 500 Value With Momentum ETF",69.25,"Invesco S&P 500 Value with Momentum ETF",1,0,No,Equity,NA,NA
SPVU,"S&P 500 Enhanced Value Invesco ETF",57.49,"Invesco S&P 500 Enhanced Value ETF",NA,NA,No,"Portfolio-Multi Asset",NA,NA
SPWO,"SP Funds S&P World [Ex-Us] ETF",30.02,"SP Funds S&P World (ex-US) ETF",NA,NA,No,Equity,NA,NA
SPXD,"Xtrackers S&P 500 Diversified Sector Weight ETF",26.71,"Xtrackers S&P 500 Diversified Sector Weight ETF",NA,NA,No,Equity,NA,NA
SPXE,"S&P 500 Ex-Energy ETF",75.13,"ProShares S&P 500 Ex-Energy ETF",2,23,No,Equity,NA,NA
SPXL,"Direxion Daily S&P 500 Bull 3X",231.78,"Direxion Daily S&P 500 Bull 3X Shares",2799,45883,Yes,Equity,NA,NA
SPXN,"S&P 500 Ex-Financials ETF",76.05,"ProShares S&P 500 Ex-Financials ETF",NA,NA,No,"Portfolio-Multi Asset",NA,NA
SPXS,"Direxion Daily S&P 500 Bear 3X",33.63,"Direxion Daily S&P 500 Bear 3X Shares",2750,112415,Yes,Equity,NA,NA
SPXT,"S&P 500 Ex-Technology ETF",106.07,"ProShares S&P 500 Ex-Technology ETF",NA,NA,No,"Portfolio-Multi Asset",NA,NA
SPXU,"Ultrapro Short S&P500 -3X ETF",47.12,"ProShares UltraPro Short S&P500",744,69474,Yes,Equity,NA,NA
SPXV,"S&P 500 Ex-Health Care ETF",76.16,"ProShares S&P 500 Ex-Health Care ETF",NA,NA,No,"Portfolio-Multi Asset",NA,NA
SPY,"SPDR S&P 500 ETF Trust",695.42,"State Street SPDR S&P 500 ETF Trust",7249077,15740368,Yes,Equity,"Finance - Investment Funds",Finance
SPYA,"Twin Oak Endure ETF",28.43,"Twin Oak Endure ETF",NA,NA,No,Equity,NA,NA
SPYC,"Simplify US Equity Plus Convexity",43.31,"Simplify US Equity PLUS Convexity ETF",NA,NA,No,Equity,NA,NA
SPYD,"SPDR S&P 500 High Dividend Portfolio ETF",44.71,"SPDR Portfolio S&P 500 High Dividend ETF",70,2563,No,"Portfolio-Multi Asset",NA,NA
SPYG,"SPDR S&P 500 Growth Portfolio ETF",108.79,"SPDR Portfolio S&P 500 Growth ETF",939,8402,No,Equity,NA,NA
SPYH,"Neos S&P 500 Hedged Equity Income ETF",55.57,"NEOS S&P 500 Hedged Equity Income ETF",NA,NA,No,Equity,NA,NA
SPYI,"Neos S&P 500 High Income ETF",52.86,"NEOS S&P 500 High Income ETF",1897,13604,No,"Fixed Income",NA,NA
SPYM,"SPDR Portfolio S&P 500 ETF",81.83,"SPDR Portfolio Large Cap ETF",863,22852,No,Equity,NA,NA
SPYQ,"Tradr 2X Long Spy Quarterly ETF",167.76,"Tradr 2X Long SPY Quarterly ETF",1,284,No,"Fixed Income",NA,NA
SPYT,"Defiance S&P 500 Target Income ETF",17.76,"Defiance S&P 500 Target Income ETF",1,147,No,Equity,NA,NA
SPYV,"SPDR S&P 500 Value Portfolio ETF",57.93,"SPDR Portfolio S&P 500 Value ETF",20,1213,No,Equity,NA,NA
SPYX,"S&P 500 Ex-Fossil Fuel ETF SPDR",57.13,"SPDR S&P 500 Fossil Fuel Reserves Free ETF",NA,NA,No,"Portfolio-Multi Asset",NA,NA
SQLV,"Royce Quant Small-Cap Quality Value ETF",44.49,"Legg Mason Small-Cap Quality Value ETF",NA,NA,No,Equity,NA,NA
SQMX,"FT Vest U.S. Quarterly Max Buffer ETF",33.63,"FT Vest U.S. Equity Quarterly Max Buffer ETF",NA,NA,No,Equity,NA,NA
SQQQ,"Ultrapro Short QQQ -3X ETF",62.79,"ProShares UltraPro Short QQQ",32260,314667,Yes,Equity,NA,NA
SRET,"GX Superdividend REIT ETF",22.72,"Global X SuperDividend REIT ETF",80,2247,No,Equity,NA,NA
SRHQ,"Elevation Series Srh U.S. Quality ETF",40.52,"SRH U.S. Quality ETF",NA,NA,No,Equity,NA,NA
SRHR,"Srh REIT Covered Call ETF",53.43,"SRH REIT Covered Call ETF",NA,NA,No,Equity,NA,NA
SRLN,"Blackstone Gso Senior Loan SPDR",41.21,"SPDR Blackstone Senior Loan ETF",3,4124,No,"Portfolio-Multi Asset",NA,NA
SROI,"Calamos Antetokounmpo Global Sustainable ETF",34.81,"Calamos Antetokounmpo Global Sustainable Equities ETF",NA,NA,No,Equity,NA,NA
SRPU,"Tradr 2X Long Srpt Daily ETF",14.25,"Tradr 2X Long SRPT Daily ETF",1,16,No,Equity,NA,NA
SRS,"Ultrashort Real Estate -2X ETF",48.3,"ProShares UltraShort Real Estate",1,283,No,Equity,NA,NA
SRTY,"Ultrapro Short Russell 2000 -3X ETF",34.67,"ProShares UltraPro Short Russell2000",54,2110,No,"Portfolio-Multi Asset",NA,NA
SRVR,"Pacer Benchmark & Infrastructure Real Estate ETF",31.3,"Pacer Benchmark Data & Infrastructure Real Estate SCTR ETF",3,83,No,Alternative,NA,NA
SSFI,"Day Hagan Smart Sector Fixed Income ETF",21.49,"Day Hagan/Ned Davis Research Smart Sector Fixed Income ETF",NA,NA,No,"Fixed Income",NA,NA
SSG,"Ultrashort Semiconductors -2X ETF",26.21,"ProShares UltraShort Semiconductors",6,90,No,Equity,NA,NA
SSK,"Rex-Osprey Sol + Staking ETF",19.28,"REX-Osprey SOL plus Staking ETF",349,3913,No,Currency,NA,NA
SSO,"Ultra S&P500 2X ETF",59.95,"ProShares Ultra S&P500",1824,28055,Yes,Equity,NA,NA
SSPY,"Stratified Largecap Index ETF",89.93,"Syntax Stratified LargeCap ETF",NA,NA,No,Equity,NA,NA
SSUS,"Day Hagan Research Smart Sector ETF",49.85,"Day Hagan/Ned Davis Research Smart Sector ETF",NA,NA,No,Equity,NA,NA
SSXU,"Smart Sector International ETF",36.2,"Day Hagan/Ned Davis Research Smart Sector International ETF",NA,NA,No,Equity,NA,NA
STAX,"Nomura Tax-Free USA Short Term ETF",25.64,"Nomura Tax-Free USA Short Term ETF",NA,NA,No,"Fixed Income",NA,NA
STBF,"Performance Trust Short Term Bond ETF",25.42,"Performance Trust Short Term Bond ETF",NA,NA,No,"Fixed Income",NA,NA
STCE,"Schwab Crypto Thematic ETF",71.68,"Schwab Crypto Thematic ETF",6,487,No,Equity,NA,NA
STHH,"Stmicroelectronics NV Adrhedged",59.09,"STMicroelectronics NV ADRhedged",NA,NA,No,Equity,NA,NA
STIP,"0-5 Year TIPS Bond Ishares ETF",102.74,"iShares 0-5 Year TIPS Bond ETF",3,53,No,"Fixed Income",NA,NA
STNC,"Stance Equity ESG Large Cap Core ETF",34.73,"Stance Equity ESG Large Cap Core ETF",NA,NA,No,Equity,NA,NA
STOT,"SPDR Doubleline Short-Duration TR Tactical ETF",47.37,"SPDR DoubleLine Short Duration Total Return Tactical ETF",NA,NA,No,"Portfolio-Multi Asset",NA,NA
STOX,"Horizon Core Equity ETF",28.99,"Horizon Core Equity ETF",NA,NA,No,Equity,NA,NA
STPZ,"1-5 Year US TIPS Index Pimoc ETF",53.83,"PIMCO 1-5 Year U.S. TIPS Index ETF",NA,NA,No,"Fixed Income","Finance - Investment Funds",Finance
STRN,"Smart Trend 25 ETF",23.41,"SMART Trend 25 ETF",NA,NA,No,Equity,"Advertising Marketing Services","Business Services"
STRV,"Strive 500 ETF",44.92,"Strive 500 ETF",10,174,No,Equity,NA,NA
STXD,"Strive 1000 Dividend Growth ETF",37.75,"Strive 1000 Dividend Growth ETF",NA,NA,No,Equity,NA,NA
STXE,"Strive Emerging Markets Ex-China ETF",40.89,"Strive Emerging Markets Ex-China ETF",NA,NA,No,Equity,NA,NA
STXG,"Strive 1000 Growth ETF",51.45,"Strive 1000 Growth ETF",NA,NA,No,Equity,NA,NA
STXI,"Strive International Developed Markets ETF",32.73,"Strive International Developed Markets ETF",NA,NA,No,Equity,NA,NA
STXK,"Strive Small-Cap ETF",35.11,"Strive 2000 ETF",NA,NA,No,Equity,NA,NA
STXM,"Strive Mid-Cap ETF",30.47,"Strive Mid-Cap ETF",NA,NA,No,Equity,NA,NA
STXT,"Strive Total Return Bond ETF",20.12,"Strive Total Return Bond ETF",NA,NA,No,"Fixed Income",NA,NA
STXV,"Strive 1000 Value ETF",35.14,"Strive 1000 Value ETF",NA,NA,No,Equity,NA,NA
SUB,"Short-Term Natl Muni Bond Ishares ETF",107.26,"iShares Short-Term National Muni Bond ETF",NA,NA,No,"Fixed Income",NA,NA
SUPL,"Proshares Supply Chain Logistics ETF",41.47,"ProShares Supply Chain Logistics ETF",NA,NA,No,Equity,NA,NA
SUPP,"Tcw Transform Supply Chain ETF",73.11,"TCW Transform Supply Chain ETF",NA,NA,No,Equity,NA,NA
SURE,"Advisorshares Doubleline Value Equity ETF",131.66,"AdvisorShares Insider Advantage ETF",NA,NA,No,Equity,"Mining - Misc","Basic Materials"
SURI,"Simplify Propel Opportunities ETF",16.85,"Simplify Propel Opportunities ETF",NA,NA,No,Alternative,NA,NA
SUSA,"USA ESG Select Ishares MSCI ETF",142.75,"iShares MSCI USA ESG Select ETF",NA,NA,No,Equity,NA,NA
SUSB,"1-5 Year USD Corp Bond Ishares ESG ETF",25.28,"iShares ESG 1-5 Year USD Corporate Bond ETF",NA,NA,No,"Fixed Income",NA,NA
SUSC,"USD Corp Bond Ishares ESG ETF",23.46,"iShares ESG USD Corporate Bond ETF",NA,NA,No,"Fixed Income",NA,NA
SUSL,"Ishares ESG MSCI USA Leaders ETF",124.7,"iShares ESG MSCI USA Leaders ETF",NA,NA,No,Equity,NA,NA
SVAL,"Ishares US Small Cap Value Factor ETF",36.37,"iShares US Small Cap Value Factor ETF",NA,NA,No,Equity,NA,NA
SVIX,"vs TR Short VIX -1X Futures ETF",23.17,"VS -1x Short VIX Futures ETF",2199,67547,Yes,Equity,NA,NA
SVOL,"Simplify Volatility Premium ETF",17.64,"Simplify Volatility Premium ETF",95,4805,No,Equity,NA,NA
SVXY,"Short VIX Short-Term Futures ETF",54.47,"ProShares Short VIX Short-Term Futures ETF",555,27584,No,"Portfolio-Multi Asset",NA,NA
SWAN,"Blackswan Growth & Treasury Core Amplify ETF",32.64,"Amplify BlackSwan Growth & Treasury Core ETF",NA,NA,No,"Portfolio-Multi Asset",NA,NA
SWP,"Swp Growth & Income ETF",28.62,"SWP Growth & Income ETF",NA,NA,No,"Fixed Income",NA,NA
SXQG,"6 Meridian Quality Growth ETF",32.63,"6 Meridian Quality Growth Equity ETF",NA,NA,No,Equity,NA,NA
SYFI,"Ab Short Duration High Yield ETF",36.08,"AB Short Duration High Yield ETF",NA,NA,No,Equity,NA,NA
SYLD,"Cambria Shareholder Yield ETF",72.87,"Cambria Shareholder Yield ETF",4,37,No,"Portfolio-Multi Asset",NA,NA
SYSB,"Ishares Systematic Bond ETF",89.99,"iShares Systematic Bond ETF",NA,NA,No,"Fixed Income",NA,NA
SYZ,"Lazard US Systematic Small Cap Equity ETF",26.67,"Lazard US Systematic Small Cap Equity ETF",NA,NA,No,Equity,NA,NA
SZK,"Ultrashort Consumer Goods -2X ETF",11.42,"ProShares UltraShort Consumer Goods",NA,NA,No,Equity,NA,NA
SZNE,"Pacer Cfra-Stovall EW Seasonal Rotation ETF",37.1,"Pacer CFRA-Stovall Equal Weight Seasonal Rotation ETF",NA,NA,No,Equity,NA,NA
TACK,"Capitol Fairlead Tactical Sector ETF",31.02,"Fairlead Tactical Sector ETF",NA,NA,No,Equity,NA,NA
TAFI,"Ab Tax-Aware Short-Duration Municipal ETF",25.37,"AB Tax-Aware Short Duration Municipal ETF",NA,NA,No,"Fixed Income",NA,NA
TAFL,"Ab Tax-Aware Long Municipal ETF",25.11,"AB Tax-Aware Long Municipal ETF",NA,NA,No,Equity,NA,NA
TAFM,"Ab Tax-Aware Intermediate Municipal ETF",25.56,"AB Tax-Aware Intermediate Municipal ETF",NA,NA,No,"Fixed Income",NA,NA
TAGG,"T. Rowe Qm U.S. Bond ETF",42.97,"T. Rowe Price QM U.S. Bond ETF",NA,NA,No,"Fixed Income",NA,NA
TAGS,"Teucrium Agricultural",23.1,"Teucrium Agricultural Fund",NA,NA,No,Commodity,"Finance - Investment Funds",Finance
TAIL,"Cambria Tail Risk ETF",11.39,"Cambria Tail Risk ETF",3,1520,No,"Portfolio-Multi Asset",NA,NA
TAN,"Solar Invesco ETF",57.36,"Invesco Solar ETF",2403,59449,No,Equity,NA,NA
TAPR,"Innovator Equity Defined Protection ETF 2 Yr To",25.97,"Innovator Equity Defined Protection ETF - 2 Yr to April 2027",NA,NA,No,Equity,NA,NA
TARK,"Tradr 2X Long Innovation ETF",50.54,"Tradr 2X Long Innovation ETF",16,1660,No,Equity,NA,NA
TAX,"Cambria Tax Aware ETF",29.33,"Cambria Tax Aware ETF",NA,NA,No,Equity,"Business Services","Business Services"
TAXE,"Intermediate Municipal Income ETF",51.4,"T. Rowe Price Intermediate Municipal Income ETF",NA,NA,No,"Fixed Income",NA,NA
TAXF,"American Century Diversified Muni Bond ETF",50.76,"American Century Diversified Municipal Bond ETF",NA,NA,No,"Fixed Income",NA,NA
TAXI,"Nt Intermediate Tax-Exempt Bond ETF",51.74,"Northern Trust Intermediate Tax-Exempt Bond ETF",NA,NA,No,"Fixed Income","Finance - SBIC & Commercial",Finance
TAXM,"Ir+M Tax-Aware ETF For Massachusetts Residents",50.55,"BondBloxx IR M Tax-Aware ETF for Massachusetts Residents",NA,NA,No,"Fixed Income",NA,NA
TAXS,"Nt Short-Term Tax-Exempt Bond ETF",50.6,"Northern Trust Short-Term Tax-Exempt Bond ETF",NA,NA,No,"Fixed Income",NA,NA
TAXT,"Northern Trust Tax-Exempt Bond ETF",51.82,"Northern Trust Tax-Exempt Bond ETF",NA,NA,No,"Fixed Income",NA,NA
TAXX,"Bondbloxx Ir+M Tax-Aware Short Duration ETF",50.92,"BondBloxx IR plus M Tax-Aware Short Duration ETF",NA,NA,No,"Fixed Income",NA,NA
TBF,"Short 20+ Year Treasury -1X ETF",24.1,"ProShares Short 20 Plus Year Treasury",19,646,No,"Fixed Income",NA,NA
TBFC,"The Brinsmere Fund Conservative ETF",29,"The Brinsmere Fund Conservative ETF",NA,NA,No,"Portfolio-Multi Asset",NA,NA
TBFG,"The Brinsmere Fund Growth ETF",31.28,"The Brinsmere Fund Growth ETF",NA,NA,No,"Portfolio-Multi Asset",NA,NA
TBG,"Tbg Dividend Focus ETF",34.84,"TBG Dividend Focus ETF",NA,NA,No,Equity,NA,NA
TBIL,"US Treasury 3 Month Bill ETF",50.01,"US Treasury 3 Month Bill ETF",1,4,No,"Fixed Income",NA,NA
TBJL,"Innovator 20 Year Treasury Bond 9 Buffer ETF Jul",19.91,"Innovator 20 plus Year Treasury Bond 9 Buffer ETF (Jul)",NA,NA,No,"Fixed Income",NA,NA
TBLL,"Invesco Short Term Treasury ETF",105.57,"Invesco Short Term Treasury ETF",NA,NA,No,"Fixed Income",NA,NA
TBLU,"Tortoise Global Water ESG Fund",53.64,"Tortoise Global Water ESG Fund",NA,NA,No,Equity,NA,NA
TBT,"Ultrashort Lehman 20 Year Treasury -2X ETF",34.73,"ProShares UltraShort 20 Plus Year Treasury",686,22852,No,"Fixed Income",NA,NA
TBUX,"T. Rowe Ultra-Short-Term Bond ETF",49.82,"T. Rowe Price Ultra Short-Term Bond ETF",NA,NA,No,"Fixed Income",NA,NA
TBX,"Short 7 10 Year Treasury -1X ETF",28,"ProShares Short 7-10 Year Treasury",NA,NA,No,"Fixed Income",NA,NA
TCAF,"T. Rowe Capital Appreciation Equity ETF",38.56,"T. Rowe Price Capital Appreciation Equity ETF",NA,NA,No,Equity,NA,NA
TCAI,"Tortoise AI Infrastructure ETF",34.88,"Tortoise AI Infrastructure ETF",NA,NA,No,Equity,NA,NA
TCAL,"T. Rowe Capital Appreciation Premium Incom",23.66,"T. Rowe Price Capital Appreciation Premium Income ETF",NA,NA,No,Equity,NA,NA
TCHI,"Ishares MSCI China Multisector Tech ETF",25.17,"iShares MSCI China Multisector Tech ETF",1,171,No,Equity,NA,NA
TCHP,"T. Rowe Blue Chip Growth ETF",49.5,"T. Rowe Price Blue Chip Growth ETF",NA,NA,No,Equity,NA,NA
TCPB,"Thrivent Core Plus Bond ETF",51.46,"Thrivent Core Plus Bond ETF",NA,NA,No,"Fixed Income",NA,NA
TCV,"Towle Value ETF",28.48,"Towle Value ETF",NA,NA,No,Equity,NA,NA
TDAQ,"Tappalpha Innovation 100 Growth & Daily Income E",26.39,"TappAlpha Innovation 100 Growth & Daily Income ETF",NA,NA,No,Equity,NA,NA
TDAX,"Tdaq Lift ETF",23.94,"TDAQ Lift ETF",NA,NA,No,Equity,NA,NA
TDEC,"FT Vest Emerging Markets Buffer ETF - Dec",25.41,"FT Vest Emerging Markets Buffer ETF (Dec)",NA,NA,No,Equity,NA,NA
TDI,"Touchstone Dynamic International ETF",42.6,"Touchstone Dynamic International ETF",NA,NA,No,Equity,NA,NA
TDIV,"Nasdaq Technology Dividend Index ETF",100.47,"First Trust NASDAQ Technology Dividend Index Fund",80,85,No,Equity,NA,NA
TDOG,"21Shares Dogecoin ETF",25.22,"21Shares Dogecoin ETF",NA,NA,No,Currency,NA,NA
TDSB,"Cabana Target Drawdown 7 ETF",24.87,"Cabana Target Drawdown 7 ETF",NA,NA,No,"Portfolio-Multi Asset",NA,NA
TDSC,"Cabana Target Drawdown 10 ETF",26.57,"Cabana Target Drawdown 10 ETF",NA,NA,No,"Portfolio-Multi Asset",NA,NA
TDTF,"Iboxx 5Yr Target Dur TIPS ETF Flexshares",24.07,"FlexShares iBoxx 5-Year Target Duration TIPS Index Fund",NA,NA,No,"Fixed Income",NA,NA
TDTT,"Iboxx 3Yr Target Dur TIPS ETF Flexshares",24.12,"FlexShares iBoxx 3-Year Target Duration TIPS Index Fund",NA,NA,No,"Fixed Income",NA,NA
TDV,"S&P Technology Dividend Aristocrats ETF",90.44,"ProShares S&P Technology Dividend Aristocrats ETF",NA,NA,No,Equity,NA,NA
TDVG,"T. Rowe Dividend Growth ETF",45.85,"T. Rowe Price Dividend Growth ETF",NA,NA,No,Equity,NA,NA
TDVI,"FT Vest Technology Dividend Target Income ETF",28.53,"FT Vest Technology Dividend Target Income ETF",NA,NA,No,Equity,NA,NA
TEC,"Harbor Transformative Technologies ETF",28.64,"Harbor Transformative Technologies ETF",NA,NA,No,Equity,NA,NA
TECB,"Ishares U.S. Tech Breakthrough Multisector ETF",61.34,"iShares U.S. Tech Breakthrough Multisector ETF",NA,NA,No,Equity,NA,NA
TECL,"Technology Bull 3X ETF Direxion",129,"Direxion Daily Technology Bull 3X Shares",2021,40803,No,Equity,NA,NA
TECS,"Technology Bear -3X ETF Direxion",15.53,"Direxion Daily Technology Bear 3X Shares",420,8770,No,Equity,NA,NA
TEK,"Ishares Technology Opportunities Active ETF",31.65,"iShares Technology Opportunities Active ETF",1,70,No,Equity,NA,NA
TEKX,"SPDR Galaxy Transformative Tech Accelerators ETF",46.57,"SPDR Galaxy Transformative Tech Accelerators ETF",NA,NA,No,Equity,NA,NA
TEKY,"Lazard Next Gen Technologies ETF",38.8,"Lazard Next Gen Technologies ETF",NA,NA,No,Equity,NA,NA
TEMT,"Tradr 2X Long Tem Daily ETF",13.22,"Tradr 2X Long TEM Daily ETF",9,1510,No,Equity,NA,NA
TEMX,"Touchstone Sands E.M. Ex-China Growth ETF",32.17,"Touchstone Sands Capital Emerging Markets ex-China Growth ETF",NA,NA,No,Equity,NA,NA
TEQI,"T. Rowe Equity Income ETF",46.34,"T. Rowe Price Equity Income ETF",NA,NA,No,Equity,NA,NA
TERG,"Leverage Shares 2X Long Ter Daily ETF",30.46,"Leverage Shares 2x Long TER Daily ETF",6,23,No,Equity,NA,NA
TESL,"Simplify Volt Tsla Revolution ETF",16.29,"Simplify Volt TSLA Revolution ETF",4,307,No,Equity,NA,NA
TETH,"21Shares Ethereum ETF",15.03,"21Shares Ethereum ETF",NA,NA,No,Currency,NA,NA
TEXN,"Ishares Texas Equity ETF",28.83,"iShares Texas Equity ETF",NA,NA,No,Equity,NA,NA
TEXX,"Horizon Kinetics Texas ETF",25.71,"Horizon Kinetics Texas ETF",NA,NA,No,Equity,"Beverages - Alcohol","Consumer Staples"
TFI,"Muni Bond ETF SPDR",45.96,"SPDR Nuveen Bloomberg Municipal Bond ETF",NA,NA,No,"Fixed Income","Finance - Investment Funds",Finance
TFJL,"Innovator 20 Year Treasury Bond 5 Floor ETF Jul",19.81,"Innovator 20 plus Year Treasury Bond 5 Floor ETF (Jul)",NA,NA,No,"Fixed Income",NA,NA
TFLO,"Treasury Floating Rate Bond Ishares ETF",50.61,"iShares Treasury Floating Rate Bond ETF",NA,NA,No,"Portfolio-Multi Asset",NA,NA
TFLR,"T. Rowe Floating Rate ETF",51.29,"T. Rowe Price Floating Rate ETF",NA,NA,No,"Fixed Income",NA,NA
TFNS,"T. Rowe Financials ETF",26.75,"T. Rowe Price Financials ETF",NA,NA,No,Equity,NA,NA
TFPN,"Blueprint Chesapeake Multi-Asset Trend ETF",28.91,"Blueprint Chesapeake Multi-Asset Trend ETF",NA,NA,No,"Portfolio-Multi Asset",NA,NA
TGLB,"T. Rowe Global Equity ETF",26.58,"T. Rowe Price Global Equity ETF",NA,NA,No,Equity,NA,NA
TGLR,"Laffer Tengler Equity Income ETF",37.78,"LAFFER TENGLER Equity Income ETF",NA,NA,No,Equity,NA,NA
TGRT,"T. Rowe Growth ETF",44.13,"T. Rowe Price Growth ETF",NA,NA,No,Equity,NA,NA
TGRW,"T. Rowe Growth Stock ETF",45.72,"T. Rowe Price Growth Stock ETF",NA,NA,No,Equity,NA,NA
THD,"Thailand Ishares MSCI ETF",64.9,"iShares MSCI Thailand ETF",2,423,No,Equity,"Finance - Investment Funds",Finance
THEQ,"T. Rowe Hedged Equity ETF",28.45,"T. Rowe Price Hedged Equity ETF",NA,NA,No,Equity,NA,NA
THIR,"Thor Index Rotation ETF",32.92,"THOR Index Rotation ETF",NA,NA,No,Equity,NA,NA
THLV,"Thor Low Volatility ETF",31.38,"THOR Low Volatility ETF",NA,NA,No,Equity,NA,NA
THMZ,"Lazard Equity Megatrends ETF",32.9,"Lazard Equity Megatrends ETF",NA,NA,No,Equity,NA,NA
THNQ,"Robo Global Artificial Intelligence ETF",67.11,"ROBO Global Artificial Intelligence ETF",1,26,No,Equity,NA,NA
THNR,"Amplify Weight Loss Drug & Treatment ETF",26.12,"Amplify Weight Loss Drug & Treatment ETF",NA,NA,No,Equity,NA,NA
THRO,"Ishares U.S. Thematic Rotation Active ETF",39.31,"iShares U.S. Thematic Rotation Active ETF",NA,NA,No,Equity,NA,NA
THRV,"Prospera Income ETF",24.81,"Prospera Income ETF",NA,NA,No,"Fixed Income",NA,NA
THTA,"Tidal Sofi Enhanced Yield ETF",15.24,"SoFi Enhanced Income ETF",NA,NA,No,"Fixed Income",NA,NA
THY,"Agility Shares Dynamic Tactical Income ETF",22.24,"Agility Shares Dynamic Tactical Income ETF",NA,NA,No,"Fixed Income",NA,NA
THYF,"T. Rowe U.S. High Yield ETF",52.27,"T. Rowe Price U.S. High Yield ETF",NA,NA,No,"Fixed Income",NA,NA
THYM,"T.Rowe High Income Municipal ETF",50.31,"T. Rowe Price High Income Municipal ETF",NA,NA,No,"Fixed Income",NA,NA
TIER,"T. Rowe International Equity Research ETF",30.09,"T. Rowe Price International Equity Research ETF",NA,NA,No,Equity,"REIT - Equity Trust Other",Finance
TIIV,"Todd International Intrinsic Value ETF",28.65,"AAM Todd International Intrinsic Value ETF",NA,NA,No,Equity,NA,NA
TILL,"Teucrium Agricultural Strategy No K-1 ETF",16.85,"Teucrium Agricultural Strategy No K-1 ETF",NA,NA,No,Commodity,NA,NA
TILT,"Mstar US Mkt Factors Tilt ETF Flexshares",255.33,"FlexShares Morningstar U.S. Market Factor Tilt Index Fund",NA,NA,No,Equity,NA,NA
TIME,"Clockwise Core Equity & Innovation ETF",25.67,"Clockwise Capital Innovation ETF",26,10,No,Equity,"Publishing - Periodicals",NA
TINT,"Proshares Smart Materials ETF",36.32,"ProShares Smart Materials ETF",5,9,No,Equity,NA,NA
TINY,"Proshares Nanotechnology ETF",64.72,"ProShares Nanotechnology ETF",NA,NA,No,Equity,"Engineering & R&D Services","Industrial Products"
TIP,"TIPS Bond Ishares ETF",110.44,"iShares TIPS Bond ETF",125,8287,No,"Fixed Income","Finance - Investment Funds",Finance
TIPA,"Nt 2030 Inflation-Linked Distributing Ladder ETF",100.15,"Northern Trust 2030 Inflation-Linked Distributing Ladder ETF",NA,NA,No,"Fixed Income",NA,NA
TIPB,"Nt 2035 Inflation-Linked Distributing Ladder ETF",100.26,"Northern Trust 2035 Inflation-Linked Distributing Ladder ETF",NA,NA,No,"Fixed Income",NA,NA
TIPC,"Nt 2045 Inflation-Linked Distributing Ladder ETF",100.89,"Northern Trust 2045 Inflation-Linked Distributing Ladder ETF",NA,NA,No,"Fixed Income",NA,NA
TIPD,"Nt 2055 Inflation-Linked Distributing Ladder ETF",101.1,"Northern Trust 2055 Inflation-Linked Distributing Ladder ETF",NA,NA,No,"Fixed Income",NA,NA
TIPX,"BBG 1-10 Year TIPS SPDR ETF",19.16,"SPDR Bloomberg Barclays 1-10 Year TIPS ETF",NA,NA,No,"Portfolio-Multi Asset",NA,NA
TIPZ,"Broad U.S. TIPS Index Pimco ETF",53.19,"PIMCO Broad U.S. TIPS Index ETF",NA,NA,No,"Fixed Income",NA,NA
TJAN,"Innovator Equity Defined Protection ETF 2 Yr To",27.43,"Innovator Equity Defined Protection ETF - 2 Yr to Jan 2027",NA,NA,No,Equity,NA,NA
TJUL,"Innovator Equity Defined Protect ETF 2Yr Jul 202",29.79,"Innovator Equity Defined Protection ETF",NA,NA,No,Equity,NA,NA
TJUN,"FT Vest Emerging Markets Buffer ETF - Jun",23.03,"FT Vest Emerging Markets Buffer ETF (Jun)",NA,NA,No,Equity,NA,NA
TLCI,"Touchstone International Equity ETF",26.87,"Touchstone International Equity ETF",NA,NA,No,Equity,NA,NA
TLH,"10-20 Year Treas Bond Ishares ETF",101.81,"iShares 10-20 Year Treasury Bond ETF",159,3438,No,"Fixed Income",NA,NA
TLT,"20+ Year Treas Bond Ishares ETF",87.6,"iShares 20 plus Year Treasury Bond ETF",461159,5704644,Yes,"Fixed Income","Finance - Investment Funds",Finance
TLTD,"Flexshares Dev Mkt Ex-US Factor Tilt Index Fund",98.25,"FlexShares Morningstar Developed Markets ex-US Factor Tilt Index Fund",NA,NA,No,Equity,NA,NA
TLTE,"Flexshares EM Factor Tilt Index Fund",70.99,"FlexShares Morningstar Emerging Markets Factor Tilt Index Fund",NA,NA,No,Equity,NA,NA
TLTI,"Neos Enhanced Income 20+ Year T-Bond ETF",46.05,"NEOS Enhanced Income 20 plus Year Treasury Bond ETF",NA,NA,No,"Fixed Income",NA,NA
TLTP,"Amplify U.S. Treasury Target High Income ETF",22.22,"Amplify Bloomberg U.S. Treasury 12% Premium Income ETF",NA,NA,No,"Fixed Income",NA,NA
TLTW,"Ishares 20+ Year T-Bond Buywrite Strategy ETF",22.83,"iShares 20 plus Year Treasury Bond BuyWrite Strategy ETF",NA,NA,No,"Fixed Income",NA,NA
TLTX,"GX Treasury Bond Enhanced Income ETF",24.22,"Global X Treasury Bond Enhanced Income ETF",NA,NA,No,"Fixed Income",NA,NA
TMAR,"FT Vest Emerging Markets Buffer ETF - Mar",23.12,"FT Vest Emerging Markets Buffer ETF (Mar)",NA,NA,No,Equity,NA,NA
TMAT,"Main Thematic Innovation ETF",25.12,"Main Thematic Innovation ETF",2,2,No,Equity,NA,NA
TMB,"Thornburg Multi Sector Bond ETF",25.68,"Thornburg Multi Sector Bond ETF",NA,NA,No,"Fixed Income",NA,NA
TMDV,"Russell US Dividend Growers ETF",48.94,"ProShares Russell U.S. Dividend Growers ETF",NA,NA,No,Equity,NA,NA
TMED,"T. Rowe Health Care ETF",29.71,"T. Rowe Price Health Care ETF",NA,NA,No,Equity,"Lasers - Systems & Components","Computers and Technology"
TMET,"Ishares Transition-Enabling Metals ETF",35.73,"iShares Transition-Enabling Metals ETF",NA,NA,No,Equity,NA,NA
TMF,"Direxion Daily 20-Yr Treasury Bull 3X Shrs",37.48,"Direxion Daily 20 Plus Year Treasury Bull 3X Shares",20368,250340,Yes,"Fixed Income",NA,NA
TMFC,"Motley Fool 100 Index ETF",71.89,"Motley Fool 100 Index ETF",2,90,No,Equity,NA,NA
TMFE,"Motley Fool Capital Efficiency 100 Index ETF",29.42,"Motley Fool Capital Efficiency 100 Index ETF",NA,NA,No,Equity,NA,NA
TMFG,"Motley Fool Global Opportunities ETF",30.73,"Motley Fool Global Opportunities ETF",NA,NA,No,Equity,NA,NA
TMFM,"Motley Fool Midcap Growth ETF",23.41,"Motley Fool Mid-Cap Growth ETF",NA,NA,No,Equity,NA,NA
TMFS,"Motley Fool Smallcap Growth ETF",35.34,"Motley Fool Small-Cap Growth ETF",NA,NA,No,Equity,NA,NA
TMFX,"Motley Fool Next Index ETF",22.09,"Motley Fool 100 Next ETF",NA,NA,No,Equity,NA,NA
TMH,"Toyota Motor Corporation Adrhedged",57.64,"Toyota Motor Corporation ADRhedged",NA,NA,No,Equity,"Medical - Nursing Homes",Medical
TMNL,"T.Rowe Long Municipal Income ETF",50.16,"T. Rowe Price Long Municipal Income ETF",NA,NA,No,"Fixed Income",NA,NA
TMNS,"T.Rowe Short Municipal Income ETF",50.35,"T. Rowe Price Short Municipal Income ETF",NA,NA,No,"Fixed Income",NA,NA
TMSF,"T.Rowe Multi-Sector Income ETF",50.46,"T. Rowe Price Multi-Sector Income ETF",NA,NA,No,"Fixed Income",NA,NA
TMSL,"T. Rowe Small-Mid Cap ETF",38.12,"T. Rowe Price Small-Mid Cap ETF",NA,NA,No,Equity,NA,NA
TMV,"Direxion Daily 20-Year Treasury Bear 3X",36.9,"Direxion Daily 20 Plus Year Treasury Bear 3X Shares",585,23402,No,"Fixed Income",NA,NA
TNA,"Small Cap Bull 3X ETF Direxion",54.98,"Direxion Daily Small Cap Bull 3X Shares",14272,145810,Yes,Equity,NA,NA
TOAK,"Twin Oak Short Horizon Absolute Return ETF",28.48,"Twin Oak Short Horizon Absolute Return ETF",NA,NA,No,Equity,NA,NA
TOCT,"Innovator Equity Defined Protection ETF 2 Yr To",26.61,"Innovator Equity Defined Protection ETF - 2 Yr to Oct 2027",NA,NA,No,Equity,NA,NA
TOGA,"Managed Portfolio Series Tremblant Global ETF",32.98,"Tremblant Global ETF",NA,NA,No,Equity,NA,NA
TOK,"Kokusai Ishares MSCI ETF",141.83,"iShares MSCI Kokusai ETF",NA,NA,No,Equity,NA,NA
TOKE,"Cambria Cannabis ETF",5.86,"Cambria Cannabis ETF",52,1130,No,Equity,NA,NA
TOLL,"Tema Monopolies and Oligopolies ETF",36.98,"Tema Monopolies and Oligopolies ETF",NA,NA,No,Equity,NA,NA
TOLZ,"DJ Brookfield Global Infrastructure ETF",56.39,"ProShares DJ Brookfield Global Infrastructure ETF",NA,NA,No,"Portfolio-Multi Asset",NA,NA
TOPC,"Ishares S&P 500 3% Capped ETF",31.72,"iShares S&P 500 3% Capped ETF",NA,NA,No,Equity,NA,NA
TOPT,"Ishares Top 20 U.S. Stocks ETF",31.02,"iShares Top 20 U.S. Stocks ETF",19,1476,No,Equity,NA,NA
TOT,"Lionshares U.S. Equity Total Return ETF",21.83,"LionShares U.S. Equity Total Return ETF",NA,NA,No,Equity,"Oil - International Integrated",Oils-Energy
TOTL,"SPDR Doubleline Total Return Tactical ETF",40.3,"SPDR DoubleLine Total Return Tactical ETF",NA,NA,No,"Portfolio-Multi Asset",NA,NA
TOTR,"T. Rowe Total Return ETF",40.73,"T. Rowe Price Total Return ETF",NA,NA,No,"Fixed Income",NA,NA
TOUS,"T. Rowe International Equity ETF",36.41,"T. Rowe Price International Equity ETF",NA,NA,No,Equity,NA,NA
TOV,"Jlens 500 Jewish Advocacy U.S. ETF",29.27,"JLens 500 Jewish Advocacy U.S. ETF",NA,NA,No,Equity,NA,NA
TPHD,"Timothy Plan High Dividend Stock ETF",40.44,"Timothy Plan High Dividend Stock ETF",NA,NA,No,Equity,NA,NA
TPIF,"Timothy Plan International ETF",36.78,"Timothy Plan International ETF",NA,NA,No,Equity,NA,NA
TPLC,"Timothy Plan US Large Cap Core ETF",47.52,"Timothy Plan US Large Cap Core ETF",NA,NA,No,Equity,NA,NA
TPLS,"Thornburg Core Plus Bond ETF",25.52,"Thornburg Core Plus Bond ETF",NA,NA,No,"Fixed Income",NA,NA
TPOR,"Direxion Daily Transportation Bull 3X",31.34,"Direxion Daily Transportation Bull 3X Shares",3,213,No,Equity,NA,NA
TPSC,"Timothy Plan US Small Cap Core ETF",43.62,"Timothy Plan US Small Cap Core ETF",NA,NA,No,Equity,NA,NA
TPYP,"Tortoise North Amer Pipeline Fund",37.56,"Tortoise North American Pipeline Fund",NA,NA,No,Equity,NA,NA
TPZ,"Tortoise Essential Energy Fund",21.06,"Tortoise Essential Energy Fund",NA,NA,No,Equity,NA,NA
TQQQ,"Ultrapro QQQ 3X ETF",57.06,"ProShares UltraPro QQQ",202276,1283170,Yes,Equity,NA,NA
TQQY,"Graniteshares Yieldboost QQQ ETF",15.64,"GraniteShares YieldBOOST QQQ ETF",1,40,No,Equity,NA,NA
TRBF,"Angel Oak Total Return ETF",50.19,"Angel Oak Total Return ETF",NA,NA,No,"Fixed Income",NA,NA
TRFK,"Pacer Data and Digital Revolution ETF",67.07,"Pacer Data and Digital Revolution ETF",2,190,No,Equity,NA,NA
TRFM,"Aam Transformers ETF",51.03,"AAM Transformers ETF",NA,NA,No,Equity,NA,NA
TRIL,"Defiance Trillion Dollar Club Index ETF",19.86,"Defiance Trillion Dollar Club Index",NA,NA,No,Equity,"Medical - Drugs",Medical
TRIO,"Mc Trio Equity Buffered ETF",61.98,"MC Trio Equity Buffered ETF",NA,NA,No,Equity,NA,NA
TRND,"Pacer Trendpilot Fund of Funds ETF",34.8,"Pacer Trendpilot Fund of Funds ETF",NA,NA,No,"Portfolio-Multi Asset",NA,NA
TRPA,"Hartford AAA Clo ETF",39.06,"Hartford AAA CLO ETF",NA,NA,No,"Fixed Income",NA,NA
TRSY,"Xt US 0-1 Year Treasury ETF",30.16,"Xtrackers US 0-1 Year Treasury ETF",NA,NA,No,"Fixed Income",NA,NA
TRTY,"Cambria Trinity ETF",30.55,"Cambria Trinity ETF",NA,NA,No,"Portfolio-Multi Asset",NA,NA
TRUD,"Vaneck Consumer Discretionary Trusector ETF",26.82,"VanEck Consumer Discretionary TruSector ETF",NA,NA,No,Equity,NA,NA
TRUT,"Vaneck Technology Trusector ETF",26.84,"VanEck Technology TruSector ETF",NA,NA,No,Equity,NA,NA
TSCM,"Timessquare Quality Mid Cap Growth ETF",19.57,"TimesSquare Quality Mid Cap Growth ETF",NA,NA,No,Equity,NA,NA
TSDD,"Graniteshares -2X Short Tsla Daily ETF",8.2,"GraniteShares 2x Short TSLA Daily ETF",73,1436,No,Equity,NA,NA
TSEC,"Touchstone Securitized Income ETF",26.28,"Touchstone Securitized Income ETF",NA,NA,No,"Fixed Income",NA,NA
TSEL,"Touchstone Sands Capital US Select Growth ETF",27.87,"Touchstone Sands Capital US Select Growth ETF",NA,NA,No,Equity,NA,NA
TSEP,"FT Vest Emerging Market Buffer ETF - Sep",25.01,"FT Vest Emerging Market Buffer ETF (Sep)",NA,NA,No,Equity,NA,NA
TSII,"Rex Tsla Growth & Income ETF",23.84,"REX TSLA Growth & Income ETF",NA,NA,No,Equity,NA,NA
TSL,"Graniteshares 1.25X Long Tsla Daily ETF",17.69,"GraniteShares 1.25x Long TSLA Daily ETF",13,515,No,Equity,Solar,Oils-Energy
TSLG,"Leverage Shares 2X Long Tsla Daily ETF",8.42,"Leverage Shares 2X Long TSLA Daily ETF",87,1569,No,Equity,NA,NA
TSLL,"Direxion Daily Tsla Bull 2X",17.24,"Direxion Daily TSLA Bull 1.5X Shares",101313,892381,Yes,Equity,NA,NA
TSLO,"2X Capped Accelerated Tsla Monthly ETF",19.59,"Leverage Shares 2x Capped Accelerated TSLA Monthly ETF",NA,NA,No,Equity,NA,NA
TSLP,"Kurv Yield Premium Tesla [Tsla] ETF",22.51,"Kurv Yield Premium Strategy Tesla (TSLA) ETF",1,41,No,Equity,NA,NA
TSLQ,"Tradr 2X Short Tsla Daily ETF",19.31,"Tradr 2X Short TSLA Daily ETF",1766,24945,Yes,Equity,NA,NA
TSLR,"Graniteshares 2X Long Tsla Daily ETF",28.93,"GraniteShares 2x Long TSLA Daily ETF",177,4314,No,Equity,NA,NA
TSLS,"Direxion Daily Tsla Bear 1X",5.27,"Direxion Daily TSLA Bear 1X Shares",346,4907,No,Equity,NA,NA
TSLT,"T-Rex 2X Long Tesla Daily Target ETF",23.96,"T-REX 2X Long Tesla Daily Target ETF",863,7438,No,Equity,NA,NA
TSLW,"Roundhill Tsla Weeklypay ETF",30.53,"Roundhill TSLA WeeklyPay ETF",42,598,No,Equity,NA,NA
TSLY,"Yieldmax Tsla Option Income Strategy ETF",35.52,"YieldMax TSLA Option Income Strategy ETF",939,24152,No,Equity,NA,NA
TSLZ,"T-Rex 2X Inverse Tesla Daily Target ETF",12.57,"T-REX 2X Inverse Tesla Daily Target ETF",206,42393,No,Equity,NA,NA
TSME,"Thrivent Small-Mid Cap ESG Etd",44.87,"Thrivent Small-Mid Cap ESG ETF",NA,NA,No,Equity,NA,NA
TSMG,"Leverage Shares 2X Long Tsm Daily ETF",29.45,"Leverage Shares 2X Long TSM Daily ETF",2,525,No,Equity,NA,NA
TSMU,"Graniteshares 2X Long Tsm Daily ETF",54.32,"GraniteShares 2x Long TSM Daily ETF",93,1270,No,Equity,NA,NA
TSMX,"Direxion Daily Tsm Bull 2X",61.56,"Direxion Daily TSM Bear 2X Shares ETF",NA,NA,No,Equity,NA,NA
TSMY,"Yieldmax Tsm Option Income Strategy ETF",16.41,"YieldMax TSM Option Income Strategy ETF",2,462,No,Equity,NA,NA
TSMZ,"Direxion Daily Tsm Bear 1X",10.69,"Direxion Daily TSM Bear 1X Shares ETF",NA,NA,No,Equity,NA,NA
TSPA,"T. Rowe U.S. Equity Research ETF",43.7,"T. Rowe Price U.S. Equity Research ETF",NA,NA,No,Equity,NA,NA
TSPY,"Tappalpha Spy Growth & Daily Income ETF",25.74,"TappAlpha SPY Growth & Daily Income ETF",6,189,No,Equity,NA,NA
TSYX,"Tspy Lift ETF",24.17,"TSPY Lift ETF",NA,NA,No,Equity,NA,NA
TSYY,"Graniteshares Yieldboost Tsla ETF",4.9,"GraniteShares YieldBOOST TSLA ETF",137,3556,No,Equity,NA,NA
TTDU,"T-Rex 2X Long Ttd Daily Target ETF",10.85,"T-REX 2X Long TTD Daily Target ETF",5,454,No,Equity,NA,NA
TTEQ,"T. Rowe Technology ETF",34.08,"T. Rowe Price Technology ETF",NA,NA,No,Equity,NA,NA
TTT,"Ultrapro Short 20 Year Treasury -3X ETF",66.42,"ProShares UltraPro Short 20 Plus Year Treasury",1,972,No,"Fixed Income",NA,NA
TUA,"Simplify Short-Term Treasury Futures ETF",21.67,"Simplify Short Term Treasury Futures Strategy ETF",10,1083,No,"Fixed Income",NA,NA
TUG,"Stf Tactical Growth ETF",41.02,"STF Tactical Growth ETF",NA,NA,No,"Portfolio-Multi Asset",NA,NA
TUGN,"Stf Tactical Growth & Income ETF",25.73,"STF Tactical Growth & Income ETF",NA,NA,No,"Portfolio-Multi Asset",NA,NA
TUR,"Turkey Ishares MSCI ETF",40.39,"iShares MSCI Turkey ETF",7148,34590,No,Equity,"Finance - Investment Funds",Finance
TURF,"T. Rowe Natural Resource ETF",33.73,"T. Rowe Price Natural Resource ETF",NA,NA,No,Equity,NA,NA
TUSB,"Thrivent Ultra Short Bond ETF",50.56,"Thrivent Ultra Short Bond ETF",NA,NA,No,"Fixed Income",NA,NA
TUSI,"Touchstone Ultra-Short Income ETF",25.41,"Touchstone Ultra Short Income ETF",NA,NA,No,"Fixed Income",NA,NA
TVAL,"T. Rowe Value ETF",36.83,"T. Rowe Price Value ETF",NA,NA,No,Equity,NA,NA
TWM,"Ultrashort Russell 2000 -2X ETF",28.04,"ProShares UltraShort Russell2000",386,553,No,Equity,NA,NA
TWOX,"Ishares Large Cap Accelerated ETF",28.6,"iShares Large Cap Accelerated Outcome ETF",NA,NA,No,Equity,NA,NA
TXS,"Texas Capital Texas Equity ETF",37.41,"Texas Capital Texas Equity Index ETF",NA,NA,No,Equity,NA,NA
TXUE,"Thornburg International Equity ETF",32.82,"Thornburg International Equity ETF",NA,NA,No,Equity,NA,NA
TXUG,"Thornburg International Growth Fund ETF",25.82,"Thornburg International Growth ETF",NA,NA,No,Equity,NA,NA
TXXD,"21Shares 2X Long Dogecoin ETF",13.43,"21Shares 2x Long Dogecoin ETF",NA,NA,No,Currency,NA,NA
TXXI,"Ir+M Tax-Aware Intermediate Duration ETF",50.91,"BondBloxx IR plus M Tax-Aware Intermediate Duration ETF",NA,NA,No,"Fixed Income",NA,NA
TXXS,"21Shares 2X Long Sui ETF",14.59,"21Shares 2x Long Sui ETF",NA,NA,No,Currency,NA,NA
TYA,"Simplify Risk Parity Treasury ETF",13.32,"Simplify Risk Parity Treasury ETF",NA,NA,No,"Fixed Income",NA,NA
TYD,"Direxion Daily 10-Yr Treasury Bull 3X Shrs",25.05,"Direxion Daily 10-Year Treasury Bull 3X Shares",33,2256,No,"Fixed Income",NA,NA
TYLD,"Cambria Tactical Yield ETF",25.24,"Cambria Tactical Yield ETF",NA,NA,No,"Fixed Income",NA,NA
TYLG,"GX Information Technology Covered Call & Growth",37.06,"Global X Information Technology Covered Call & Growth ETF",NA,NA,No,Equity,NA,NA
TYO,"Direxion Daily 10-Yr Treasury Bear 3X Shrs",13.51,"Direxion Daily 7-10 Year Treasury Bear 3X Shares",51,1595,No,"Fixed Income",NA,NA
TZA,"Small Cap Bear -3X ETF Direxion",6.15,"Direxion Daily Small Cap Bear 3X Shares",10317,110181,Yes,Equity,NA,NA
UAE,"UAE Ishares MSCI ETF",20.75,"iShares MSCI UAE ETF",NA,NA,No,"Portfolio-Multi Asset",NA,NA
UAPR,"Innovator U.S. Equity Ultra Buffer ETF Apr",32.99,"Innovator S&P 500 Ultra Buffer ETF (Apr)",NA,NA,No,Equity,NA,NA
UAUG,"Innovator U.S. Equity Ultra Buffer ETF Aug",40.29,"Innovator S&P 500 Ultra Buffer ETF (Aug)",NA,NA,No,Equity,NA,NA
UBND,"Victory ESG Core Plus Bond ETF",22.03,"VictoryShares ESG Core Plus Bond ETF",NA,NA,No,"Fixed Income",NA,NA
UBOT,"Direxion Daily Robotics & AI Bull 2X",27.92,"Direxion Daily Robotics, Artificial Intelligence & Automation Index Bull 3X Shares",4,505,No,Equity,NA,NA
UBR,"Ultra MSCI Brazil Capped 2X ETF",37.99,"ProShares Ultra MSCI Brazil Capped",3,6,No,"Portfolio-Multi Asset",NA,NA
UBRL,"Graniteshares 2X Long Uber Daily ETF",20.18,"GraniteShares 2x Long UBER Daily ETF",131,1049,No,Equity,NA,NA
UBT,"Ultra 20+ Year Treasury 2X ETF",16.68,"ProShares Ultra 20 Plus Year Treasury",12,1049,No,"Fixed Income",NA,NA
UCC,"Ultra Consumer Services 2X ETF",54.07,"ProShares Ultra Consumer Services",NA,NA,No,Equity,NA,NA
UCIB,"Etracs UBS CMCI TR ETN",30.03,"ETRACS CMCI Total Return ETN Series B",NA,NA,No,"Portfolio-Multi Asset",NA,NA
UCO,"Ultra Bloomberg Crude Oil 2X ETF",22.81,"ProShares Ultra Bloomberg Crude Oil",6787,50201,No,Commodity,NA,NA
UCON,"Tcw Unconstrained Plus Bond ETF",25.11,"First Trust TCW Unconstrained Plus Bond ETF",NA,NA,No,"Fixed Income",NA,NA
UCRD,"Victory ESG Corporate Bond ETF",21.76,"VictoryShares ESG Corporate Bond ETF",NA,NA,No,"Fixed Income",NA,NA
UCYB,"Ultra Nasdaq Cybersecurity 2X ETF",52.3,"ProShares Ultra Nasdaq Cybersecurity ETF",NA,NA,No,Equity,NA,NA
UDEC,"Innovator U.S. Equity Ultra Buffer ETF Dec",40.09,"Innovator S&P 500 Ultra Buffer ETF (Dec)",NA,NA,No,Equity,NA,NA
UDI,"Uscf Dividend Income Fund",32.85,"USCF Dividend Income Fund",NA,NA,No,Equity,NA,NA
UDIV,"Franklin U.S. Core Div Tilt ETF",54.63,"Franklin U.S. Core Dividend Tilt Index ETF",NA,NA,No,Equity,NA,NA
UDN,"DB US Dollar Index Bearish -1X Fund Invesco",18.63,"Invesco DB US Dollar Index Bearish Fund",3636,44548,No,Currency,NA,NA
UDOW,"Ultrapro Dow30 3X ETF",60.84,"ProShares UltraPro Dow30",449,22323,No,"Portfolio-Multi Asset",NA,NA
UEVM,"USAA MSCI EM Value Momentum Blend Index ETF",60.71,"USAA MSCI Emerging Markets Value Momentum Blend Index ETF",NA,NA,No,Equity,NA,NA
UFEB,"Innovator U.S. Equity Ultra Buffer ETF Feb",37.19,"Innovator S&P 500 Ultra Buffer ETF (Feb)",NA,NA,No,Equity,NA,NA
UFIV,"US Treasury 5 Year Note ETF",49.16,"US Treasury 5 Year Note ETF",NA,NA,No,"Fixed Income",NA,NA
UFO,"Procure Space ETF",48.15,"Procure Space ETF",860,12591,No,Equity,NA,NA
UGA,"US Gasoline",67.76,"United States Gasoline Fund",35,1335,No,Commodity,NA,NA
UGE,"Ultra Consumer Goods 2X ETF",18.66,"ProShares Ultra Consumer Goods",NA,NA,No,Equity,NA,NA
UGL,"Ultra Gold 2X ETF",85.2,"ProShares Ultra Gold",16032,54546,No,Commodity,NA,NA
UITB,"USAA Core Intermediate-Term Bond ETF",47.37,"USAA Core Intermediate-Term Bond ETF",NA,NA,No,"Fixed Income",NA,NA
UIVM,"USAA MSCI Intl Value Momentum Blend Index ETF",68.84,"USAA MSCI International Value Momentum Blend Index ETF",NA,NA,No,Equity,NA,NA
UJAN,"Innovator U.S. Equity Ultra Buffer ETF Jan",43.65,"Innovator S&P 500 Ultra Buffer ETF (Jan)",NA,NA,No,Equity,NA,NA
UJB,"Ultra High Yield 2X ETF",79.58,"ProShares Ultra High Yield",NA,NA,No,"Portfolio-Multi Asset",NA,NA
UJUL,"Innovator U.S. Equity Ultra Buffer ETF Jul",39.1,"Innovator S&P 500 Ultra Buffer ETF (Jul)",NA,NA,No,Equity,NA,NA
UJUN,"Innovator U.S. Equity Ultra Buffer ETF Jun",37.66,"Innovator S&P 500 Ultra Buffer ETF (Jun)",NA,NA,No,Equity,NA,NA
ULE,"Ultra Euro 2X ETF",13.67,"ProShares Ultra Euro",15,955,No,Currency,NA,NA
ULST,"SSGA Ultra-Short-Term Bond SPDR",40.63,"SPDR SSGA Ultra Short Term Bond ETF",NA,NA,No,"Portfolio-Multi Asset",NA,NA
ULTI,"Rex Incomemax Option Strategy ETF",17.49,"REX IncomeMax Option Strategy ETF",NA,NA,No,Equity,"Computer - Software","Computers and Technology"
ULTY,"Yieldmax Ultra Option Income Strategy ETF",37.15,"YieldMax Ultra Option Income Strategy ETF",189,65012,Yes,Equity,NA,NA
ULVM,"USAA MSCI USA Value Momentum Blend Index ETF",95.31,"USAA MSCI USA Value Momentum Blend Index ETF",NA,NA,No,Equity,NA,NA
UMAR,"Innovator U.S. Equity Ultra Buffer ETF Mar",40.28,"Innovator S&P 500 Ultra Buffer ETF (Mar)",NA,NA,No,Equity,NA,NA
UMAY,"Innovator U.S. Equity Ultra Buffer ETF May",36.76,"Innovator S&P 500 Ultra Buffer ETF (May)",NA,NA,No,Equity,NA,NA
UMDD,"Ultrapro Midcap 400 Proshares 3X ETF",29.33,"ProShares UltraPro MidCap400",2,76,No,"Portfolio-Multi Asset",NA,NA
UMI,"Uscf Midstream Energy Income Fund ETF",52.24,"USCF Midstream Energy Income Fund",NA,NA,No,Equity,NA,NA
UMMA,"Wahed Dow Jones Islamic World ETF",32.53,"Wahed Dow Jones Islamic World ETF",NA,NA,No,Equity,NA,NA
UNG,"US Natural Gas Fund",14.53,"United States Natural Gas Fund",68746,411660,Yes,Commodity,NA,NA
UNHG,"Leverage Shares 2X Long Unh Daily ETF",12.3,"Leverage Shares 2X Long UNH Daily ETF",7169,33359,No,Equity,NA,NA
UNIY,"Wisdomtree VOYA Yield Enhanced USD Fund",48.88,"WisdomTree Voya Yield Enhanced USD Universal Bond Fund ETF",NA,NA,No,"Fixed Income",NA,NA
UNL,"US 12 Month Natural Gas",7.94,"United States 12 Month Natural Gas Fund",103,10719,No,Commodity,NA,NA
UNOV,"Innovator U.S. Equity Ultra Buffer ETF Nov",38.52,"Innovator S&P 500 Ultra Buffer ETF (Nov)",NA,NA,No,Equity,NA,NA
UNX,"Tradr 2X Long U Daily ETF",15.59,"Tradr 2X Long U Daily ETF",5,15,No,Equity,NA,NA
UOCT,"Innovator U.S. Equity Ultra Buffer ETF Oct",39.45,"Innovator S&P 500 Ultra Buffer ETF (Oct)",NA,NA,No,Equity,NA,NA
UPAR,"Tidal Upar Ultra Risk Parity ETF",16.83,"UPAR Ultra Risk Parity ETF",NA,NA,No,"Portfolio-Multi Asset",NA,NA
UPGD,"Raymond James Sb-1 Equity Invesco ETF",76.64,"Invesco Bloomberg Analyst Rating Improvers ETF",NA,NA,No,Equity,NA,NA
UPGR,"Xt US Green Infrastructure Equity ETF",27.23,"Xtrackers US Green Infrastructure Select Equity ETF",4,0,No,Equity,NA,NA
UPRO,"Ultrapro S&P 500 3X ETF",121.6,"ProShares UltraPro S&P500",5128,63960,Yes,Equity,NA,NA
UPSD,"Aptus Large Cap Upside ETF",27.55,"Aptus Large Cap Upside ETF",NA,NA,No,Equity,NA,NA
UPSG,"Leverage Shares 2X Long Ups Daily ETF",15.98,"Leverage Shares 2X Long UPS Daily ETF",NA,NA,No,Equity,NA,NA
UPSX,"Tradr 2X Long Upst Daily ETF",46.07,"Tradr 2X Long UPST Daily ETF",6,2167,No,Equity,NA,NA
UPV,"Ultra FTSE Europe 2X ETF",98.86,"ProShares Ultra Europe",NA,NA,No,"Portfolio-Multi Asset",NA,NA
UPW,"Ultra Utilities 2X ETF",22.21,"ProShares Ultra Utilities",8,64,No,Equity,NA,NA
URA,"GX Uranium ETF",61.81,"Global X Uranium ETF",27051,247834,Yes,Equity,NA,NA
URAA,"Direxion Daily Uranium Industry Bull 2X",62.06,"Direxion Daily Uranium Industry Bull 2X Shares",NA,NA,No,Equity,NA,NA
URAN,"Themes Uranium & Nuclear ETF",54.71,"Themes Uranium & Nuclear ETF",NA,NA,No,Equity,NA,NA
URE,"Ultra Real Estate 2X ETF",59.81,"ProShares Ultra Real Estate",1,83,No,Equity,NA,NA
URNJ,"Sprott Junior Uranium Miners ETF",40.43,"Sprott Junior Uranium Miners ETF",4027,12480,No,Equity,NA,NA
URNM,"Sprott Uranium Miners ETF",83.99,"Sprott Uranium Miners ETF",49852,124865,No,Equity,NA,NA
URTH,"World Ishares MSCI ETF",190.79,"iShares MSCI World ETF",1,806,No,"Portfolio-Multi Asset",NA,NA
URTY,"Ultrapro Russell 2000 3X ETF",64.21,"ProShares UltraPro Russell2000",240,7317,No,"Portfolio-Multi Asset",NA,NA
USAF,"Atlas America Fund",28.29,"Atlas America Fund",NA,NA,No,Equity,NA,NA
USAI,"American Energy Independence ETF",41,"American Energy Independence ETF",2,5,No,Equity,NA,NA
USAX,"Tradr 2X Long Usar Daily ETF",46.68,"Tradr 2X Long USAR Daily ETF",36,88,No,Equity,NA,NA
USCA,"Xt MSCI USA Climate Action Equity ETF",42.04,"Xtrackers MSCI USA Climate Action Equity ETF",NA,NA,No,Equity,NA,NA
USCI,"US Commodity Index",86.44,"United States Commodity Index Fund",26,133,No,Commodity,NA,NA
USCL,"Ishares Climate Conscious & Transition MSCI USA",79.91,"iShares Climate Conscious & Transition MSCI USA ETF",NA,NA,No,Equity,NA,NA
USD,"Ultra Semiconductors 2X ETF",60.49,"ProShares Ultra Semiconductors",655,14771,No,Equity,NA,NA
USDU,"Wisdomtree Bloomberg U.S. Dollar Bullish Fund",25.31,"WisdomTree Bloomberg U.S. Dollar Bullish Fund",105,889,No,"Portfolio-Multi Asset",NA,NA
USDX,"Sgi Enhanced Core ETF",25.64,"SGI Enhanced Core ETF",NA,NA,No,Equity,NA,NA
USE,"Uscf Energy Commodity Strategy Absolute Return E",22.57,"USCF Energy Commodity Strategy Absolute Return Fund",NA,NA,No,Equity,NA,NA
USEP,"Innovator U.S. Equity Ultra Buffer ETF Sep",39.64,"Innovator S&P 500 Ultra Buffer ETF (Sep)",NA,NA,No,Equity,NA,NA
USFI,"Brandywineglobal U.S. Fixed Income ETF",24.72,"BrandywineGLOBAL U.S. Fixed Income ETF",NA,NA,No,"Fixed Income",NA,NA
USFR,"Wisdomtree Floating Rate Treasury Fund",50.33,"WisdomTree Bloomberg Floating Rate Treasury Fund",7,31,No,"Portfolio-Multi Asset",NA,NA
USG,"Uscf Gold Strategy Plus Income Fund",42.53,"USCF Gold Strategy Plus Income Fund",6,72,No,Commodity,"Building & Construction - Misc",Construction
USGG,"Leverage Shares 2X Long Usar Daily ETF",28.27,"Leverage Shares 2X Long USAR Daily ETF",NA,NA,No,Equity,NA,NA
USHY,"Broad USD High Yield Corp Bond Ishares ETF",37.62,"iShares Broad USD High Yield Corporate Bond ETF",1,258,No,"Fixed Income",NA,NA
USIG,"Broad USD Investment Gr. Corp Bond Ishares ETF",51.97,"iShares Broad USD Investment Grade Corporate Bond ETF",2,80,No,"Fixed Income",NA,NA
USIN,"Wisdomtree 7-10 Year Laddered Treasury Fund",50.3,"WisdomTree 7-10 Year Laddered Treasury Fund",NA,NA,No,"Fixed Income",NA,NA
USL,"US 12 Month Oil",36.3,"United States 12 Month Oil Fund",4,297,No,Commodity,NA,NA
USMC,"Principal U.S. Mega-Cap ETF",67.9,"Principal U.S. Mega-Cap Multi-Factor Index ETF",NA,NA,No,Equity,NA,NA
USMF,"Wisdomtree U.S. Multifactor Fund",51.85,"WisdomTree U.S. Multifactor Fund",NA,NA,No,Equity,NA,NA
USML,"Etracs 2X MSCI US Minimum Volatility Fund",42.61,"ETRACS 2x Leveraged MSCI US Minimum Volatility Factor TR ETN",NA,NA,No,Equity,NA,NA
USMV,"USA Min Vol Ishares Edge MSCI ETF",95.16,"iShares Edge MSCI Min Vol USA ETF",93,2028,No,Equity,NA,NA
USNG,"Amplify Samsung U.S. Natural Gas Infra ETF",30.34,"Amplify Samsung U.S. Natural Gas Infrastructure ETF",NA,NA,No,Equity,NA,NA
USNZ,"Xt Net Zero Pathway Paris Aligned US Equity ETF",43.92,"Xtrackers Net Zero Pathway Paris Aligned US Equity ETF",NA,NA,No,Equity,NA,NA
USO,"US Oil Fund",76.62,"United States Oil Fund",86977,500170,Yes,Commodity,"Finance - Investment Funds",Finance
USOI,"CS X-Links Crude Oil Covered Call ETN",49.85,"X-Links Crude Oil Shares Covered Call ETN",NA,NA,No,Commodity,NA,NA
USOY,"Defiance Oil Enhanced Options Income ETF",6.84,"Defiance Oil Enhanced Options Income ETF",69,548,No,Equity,NA,NA
USPX,"Franklin U.S. Equity Index ETF",60.88,"Franklin U.S. Equity Index ETF",NA,NA,No,Equity,NA,NA
USRD,"Themes US R&D Champions ETF",34.2,"Themes US R&D Champions ETF",NA,NA,No,Equity,NA,NA
USRT,"US REIT Ishares Core ETF",57.55,"iShares Core U.S. REIT ETF",2,10,No,Equity,NA,NA
USSE,"Segall Bryant Select Equity ETF",34.79,"Segall Bryant & Hamill Select Equity ETF",NA,NA,No,Equity,NA,NA
USSG,"Xt MSCI USA ESG Leaders Equity ETF",65.34,"Xtrackers MSCI USA ESG Leaders Equity ETF",NA,NA,No,Equity,NA,NA
USSH,"Wisdomtree 1-3 Year Laddered Treasury Fund",50.71,"WisdomTree 1-3 Year Laddered Treasury Fund",NA,NA,No,"Fixed Income",NA,NA
UST,"Ultra 7-10 Year Treasury 2X ETF",43.33,"ProShares Ultra 7-10 Year Treasury Fund",4,80,No,"Fixed Income",NA,NA
USTB,"USAA Core Short-Term Bond ETF",50.92,"USAA Core Short-Term Bond ETF",NA,NA,No,"Fixed Income",NA,NA
USVM,"USAA MSCI USA Small Cap Value Mom Blend ETF",95.97,"USAA MSCI USA Small Cap Value Momentum Blend Index ETF",NA,NA,No,Equity,NA,NA
USVN,"US Treasury 7 Year Note ETF",48.45,"US Treasury 7 Year Note ETF",NA,NA,No,"Fixed Income",NA,NA
USXF,"Ishares ESG Advanced MSCI USA ETF",59.49,"iShares ESG Advanced MSCI USA ETF",NA,NA,No,Equity,NA,NA
UTEN,"US Treasury 10 Year Note ETF",43.92,"US Treasury 10 Year Note ETF",NA,NA,No,"Fixed Income",NA,NA
UTES,"Virtus Reaves Utilities ETF",78.8,"Virtus Reaves Utilities ETF",1,1210,No,"Portfolio-Multi Asset",NA,NA
UTHY,"US Treasury 30 Year Bond ETF",41.34,"US Treasury 30 Year Note ETF",NA,NA,No,"Fixed Income",NA,NA
UTRE,"US Treasury 3 Year Note ETF",49.81,"US Treasury 3 Year Note ETF",NA,NA,No,"Fixed Income",NA,NA
UTSL,"Direxion Daily Utilities Bull 3X",41.78,"Direxion Daily Utilities Bull 3X Shares",12,1030,No,Equity,NA,NA
UTWO,"US Treasury 2 Year Note ETF",48.6,"US Treasury 2 Year Note ETF",NA,NA,No,"Fixed Income",NA,NA
UTWY,"US Treasury 20 Year Bond ETF",43.53,"US Treasury 20 Year Note ETF",NA,NA,No,"Fixed Income",NA,NA
UUP,"DB US Dollar Index Bullish Fund Invesco",26.63,"Invesco DB US Dollar Index Bullish Fund",4159,86413,No,Currency,NA,NA
UUUG,"Leverage Shares 2X Long UUUU Daily ETF",29.48,"Leverage Shares 2X Long UUUU Daily ETF",NA,NA,No,Equity,NA,NA
UVIX,"vs TR 2X Long VIX Futures ETF",5.65,"VS 2x Long VIX Futures ETF",25899,263379,Yes,Equity,NA,NA
UVXY,"Ultra VIX Short-Term 2X Futures ETF",36.26,"ProShares Ultra VIX Short-Term Futures ETF",22257,216665,Yes,"Portfolio-Multi Asset",NA,NA
UWM,"Ultra Russell 2000 2X ETF",53.44,"ProShares Ultra Russell 2000",61,1944,No,Equity,NA,NA
UX,"Roundhill Uranium ETF",36.75,"Roundhill Uranium ETF",75,275,No,Commodity,NA,NA
UXAP,"FT Vest U.S. Uncapped Accelerator ETF - Apr",39.78,"FT Vest U.S. Equity Uncapped Accelerator ETF (Apr)",NA,NA,No,Equity,NA,NA
UXI,"Ultra Industrials 2X ETF",51.55,"ProShares Ultra Industrials",NA,NA,No,Equity,NA,NA
UXJA,"FT Vest U.S. Uncapped Accelerator ETF - Jan",35.22,"FT Vest U.S. Equity Uncapped Accelerator ETF (Jan)",NA,NA,No,Equity,NA,NA
UXJL,"FT Vest U.S. Uncapped Accelerator ETF - Jul",33.64,"FT Vest U.S. Equity Uncapped Accelerator ETF (Jul)",NA,NA,No,Equity,NA,NA
UXOC,"FT Vest U.S. Uncapped Accelerator ETF - Oct",36.29,"FT Vest U.S. Equity Uncapped Accelerator ETF (Oct)",NA,NA,No,Equity,NA,NA
UXRP,"Proshares Ultra XRP ETF",9.39,"ProShares Ultra XRP ETF",668,1736,No,Currency,NA,NA
UYG,"Ultra Financials 2X ETF",85.15,"ProShares Ultra Financials",8,1124,No,Equity,NA,NA
UYLD,"Angel Oak Ultra-Short Income ETF",51.3,"Angel Oak UltraShort Income ETF",NA,NA,No,"Fixed Income",NA,NA
UYM,"Ultra Basic Materials 2X ETF",29.6,"ProShares Ultra Basic Materials",2,61,No,Equity,NA,NA
VABS,"Virtus Newfleet Abs/Mbs ETF",24.29,"Virtus Newfleet ABS/MBS ETF",NA,NA,No,"Fixed Income",NA,NA
VALG,"Leverage Shares 2X Long Vale Daily ETF",25,"Leverage Shares 2X Long VALE Daily ETF",NA,NA,No,Equity,NA,NA
VALQ,"American Century Stoxx U.S. Quality Value ETF",68.21,"American Century STOXX U.S. Quality Value ETF",NA,NA,No,Equity,NA,NA
VAMO,"Cambria Value and Momentum ETF",35.18,"Cambria Value and Momentum ETF",NA,NA,No,Equity,NA,NA
VAVX,"Vaneck Avalanche ETF",24.85,"VanEck Avalanche ETF",NA,NA,No,Equity,NA,NA
VAW,"Materials ETF Vanguard",230.59,"Vanguard Materials ETF",9,135,No,Equity,NA,NA
VB,"Smallcap ETF Vanguard",273.17,"Vanguard Small-Cap ETF",53,2149,No,Equity,NA,NA
VBIL,"Vanguard 0-3 Month Treasury Bill ETF",75.62,"Vanguard 0-3 Month Treasury Bill ETF",NA,NA,No,"Fixed Income",NA,NA
VBK,"Smallcap Growth ETF Vanguard",322.18,"Vanguard Small-Cap Growth ETF",13,985,No,Equity,NA,NA
VBND,"Vident Core U.S. Bond Strategy Fund",44.05,"Vident Core U.S. Bond Strategy ETF",NA,NA,No,"Fixed Income",NA,NA
VBR,"Smallcap Value ETF Vanguard",223.07,"Vanguard Small-Cap Value ETF",8,1048,No,Equity,NA,NA
VCEB,"Vanguard ESG U.S. Corporate Bond ETF",63.78,"Vanguard ESG U.S. Corporate Bond ETF",NA,NA,No,"Fixed Income",NA,NA
VCIT,"Interm Corp Bond Vanguard",83.91,"Vanguard Intermediate-Term Corporate Bond ETF",1,842,No,"Fixed Income",NA,NA
VCLN,"Virtus Duff & Phelps Clean Energy ETF",29.21,"Virtus Duff & Phelps Clean Energy ETF",NA,NA,No,Equity,NA,NA
VCLT,"Long-Term Corp Bond Vanguard",76.46,"Vanguard Long-Term Corporate Bond ETF",89,3385,No,"Fixed Income",NA,NA
VCR,"Consumer Disc ETF Vanguard",401.76,"Vanguard Consumer Discretionary ETF",1,325,No,Equity,NA,NA
VCRB,"Vanguard Core Bond ETF",78.17,"Vanguard Core Bond ETF",NA,NA,No,"Fixed Income",NA,NA
VCRM,"Vanguard Core Tax-Exempt Bond ETF",76.02,"Vanguard Core Tax-Exempt Bond ETF",NA,NA,No,"Fixed Income",NA,NA
VCSH,"Short-Term Corp Bond Vanguard",79.92,"Vanguard Short-Term Corporate Bond ETF",23,487,No,"Fixed Income",NA,NA
VDC,"Consumer Staples ETF Vanguard",223.94,"Vanguard Consumer Staples ETF",1,297,No,Equity,NA,NA
VDE,"Energy ETF Vanguard",141.06,"Vanguard Energy ETF",154,2378,No,Equity,NA,NA
VEA,"FTSE Developed Markets Vanguard",66.72,"Vanguard FTSE Developed Markets ETF",536,14663,No,Equity,NA,NA
VEGA,"Advisorshares Star Global Buy-Write ETF",50.52,"AdvisorShares STAR Global Buy-Write ETF",NA,NA,No,"Portfolio-Multi Asset",NA,NA
VEGI,"Global Agriculture Prod Ishares MSCI ETF",42.56,"iShares MSCI Global Agriculture Producers ETF",25,20,No,Equity,NA,NA
VEGN,"US Vegan Climate Index",62.33,"US Vegan Climate ETF",NA,NA,No,Equity,NA,NA
VEMY,"Virtus Stone Harbor E.M. High Yield ETF",28.34,"Virtus Stone Harbor Emerging Markets High Yield Bond ETF",NA,NA,No,"Fixed Income",NA,NA
VERS,"Proshares Metaverse ETF",61.83,"ProShares Metaverse ETF",NA,NA,No,Equity,NA,NA
VETZ,"Tidal Academy Veteran Impact ETF",20.11,"Academy Veteran Impact ETF",NA,NA,No,Equity,NA,NA
VEU,"FTSE All-World Ex-US ETF Vanguard",78.72,"Vanguard FTSE All-World ex-US ETF",38,1118,No,Equity,NA,NA
VFH,"Financial ETF Vanguard",130,"Vanguard Financials ETF",41,790,No,Equity,"Finance - Investment Funds",Finance
VFLO,"Victoryshares Free Cash Flow ETF",39.69,"VictoryShares Free Cash Flow ETF",NA,NA,No,Equity,NA,NA
VFMF,"U.S. Multifactor Vanguard ETF",157.46,"Vanguard U.S. Multifactor ETF",NA,NA,No,Equity,NA,NA
VFMO,"U.S. Momentum Factor Vanguard ETF",207.53,"Vanguard U.S. Momentum Factor ETF",1,48,No,Equity,NA,NA
VFMV,"U.S. Minimum Volatility Vanguard ETF",133.97,"Vanguard U.S. Minimum Volatility ETF",NA,NA,No,Equity,NA,NA
VFQY,"U.S. Quality Factor Vanguard ETF",157.04,"Vanguard U.S. Quality Factor ETF",NA,NA,No,Equity,NA,NA
VFVA,"Wellington Fund Vanguard ETF",137.34,"Vanguard U.S. Value Factor ETF",NA,NA,No,Equity,NA,NA
VGHY,"Vanguard High-Yield Active ETF",75.76,"Vanguard High-Yield Active ETF",NA,NA,No,"Fixed Income",NA,NA
VGIT,"Interm Govt Bond Vanguard",59.81,"Vanguard Intermediate-Term Government Bond ETF",4,565,No,"Fixed Income",NA,NA
VGK,"Europe ETF FTSE Vanguard",87.85,"Vanguard FTSE Europe ETF",93,3389,No,Equity,NA,NA
VGLT,"Long-Term Govt Bond Vanguard",55.95,"Vanguard Long-Term Government Bond ETF",74,3933,No,"Fixed Income",NA,NA
VGMS,"Vanguard Multi-Sector Income Bond ETF",51.77,"Vanguard Multi-Sector Income Bond ETF",NA,NA,No,"Fixed Income",NA,NA
VGSH,"Short-Term Govt Bond Vanguard",58.78,"Vanguard Short-Term Government Bond ETF",10,421,No,"Fixed Income",NA,NA
VGSR,"Vert Global Sustainable Real Estate ETF",10.59,"Vert Global Sustainable Real Estate ETF",NA,NA,No,Equity,NA,NA
VGT,"Information Technology ETF Vanguard",775.18,"Vanguard Information Technology ETF",653,11072,No,Equity,NA,NA
VGUS,"Vanguard Ultra-Short Treasury ETF",75.64,"Vanguard Ultra-Short Treasury ETF",NA,NA,No,"Fixed Income",NA,NA
VGVT,"Vanguard Government Securities Active ETF",76.22,"Vanguard Government Securities Active ETF",NA,NA,No,"Fixed Income",NA,NA
VHT,"Healthcare ETF Vanguard",286.84,"Vanguard Health Care ETF",36,852,No,Equity,NA,NA
VICE,"Advisorshares Vice ETF",32.8,"AdvisorShares Vice ETF",NA,NA,No,Equity,NA,NA
VIDI,"Vident Intl Equity Fund",37.21,"Vident International Equity Fund",NA,NA,No,Equity,NA,NA
VIG,"Dividend Appreciation ETF Vanguard",223.92,"Vanguard Dividend Appreciation ETF",45,7575,No,Equity,NA,NA
VIGI,"Intl Div Appreciation ETF Vanguard",92.86,"Vanguard International Dividend Appreciation ETF",7,72,No,Equity,NA,NA
VIOG,"S&P Smallcap 600 Growth Vanguard",128.04,"Vanguard S&P Small-Cap 600 Growth ETF",NA,NA,No,Equity,NA,NA
VIOO,"S&P Smallcap 600 Index Vanguard",117.28,"Vanguard S&P Small-Cap 600 ETF",NA,NA,No,Equity,NA,NA
VIOV,"S&P Smallcap 600 Value Vanguard",103.48,"Vanguard S&P Small-Cap 600 Value ETF",NA,NA,No,Equity,NA,NA
VIS,"Industrials ETF Vanguard",319.76,"Vanguard Industrials ETF",1,168,No,Equity,NA,NA
VIXM,"Proshares VIX Mid-Term Futures ETF",15.14,"ProShares VIX Mid-Term Futures ETF",242,54342,No,Alternative,NA,NA
VIXY,"Proshares VIX Short-Term Futures ETF",26.09,"ProShares VIX Short-Term Futures ETF",2002,27487,No,Alternative,NA,NA
VLLU,"Harbor Alphaedge Large Cap Value ETF",24.2,"Harbor AlphaEdge Large Cap Value ETF",NA,NA,No,Equity,NA,NA
VLU,"S&P 1500 Value Tilt ETF SPDR",218.65,"SPDR S&P 1500 Value Tilt ETF",NA,NA,No,Equity,NA,NA
VLUE,"USA Value Factor Ishares Edge MSCI ETF",147.96,"iShares Edge MSCI USA Value Factor ETF",4,65,No,"Portfolio-Multi Asset",NA,NA
VMAX,"Hartford US Value ETF",56.28,"Hartford US Value ETF",NA,NA,No,Equity,NA,NA
VMBS,"Mortgage Backed Securities Vanguard",47.28,"Vanguard Mortgage-Backed Securities ETF",1,139,No,"Fixed Income",NA,NA
VNAM,"GX MSCI Vietnam ETF",24.25,"Global X MSCI Vietnam ETF",NA,NA,No,Equity,NA,NA
VNIE,"Vontobel International Equity Active ETF",25.85,"Vontobel International Equity Active ETF",NA,NA,No,Equity,NA,NA
VNLA,"Janus Short-Duration Income ETF",49.33,"Janus Henderson Short Duration Income ETF",NA,NA,No,"Fixed Income",NA,NA
VNM,"Vaneck Vietnam ETF",18.5,"VanEck Vectors Vietnam ETF",80,1705,No,Equity,NA,NA
VNQ,"Real Estate Vanguard ETF",89.46,"Vanguard REIT ETF",1182,28843,No,Equity,"Finance - Investment Funds",Finance
VNQI,"Global Ex-US Real Estate Vanguard",48.01,"Vanguard Global ex-U.S. Real Estate ETF",2,355,No,"Portfolio-Multi Asset",NA,NA
VNSE,"Natixis Vaughan Nelson Select ETF",39.94,"Natixis Vaughan Nelson Select ETF",NA,NA,No,Equity,NA,NA
VO,"Midcap ETF Vanguard",299.46,"Vanguard Mid-Cap ETF",5,932,No,Equity,NA,NA
VOE,"Midcap Value ETF Vanguard",185.31,"Vanguard Mid-Cap Value ETF",1,88,No,Equity,NA,NA
VOLT,"Tema Electrification ETF",32.16,"Tema Electrification ETF",NA,NA,No,Equity,"Business Services","Business Services"
VONE,"Russell 1000 Vanguard",315.16,"Vanguard Russell 1000 ETF",20,4,No,Equity,NA,NA
VONG,"Russell 1000 Growth Vanguard",121.79,"Vanguard Russell 1000 Growth ETF",NA,NA,No,Equity,NA,NA
VONV,"Russell 1000 Value Vanguard",96.21,"Vanguard Russell 1000 Value ETF",2,6,No,Equity,NA,NA
VOO,"S&P 500 ETF Vanguard",639.6,"Vanguard S&P 500 ETF",2488,56297,Yes,Equity,NA,NA
VOOG,"S&P 500 Growth ETF Vanguard",453.15,"Vanguard S&P 500 Growth ETF",8,1500,No,Equity,NA,NA
VOOV,"S&P 500 Value ETF Vanguard",209.06,"Vanguard S&P 500 Value ETF",4,670,No,Equity,NA,NA
VOT,"Midcap Growth ETF Vanguard",282.89,"Vanguard Mid-Cap Growth ETF",9,1037,No,Equity,NA,NA
VOTE,"Tcw Transform 500 ETF",81.79,"TCW Transform 500 ETF",NA,NA,No,Equity,NA,NA
VOX,"Telecom Services ETF Vanguard",194.83,"Vanguard Telecommunication Services ETF",6,173,No,Equity,NA,NA
VOYX,"Tradr 2X Long Voyg Daily ETF",23.63,"Tradr 2X Long VOYG Daily ETF",5,128,No,Equity,NA,NA
VPC,"Virtus Private Credit Strategy ETF",17.9,"Virtus Private Credit Strategy ETF",NA,NA,No,"Fixed Income",NA,NA
VPL,"Pacific ETF FTSE Vanguard",99.3,"Vanguard FTSE Pacific ETF",40,326,No,Equity,NA,NA
VPLS,"Vanguard Core Plus Bond ETF",78.39,"Vanguard Core Plus Bond ETF",NA,NA,No,"Fixed Income",NA,NA
VPU,"Utilities ETF Vanguard",188.28,"Vanguard Utilities ETF",17,996,No,Equity,NA,NA
VRAI,"Virtus Real Asset Income ETF",24.62,"Virtus Real Asset Income ETF",NA,NA,No,Equity,NA,NA
VRIG,"Variable Rate Investment Grade Invesco ETF",25.11,"Invesco Variable Rate Investment Grade ETF",NA,NA,No,"Fixed Income",NA,NA
VRP,"Variable Rate Preferred Invesco ETF",24.43,"Invesco Variable Rate Preferred ETF",NA,NA,No,"Portfolio-Multi Asset",NA,NA
VRTL,"Graniteshares 2X Long Vrt Daily ETF",68.81,"GraniteShares 2x Long VRT Daily ETF",23,547,No,Equity,NA,NA
VSDA,"Victory Dividend Accelerator ETF",55.32,"VictoryShares Dividend Accelerator ETF",NA,NA,No,Equity,NA,NA
VSDB,"Vanguard Short Duration Bond ETF",76.68,"Vanguard Short Duration Bond ETF",NA,NA,No,"Fixed Income",NA,NA
VSDM,"Vanguard Short Duration Tax-Exempt Bond ETF",76.97,"Vanguard Short Duration Tax-Exempt Bond ETF",NA,NA,No,"Fixed Income",NA,NA
VSGX,"ESG Intl Stock Vanguard ETF",76.86,"Vanguard ESG International Stock ETF",NA,NA,No,Equity,NA,NA
VSHY,"Virtus Newfleet High Yield Bond ETF",21.88,"Virtus Newfleet High Yield Bond ETF",NA,NA,No,"Fixed Income",NA,NA
VSLU,"Applied Finance Valuation Large Cap ETF",44.56,"Applied Finance Valuation Large Cap ETF",NA,NA,No,Equity,NA,NA
VSMV,"Victory Portfolios II US Multi-Factor ETF",57.12,"VictoryShares US Multi-Factor Minimum Volatility ETF",NA,NA,No,Equity,NA,NA
VSOL,"Vaneck Solana ETF",16.41,"VanEck Solana ETF",2,195,No,Currency,NA,NA
VSS,"FTSE All-World Ex-US Smcp Idx ETF Vanguard",155.71,"Vanguard FTSE All World ex-US Small-Cap ETF",12,40,No,Equity,NA,NA
VSTL,"Defiance Daily Target 2X Long Vst ETF",12.49,"Defiance Daily Target 2X Long VST ETF",NA,NA,No,Equity,NA,NA
VT,"Total World Stock Index ETF Vanguard",146.8,"Vanguard Total World Stock ETF",151,4505,No,Equity,NA,NA
VTC,"Total Corporate Bond Vanguard ETF",77.92,"Vanguard Total Corporate Bond ETF",NA,NA,No,"Fixed Income",NA,NA
VTEB,"Tax-Exempt Bond Vanguard",50.57,"Vanguard Tax-Exempt Bond ETF",5417,9162,No,"Fixed Income",NA,NA
VTEC,"Vanguard California Tax-Exempt Bond ETF",100.86,"Vanguard California Tax-Exempt Bond ETF",NA,NA,No,Equity,NA,NA
VTEI,"Vanguard Intermediate-Term Tax-Exempt Bond ETF",101.62,"Vanguard Intermediate-Term Tax-Exempt Bond ETF",NA,NA,No,Equity,NA,NA
VTES,"Vanguard Short-Term Tax Exempt Bond ETF",102.26,"Vanguard Short-Term Tax Exempt Bond ETF",NA,NA,No,"Fixed Income",NA,NA
VTG,"Vanguard Total Treasury ETF",76.11,"Vanguard Total Treasury ETF",NA,NA,No,"Fixed Income",NA,NA
VTHR,"Russell 3000 Vanguard",307.19,"Vanguard Russell 3000 ETF",NA,NA,No,Equity,NA,NA
VTI,"Total Stock Market ETF Vanguard",343.08,"Vanguard Total Stock Market ETF",637,32734,No,Equity,"Finance - Investment Funds",Finance
VTIP,"Short-Term Infl Protected Vanguard",49.61,"Vanguard Short-Term Inflation-Protected Securities ETF",85,495,No,"Fixed Income",NA,NA
VTV,"Value ETF Vanguard",198.29,"Vanguard Value ETF",24,3351,No,Equity,NA,NA
VTWG,"Russell 2000 Growth Vanguard",251.67,"Vanguard Russell 2000 Growth ETF",2,93,No,Equity,NA,NA
VTWO,"Russell 2000 Vanguard",106.39,"Vanguard Russell 2000 ETF",41,2748,No,Equity,NA,NA
VTWV,"Russell 2000 Value Vanguard",171.57,"Vanguard Russell 2000 Value ETF",NA,NA,No,Equity,NA,NA
VUG,"Growth ETF Vanguard",489.63,"Vanguard Growth ETF",238,8729,No,Equity,NA,NA
VUSB,"Vanguard Ultra-Short Bond ETF",49.98,"Vanguard Ultra-Short Bond ETF",NA,NA,No,"Fixed Income",NA,NA
VUSE,"Vident Core US Equity",66.6,"Vident Core U.S. Equity ETF",NA,NA,No,Equity,NA,NA
VV,"Largecap ETF Vanguard",320.36,"Vanguard Large-Cap ETF",4,456,No,Equity,NA,NA
VWID,"Virtus Wmc International Dividend ETF",36.95,"Virtus WMC International Dividend ETF",NA,NA,No,Equity,NA,NA
VWO,"FTSE EM ETF Vanguard",57.86,"Vanguard FTSE Emerging Markets ETF",4083,28796,No,Equity,"Finance - Investment Funds",Finance
VWOB,"EM Govt Bond Vanguard",67.67,"Vanguard Emerging Markets Government Bond ETF",1,92,No,"Fixed Income",NA,NA
VXF,"Extended Market Index ETF Vanguard",218.42,"Vanguard Extended Market ETF",2,249,No,Equity,NA,NA
VXUS,"Total Intl Stock ETF Vanguard",80.74,"Vanguard Total International Stock ETF",1044,8661,No,Equity,NA,NA
VXX,"Ipath.B S&P 500 VIX Short-Term Futures ETN",26.87,"iPath S&P 500 VIX Short-Term Futures ETN",34214,263372,Yes,Alternative,NA,NA
VXZ,"Ipath S&P 500 VIX Mid-Term Futures ETN",52.86,"iPath S&P 500 VIX Mid-Term Futures ETN",6,18951,No,Alternative,NA,NA
VYLD,"JPM Inverse VIX Short-Term Futures ETN",28.3,"JPM Inverse VIX Short-Term Futures ETNs due March 22, 2045",NA,NA,No,Equity,NA,NA
VYM,"High Dividend Yield Vanguard ETF",148.69,"Vanguard High Dividend Yield ETF",74,19759,No,Equity,NA,NA
VYMI,"Intl High Divd Yield ETF Vanguard",95.45,"Vanguard International High Dividend Yield",17,288,No,Equity,NA,NA
WABF,"Western Asset Bond ETF",25.43,"Western Asset Bond ETF",NA,NA,No,"Fixed Income",NA,NA
WANT,"Direxion Daily Consumer Discretionary Bull 3X",52.45,"Direxion Daily Consumer Discretionary Bull 3X Shares",NA,NA,No,Equity,NA,NA
WAR,"U.S. Global Technology and Aerospace & Defense E",25.94,"U.S. Global Technology and Aerospace & Defense ETF",NA,NA,No,Equity,NA,NA
WBIF,"WBI Largecap Value Shares ETF",31.95,"WBI Bull-Bear Value 1000 ETF",NA,NA,No,"Portfolio-Multi Asset",NA,NA
WBIG,"WBI Largecap Growth Shares ETF",24.05,"WBI Bull-Bear Yield 1000 ETF",NA,NA,No,"Portfolio-Multi Asset",NA,NA
WBIL,"WBI Largecap Select Shares ETF",35.97,"WBI Bull-Bear Quality 1000 ETF",NA,NA,No,"Portfolio-Multi Asset",NA,NA
WBIY,"WBI Largecap Yield Shares ETF",33.08,"WBI Power Factor High Dividend ETF",NA,NA,No,Equity,NA,NA
WCAP,"Warcap Unconstrained Equity ETF",9.71,"WarCap Unconstrained Equity ETF",NA,NA,No,Equity,NA,NA
WCBR,"Wisdomtree Cybersecurity Fund",27.6,"WisdomTree Cybersecurity Fund",6,24,No,Equity,NA,NA
WCEO,"Affinity Hypatia Women Ceo ETF",34.2,"Hypatia Women CEO ETF",NA,NA,No,Equity,NA,NA
WCLD,"Wisdomtree Cloud Computing Fund",32.25,"WisdomTree Cloud Computing Fund",11,425,No,Equity,NA,NA
WCME,"FT WCM Developing World Equity ETF",19.22,"First Trust WCM Developing World Equity ETF",NA,NA,No,Equity,NA,NA
WCMI,"FT WCM International Equity ETF",18.35,"First Trust WCM International Equity ETF",NA,NA,No,Equity,NA,NA
WCPB,"Weitz Core Plus Bond ETF",25.69,"Weitz Core Plus Bond ETF",NA,NA,No,"Fixed Income",NA,NA
WDAF,"Wisdomtree Asia Defense Fund",33.93,"WisdomTree Asia Defense Fund",NA,NA,No,Equity,NA,NA
WDCX,"Tradr 2X Long Wdc Daily ETF",34.3,"Tradr 2X Long WDC Daily ETF",NA,NA,No,Equity,NA,NA
WDGF,"Wisdomtree Global Defense Fund",35.64,"WisdomTree Global Defense Fund",NA,NA,No,Equity,NA,NA
WDIV,"S&P Global Dividend SPDR",78.93,"SPDR S&P Global Dividend ETF",NA,NA,No,"Portfolio-Multi Asset",NA,NA
WDTE,"Defiance S&P 500 Enhanced Options Income ETF",31.6,"Defiance S&P 500 Enhanced Options & ODTE Income ETF",2,62,No,Equity,NA,NA
WEAT,"Teucrium Wheat",20.88,"Teucrium Wheat Fund",639,35073,No,Commodity,NA,NA
WEBL,"Direxion Daily Dow Jones Internet Bull 3X",26.21,"Direxion Daily Dow Jones Internet Bull 3X Shares",12,1834,No,Equity,NA,NA
WEBS,"Direxion Daily Dow Jones Internet Bear 3X",20.7,"Direxion Daily Dow Jones Internet Bear 3X Shares",6,167,No,Equity,NA,NA
WEED,"Roundhill Cannabis ETF",17.88,"Roundhill Cannabis ETF",6,94,No,Equity,NA,NA
WEEI,"Westwood Salient Enhanced Energy Income ETF",22.8,"Westwood Salient Enhanced Energy Income ETF",NA,NA,No,"Fixed Income",NA,NA
WEEK,"Roundhill Weekly T-Bill ETF",100.05,"Roundhill Weekly T-Bill ETF",NA,NA,No,"Fixed Income",NA,NA
WEEL,"Peerless Option Income Wheel ETF",20.32,"Peerless Option Income Wheel ETF",NA,NA,No,Equity,NA,NA
WGMI,"Valkyrie Bitcoin Miners ETF",51.37,"CoinShares Valkyrie Bitcoin Miners ETF",167,13854,No,Equity,NA,NA
WHTX,"Volatility Shares Trust 2X Wheat ETF",9.7451,"Volatility Shares Trust 2X Wheat ETF",NA,NA,No,Commodity,NA,NA
WINN,"Harbor Long-Term Growers ETF",31.09,"Harbor Long-Term Growers ETF",NA,NA,No,Equity,NA,NA
WIP,"DB Intl Govt Infl-Protected Bond SPDR",41.07,"SPDR FTSE International Government Inflation-Protected Bond ETF",NA,NA,No,"Fixed Income",NA,NA
WISE,"Themes Generative Artificial Intelligence ETF",39.84,"Themes Generative Artificial Intelligence ETF",NA,NA,No,Equity,NA,NA
WLDR,"Affinity World Leaders Equity ETF",37.81,"Affinity World Leaders Equity ETF",NA,NA,No,Equity,NA,NA
WLTG,"Wealthtrust Dbs Long Term Growth ETF",36.26,"WealthTrust DBS Long Term Growth ETF",NA,NA,No,"Portfolio-Multi Asset",NA,NA
WNTR,"Yieldmax Mstr Short Option Income Strategy ETF",35.4,"YieldMax MSTR Short Option Income Strategy ETF",33,339,No,Equity,NA,NA
WOMN,"Impact Shares Ywca Women's Empowerment ETF",41.81,"Impact Shares YWCA Womens Empowerment ETF",NA,NA,No,Equity,NA,NA
WOOD,"Global Timber & Forestry Ishares ETF",76.18,"iShares Global Timber & Forestry ETF",3,179,No,Equity,NA,NA
WPAY,"Roundhill Weeklypay Universe ETF",40.42,"Roundhill Weeklypay Universe ETF",23,2607,No,Equity,NA,NA
WRND,"Nyli Global Equity R&D Leaders ETF",39.41,"NYLI Global Equity R&D Leaders ETF",NA,NA,No,Equity,NA,NA
WSGE,"Warren Street Global Equity ETF",25.97,"Warren Street Global Equity ETF",NA,NA,No,Equity,NA,NA
WSML,"Ishares MSCI World Small-Cap ETF",32.67,"iShares MSCI World Small-Cap ETF",NA,NA,No,Equity,NA,NA
WTAI,"Wisdomtree Artificial Intel Innovation Fund",31.31,"WisdomTree Artificial Intelligence and Innovation Fund",1,473,No,Equity,NA,NA
WTBN,"Wisdomtree Bianco Total Return Fund",25.45,"WisdomTree Bianco Fixed Income Total Return Fund",NA,NA,No,"Fixed Income",NA,NA
WTID,"Microsectors Energy -3X Leveraged ETN",8.73,"MicroSectors Energy -3X Inverse Leveraged ETN",NA,NA,No,Equity,NA,NA
WTIP,"Wisdomtree Inflation Plus Fund",35.33,"WisdomTree Inflation Plus Fund",NA,NA,No,Alternative,NA,NA
WTIU,"Microsectors Energy 3X Leveraged ETN",12.01,"MicroSectors Energy 3X Leveraged ETN",NA,NA,No,Equity,NA,NA
WTMF,"Wisdomtree Managed Futures Strategy Fund",39.11,"WisdomTree Managed Futures Strategy",NA,NA,No,"Portfolio-Multi Asset",NA,NA
WTMU,"Wisdomtree Core Laddered Municipal Fund",26.02,"WisdomTree Core Laddered Municipal Fund",NA,NA,No,"Fixed Income",NA,NA
WTMY,"Wisdomtree High Income Laddered Municipal Fund",25.57,"WisdomTree High Income Laddered Municipal Fund",NA,NA,No,"Fixed Income",NA,NA
WTPI,"Wisdomtree Equity Premium Income Fund",33.63,"WisdomTree Equity Premium Income Fund",4,249,No,"Portfolio-Multi Asset",NA,NA
WTRE,"Wisdomtree Global Ex-US Real Estate Index",23.63,"WisdomTree New Economy Real Estate Fund",NA,NA,No,Alternative,"Insurance - Proprty & Casualty",Finance
WTV,"Wisdomtree U.S. Quality Shareholder Yield Fund",95.39,"WisdomTree U.S. Value Fund",2,3,No,Equity,NA,NA
WUGI,"Esoterica Nextg Economy ETF",74.26,"Esoterica NextG Economy ETF",NA,NA,No,Equity,NA,NA
WULX,"Tradr 2X Long Wulf Daily ETF",26.54,"Tradr 2X Long WULF Daily ETF",54,163,No,Equity,NA,NA
WWJD,"Inspire International ESG ETF",38.71,"Inspire International ESG ETF",NA,NA,No,Equity,NA,NA
WXET,"Teucrium 2X Daily Wheat ETF",16.33,"Teucrium 2x Daily Wheat ETF",NA,NA,No,Commodity,NA,NA
WZRD,"Opportunistic Trader ETF",17.62,"Opportunistic Trader ETF",NA,NA,No,"Portfolio-Multi Asset",NA,NA
XAIX,"Xtrackers Artificial Intelligence and Big Data E",44.72,"Xtrackers Artificial Intelligence and Big Data ETF",6,70,No,Equity,NA,NA
XAPR,"FT Vest U.S. Enhance & Mod Buffer ETF - Apr",36.58,"FT Vest U.S. Equity Enhance & Moderate Buffer ETF (Apr)",NA,NA,No,Equity,NA,NA
XAR,"S&P Aerospace & Defense SPDR",281.57,"SPDR S&P Aerospace & Defense ETF",53,1706,No,Equity,NA,NA
XAUG,"FT Vest U.S. Enhance & Mod Buffer ETF - Aug",37.69,"FT Cboe U.S. Equity Enhance & Moderate Buffer ETF (Aug)",NA,NA,No,Equity,NA,NA
XB,"Boxx B-Rated USD Hi-Yi Corp Bond ETF",39.7,"BondBloxx B-Rated USD High Yield Corporate Bond ETF",NA,NA,No,"Fixed Income",NA,NA
XBAP,"Innovator U.S. Equity Acc 9 Buffer ETF Apr",38.82,"Innovator U.S. Equity Accelerated 9 Buffer ETF (Apr)",NA,NA,No,Equity,NA,NA
XBB,"Boxx Bb-Rated USD Hi-Yi Corp Bond ETF",41.36,"BondBloxx BB-Rated USD High Yield Corporate Bond ETF",NA,NA,No,"Fixed Income",NA,NA
XBI,"S&P Biotech SPDR",125.94,"SPDR S&P Biotech ETF",10585,794414,Yes,Equity,"Finance - Investment Funds",Finance
XBIL,"US Treasury 6 Month Bill ETF",50.19,"US Treasury 6 Month Bill ETF",NA,NA,No,"Fixed Income",NA,NA
XBJA,"Innovator U.S. Equity Acc 9 Buffer ETF Jan",32.32,"Innovator U.S. Equity Accelerated 9 Buffer ETF (Jan)",NA,NA,No,Equity,NA,NA
XBJL,"Innovator U.S. Equity Acc 9 Buffer ETF Jul",38.53,"Innovator U.S. Equity Accelerated 9 Buffer ETF (Jul)",NA,NA,No,Equity,NA,NA
XBOC,"Innovator U.S. Equity Acc 9 Buffer ETF Oct",33.88,"Innovator U.S. Equity Accelerated 9 Buffer ETF (Oct)",NA,NA,No,Equity,NA,NA
XBTY,"Graniteshares Yieldboost Bitcoin ETF",10.13,"GraniteShares YieldBOOST Bitcoin ETF",10,205,No,Equity,NA,NA
XC,"WT Emerging Markets Ex-China Fund",34.32,"WisdomTree Emerging Markets Ex-China Fund",NA,NA,No,Equity,NA,NA
XCCC,"Boxx CCc-Rated USD Hi-Yi Corp Bond ETF",38.27,"BondBloxx CCC-Rated USD High Yield Corporate Bond ETF",NA,NA,No,"Fixed Income",NA,NA
XCEM,"Columbia EM Core Ex-China ETF",42.81,"Columbia EM ex-China ETF",NA,NA,No,Equity,NA,NA
XCLR,"GX S&P 500 Collar 95-110 ETF",27.42,"Global X S&P 500 Collar 95-110 ETF",NA,NA,No,Equity,NA,NA
XCNY,"SPDR S&P Emerging Markets Ex-China ETF",30.31,"SPDR S&P Emerging Markets ex-China ETF",NA,NA,No,Equity,NA,NA
XCOR,"Fundx ETF",82.2,"FundX ETF",NA,NA,No,Equity,NA,NA
XDAT,"Franklin Exponential Data ETF",24.7,"Franklin Exponential Data ETF",NA,NA,No,Equity,NA,NA
XDEC,"FT Vest U.S. Enhance & Mod Buffer ETF - Dec",41.27,"FT Vest U.S. Equity Enhance & Moderate Buffer ETF (Dec)",NA,NA,No,Equity,NA,NA
XDIV,"Roundhill S&P 500 No Dividend Target ETF",28.26,"Roundhill S&P 500 No Dividend Target ETF",NA,NA,No,Equity,NA,NA
XDQQ,"Innovator Growth Accelerated ETF Qtr",40.55,"Innovator Growth Accelerated ETF",NA,NA,No,Equity,NA,NA
XDSQ,"Innovator U.S. Equity Acc ETF Qtr",42.43,"Innovator U.S. Equity Accelerated ETF",NA,NA,No,Equity,NA,NA
XDTE,"Roundhill S&P 500 0Dte Covered Call Strategy ETF",40.24,"Roundhill S&P 500 0DTE Covered Call Strategy ETF",7,375,No,Equity,NA,NA
XEMD,"Bondbloxx USD Emerging Markets 1-10 Year Bond Et",45.02,"BondBloxx JP Morgan USD Emerging Markets 1-10 Year Bond ETF",NA,NA,No,"Fixed Income",NA,NA
XES,"S&P Oil & Gas Eqpt & Services SPDR",96.44,"SPDR S&P Oil & Gas Equipment & Services ETF",10,717,No,Equity,NA,NA
XFEB,"FT Vest U.S. Enhance & Mod Buffer ETF - Feb",35.92,"FT Vest U.S. Equity Enhance & Moderate Buffer ETF (Feb)",NA,NA,No,Equity,NA,NA
XFIV,"Boxx Five Year Target Duration ETF",49.36,"BondBloxx Bloomberg Five Year Target Duration US Treasury ETF",NA,NA,No,"Fixed Income",NA,NA
XFLX,"Fundx Flexible ETF",22.51,"FundX Flexible ETF",NA,NA,No,"Portfolio-Multi Asset",NA,NA
XHB,"S&P Homebuilders SPDR",109.64,"SPDR S&P Homebuilders ETF",3063,168638,Yes,Equity,NA,NA
XHE,"S&P Healthcare Equipment SPDR",86.64,"SPDR S&P Health Care Equipment ETF",NA,NA,No,Equity,NA,NA
XHLF,"Boxx Six Month Target Duration ETF",50.36,"BondBloxx Bloomberg Six Month Target Duration US Treasury ETF",NA,NA,No,"Fixed Income",NA,NA
XHS,"S&P Healthcare Services SPDR",105.9,"SPDR S&P Health Care Services ETF",2,5,No,Equity,NA,NA
XHYC,"Boxx USD Hi-Yi Consumer Cyclicals Sector ETF",37.56,"BondBloxx USD High Yield Bond Consumer Cyclicals Sector ETF",NA,NA,No,"Fixed Income",NA,NA
XHYD,"Boxx USD Hi-Yi Consumer Non-Cyclicals Sector ETF",38.56,"BondBloxx USD High Yield Bond Consumer Non-Cyclicals Sector ETF",NA,NA,No,"Fixed Income",NA,NA
XHYE,"Boxx USD Hi-Yi Energy Sector ETF",39.08,"BondBloxx USD High Yield Bond Energy Sector ETF",1,5,No,"Fixed Income",NA,NA
XHYF,"Boxx USD Hi-Yi Financial & REIT Sector ETF",38.07,"BondBloxx USD High Yield Bond Financial & REIT Sector ETF",NA,NA,No,"Fixed Income",NA,NA
XHYH,"Boxx USD Hi-Yi Healthcare Sector ETF",35.9,"BondBloxx USD High Yield Bond Healthcare Sector ETF",NA,NA,No,"Fixed Income",NA,NA
XHYI,"Boxx USD Hi-Yi Industrial Sector ETF",38.45,"BondBloxx USD High Yield Bond Industrial Sector ETF",NA,NA,No,"Fixed Income",NA,NA
XHYT,"Boxx USD Hi-Yi Telecom Media Sector ETF",34.68,"BondBloxx USD High Yield Bond Telecom, Media & Technology Sector ETF",NA,NA,No,"Fixed Income",NA,NA
XIDE,"FT Vest U.S. Buffer & Premium Income ETF - Dec",30.29,"FT Vest U.S. Equity Buffer & Premium Income ETF (Dec)",NA,NA,No,Equity,NA,NA
XIDV,"Franklin Intl Dividend Multiplier Index ETF",35.62,"Franklin International Dividend Multiplier Index ETF",NA,NA,No,Equity,NA,NA
XIJN,"FT Vest U.S. Buffer & Premium Income ETF - Jun",30.96,"FT Vest U.S. Equity Buffer & Premium Income ETF (Jun)",NA,NA,No,Equity,NA,NA
XIMR,"FT Vest U.S. Buffer & Premium Income ETF - Mar",31.11,"FT Vest U.S. Equity Buffer & Premium Income ETF (Mar)",NA,NA,No,Equity,NA,NA
XISE,"FT Vest U.S. Buffer & Premium Income ETF - Sep",30.41,"FT Vest U.S. Equity Buffer & Premium Income ETF (Sep)",NA,NA,No,Equity,NA,NA
XITK,"SPDR Factset Innovative Technology ETF",173.74,"SPDR FactSet Innovative Technology ETF",NA,NA,No,"Portfolio-Multi Asset",NA,NA
XJAN,"FT Vest U.S. Enhance & Mod Buffer ETF - Jan",36.99,"FT Vest U.S. Equity Enhance & Moderate Buffer ETF (Jan)",NA,NA,No,Equity,NA,NA
XJH,"Ishares ESG Screened S&P Midcap ETF",46.92,"iShares ESG Screened S&P Mid-Cap ETF",NA,NA,No,Equity,NA,NA
XJR,"Ishares ESG Screened S&P Smallcap ETF",44.69,"iShares ESG Screened S&P Small-Cap ETF",NA,NA,No,Equity,NA,NA
XJUL,"FT Vest U.S. Enhance & Mod Buffer ETF - Jul",39.35,"FT Cboe U.S. Equity Enhance & Moderate Buffer ETF (Jul)",NA,NA,No,Equity,NA,NA
XJUN,"FT Vest U.S. Enhance & Mod Buffer ETF - Jun",43.22,"FT Vest U.S. Equity Enhance & Moderate Buffer ETF (Jun)",NA,NA,No,Equity,NA,NA
XLB,"S&P 500 Materials Sector SPDR",49.95,"Materials Select Sector SPDR Fund",14630,741695,Yes,Equity,"Finance - Investment Funds",Finance
XLBI,"Materials SPDR Premium Income ETF",24.7,"Materials SPDR Premium Income ETF",NA,NA,No,Equity,NA,NA
XLC,"S&P 500 Communication Sector SPDR",116.75,"Communication Services Select Sector SPDR Fund",899,45996,Yes,Equity,NA,NA
XLCI,"Communication Services SPDR Premium Income ETF",25.28,"Communication Services SPDR Premium Income ETF",NA,NA,No,Equity,NA,NA
XLE,"S&P 500 Energy Sector SPDR",50.05,"Energy Select Sector SPDR Fund",249758,4409656,Yes,Equity,NA,NA
XLEI,"Energy SPDR Premium Income ETF",25.67,"Energy SPDR Premium Income ETF",NA,NA,No,Equity,NA,NA
XLF,"S&P 500 Financials Sector SPDR",52.99,"Financial Select Sector SPDR Fund",61574,3778370,Yes,Equity,"Finance - Investment Funds",Finance
XLFI,"Financial SPDR Premium Income ETF",24.21,"Financial SPDR Premium Income ETF",NA,NA,No,Equity,NA,NA
XLG,"S&P 500 Top 50 Invesco ETF",59.28,"Invesco S&P 500 Top 50 ETF",19,1020,No,Equity,NA,NA
XLI,"S&P 500 Industrial Sector SPDR",164.14,"Industrial Select Sector SPDR Fund",4760,573209,Yes,Equity,NA,NA
XLII,"Industrial SPDR Premium Income ETF",25.39,"Industrial SPDR Premium Income ETF",NA,NA,No,Equity,NA,NA
XLK,"S&P 500 Technology Sector SPDR",149.23,"Technology Select Sector SPDR Fund",11673,670931,Yes,Equity,NA,NA
XLKI,"Technology SPDR Premium Income ETF",26.27,"Technology SPDR Premium Income ETF",NA,NA,No,Equity,NA,NA
XLP,"S&P 500 Cons Staples Sector SPDR",82.32,"Consumer Staples Select Sector SPDR Fund",18880,644948,Yes,Equity,NA,NA
XLRE,"S&P 500 Real Estate Sector SPDR",40.85,"Real Estate Select Sector SPDR Fund",642,29064,No,Equity,NA,NA
XLRI,"Real Estate SPDR Premium Income ETF",23.92,"Real Estate SPDR Premium Income ETF",NA,NA,No,Equity,NA,NA
XLSI,"Consumer Staples SPDR Premium Income ETF",24.61,"Consumer Staples SPDR Premium Income ETF",NA,NA,No,Equity,NA,NA
XLSR,"SSGA U.S. Sector Rotation ETF",62.83,"SPDR SSGA US Sector Rotation ETF",NA,NA,No,"Fixed Income",NA,NA
XLU,"S&P 500 Utilities Sector SPDR",43.33,"Utilities Select Sector SPDR Fund",7304,1340207,Yes,Equity,"Finance - Investment Funds",Finance
XLUI,"Utilities SPDR Premium Income ETF",24.23,"Utilities SPDR Premium Income ETF",NA,NA,No,Equity,NA,NA
XLV,"S&P 500 Healthcare Sector SPDR",154.31,"Health Care Select Sector SPDR Fund",13682,434743,Yes,Equity,NA,NA
XLVI,"Health Care SPDR Premium Income ETF",26.4,"Health Care SPDR Premium Income ETF",NA,NA,No,Equity,NA,NA
XLY,"S&P 500 Cons Disc Sector SPDR",121.77,"Consumer Discretionary Select Sector SPDR Fund",11788,305763,Yes,Equity,"Finance - Investment Funds",Finance
XLYI,"Consumer Discretionary SPDR Premium Income ETF",25.16,"Consumer Discretionary SPDR Premium Income ETF",NA,NA,No,Equity,NA,NA
XMAG,"Defiance Large Cap Ex-Mag 7 ETF",23,"DeFiance Large Cap Ex-Mag 7 ETF",1,511,No,Equity,NA,NA
XMAR,"FT Vest U.S. Enhance & Mod Buffer ETF - Mar",40.11,"FT Vest U.S. Equity Enhance & Moderate Buffer ETF (Mar)",NA,NA,No,Equity,NA,NA
XMAY,"FT Vest U.S. Enhance & Mod Buffer ETF - May",35.08,"FT Vest U.S. Equity Enhance & Moderate Buffer ETF (May)",NA,NA,No,Equity,NA,NA
XME,"S&P Metals & Mining SPDR",128.72,"SPDR S&P Metals & Mining ETF",6368,177919,No,Equity,"Finance - Investment Funds",Finance
XMHQ,"Invesco S&P Midcap Quality ETF",108.55,"Invesco S&P MidCap Quality ETF",3,204,No,"Portfolio-Multi Asset",NA,NA
XMLV,"S&P Midcap Low Vol Invesco ETF",63.5,"Invesco S&P MidCap Low Volatility ETF",NA,NA,No,"Portfolio-Multi Asset",NA,NA
XMMO,"Invesco S&P Midcap Momentum ETF",142.78,"Invesco S&P MidCap Momentum ETF",5,153,No,Equity,NA,NA
XMPT,"Vaneck CEF Municipal Income ETF",22.1,"VanEck Vectors CEF Municipal Income ETF",NA,NA,No,"Portfolio-Multi Asset",NA,NA
XMVM,"Invesco S&P Midcap Value Momentum ETF",65.91,"Invesco S&P MidCap Value with Momentum ETF",NA,NA,No,Equity,NA,NA
XNAV,"Fundx Aggressive ETF",88.21,"FundX Aggressive ETF",NA,NA,No,Equity,NA,NA
XNOV,"FT Vest U.S. Enhance & Mod Buffer ETF - Nov",38.18,"FT Vest U.S. Equity Enhance & Moderate Buffer ETF (Nov)",NA,NA,No,Equity,NA,NA
XNTK,"SPDR NYSE Technology ETF",290.37,"SPDR NYSE Technology ETF",1,30,No,Equity,NA,NA
XOCT,"FT Vest U.S. Enhance & Mod Buffer ETF - Oct",38.04,"FT Vest U.S. Equity Enhance & Moderate Buffer ETF (Oct)",NA,NA,No,Equity,NA,NA
XOEF,"Ishares S&P 500 Ex S&P 100 ETF",27.29,"iShares S&P 500 ex S&P 100 ETF",NA,NA,No,Equity,NA,NA
XOEX,"Dbx S&P ESG Value ETF",36.97,"Xtrackers S&P 100 Ex Top 20 ETF",NA,NA,No,Equity,NA,NA
XOMO,"Yieldmax Xom Option Income Strategy ETF",12.75,"YieldMax XOM Option Income Strategy ETF",3,43,No,Equity,NA,NA
XOMX,"Direxion Daily Xom Bull 2X",37.45,"Direxion Daily XOM Bull 2X Shares",NA,NA,No,Equity,NA,NA
XOMZ,"Direxion Daily Xom Bear 1X",19.12,"Direxion Daily XOM Bear 1X Shares",NA,NA,No,Equity,NA,NA
XONE,"Boxx One Year Target Duration ETF",49.63,"BondBloxx Bloomberg One Year Target Duration US Treasury ETF",NA,NA,No,"Fixed Income","Machinery - Printing",NA
XOP,"S&P Oil & Gas Expl & Prod SPDR",137.1,"SPDR S&P Oil & Gas Exploration & Production ETF",12250,330568,Yes,Equity,NA,NA
XOVR,"Ershares Private-Public Crossover ETF",19.26,"ERShares Private-Public Crossover ETF",645,12935,No,Equity,NA,NA
XPAY,"Roundhill S&P 500 Target 20 Managed Distribution",54.19,"Roundhill S&P 500 Target 20 Managed Distribution ETF",NA,NA,No,Equity,NA,NA
XPEG,"Leverage Shares 2X Long Xpev Daily ETF",12.26,"Leverage Shares 2X Long XPEV Daily ETF",NA,NA,No,Equity,NA,NA
XPH,"S&P Pharmaceuticals SPDR",55.39,"SPDR S&P Pharmaceuticals ETF",15,900,No,Equity,NA,NA
XPND,"Expanded Technology ETF FT",36.06,"First Trust Expanded Technology ETF",NA,NA,No,Equity,NA,NA
XPP,"Ultra FTSE China 50 2X ETF",29.06,"ProShares Ultra FTSE China 50",1,41,No,Equity,NA,NA
XRLV,"S&P 500 Ex-Rate Sensitive Low Vol Invesco ETF",55.1,"Invesco S&P 500 ex-Rate Sensitive Low Volatility ETF",NA,NA,No,Equity,NA,NA
XRLX,"Fundx Conservative ETF",46.69,"FundX Investment Conservative ETF",NA,NA,No,"Portfolio-Multi Asset",NA,NA
XRMI,"GX S&P 500 Risk Managed Income ETF",17.91,"Global X S&P 500 Risk Managed Income ETF",1,0,No,Equity,NA,NA
XRPC,"Canary XRP ETF",20.38,"Canary XRP ETF",127,3942,No,Currency,NA,NA
XRPI,"Volatility Shares XRP ETF",11.02,"XRP ETF",60,6484,No,Equity,NA,NA
XRPR,"Rex-Osprey XRP ETF",15.71,"Rex-Osprey XRP ETF",6,1064,No,Currency,NA,NA
XRPT,"Volatility Shares XRP 2X ETF",5.14,"2x XRP ETF",470,20114,No,Equity,NA,NA
XRT,"S&P Retail SPDR",87.35,"SPDR S&P Retail ETF",8378,114032,Yes,Equity,NA,NA
XSD,"S&P Semiconductor SPDR",361.88,"SPDR S&P Semiconductor ETF",11,597,No,Equity,NA,NA
XSEP,"FT Vest U.S. Enhance & Mod Buffer ETF - Sep",42.71,"FT Vest U.S. Equity Enhance & Moderate Buffer ETF (Sep)",NA,NA,No,Equity,NA,NA
XSHD,"S&P Smallcap High Dividend Low Vol Invesco ETF",13.55,"Invesco S&P SmallCap High Dividend Low Volatility ETF",8,114,No,Equity,NA,NA
XSHQ,"S&P Smallcap Quality Invesco ETF",43.54,"Invesco S&P SmallCap Quality ETF",1,0,No,Equity,NA,NA
XSLV,"S&P Smallcap Low Vol Invesco ETF",47.71,"Invesco S&P SmallCap Low Volatility ETF",NA,NA,No,"Portfolio-Multi Asset",NA,NA
XSMO,"Invesco S&P Smallcap Momentum ETF",76.5,"Invesco S&P SmallCap Momentum ETF",NA,NA,No,"Portfolio-Multi Asset",NA,NA
XSOE,"Wisdomtree Emerging Markets Ex-State Owned Fund",42.78,"WisdomTree Emerging Markets ex-State-Owned Enterprises Fund",1,64,No,"Portfolio-Multi Asset",NA,NA
XSVM,"Invesco S&P Smallcap Value With Momentum ETF",60.25,"Invesco S&P SmallCap Value with Momentum ETF",4,8,No,Equity,NA,NA
XSVN,"Boxx Seven Year Target Duration ETF",47.91,"BondBloxx Bloomberg Seven Year Target Duration US Treasury ETF",NA,NA,No,"Fixed Income",NA,NA
XSW,"S&P Software & Services ETF SPDR",177.51,"SPDR S&P Software & Services ETF",9,39,No,Equity,NA,NA
XT,"Exponential Technologies Ishares ETF",73.45,"iShares Exponential Technologies ETF",6,70,No,Equity,NA,NA
XTAP,"Innovator U.S. Equity Acc Plus ETF Apr",40.89,"Innovator U.S. Equity Accelerated Plus ETF (Apr)",NA,NA,No,Equity,NA,NA
XTEN,"Boxx Ten Year Target Duration ETF",46.2,"BondBloxx Bloomberg Ten Year Target Duration US Treasury ETF",NA,NA,No,"Fixed Income",NA,NA
XTJA,"Innovator U.S. Equity Acc Plus ETF Jan",32.09,"Innovator U.S. Equity Accelerated Plus ETF (Jan)",NA,NA,No,Equity,NA,NA
XTJL,"Innovator U.S. Equity Acc Plus ETF Jul",39.29,"Innovator U.S. Equity Accelerated Plus ETF (Jul)",NA,NA,No,Equity,NA,NA
XTL,"S&P 500 Telecom Sector SPDR",167.95,"SPDR S&P Telecom ETF",1,154,No,Equity,NA,NA
XTN,"S&P Transportation SPDR",96.59,"SPDR S&P Transportation ETF",4,145,No,Equity,NA,NA
XTOC,"Innovator U.S. Equity Acc Plus ETF Oct",33.95,"Innovator U.S. Equity Accelerated Plus ETF (Oct)",NA,NA,No,Equity,NA,NA
XTR,"GX S&P 500 Tail Risk ETF",26.9,"Global X S&P 500 Tail Risk ETF",NA,NA,No,Equity,NA,NA
XTRE,"Boxx Three Year Target Duration ETF",49.75,"BondBloxx Bloomberg Three Year Target Duration US Treasury ETF",NA,NA,No,"Fixed Income",NA,NA
XTWO,"Boxx Two Year Target Duration ETF",49.49,"BondBloxx Bloomberg Two Year Target Duration US Treasury ETF",NA,NA,No,"Fixed Income",NA,NA
XTWY,"Boxx Twenty Year Target Duration ETF",38.01,"BondBloxx Bloomberg Twenty Year Target Duration US Treasury ETF",NA,NA,No,"Fixed Income",NA,NA
XUDV,"Franklin U.S. Dividend Multiplier Index ETF",27.77,"Franklin U.S. Dividend Multiplier Index ETF",NA,NA,No,Equity,NA,NA
XUSP,"Innovator Uncapped Accelerated U.S. Equity ETF",48.62,"Innovator Uncapped Accelerated U.S. Equity ETF",NA,NA,No,Equity,NA,NA
XV,"Simplify Exchange Traded Funds Simplify Target 1",25.42,"Simplify Target 15 Distribution ETF",NA,NA,No,Alternative,NA,NA
XVOL,"Acruence Active Hedge U.S. Equity ETF",23.54,"Acruence Active Hedge U.S. Equity ETF",NA,NA,No,Equity,NA,NA
XVV,"Ishares ESG Screened S&P 500 ETF",53.38,"iShares ESG Screened S&P 500 ETF",NA,NA,No,Equity,NA,NA
XXRP,"Teucrium 2X Long Daily XRP ETF",9.88,"Teucrium 2x Long Daily XRP ETF",689,17835,No,Equity,NA,NA
XYLD,"GX S&P 500 Covered Call ETF",40.8,"Global X S&P 500 Covered Call ETF",6,1844,No,"Portfolio-Multi Asset",NA,NA
XYLG,"GX S&P 500 Covered Call & Growth ETF",27.83,"Global X S&P 500 Covered Call & Growth ETF",5,14,No,Equity,NA,NA
XYZG,"Leverage Shares 2X Long Xyz Daily ETF",14.03,"Leverage Shares 2X Long XYZ Daily ETF",1,107,No,Equity,NA,NA
XYZY,"Yieldmax Sq Option Income Strategy ETF",32.08,"YieldMax XYZ Option Income Strategy ETF",5,153,No,Equity,NA,NA
YALL,"Tidal God Bless America ETF",44.3,"God Bless America ETF",1,1,No,Equity,NA,NA
YANG,"Direxion Daily FTSE China Bear 3X",21,"Direxion Daily FTSE China Bear 3X Shares",1247,26753,No,Equity,NA,NA
YBIT,"Yieldmax Bitcoin Option Income Strategy ETF",32.54,"YieldMax Bitcoin Option Income Strategy ETF",1,964,No,Currency,NA,NA
YBMN,"Defiance Bmnr Option Income ETF",22.94,"Defiance BMNR Option Income ETF",NA,NA,No,Equity,NA,NA
YBST,"Yieldboost Single Stock Universe ETF",21.69,"GraniteShares YieldBoost Single Stock Universe ETF",NA,NA,No,Equity,NA,NA
YBTC,"Roundhill Bitcoin Covered Call Strategy ETF",28.08,"Roundhill Bitcoin Covered Call Strategy ETF",4,582,No,Currency,NA,NA
YBTY,"Yieldboost Topyielders ETF",20.72,"GraniteShares YieldBoost TopYielders ETF",NA,NA,No,Equity,NA,NA
YCL,"Ultra Yen 2X ETF",19.85,"ProShares Ultra Yen",703,4547,No,Currency,NA,NA
YCS,"Ultrashort Yen New -2X ETF",49.05,"ProShares UltraShort Yen",289,1852,No,Currency,NA,NA
YDEC,"FT Vest Intl Equity Mod Buffer ETF - Dec",26.83,"FT Vest International Equity Buffer ETF (Dec)",NA,NA,No,Equity,NA,NA
YEAR,"Ab Ultra-Short Income ETF",50.58,"AB Ultra Short Income ETF",NA,NA,No,"Fixed Income",NA,NA
YETH,"Roundhill Ether Covered Call Strategy ETF",16.59,"Roundhill Ether Covered Call Strategy ETF",6,705,No,Currency,NA,NA
YFFI,"Indexperts Yield Focused Fixed Income ETF",10.2,"Indexperts Yield Focused Fixed Income ETF",NA,NA,No,"Fixed Income",NA,NA
YFYA,"Yields For You Strategy A ETF",9.93,"Yields for You Strategy A ETF",NA,NA,No,"Portfolio-Multi Asset",NA,NA
YGLD,"Simplify Gold Strategy Plus Income ETF",57.18,"Simplify Gold Strategy PLUS Income ETF",NA,NA,No,Alternative,NA,NA
YINN,"Direxion Daily FTSE China Bull 3X",49.35,"Direxion Daily FTSE China Bull 3X Shares",18216,78304,Yes,Equity,NA,NA
YJUN,"FT Vest Intl Equity Mod Buffer ETF - Jun",26.14,"FT Vest International Equity Moderate Buffer ETF (Jun)",NA,NA,No,Equity,NA,NA
YLD,"Principal Edge Active Income ETF",19.17,"Principal EDGE Active Income ETF",4,4,No,"Fixed Income",NA,NA
YLDE,"Clearbridge Dividend Strategy ESG ETF",55.37,"ClearBridge Dividend Strategy ESG ETF",NA,NA,No,Equity,NA,NA
YMAG,"Yieldmax Magnificent 7 Option Income ETF",14.05,"YieldMax Magnificent 7 Fund of Option Income ETFs",114,1741,No,Equity,NA,NA
YMAR,"FT Vest Intl Equity Mod Buffer ETF - Mar",27.48,"FT Vest International Equity Buffer ETF (Mar)",NA,NA,No,Equity,NA,NA
YMAX,"Yieldmax Universe Fund of Option Income ETF",9.7,"YieldMax Universe Fund of Option Income ETFs",139,6698,No,"Portfolio-Multi Asset",NA,NA
YNOT,"Horizon Digital Frontier ETF",30.22,"Horizon Digital Frontier ETF",NA,NA,No,Equity,NA,NA
YOKE,"Yoke Core ETF",28.54,"YOKE Core ETF",NA,NA,No,Equity,NA,NA
YOLO,"Advisorshares Pure Cannabis ETF",3.07,"AdvisorShares Pure Cannabis ETF",8,3443,No,Equity,NA,NA
YQQQ,"Yieldmax Short N100 Option Income Strategy ETF",11.87,"YieldMax Short N100 Option Income Strategy ETF",1,155,No,Equity,NA,NA
YSEP,"FT Vest Intl Equity Buffer ETF - Sep",26.71,"FT Vest International Equity Buffer ETF (Sep)",NA,NA,No,Equity,NA,NA
YSPY,"Graniteshares Yieldboost Spy ETF",17.97,"GraniteShares YieldBOOST SPY ETF",NA,NA,No,Equity,NA,NA
YXI,"Short FTSE China 50 -1X ETF",19.28,"ProShares Short FTSE China 50",NA,NA,No,"Portfolio-Multi Asset",NA,NA
YYY,"Amplify CEF High Income ETF",11.75,"Amplify CEF High Income ETF",1,251,No,"Portfolio-Multi Asset",NA,NA
ZALT,"Innovator U.S. Equity 10 Buffer ETF Qtr",32.8,"Innovator U.S. Equity 10 Buffer ETF - Quarterly",NA,NA,No,Equity,NA,NA
ZAP,"Global X U.S. Electrification ETF",30.95,"Global X U.S. Electrification ETF",NA,NA,No,Equity,NA,NA
ZAPR,"Innovator Equity Defined Protection ETF 1 Yr Apr",25.86,"Innovator Equity Defined Protection ETF - 1 Yr (Apr)",NA,NA,No,Equity,NA,NA
ZAUG,"Innovator Equity Defined Protection ETF 1 Yr Aug",26.84,"Innovator Equity Defined Protection ETF-1 Yr (Aug)",NA,NA,No,Equity,NA,NA
ZDEK,"Innovator Equity Defined Protection ETF 1 Yr Dec",25.85,"Innovator Equity Defined Protection ETF - 1 Yr (Dec)",NA,NA,No,Equity,NA,NA
ZECP,"Zacks Earnings Consistent Portfolio ETF",35.37,"Zacks Earnings Consistent Portfolio ETF",NA,NA,No,"Fixed Income",NA,NA
ZFEB,"Innovator Equity Defined Protection ETF 1 Yr Feb",25.52,"Innovator Equity Defined Protection ETF - 1 Yr (Feb)",NA,NA,No,Equity,NA,NA
ZHDG,"Zega Buy and Hedge ETF",22.8,"ZEGA Buy and Hedge ETF",NA,NA,No,Equity,NA,NA
ZHOG,"F/M Opportunistic Income ETF",52.1,"F/m Opportunistic Income ETF",NA,NA,No,"Fixed Income",NA,NA
ZIG,"The Acquirers Fund ETF",38.25,"Acquirers Fund",NA,NA,No,Equity,NA,NA
ZJAN,"Innovator Equity Defined Protection ETF 1 Yr Jan",27.5,"Innovator Equity Defined Protection ETF - 1 Yr (Jan)",NA,NA,No,Equity,NA,NA
ZJUL,"Innovator Equity Defined Protection ETF 1 Yr Jul",29.21,"BMO US Equity Buffer Hedged to CAD ETF - July",NA,NA,No,Equity,NA,NA
ZJUN,"Innovator Equity Defined Prot ETF 1 Yr June",26.94,"Innovator Equity Defined Protection ETF - 1 Yr (Jun)",NA,NA,No,Equity,NA,NA
ZMAR,"Innovator Equity Defined Protection ETF 1 Yr Mar",27.64,"Innovator Equity Defined Protection ETF - 1 Yr (Mar)",NA,NA,No,Equity,NA,NA
ZMAY,"Innovator Equity Defined Protection ETF 1 Yr May",25.48,"Innovator Equity Defined Protection ETF - 1 Yr (May)",NA,NA,No,Equity,NA,NA
ZMUN,"F/M Callable Tax-Free Municipal ETF",50.22,"F/m Callable Tax-Free Municipal ETF",NA,NA,No,"Fixed Income",NA,NA
ZNOV,"Innovator Equity Defined Protection ETF 1 Yr Nov",26.81,"Innovator Equity Defined Protection ETF (Nov)",NA,NA,No,Equity,NA,NA
ZOCT,"Innovator Equity Defined Protection ETF 1 Yr Oct",26.97,"Innovator Equity Defined Protection ETF - 1 Yr (Oct)",NA,NA,No,Equity,NA,NA
ZROZ,"25+ Year Zero Cpn U.S. Trsy Idx Pimoc ETF",64.54,"PIMCO 25 Plus Year Zero Coupon U.S. Treasury Index ETF",246,12546,No,"Fixed Income",NA,NA
ZSB,"Uscf Sustainable Battery Metals Strategy Fund",24.87,"USCF Sustainable Battery Metals Strategy Fund",NA,NA,No,Commodity,NA,NA
ZSC,"Uscf Sustainable Commodity Strategy Fund",29.87,"USCF Sustainable Commodity Strategy Fund",NA,NA,No,Commodity,NA,NA
ZSEP,"Innovator U.S. Small Cap Power Buffer ETF Sep",26.91,"Innovator Equity Defined Protection ETF - 1 Yr (Sep)",NA,NA,No,Equity,NA,NA
ZSL,"Ultrashort Silver -2X ETF",1.57,"ProShares UltraShort Silver",86567,345897,No,Commodity,NA,NA
ZTAX,"X-Square Municipal Income Tax Free ETF",25.1,"X-Square Municipal Income Tax Free ETF",NA,NA,No,"Fixed Income",NA,NA
ZTEN,"F/M 10-Year Investment Grade Corporate Bond ETF",51.37,"F/m 10-Year Investment Grade Corporate Bond ETF",NA,NA,No,"Fixed Income",NA,NA
ZTOP,"F/M High Yield 100 ETF",52.37,"F/m High Yield 100 ETF",NA,NA,No,"Fixed Income",NA,NA
ZTRE,"F/M 3-Year Investment Grade Corporate Bond ETF",51.37,"F/m 3-Year Investment Grade Corporate Bond ETF",NA,NA,No,"Fixed Income",NA,NA
ZTWO,"F/M 2-Year Investment Grade Corporate Bond ETF",50.94,"F/m 2-Year Investment Grade Corporate Bond ETF",NA,NA,No,"Fixed Income",NA,NA
ZVOL,"Short VIX Mid-Term Futures -1X Strategy ETF",10.51,"Volatility Premium Plus ETF",NA,NA,No,Alternative,NA,NA
