Symbol,Name,Industry,Sector,"Market Cap","P/E ttm",Price/Book,ROA%,ROE%,Debt/Equity,"Price/Cash Flow","Ent Value",EBITDA(a),EBIT(a),"Shares Out","Net Income(a)",Beta,"% Insider","% Institutional",Sales(a),Float,"% Float",Price/Sales,"Earnings Date","Latest Earnings"
A,"Agilent Technologies","Medical Products",Medical,34550824000,21.69,5.42,13.24%,25.92%,0.55,18.74,36566824000,1674000000,1417000000,284065000,1289000000,1.22,0.26%,87.41%,N/L,N/L,N/L,N/L,N/L,2025-08-27
AA,"Alcoa Corp","Metal Products - Distribution","Basic Materials",8202016000,7.11,1.23,7.44%,19.18%,0.42,8.13,9609016000,2726000000,2084000000,258902000,60000000,2.24,1.08%,82.39%,N/L,N/L,N/L,N/L,N/L,2025-10-15
AACT,"Ares Acquisition Corporation II Cl A","Auto - Truck Original Parts",Auto-Tires-Trucks,705204000,0,N/A,2.95%,-70.69%,-0.06,27.42,704224000,-9160000.,-9160000.,61860000,25990000,-0.01,N/A,72.95%,N/L,N/L,N/L,N/L,N/L,2025-08-21
AAL,"American Airlines Gp","Transportation - Airline",Transportation,8940682000,8.27,N/A,1.68%,-24.55%,-7.72,2.29,37880680000,6259000000,4014000000,659829000,846000000,1.43,0.57%,52.44%,N/L,N/L,N/L,N/L,N/L,2025-07-24
AAMI,"Acadian Asset Management Inc","Finance - Misc Services",Finance,1754072000,15.36,19.43,17.56%,174.31%,3.39,14.16,1929872000,175800000,157300000,35812000,85000000,1.38,26.00%,98.69%,N/L,N/L,N/L,N/L,N/L,2025-07-31
AAOI,"Applied Optoelect","Electronics - Semiconductors","Computers and Technology",1545756000,0,3.1,-5.19%,-10.60%,0,N/A,1470936000,-25860000.,-47940000.,62354000,-186730000.,2.72,4.50%,61.72%,N/L,N/L,N/L,N/L,N/L,2025-08-07
AAON,"Aaon Inc","Building Prdcts - Air Heating",Construction,7010035000,53.24,7.91,10.30%,15.45%,0.38,28.4,7142415000,216720000,153640000,81531000,168560000,0.94,18.70%,70.81%,N/L,N/L,N/L,N/L,N/L,2025-08-11
AAP,"Advance Auto Parts Inc","Retail - Wholesale Auto Parts",Retail-Wholesale,3466533000,0,1.51,-0.41%,-1.97%,0.81,12.1,3386273000,-379200000.,-671180000.,59985000,-335790000.,1.05,0.35%,88.75%,N/L,N/L,N/L,N/L,N/L,2025-08-14
AAPL,"Apple Inc","Computer - Micro","Computers and Technology",3380047040000,30.98,50.700001,31.94%,170.91%,1.54,29.450001,4146906880000,141659000000,130214000000,14840390000,93736000000,1.16,0.06%,67.73%,N/L,N/L,N/L,N/L,N/L,2025-07-31
AAT,"American Assets Trust","REIT - Equity Trust Retail",Finance,1253636000,8.61,1.07,2.34%,6.47%,1.5,6.49,2847386000,422430000,293320000,61153000,72820000,1.17,36.78%,90.41%,N/L,N/L,N/L,N/L,N/L,2025-07-29
AB,"Alliancebernstein Holding LP","Finance - Investment Mgmt",Finance,4443588000,11.7,2.2,18.62%,18.63%,0,11.78,4443588000,0,0,110537000,423370000,0.81,2.70%,19.25%,N/L,N/L,N/L,N/L,N/L,2025-07-24
ABAT,"American Battery Technology Co.","Electronics Products - Misc","Computers and Technology",242579000,0,3.14,-60.49%,-74.43%,0,N/A,235579000,-49870000.,-55840000.,91886000,-52500000.,-2.2,5.24%,9.88%,N/L,N/L,N/L,N/L,N/L,2025-02-12
ABBV,"Abbvie Inc","Large Cap Pharma",Medical,372037120000,19.78,N/A,13.64%,699.66%,-510.73,14.03,433657120000,19347000000,10961000000,1766558000,4278000000,0.5,0.25%,70.23%,N/L,N/L,N/L,N/L,N/L,2025-07-31
ABCB,"Ameris Bancorp","Banks - Southeast",Finance,4941007000,12.27,1.22,1.47%,10.22%,0.13,12.13,4144727000,622430000,575700000,68587000,358690000,0.96,5.40%,91.64%,N/L,N/L,N/L,N/L,N/L,2025-07-28
ABCL,"Abcellera Biologics Inc","Medical - Biomedical",Medical,1311877000,0,1.27,-12.24%,-16.16%,0,N/A,1130547000,-121380000.,-218380000.,298833000,-162860000.,0.65,28.90%,61.42%,N/L,N/L,N/L,N/L,N/L,2025-08-07
ABEO,"Abeona Therapeutics","Medical - Biomedical",Medical,370747000,7.73,2.22,45.64%,89.05%,0.12,N/A,366017000,-71630000.,-74540000.,51279000,-63730000.,1.55,6.90%,80.56%,N/L,N/L,N/L,N/L,N/L,2025-08-18
ABEV,"Ambev S.A. ADR","Beverages - Alcohol","Consumer Staples",35139576000,13.69,2.1,9.94%,15.39%,0.03,8.46,30478066000,5346550000,4025310000,15757657000,2676660000,0.74,N/A,8.13%,N/L,N/L,N/L,N/L,N/L,2025-08-07
ABG,"Asbury Automotive Group Inc","Retail - Wsale Auto & Trucks",Retail-Wholesale,4990353000,8.62,1.25,5.38%,15.41%,0.81,7.05,8059553000,1162600000,1040400000,19661000,430300000,0.87,0.59%,N/A,N/L,N/L,N/L,N/L,N/L,2025-07-29
ABL,"Abacus Global Management Inc","Insurance - Life",Finance,634778000,8.43,1.51,8.82%,17.65%,0.85,11.19,883658000,56910000,48060000,96765000,-23960000.,0.01,47.00%,0.00%,N/L,N/L,N/L,N/L,N/L,2025-08-07
ABM,"ABM Industries Inc","Business Services","Business Services",3091732000,13.41,1.63,4.38%,12.54%,0.85,9,4360932000,377700000,271100000,62258000,81400000,0.8,0.90%,91.62%,N/L,N/L,N/L,N/L,N/L,2025-09-05
ABNB,"Airbnb Inc Cl A","Leisure & Recreation Services","Consumer Discretionary",80736960000,30.61,10.1,11.03%,32.19%,0.26,29.73,75867960000,2670000000,2605000000,621436000,2648000000,1.13,27.91%,80.76%,N/L,N/L,N/L,N/L,N/L,2025-08-06
ABOS,"Acumen Pharmaceuticals Inc","Medical - Biomedical",Medical,92677000,0,0.7,-61.96%,-81.39%,0.26,N/A,86467000,-148830000.,-143990000.,60573000,-102330000.,0.14,9.30%,71.01%,N/L,N/L,N/L,N/L,N/L,2025-08-12
ABR,"Arbor Realty Trust","REIT - Mortgage Trusts",Finance,2274921000,8.74,0.89,2.26%,12.26%,1.64,4.63,8326641000,339540000,262270000,192301000,264640000,1.37,3.80%,57.25%,N/L,N/L,N/L,N/L,N/L,2025-08-01
ABSI,"Absci Corp","Medical - Biomedical",Medical,393246000,0,1.88,-50.85%,-60.21%,0.01,N/A,340076000,-91740000.,-105130000.,149523000,-103110000.,2.02,10.49%,52.05%,N/L,N/L,N/L,N/L,N/L,2025-08-12
ABT,"Abbott Laboratories","Medical Products",Medical,230767456000,26.94,4.52,10.71%,18.32%,0.26,20.049999,237276448000,12508000000,9290000000,1740459000,13402000000,0.7,0.46%,75.18%,N/L,N/L,N/L,N/L,N/L,2025-10-15
ABUS,"Arbutus Biopharma Corp","Medical - Biomedical",Medical,688199000,0,8.26,-44.11%,-59.28%,0,N/A,651869000,-58200000.,-59580000.,191699000,-69920000.,0.86,20.30%,43.79%,N/L,N/L,N/L,N/L,N/L,2025-08-07
ABVC,"Abvc Biopharma Inc","Medical - Biomedical",Medical,75570000,0,6.26,-23.02%,-46.76%,0.01,N/A,74710000,-3060000.,-3260000.,23542000,-4900000.,0.27,17.10%,11.38%,N/L,N/L,N/L,N/L,N/L,2025-08-13
ACA,"Arcosa Inc","Building & Construction - Misc",Construction,4871149000,30.4,1.86,3.19%,6.25%,0.67,13.53,6372749000,422600000,227600000,49045000,93700000,1.01,2.00%,90.66%,N/L,N/L,N/L,N/L,N/L,2025-08-07
ACAD,"Acadia Pharmaceutica","Medical - Biomedical",Medical,4342647000,38.73,5.08,9.41%,14.69%,0,35.16,4023057000,96870000,90290000,168712000,226450000,0.7,26.50%,96.71%,N/L,N/L,N/L,N/L,N/L,2025-08-06
ACB,"Aurora Cannabis Inc","Medical Products",Medical,281705000,0,0.63,-1.06%,-1.49%,0.1,7.82,192855000,13450000,-5490000.,56454000,1630000,1.84,0.01%,47.63%,N/L,N/L,N/L,N/L,N/L,2025-08-06
ACCO,"Acco Brands Corp","Office Supply & Forms","Industrial Products",361433000,4.45,0.55,3.63%,13.60%,1.51,2.08,1111433000,216600000,140700000,90133000,-101600000.,1.39,8.10%,84.56%,N/L,N/L,N/L,N/L,N/L,2025-07-31
ACDC,"Profrac Holding Corp. Cl A","Oil - Field Services",Oils-Energy,642723000,0,0.64,-8.09%,-22.78%,1.13,1.62,1800423000,838800000,354100000,160280000,-215100000.,1.67,2.84%,12.75%,N/L,N/L,N/L,N/L,N/L,2025-08-07
ACEL,"Accel Entertainment Inc",Gaming,"Consumer Discretionary",979496000,14.33,3.67,6.81%,28.46%,2.29,7.12,1297846000,211960000,143620000,84294000,35250000,1.32,18.33%,55.39%,N/L,N/L,N/L,N/L,N/L,2025-08-05
ACET,"Adicet Bio Inc","Medical - Biomedical",Medical,60534000,0,0.42,-57.84%,-68.48%,0,N/A,4034000,-121330000.,-126170000.,83254000,-117120000.,1.59,7.80%,83.89%,N/L,N/L,N/L,N/L,N/L,2025-08-12
ACGL,"Arch Capital Grp Ltd","Insurance - Proprty & Casualty",Finance,34862484000,11.18,1.58,4.33%,15.33%,0.15,9.22,37622484000,4812000000,4577000000,373220000,4312000000,0.49,4.20%,89.07%,N/L,N/L,N/L,N/L,N/L,2025-07-29
ACHC,"Acadia Healthcr Company","Medical - Hospitals",Medical,2072267000,7.7,0.64,4.20%,8.34%,0.74,4.35,4069987000,798350000,644670000,92347000,255610000,0.88,1.30%,N/A,N/L,N/L,N/L,N/L,N/L,2025-08-05
ACHR,"Archer Aviation Inc","Aerospace - Defense",Aerospace,6237401000,0,3.58,-51.01%,-62.65%,0.04,N/A,5460101000,-554700000.,-566400000.,645026000,-536800000.,3.08,7.65%,59.34%,N/L,N/L,N/L,N/L,N/L,2025-08-11
ACHV,"Achieve Life Sciences Inc","Medical - Drugs",Medical,149227000,0,3.45,-116.68%,-193.49%,0.03,N/A,136607000,-49860000.,-50110000.,51105000,-39830000.,1.3,3.00%,33.52%,N/L,N/L,N/L,N/L,N/L,2025-08-07
ACI,"Albertsons Companies Inc Cl A","Consumer Prdts - Misc Staple","Consumer Staples",10928194000,9.31,3.47,4.63%,37.92%,2.43,2.94,18454694000,4034890000,1535790000,559846000,958600000,0.46,1.35%,71.35%,N/L,N/L,N/L,N/L,N/L,2025-07-15
ACIC,"American Coastal Insurance Corp","Insurance - Proprty & Casualty",Finance,530076000,6.73,1.8,6.60%,30.65%,0.51,6.07,479706000,120340000,110730000,48765000,75720000,-0.26,49.90%,22.11%,N/L,N/L,N/L,N/L,N/L,2025-08-06
ACIU,"AC Immune S.A.","Medical - Biomedical",Medical,215882000,0,2.33,-23.16%,-49.35%,0,N/A,174682000,-55970000.,-58430000.,100410000,-57840000.,1.65,4.60%,51.36%,N/L,N/L,N/L,N/L,N/L,2025-08-05
ACIW,"Aci Worldwide Inc","Computer - Software","Computers and Technology",5088398000,18.85,3.6,8.63%,19.09%,0.64,13.53,5796588000,565680000,442100000,103192000,203120000,1.07,1.10%,94.74%,N/L,N/L,N/L,N/L,N/L,2025-08-07
ACLS,"Axcelis Tech Inc","Electrical - Manufacturing","Computers and Technology",2554051000,15.52,2.47,12.27%,16.26%,0,12.49,2430541000,162940000,159570000,31419000,200990000,1.58,0.48%,89.98%,N/L,N/L,N/L,N/L,N/L,2025-08-05
ACLX,"Arcellx Inc","Medical - Biomedical",Medical,3953117000,0,10.08,-27.41%,-43.04%,0,N/A,3847227000,-224670000.,-214400000.,55459000,-107350000.,0.28,8.35%,96.03%,N/L,N/L,N/L,N/L,N/L,2025-08-14
ACM,"Aecom Technology Corp","Engineering & R&D Services","Industrial Products",16288208000,23.52,5.96,5.78%,27.87%,0.94,20.49,17221498000,1204340000,1025530000,132446000,402270000,0.99,0.41%,85.41%,N/L,N/L,N/L,N/L,N/L,2025-08-04
ACMR,"Acm Research Inc","Semi-Eqpt Material Services","Computers and Technology",1806124000,16.21,1.26,5.66%,9.57%,0.23,13.1,1581494000,155610000,145640000,59159000,103630000,1.36,25.00%,66.75%,N/L,N/L,N/L,N/L,N/L,2025-08-06
ACN,"Accenture Plc","IT Services","Computers and Technology",162356992000,20.01,5.04,13.44%,26.55%,0.16,16.309999,158377376000,12697680000,10529640000,626329000,7264790000,1.29,0.02%,75.14%,N/L,N/L,N/L,N/L,N/L,2025-09-25
ACNB,"Acnb Corp","Banks - Southwest",Finance,487704000,11.76,1.17,1.25%,10.22%,0.65,10.31,695774000,52010000,47270000,10468000,31850000,0.93,3.53%,32.35%,N/L,N/L,N/L,N/L,N/L,2025-07-23
ACNT,"Ascent Industries Co.","Machinery - General Industrial","Industrial Products",115320000,0,1.31,-1.63%,-2.52%,0,47.16,99210000,4230000,-3300000.,9368000,-13600000.,0.63,9.31%,26.05%,N/L,N/L,N/L,N/L,N/L,2025-08-06
ACR,"Acres Commercial Realty Corp","REIT - Mortgage Trusts",Finance,156324000,0,0.35,0.80%,3.37%,3.01,2.76,1459104000,24400000,11750000,7426000,29270000,1.78,3.92%,40.03%,N/L,N/L,N/L,N/L,N/L,2025-07-30
ACRE,"Ares Commercial Real Estate Cor","REIT - Mortgage Trusts",Finance,256323000,0,0.46,-1.78%,-5.44%,1.7,N/A,1362403000,24630000,19800000,55005000,-34990000.,1.33,1.80%,41.34%,N/L,N/L,N/L,N/L,N/L,2025-08-05
ACRS,"Aclaris Therapts","Medical - Drugs",Medical,194998000,0,1.44,-24.18%,-34.01%,0,N/A,170428000,-58920000.,-59730000.,108332000,-132070000.,0.3,5.60%,98.34%,N/L,N/L,N/L,N/L,N/L,2025-08-06
ACT,"Enact Holdings Inc","Insurance - Multi Line",Finance,5714383000,8.38,1.08,10.42%,13.61%,0.14,8.06,5858003000,912390000,912380000,147506000,688070000,0.57,0.44%,18.03%,N/L,N/L,N/L,N/L,N/L,2025-07-30
ACTG,"Acacia Res-Acacia","Business Services","Business Services",322126000,40.75,0.54,1.00%,1.33%,0.18,7.23,162236000,32990000,-580000.,96445000,-36060000.,0.61,1.10%,86.69%,N/L,N/L,N/L,N/L,N/L,2025-08-06
ACVA,"Acv Auctions Inc Cl A","Auction Valuation Services","Business Services",2091100000,0,4.38,-4.23%,-10.21%,0.42,N/A,1990030000,13740000,-23070000.,172107000,-79700000.,1.69,2.90%,88.55%,N/L,N/L,N/L,N/L,N/L,2025-08-11
AD,"Array Digital Infrastructure Inc","Wireless National",Utilities,4667350000,63.44,1.03,0.74%,1.67%,0.62,6.52,7398350000,1303000000,638000000,85000000,-39000000.,0.38,1.00%,18.03%,N/L,N/L,N/L,N/L,N/L,N/A
ADAP,"Adaptimmune Ther ADR","Medical - Biomedical",Medical,15081000,0,N/A,-75.83%,-163.73%,-0.36,N/A,-25819000.,-142520000.,-153750000.,265052000,-70810000.,2.18,12.74%,31.37%,N/L,N/L,N/L,N/L,N/L,2025-08-11
ADBE,"Adobe Systems Inc","Computer - Software","Computers and Technology",153598576000,21.74,13.1,24.17%,53.68%,0.54,20.6,151613568000,9245000000,8388000000,424200000,5560000000,1.51,0.16%,81.79%,N/L,N/L,N/L,N/L,N/L,2025-09-11
ADC,"Agree Realty Corp","REIT - Equity Trust Retail",Finance,8093005000,17.67,1.5,2.15%,3.47%,0.57,17.59,11047024000,779800000,533250000,110666000,189200000,0.55,1.80%,97.83%,N/L,N/L,N/L,N/L,N/L,2025-07-31
ADCT,"Adc Therapeutics Sa","Medical - Biomedical",Medical,357747000,0,N/A,-53.73%,0.00%,-0.57,N/A,220507000,-137330000.,-140610000.,112499000,-157850000.,1.92,5.40%,41.10%,N/L,N/L,N/L,N/L,N/L,2025-08-12
ADEA,"Adeia Inc","Technology Services","Business Services",1697407000,13.77,3.96,10.92%,30.31%,1.11,8.06,2094037000,256890000,180640000,109369000,64620000,1.53,0.40%,97.36%,N/L,N/L,N/L,N/L,N/L,2025-08-05
ADI,"Analog Devices","Semi Analog & Mixed","Computers and Technology",124071048000,34.3,3.56,7.50%,10.32%,0.19,23.190001,129113656000,5084630000,2980310000,491955000,1635270000,1.05,0.33%,86.81%,N/L,N/L,N/L,N/L,N/L,2025-08-20
ADM,"Archer Daniels Midland","Agriculture Operations","Consumer Staples",30230792000,15.83,1.31,3.55%,8.43%,0.37,8.4,30914792000,2723000000,1582000000,480464000,1800000000,0.68,1.20%,78.28%,N/L,N/L,N/L,N/L,N/L,2025-08-05
ADMA,"Adma Biologics","Medical - Biomedical",Medical,4247632000,29.48,10.24,28.47%,41.01%,0.18,31.59,4216822000,164610000,155760000,238631000,197670000,0.38,3.50%,75.68%,N/L,N/L,N/L,N/L,N/L,2025-08-06
ADNT,"Adient Plc","Auto - Truck Original Parts",Auto-Tires-Trucks,2019776000,11.28,0.92,2.02%,8.25%,1.15,4.02,3569776000,769000000,437000000,81246000,18000000,1.72,0.72%,92.44%,N/L,N/L,N/L,N/L,N/L,2025-08-06
ADP,"Automatic Data Processing","Internet - Software","Computers and Technology",124733000000,30.49,20,7.33%,72.84%,0.64,21.540001,125359896000,7067400000,5411900000,405043000,4079700000,0.81,0.21%,80.03%,N/L,N/L,N/L,N/L,N/L,2025-07-30
ADPT,"Adaptive Biotechnologies Corp","Medical - Biomedical",Medical,1979562000,0,10.69,-23.03%,-60.93%,0,N/A,1931642000,-108360000.,-119410000.,152274000,-159490000.,1.92,6.40%,99.17%,N/L,N/L,N/L,N/L,N/L,2025-08-05
ADSE,"Ads-Tec Energy Plc","Technology Services","Business Services",649206000,0,N/A,0.00%,0.00%,-0.31,N/A,638906000,-2060000.,0,53876000,-106000000.,0.4,36.10%,51.65%,N/L,N/L,N/L,N/L,N/L,2025-08-11
ADSK,"Autodesk Inc","Internet - Software","Computers and Technology",62109220000,47.28,23.389999,12.63%,50.77%,0.76,36.950001,62497220000,1746000000,1354000000,214000000,1112000000,1.46,0.15%,90.24%,N/L,N/L,N/L,N/L,N/L,2025-08-28
ADT,"ADT Inc","Protection - Safety","Industrial Products",7323498000,10.94,1.96,4.35%,18.58%,2.14,4.07,14826498000,3989910000,2742460000,831271000,501050000,1.2,2.70%,87.22%,N/L,N/L,N/L,N/L,N/L,2025-07-24
ADTN,"Adtran Holdings Inc","Technology Services","Business Services",733398000,0,4.1,-1.35%,-10.09%,1.12,1.98,1268348000,331120000,-56400000.,79978000,-450870000.,1.3,1.50%,80.56%,N/L,N/L,N/L,N/L,N/L,2025-08-04
ADUR,"Aduro Clean Technologies Inc","Technology Services","Business Services",333878000,0,N/A,0.00%,0.00%,0,N/A,333878000,0,0,30631000,-7436861.,N/A,N/A,N/A,N/L,N/L,N/L,N/L,N/L,N/A
ADUS,"Addus Homecare Corp","Medical - Outpatient & Hm Care",Medical,2179572000,22.65,2.06,6.86%,9.39%,0.17,21.18,2299102000,145370000,130790000,18407000,73600000,0.8,4.50%,95.35%,N/L,N/L,N/L,N/L,N/L,2025-08-04
ADV,"Advantage Solutions Inc","Consumer Prdts - Misc Discr","Consumer Discretionary",616040000,0,0.79,-9.63%,-39.45%,2.45,4.98,2095230000,684250000,196680000,325947000,-326960000.,2.07,7.90%,49.82%,N/L,N/L,N/L,N/L,N/L,2025-08-07
ADVM,"Adverum Biotechnologies Inc","Medical - Biomedical",Medical,62322000,0,N/A,-101.40%,-297.29%,0,N/A,1672000,-187770000.,-189520000.,20984000,-130930000.,0.77,6.00%,48.17%,N/L,N/L,N/L,N/L,N/L,2025-08-11
AEBI,"Aebi Schmidt Holding Ag","Internet - Software","Computers and Technology",946189000,0,N/A,0.00%,0.00%,0,N/A,946189000,0,0,77303000,30682000,N/A,N/A,N/A,N/L,N/L,N/L,N/L,N/L,N/A
AEE,"Ameren Corp","Utility - Electric Power",Utilities,27568300000,21.5,2.2,2.82%,10.38%,1.51,9.47,45140300000,4855000000,3231000000,270410000,1182000000,0.45,0.42%,79.09%,N/L,N/L,N/L,N/L,N/L,2025-07-31
AEG,"Aegon N.V. ADR","Insurance - Multi Line",Finance,15969234000,0,1.6,0.00%,0.00%,0.5,22.66,17264504000,3443370000,3476920000,2006185000,744480000,0.94,N/A,4.32%,N/L,N/L,N/L,N/L,N/L,2025-08-21
AEHR,"Aehr Test Systems","Electronics - Measuring Inst","Computers and Technology",541462000,0,4.28,-0.13%,-0.15%,0,164.25,516932000,-1420000.,-4810000.,29915000,-3910000.,2.35,6.20%,69.69%,N/L,N/L,N/L,N/L,N/L,2025-10-09
AEIS,"Advanced Energy","Semi-Eqpt Wafer Fabrication","Computers and Technology",5828306000,37.3,4.43,6.58%,12.38%,0.45,31.65,5670916000,180790000,108560000,37720000,54210000,1.52,1.20%,99.67%,N/L,N/L,N/L,N/L,N/L,2025-08-05
AEM,"Agnico-Eagle Mines Ltd","Mining - Gold","Basic Materials",69016528000,23.23,3.04,9.66%,13.79%,0.03,18.84,69233056000,7557810000,6043730000,502816000,1895580000,0.44,0.51%,68.34%,N/L,N/L,N/L,N/L,N/L,2025-07-30
AEO,"American Eagle Outfitters","Retail - Apparel & Shoes",Retail-Wholesale,2226494000,10.95,1.44,5.99%,13.34%,0.07,4.14,1917534000,702210000,475330000,173268000,329380000,1.51,8.70%,97.33%,N/L,N/L,N/L,N/L,N/L,2025-09-03
AEP,"American Electric Power Company","Utility - Electric Power",Utilities,60977320000,18.67,1.95,3.11%,11.55%,1.49,9.45,105897920000,11890600000,8497800000,534795000,2967100000,0.4,0.07%,75.24%,N/L,N/L,N/L,N/L,N/L,2025-07-30
AER,"Aercap Holdings N.V.","Transportation - Equip & Lease",Transportation,22309362000,9.65,1.23,3.11%,13.13%,2.57,4.29,66202292000,8392500000,5594050000,186783000,2098630000,1.44,0.52%,96.42%,N/L,N/L,N/L,N/L,N/L,2025-07-30
AES,"The Aes Corp","Utility - Electric Power",Utilities,9605554000,6.39,1.2,3.01%,19.02%,3.94,3.2,36662552000,1985000000,721000000,712050000,1679000000,0.96,0.64%,93.13%,N/L,N/L,N/L,N/L,N/L,2025-07-31
AESI,"Atlas Energy Solutions Inc Cl A","Oil - US Integrated",Oils-Energy,1463832000,34.12,1.1,1.71%,3.11%,0.42,6.61,1902862000,341010000,222480000,123739000,59940000,1.19,15.98%,34.59%,N/L,N/L,N/L,N/L,N/L,2025-08-04
AEVA,"Aeva Technologies Inc","Auto - Truck Original Parts",Auto-Tires-Trucks,834781000,0,N/A,-98.73%,-287.71%,0,N/A,805921000,-132050000.,-137460000.,56328000,-152260000.,1.94,27.20%,62.92%,N/L,N/L,N/L,N/L,N/L,2025-07-31
AEYE,"Audioeye Inc","Internet - Software","Computers and Technology",156341000,49.27,19.969999,8.37%,32.90%,1.76,26.68,157511000,-70000.,-2960000.,12408000,-4250000.,0.78,28.80%,51.11%,N/L,N/L,N/L,N/L,N/L,2025-08-07
AFCG,"Advanced Flower Capital Inc","REIT - Mortgage Trusts",Finance,92865000,4.01,0.46,5.78%,10.06%,0.06,2.59,89255000,16470000,15440000,22595000,16780000,1.07,26.80%,26.53%,N/L,N/L,N/L,N/L,N/L,2025-08-14
AFG,"American Financial Group","Insurance - Proprty & Casualty",Finance,11225665000,14.19,2.47,2.53%,17.41%,0.33,11.36,11294665000,1132000000,1051000000,83394000,887000000,0.74,17.40%,64.37%,N/L,N/L,N/L,N/L,N/L,2025-08-05
AFL,"Aflac Inc","Insurance - Accident & Health",Finance,58007768000,15.11,2.13,3.21%,15.08%,0.33,12.21,59276768000,4248000000,3397000000,534831000,5443000000,0.83,0.90%,67.44%,N/L,N/L,N/L,N/L,N/L,2025-08-05
AFRM,"Affirm Holdings Inc Cl A","Internet - Software","Computers and Technology",25643476000,0,8.36,-0.61%,-2.22%,2.15,N/A,29581506000,-162640000.,-218790000.,322600000,-517760000.,3.63,11.82%,69.29%,N/L,N/L,N/L,N/L,N/L,2025-08-28
AFYA,"Afya Ltd Cl A",Schools,"Consumer Discretionary",1403970000,9.44,1.71,9.07%,18.57%,0.48,6.83,1642050000,260730000,198930000,93723000,117080000,0.53,0.80%,88.02%,N/L,N/L,N/L,N/L,N/L,2025-08-21
AG,"First Majestic Silver","Mining - Silver","Basic Materials",4385286000,96.78,1.46,1.20%,1.72%,0.07,32.470001,4392596000,433000000,307510000,487254000,-101890000.,0.72,0.85%,27.16%,N/L,N/L,N/L,N/L,N/L,2025-08-14
AGCO,"Agco Corp","Machinery - Farm","Industrial Products",8711886000,25.37,2,2.71%,8.27%,0.71,9.36,11047786000,458000000,125800000,74620000,-424800000.,1.21,16.60%,78.80%,N/L,N/L,N/L,N/L,N/L,2025-07-31
AGEN,"Agenus Inc","Medical - Biomedical",Medical,144025000,0,N/A,-81.04%,0.00%,-0.1,N/A,136755000,-74080000.,-87420000.,31864000,-227210000.,1.62,5.50%,61.46%,N/L,N/L,N/L,N/L,N/L,2025-08-11
AGI,"Alamos Gold Inc","Mining - Gold","Basic Materials",11940182000,30.2,3.11,7.16%,10.67%,0.07,21.34,11862982000,1034000000,815600000,420429000,284300000,0.51,0.46%,64.33%,N/L,N/L,N/L,N/L,N/L,2025-07-30
AGIO,"Agios Pharmaceuticals","Medical - Biomedical",Medical,2254358000,0,1.62,-3.23%,-3.49%,0,N/A,2178108000,-470370000.,-461540000.,58102000,673730000,0.8,4.30%,N/A,N/L,N/L,N/L,N/L,N/L,2025-07-31
AGL,"Agilon Health Inc","Medical Services",Medical,551183000,0,1.25,-17.47%,-66.76%,0.09,N/A,392223000,-324780000.,-349240000.,414423000,-260150000.,0.14,3.57%,N/A,N/L,N/L,N/L,N/L,N/L,2025-08-05
AGM,"Federal Agricultural Mortgage Corp","Finance - Mortgage & Rel Svs",Finance,2231192000,11.78,1.88,0.65%,18.86%,1.43,10.86,3596282000,1472600000,1475240000,10934000,207190000,1.02,2.20%,68.03%,N/L,N/L,N/L,N/L,N/L,2025-08-07
AGNC,"Agnc Investment Corp","REIT - Mortgage Trusts",Finance,10292322000,5.95,1.13,1.71%,19.32%,6.7,4.94,71111320000,501000000,378000000,1041733000,863000000,1.28,0.42%,38.28%,N/L,N/L,N/L,N/L,N/L,2025-07-21
AGO,"Assured Guaranty Ltd","Insurance - Multi Line",Finance,3928714000,10.27,0.69,3.38%,7.18%,0.3,11.25,5506714000,590000000,613000000,47615000,376000000,0.88,5.10%,92.22%,N/L,N/L,N/L,N/L,N/L,2025-08-07
AGRO,"Adecoagro S.A.","Agriculture Operations","Consumer Staples",877938000,18.23,0.61,1.43%,3.24%,0.63,1.76,1446259000,450180000,146160000,99993000,92340000,0.72,6.70%,45.25%,N/L,N/L,N/L,N/L,N/L,2025-08-18
AGX,"Argan Inc","Building & Construction - Misc",Construction,3030483000,30.62,8.18,12.82%,29.61%,0,33.919998,2885223000,107930000,106020000,13641000,85460000,0.59,6.69%,79.43%,N/L,N/L,N/L,N/L,N/L,2025-09-04
AGYS,"Agilysys Inc","Computer - Integrated Systems","Computers and Technology",3099592000,100.89,10.59,6.79%,11.13%,0.04,79.370003,3050552000,38220000,30220000,28043000,23230000,0.71,8.60%,88.00%,N/L,N/L,N/L,N/L,N/L,2025-07-21
AHCO,"Adapthealth Corp Cl. A","Medical Products",Medical,1300214000,17.92,0.79,1.77%,5.01%,1.13,2.46,3171634000,690550000,306470000,135298000,90420000,1.58,1.55%,82.67%,N/L,N/L,N/L,N/L,N/L,2025-08-05
AHH,"Armada Hoffler Properties Inc","REIT - Equity Trust Resident",Finance,739124000,6.2,0.81,0.95%,3.40%,1.79,4.2,2226204000,285020000,195700000,103664000,35650000,1.12,10.20%,66.35%,N/L,N/L,N/L,N/L,N/L,2025-08-04
AHR,"American Healthcare REIT Inc","REIT - Equity Trust Other",Finance,7159381000,27.23,2.84,-0.74%,-1.43%,0.64,36.41,8741771000,553890000,332250000,168575000,-37810000.,1.08,0.92%,16.68%,N/L,N/L,N/L,N/L,N/L,2025-08-07
AI,"C3.Ai Inc Cl A","IT Services","Computers and Technology",2351755000,0,2.69,-27.48%,-33.51%,0,N/A,2187395000,-311830000.,-324440000.,134386000,-288700000.,1.98,33.54%,38.96%,N/L,N/L,N/L,N/L,N/L,2025-09-03
AIFU,"Aifu Inc ADR","Insurance - Multi Line",Finance,16214000,0,0.04,0.00%,0.00%,0.05,0.31,3514000,31600000,27580000,2895000,62330000,0.55,25.60%,26.72%,N/L,N/L,N/L,N/L,N/L,2025-04-02
AIG,"American International Group","Insurance - Multi Line",Finance,46192856000,14.99,1.15,2.04%,7.88%,0.22,7.28,53812856000,-3550000000.,-7147000000.,554004000,-1404000000.,0.63,0.50%,90.60%,N/L,N/L,N/L,N/L,N/L,2025-08-06
AIN,"Albany International Corp","Textile - Products","Industrial Products",1924580000,23.27,2.06,4.88%,8.87%,0.5,10.26,2127830000,189300000,100010000,29500000,87620000,1.38,0.76%,97.37%,N/L,N/L,N/L,N/L,N/L,2025-07-30
AIOT,"Powerfleet Inc","Transportation - Services",Transportation,629851000,0,1.26,-4.45%,-8.56%,0.51,N/A,813221000,37800000,-9690000.,133443000,-50990000.,1.35,6.30%,73.40%,N/L,N/L,N/L,N/L,N/L,2025-08-11
AIP,"Arteris Inc","Internet - Software","Computers and Technology",425221000,0,N/A,-31.56%,"-8,546.17%",-0.33,N/A,413611000,-28800000.,-30980000.,42650000,-33640000.,1.45,29.10%,64.36%,N/L,N/L,N/L,N/L,N/L,2025-08-05
AIR,"AAR Corp","Aerospace - Defense Equipment",Aerospace,2726791000,18.39,2.14,4.92%,11.66%,0.8,13.12,3585591000,243000000,185200000,35964000,12500000,1.53,3.60%,90.74%,N/L,N/L,N/L,N/L,N/L,2025-09-22
AIRG,"Airgain Inc","Communications Components","Computers and Technology",51540000,0,1.7,-12.35%,-18.58%,0,N/A,43030000,-5180000.,-8890000.,11903000,-8690000.,0.8,17.80%,52.76%,N/L,N/L,N/L,N/L,N/L,2025-08-06
AIRJ,"Airjoule Technologies Corp","Technology Services","Business Services",288299000,0,0.99,-0.14%,-0.20%,0,N/A,260279000,-12420000.,-12460000.,60440000,215700000,0.42,58.00%,63.65%,N/L,N/L,N/L,N/L,N/L,2025-08-28
AIRO,"Airo Group Holdings Inc","Aerospace - Defense",Aerospace,670169000,0,N/A,0.00%,0.00%,0,N/A,670169000,0,0,27421000,-38694239.,N/A,N/A,0.00%,N/L,N/L,N/L,N/L,N/L,2022-06-30
AIRS,"Airsculpt Technologies Inc","Technology Services","Business Services",405841000,0,3.8,-6.30%,-15.63%,0.63,35.119999,472311000,15920000,4030000,62437000,-8250000.,2.5,76.58%,91.54%,N/L,N/L,N/L,N/L,N/L,2025-08-01
AISP,"Airship Ai Holdings Inc","Technology Services","Business Services",153801000,0,N/A,-258.29%,0.00%,0,N/A,142391000,-6590000.,-6810000.,31909000,-57460000.,0.3,57.90%,5.89%,N/L,N/L,N/L,N/L,N/L,2025-08-13
AIT,"Applied Industrial Technologies","Machinery - General Industrial","Industrial Products",10084201000,25.57,5.34,12.74%,21.78%,0.31,21.51,10268081000,563720000,498530000,37753000,392990000,0.94,1.67%,93.52%,N/L,N/L,N/L,N/L,N/L,2025-08-14
AIV,"Apartment Investment and Management","REIT - Equity Trust Resident",Finance,1105912000,0,7.94,-3.35%,-34.47%,8.06,264.730011,2004132000,192820000,86270000,142331000,-102470000.,1.39,3.99%,83.26%,N/L,N/L,N/L,N/L,N/L,2025-08-11
AIZ,"Assurant Inc","Insurance - Multi Line",Finance,10895105000,12.83,1.99,2.47%,16.47%,0.38,10.03,11170505000,1204700000,981200000,50459000,760200000,0.58,0.51%,92.65%,N/L,N/L,N/L,N/L,N/L,2025-08-05
AJG,"Arthur J. Gallagher & Company","Insurance - Brokers",Finance,77732792000,29.39,3.4,3.72%,13.17%,0.52,24.440001,75477392000,4341900000,3499600000,256400000,1462700000,0.68,1.60%,85.53%,N/L,N/L,N/L,N/L,N/L,2025-07-31
AKAM,"Akamai Technologies","Internet - Services","Computers and Technology",11132489000,17.19,2.5,6.50%,14.26%,0,8.48,11763899000,1285010000,630080000,143386000,504920000,0.76,2.00%,94.28%,N/L,N/L,N/L,N/L,N/L,2025-08-07
AKBA,"Akebia Therapeutics","Medical - Drugs",Medical,845813000,0,28.67,-13.47%,0.00%,1.61,N/A,832633000,42480000,780000,265145000,-69410000.,0.96,3.00%,33.92%,N/L,N/L,N/L,N/L,N/L,2025-08-07
AKR,"Acadia Realty Trust","REIT - Equity Trust Retail",Finance,2625501000,14.95,0.94,0.45%,0.79%,0.67,14.49,4123071000,337250000,198340000,131013000,21650000,1.41,2.83%,97.65%,N/L,N/L,N/L,N/L,N/L,2025-07-29
AKRO,"Akero Therapeutics Inc","Medical - Biomedical",Medical,3937858000,0,3.75,-14.58%,-15.84%,0.02,N/A,3633108000,-333960000.,-321470000.,79989000,-252060000.,-0.28,7.07%,N/A,N/L,N/L,N/L,N/L,N/L,2025-08-08
AL,"Air Lease Corp Cl A","Transportation - Equip & Lease",Transportation,6710370000,11.56,0.8,1.92%,7.99%,2.47,3.46,26444260000,3716640000,2416260000,111765000,427700000,1.41,6.64%,94.59%,N/L,N/L,N/L,N/L,N/L,2025-08-04
ALAB,"Astera Labs Inc","Internet - Software","Computers and Technology",29768160000,334.96,25.780001,8.67%,9.53%,0,N/A,29688610000,37110000,42300000,166219000,-83420000.,1.39,12.50%,60.47%,N/L,N/L,N/L,N/L,N/L,2025-08-05
ALB,"Albemarle Corp","Chemical - Diversified","Basic Materials",9572334000,0,1.12,-0.89%,-1.87%,0.35,20.620001,14131374000,-740810000.,-1329450000.,117683000,-1179450000.,1.63,0.33%,92.87%,N/L,N/L,N/L,N/L,N/L,2025-07-30
ALC,"Alcon Inc","Medical Instruments",Medical,40455872000,26.22,1.76,4.89%,6.92%,0.21,14.25,43422872000,2739000000,1513000000,493244000,1018000000,0.95,1.52%,53.86%,N/L,N/L,N/L,N/L,N/L,2025-08-19
ALDX,"Aldeyra Therapeu","Medical - Drugs",Medical,347996000,0,6.37,-50.61%,-73.63%,0.27,N/A,308496000,-54740000.,-53320000.,59896000,-55850000.,0.76,9.60%,59.71%,N/L,N/L,N/L,N/L,N/L,2025-08-07
ALE,"Allete Inc","Utility - Electric Power",Utilities,3747900000,19.31,1.11,2.83%,5.71%,0.59,8.24,5514900000,711000000,437800000,58035000,179300000,0.77,0.26%,76.55%,N/L,N/L,N/L,N/L,N/L,2025-08-07
ALEC,"Alector Inc","Medical - Biomedical",Medical,255054000,0,3.19,-26.37%,-112.06%,0.13,N/A,231424000,-140060000.,-134520000.,101212000,-119050000.,0.86,9.70%,85.83%,N/L,N/L,N/L,N/L,N/L,2025-08-07
ALEX,"Alexander and Baldwin Inc","REIT - Equity Trust Other",Finance,1385217000,12.16,1.34,4.75%,7.81%,0.44,13.47,1826387000,128180000,91870000,72753000,60540000,1.04,0.70%,91.29%,N/L,N/L,N/L,N/L,N/L,2025-07-24
ALG,"Alamo Group","Machinery - Farm","Industrial Products",2682829000,21.29,2.31,8.04%,11.45%,0.19,14.6,2706039000,236090000,182300000,12111000,115930000,1.1,1.18%,92.36%,N/L,N/L,N/L,N/L,N/L,2025-08-06
ALGM,"Allegro Microsystems Inc","Electronics - Semiconductors","Computers and Technology",5945335000,308.8,6.18,1.36%,2.09%,0.34,71.260002,6166885000,55110000,-11910000.,185040000,-73010000.,1.74,0.40%,56.45%,N/L,N/L,N/L,N/L,N/L,2025-07-31
ALGN,"Align Technology","Medical - Dental Suppliers",Medical,10841731000,20.1,2.61,8.32%,13.36%,0,15.65,9797841000,778780000,633750000,72486000,421360000,1.61,0.66%,88.43%,N/L,N/L,N/L,N/L,N/L,2025-07-30
ALGT,"Allegiant Travel Com","Transportation - Airline",Transportation,1112010000,17.92,0.97,1.26%,5.00%,1.86,3.39,2876200000,226320000,-31930000.,18350000,-240240000.,1.72,14.70%,85.81%,N/L,N/L,N/L,N/L,N/L,2025-08-04
ALHC,"Alignment Healthcare Inc","Medical Services",Medical,3136811000,0,22.200001,-6.05%,-43.68%,2.29,N/A,3025381000,30070000,4290000,198031000,-128040000.,1.16,7.00%,86.19%,N/L,N/L,N/L,N/L,N/L,2025-07-30
ALIT,"Alight Inc Cl A","Internet - Software","Computers and Technology",2087049000,7.83,0.65,3.21%,6.26%,0.65,3.44,3530049000,660000000,265000000,539289000,-157000000.,1,1.93%,96.74%,N/L,N/L,N/L,N/L,N/L,2025-08-05
ALK,"Alaska Air Group","Transportation - Airline",Transportation,6860945000,12.98,1.71,2.70%,12.62%,1.27,5.77,10563944000,1579000000,996000000,115310000,395000000,1.45,1.00%,81.90%,N/L,N/L,N/L,N/L,N/L,2025-07-23
ALKS,"Alkermes Plc","Medical - Biomedical",Medical,4911071000,13.33,2.95,17.14%,24.86%,0,10.96,4619921000,402770000,374240000,165078000,367070000,0.47,4.40%,95.21%,N/L,N/L,N/L,N/L,N/L,2025-07-29
ALKT,"Alkami Technology Inc","Internet - Software","Computers and Technology",2631219000,0,7.17,-3.14%,-5.81%,1.12,N/A,2536859000,-36610000.,-47330000.,104083000,-40840000.,0.57,18.10%,54.97%,N/L,N/L,N/L,N/L,N/L,2025-07-30
ALL,"Allstate Corp","Insurance - Proprty & Casualty",Finance,54155552000,9.81,2.47,5.05%,28.74%,0.34,9.81,63537552000,7685000000,7130000000,263505000,4667000000,0.35,1.70%,76.47%,N/L,N/L,N/L,N/L,N/L,2025-07-30
ALLE,"Allegion Plc","Protection - Safety","Industrial Products",14786288000,21.11,8.03,14.55%,42.62%,1.16,18.67,16281988000,934700000,815700000,85847000,597500000,1.05,0.23%,92.21%,N/L,N/L,N/L,N/L,N/L,2025-07-24
ALLO,"Allogene Therapeutics Inc","Medical - Biomedical",Medical,264038000,0,0.71,-42.75%,-55.99%,0,N/A,188818000,-248980000.,-254270000.,221881000,-257590000.,0.35,13.20%,83.63%,N/L,N/L,N/L,N/L,N/L,2025-08-13
ALLT,"Allot Communications","Technology Services","Business Services",362476000,0,3.46,0.40%,0.94%,0,156.979996,345426000,5190000,-1030000.,46531000,-5870000.,1.32,3.40%,51.50%,N/L,N/L,N/L,N/L,N/L,2025-08-14
ALLY,"Ally Financial","Finance - Consumer Loans",Finance,12490850000,11.65,0.97,0.59%,9.48%,1.09,5.74,22017850000,4070000000,2871000000,307808000,668000000,1.16,0.67%,88.76%,N/L,N/L,N/L,N/L,N/L,2025-10-17
ALMS,"Alumis Inc","Medical - Biomedical",Medical,503670000,0,0.99,-92.50%,-119.15%,0,N/A,334140000,-435940000.,-439090000.,104064000,-294230000.,-1.47,40.70%,N/A,N/L,N/L,N/L,N/L,N/L,2025-08-12
ALMU,"Aeluma Inc","Electronics - Semiconductors","Computers and Technology",314285000,0,13.15,-50.73%,-87.90%,0,N/A,312995000,-1820000.,-2160000.,15881000,-4560000.,N/A,N/A,N/A,N/L,N/L,N/L,N/L,N/L,2025-09-09
ALNT,"Allient Inc","Electronics - Misc Components","Computers and Technology",794137000,26.75,2.59,4.67%,9.97%,0.7,14.55,982217000,72410000,45980000,16947000,13170000,1.52,15.60%,61.57%,N/L,N/L,N/L,N/L,N/L,2025-08-06
ALNY,"Alnylam Pharmaceuticals","Medical - Biomedical",Medical,59559676000,0,244.570007,-7.39%,-273.52%,0,N/A,58593248000,-123510000.,-180180000.,131079000,-278160000.,0.25,1.50%,92.97%,N/L,N/L,N/L,N/L,N/L,2025-07-31
ALRM,Alarm.com,"Protection - Safety","Industrial Products",2952380000,30.31,3.55,5.03%,13.84%,0.62,19.780001,1776430000,202860000,155000000,49905000,124120000,0.97,5.80%,91.74%,N/L,N/L,N/L,N/L,N/L,2025-08-07
ALRS,"Alerus Financial Corp","Finance - Misc Services",Finance,570902000,10.83,1.02,0.98%,10.21%,0.11,11.52,568732000,95360000,78980000,25396000,17780000,0.71,4.20%,51.25%,N/L,N/L,N/L,N/L,N/L,2025-07-28
ALSN,"Allison Transmission Holdings","Auto - Truck Original Parts",Auto-Tires-Trucks,7467833000,9.82,4.12,14.19%,45.56%,1.37,8.65,9086833000,1124000000,1000000000,83617000,731000000,0.97,1.10%,96.90%,N/L,N/L,N/L,N/L,N/L,2025-08-04
ALT,"Altimmune Inc","Medical - Drugs",Medical,312430000,0,1.77,-55.29%,-62.63%,0.09,N/A,275460000,-97990000.,-94380000.,88257000,-95060000.,-0.01,4.10%,78.05%,N/L,N/L,N/L,N/L,N/L,2025-08-12
ALTG,"Alta Equipment Group Inc","Machinery - General Industrial","Industrial Products",257025000,0,5.31,-4.38%,-95.61%,16.16,2.75,913925000,200700000,52000000,32048000,-62100000.,1.6,19.20%,73.58%,N/L,N/L,N/L,N/L,N/L,2025-08-07
ALTO,"Alto Ingredients Inc","Consumer Prdts - Misc Discr","Consumer Discretionary",82042000,0,0.38,-10.60%,-18.78%,0.57,N/A,138732000,-30820000.,-57050000.,77398000,-58980000.,0.61,5.26%,42.44%,N/L,N/L,N/L,N/L,N/L,2025-08-06
ALTS,"Alt5 Sigma Corporation","Finance - Misc Services",Finance,141971000,0,9.35,-16.28%,-179.28%,0.61,N/A,168651000,-3680000.,-7110000.,21609000,-6250000.,2.17,4.90%,6.27%,N/L,N/L,N/L,N/L,N/L,2025-07-04
ALV,"Autoliv Inc","Auto - Truck Original Parts",Auto-Tires-Trucks,9540964000,12.98,3.72,8.86%,30.73%,0.83,8.85,11119964000,1467000000,1080000000,76807000,647000000,1.39,0.20%,69.57%,N/L,N/L,N/L,N/L,N/L,2025-10-17
ALXO,"Alx Oncology Holdings Inc","Medical - Biomedical",Medical,62655000,0,0.85,-84.83%,-115.67%,0.16,N/A,54995000,-125170000.,-121650000.,53551000,-134850000.,1.14,21.00%,97.97%,N/L,N/L,N/L,N/L,N/L,2025-08-12
AM,"Antero Midstream Corp","Oil - US Integrated",Oils-Energy,8469468000,18.64,4.06,7.93%,21.67%,1.45,13.8,11586428000,1051950000,835270000,478501000,400890000,0.97,0.86%,53.97%,N/L,N/L,N/L,N/L,N/L,2025-07-30
AMAL,"Amalgamated Financial Corp","Finance - SBIC & Commercial",Finance,904474000,7.95,1.15,1.31%,15.21%,0.1,7.17,1134394000,161500000,147870000,30109000,106430000,0.89,1.29%,75.93%,N/L,N/L,N/L,N/L,N/L,2025-07-24
AMAT,"Applied Materials","Electronics - Semiconductors","Computers and Technology",130397904000,16.7,6.76,23.06%,41.31%,0.32,17.33,128634904000,9015000000,8623000000,802498000,7177000000,1.7,0.24%,80.56%,N/L,N/L,N/L,N/L,N/L,2025-08-14
AMBA,"Ambarella Inc","Electronics - Semiconductors","Computers and Technology",3051264000,0,4.89,-14.43%,-17.50%,0,N/A,2906634000,-87530000.,-113010000.,42414000,-117130000.,2.08,5.30%,82.09%,N/L,N/L,N/L,N/L,N/L,2025-08-28
AMBC,"Ambac Financial Group","Insurance - Proprty & Casualty",Finance,401377000,0,0.38,-0.49%,-3.50%,0.15,36.470001,644957000,-50700000.,-70350000.,46402000,-556450000.,0.92,6.20%,84.49%,N/L,N/L,N/L,N/L,N/L,2025-08-07
AMBP,"Ardagh Metal Packaging S.A.","Metal Production & Fabrication","Basic Materials",2253329000,17.67,N/A,2.70%,-76.86%,-12.77,3.72,5545329000,840000000,391000000,597700000,-3000000.,0.55,0.02%,16.93%,N/L,N/L,N/L,N/L,N/L,2025-07-24
AMBR,"Amber International Holding Limited","Technology Services","Business Services",47460000,0,3.45,0.00%,0.00%,0,N/A,27820000,-81910000.,-82610000.,10141000,-29150000.,0.72,15.10%,0.00%,N/L,N/L,N/L,N/L,N/L,2025-05-28
AMC,"AMC Entertainment Holdings","Leisure & Recreation Services","Consumer Discretionary",1513185000,0,N/A,-4.07%,0.00%,-2.32,N/A,4907485000,646500000,336200000,512944000,-352600000.,1.49,0.32%,28.80%,N/L,N/L,N/L,N/L,N/L,2025-08-11
AMCR,"Amcor Plc","Containers - Paper Products","Industrial Products",12588938000,12.36,1.06,5.15%,19.43%,1.18,6.6,25743938000,1897000000,1139000000,1445343000,511000000,0.74,0.60%,45.14%,N/L,N/L,N/L,N/L,N/L,2025-08-14
AMCX,"AMC Networks Cl A","Broadcast - Radio & TV","Consumer Discretionary",308026000,2.49,0.3,3.47%,15.73%,2.19,0.25,1915476000,1082650000,61160000,43384000,-226550000.,1.38,15.62%,78.51%,N/L,N/L,N/L,N/L,N/L,2025-08-08
AMD,"Adv Micro Devices","Computer - Integrated Systems","Computers and Technology",272248288000,60.86,4.45,6.13%,7.54%,0.05,35.439999,270182272000,6938000000,3761000000,1622844000,1641000000,1.94,0.06%,71.34%,N/L,N/L,N/L,N/L,N/L,2025-08-05
AMDW,"Roundhill Amd Weeklypay ETF",N/A,N/A,N/A,N/A,N/A,N/A,N/A,N/A,N/A,N/A,N/A,N/A,N/A,0,N/A,N/A,N/A,N/L,N/L,N/L,N/L,N/L,N/A
AME,"Ametek Inc","Electronic Test Equipment","Computers and Technology",43176848000,25.98,4.08,10.98%,16.53%,0.19,21.559999,44882576000,2214220000,1831290000,230954000,1376120000,1.1,0.57%,87.43%,N/L,N/L,N/L,N/L,N/L,2025-07-31
AMG,"Affiliated Managers Group","Finance - Investment Mgmt",Finance,6390996000,9.95,1.5,7.68%,16.11%,0.63,8.87,8411695000,691300000,648900000,28412000,511600000,1.14,4.20%,95.30%,N/L,N/L,N/L,N/L,N/L,2025-07-31
AMGN,"Amgen Inc","Medical - Biomedical",Medical,158127696000,13.56,21.41,13.12%,174.71%,7.57,9.74,206253696000,13784000000,8192000000,538362000,4090000000,0.49,0.76%,76.50%,N/L,N/L,N/L,N/L,N/L,2025-08-05
AMH,"American Homes 4 Rent","REIT - Equity Trust Resident",Finance,13263741000,19.36,1.67,3.29%,5.60%,0.66,14.45,17924370000,1404470000,915970000,370910000,412430000,0.72,6.32%,91.87%,N/L,N/L,N/L,N/L,N/L,2025-07-31
AMKR,"Amkor Technology","Electronics - Semiconductors","Computers and Technology",5953675000,18.87,1.36,4.25%,7.23%,0.37,6.01,5979585000,1005500000,407300000,247143000,354010000,1.85,26.90%,42.76%,N/L,N/L,N/L,N/L,N/L,2025-07-28
AMLX,"Amylyx Pharmaceuticals Inc","Medical - Drugs",Medical,829253000,0,4.48,-70.15%,-82.48%,0,N/A,751863000,-205920000.,-196970000.,89167000,-301740000.,-0.46,12.30%,95.84%,N/L,N/L,N/L,N/L,N/L,2025-08-07
AMN,"Amn Healthcare Services Inc","Medical Services",Medical,795223000,9.31,1.24,3.34%,11.09%,1.51,1.43,1840443000,593620000,197380000,38324000,-146980000.,0.1,0.93%,99.23%,N/L,N/L,N/L,N/L,N/L,2025-08-07
AMP,"Ameriprise Financial Services","Finance - Investment Mgmt",Finance,48731080000,13.73,7.83,2.02%,65.90%,0.95,14.52,45480080000,5421000000,5580000000,94272000,3401000000,1.24,0.73%,83.95%,N/L,N/L,N/L,N/L,N/L,2025-07-24
AMPH,"Amphastar Pharma","Medical - Generic Drugs",Medical,1418097000,9.69,1.85,9.68%,20.76%,0.8,5.93,1868117000,240660000,181660000,46495000,159520000,0.76,27.50%,65.09%,N/L,N/L,N/L,N/L,N/L,2025-08-07
AMPL,"Amplitude Inc Cl A","Technology Services","Business Services",1179394000,0,3.86,-21.31%,-33.08%,0,N/A,1006834000,-100700000.,-106810000.,102112000,-94320000.,1.54,23.83%,73.20%,N/L,N/L,N/L,N/L,N/L,2025-08-06
AMPX,"Amprius Technologies Inc","Technology Services","Business Services",896795000,0,11.08,-32.57%,-55.79%,0,N/A,841635000,-34440000.,-39490000.,125076000,-44670000.,2.72,12.90%,5.04%,N/L,N/L,N/L,N/L,N/L,2025-08-07
AMPY,"Amplify Energy Corp","Oil - US Exploration & Product",Oils-Energy,167125000,5.93,0.39,3.59%,6.61%,0.32,2.27,294125000,100980000,67160000,40466000,12950000,0.49,10.30%,42.84%,N/L,N/L,N/L,N/L,N/L,2025-08-06
AMR,"Alpha Metallurgical Resources Inc","Mining - Misc","Basic Materials",1846226000,0,1.12,-1.54%,-2.28%,0,4.64,1370436000,356020000,155820000,13054000,187580000,0.59,16.00%,84.29%,N/L,N/L,N/L,N/L,N/L,2025-08-08
AMRC,"Ameresco Inc","Other Alt Energy",Oils-Energy,1279899000,16.71,1.11,1.74%,7.00%,1.7,7.56,2737399000,228000000,133640000,52541000,56760000,2.27,44.96%,99.24%,N/L,N/L,N/L,N/L,N/L,2025-08-04
AMRK,"A-Mark Precious Meta","Precious Metals & Jewelry","Consumer Discretionary",592970000,10.05,0.75,2.73%,8.04%,0.46,5.49,793320000,70520000,56680000,24625000,68550000,0.14,48.64%,75.25%,N/L,N/L,N/L,N/L,N/L,2025-09-04
AMRN,"Amarin Corp ADR","Medical - Biomedical",Medical,330898000,0,0.7,-15.00%,-21.18%,0,N/A,209558000,-107430000.,-110440000.,20707000,-82180000.,0.84,3.30%,22.25%,N/L,N/L,N/L,N/L,N/L,2025-07-30
AMRX,"Amneal Pharmaceuticals Inc","Medical - Drugs",Medical,3012018000,14.22,N/A,6.17%,-189.49%,-21.93,6.86,5444568000,641610000,376320000,314079000,-116890000.,1.11,26.56%,31.82%,N/L,N/L,N/L,N/L,N/L,2025-08-05
AMRZ,"Amrize Ltd","Building & Construction - Misc",Construction,0,0,N/A,0.00%,0.00%,0,N/A,0,0,0,0,1419000000,N/A,N/A,N/A,N/L,N/L,N/L,N/L,N/L,2025-08-06
AMSC,"Amer Superconductor","Electronics - Misc Components","Computers and Technology",2288759000,86.77,6.59,6.20%,9.35%,0,84.169998,2207649000,16060000,9520000,45161000,6030000,2.95,4.80%,52.28%,N/L,N/L,N/L,N/L,N/L,2025-07-30
AMSF,"Amerisafe Inc","Insurance - Accident & Health",Finance,890488000,19.42,3.31,3.84%,16.54%,0,17.290001,846438000,65780000,63240000,18991000,55440000,0.39,1.61%,97.41%,N/L,N/L,N/L,N/L,N/L,2025-07-24
AMT,"American Tower Corp","REIT - Equity Trust Other",Finance,99213032000,20.34,9.37,4.01%,24.85%,3.58,18.110001,133606632000,8546800000,6367900000,468251000,2255000000,0.82,0.17%,92.69%,N/L,N/L,N/L,N/L,N/L,2025-07-29
AMTB,"Mercantil Bank Holding Cl A","Banks - Southeast",Finance,888419000,12.63,0.9,0.63%,7.12%,0.93,13.66,1203649000,58860000,47700000,41749000,-15750000.,1.37,5.37%,42.11%,N/L,N/L,N/L,N/L,N/L,2025-07-23
AMTM,"Amentum Holdings Inc","Engineering & R&D Services","Industrial Products",6068625000,11.84,1.29,4.18%,10.90%,0.98,7.94,10295625000,1060000000,787000000,243329000,-82000000.,N/A,18.67%,39.93%,N/L,N/L,N/L,N/L,N/L,2025-08-05
AMTX,"Aemetis Inc",Biofuels,Oils-Energy,160632000,0,N/A,-33.18%,0.00%,-1.11,N/A,597602000,-28730000.,-43580000.,63241000,-87540000.,1.49,14.70%,27.02%,N/L,N/L,N/L,N/L,N/L,2025-08-07
AMWD,"Amer Woodmark Corp",Furniture,"Consumer Discretionary",974312000,9.4,1.01,6.35%,11.09%,0.41,5.7,1299602000,197000000,140230000,14503000,99460000,1.2,1.70%,95.47%,N/L,N/L,N/L,N/L,N/L,2025-08-26
AMWL,"American Well Corp Cl A","Medical Information Systems",Medical,115487000,0,0.38,-30.80%,-41.99%,0,N/A,-112833000.,-72480000.,-108370000.,16152000,-208140000.,1.28,11.82%,56.05%,N/L,N/L,N/L,N/L,N/L,2025-08-05
AMX,"America Movil S.A.B. DE C.V. ADR","Wireless Non-US","Computers and Technology",60792596000,20.66,2.57,3.12%,12.59%,1.31,6.14,86987600000,22404740000,14306740000,3020000000,1131000000,0.8,1.00%,6.30%,N/L,N/L,N/L,N/L,N/L,2025-07-29
AMZN,"Amazon.com Inc","Internet Commerce",Retail-Wholesale,2440558400000,33.83,7.09,11.14%,23.84%,0.15,20.99,2178998400000,128985000000,76190000000,10664912000,59248000000,1.31,9.70%,72.20%,N/L,N/L,N/L,N/L,N/L,2025-07-31
AN,"Autonation Inc","Retail - Wsale Auto & Trucks",Retail-Wholesale,8250073000,10.99,3.21,5.72%,31.12%,1.91,8.65,12259873000,1806900000,1557300000,37706000,692200000,0.89,1.00%,94.62%,N/L,N/L,N/L,N/L,N/L,2025-07-25
ANAB,"Anaptysbio Inc","Medical - Biomedical",Medical,566099000,0,N/A,-30.58%,-366.98%,0,N/A,443019000,-94060000.,-86140000.,27997000,-145230000.,-0.2,33.50%,N/A,N/L,N/L,N/L,N/L,N/L,2025-08-04
ANDE,"Andersons Inc","Agriculture Products","Basic Materials",1400899000,15.78,0.82,2.26%,5.28%,0.46,5.37,1650029000,281340000,153540000,34210000,114010000,0.75,4.30%,87.06%,N/L,N/L,N/L,N/L,N/L,2025-08-04
ANET,"Arista Networks Inc","Internet - Software","Computers and Technology",167477264000,53.73,15.21,21.58%,31.05%,0,63.23,164714896000,3431470000,3429900000,1256865000,2852050000,1.37,3.39%,82.47%,N/L,N/L,N/L,N/L,N/L,2025-08-05
ANF,"Abercrombie & Fitch Company","Retail - Apparel & Shoes",Retail-Wholesale,4690930000,9.14,3.68,16.76%,42.32%,0,6.36,3918200000,881850000,712500000,47643000,566220000,1.54,2.29%,N/A,N/L,N/L,N/L,N/L,N/L,2025-08-27
ANGI,"Angi Inc","Internet - Content","Computers and Technology",809241000,13.93,0.77,3.29%,5.73%,0.5,6.84,889651000,197020000,108370000,44342000,36000000,1.7,1.70%,12.84%,N/L,N/L,N/L,N/L,N/L,2025-08-05
ANGO,"Angiodynamics Inc","Medical Instruments",Medical,383991000,0,2.01,-2.09%,-3.20%,0,18.620001,328101000,-3840000.,-29640000.,40634000,-33990000.,0.67,5.40%,89.43%,N/L,N/L,N/L,N/L,N/L,2025-10-02
ANIK,"Anika Therapeutics","Medical - Biomedical",Medical,139134000,0,0.88,-8.51%,-10.97%,0,94.879997,83504000,-3640000.,-11760000.,14418000,-56390000.,0.64,9.64%,91.53%,N/L,N/L,N/L,N/L,N/L,2025-07-30
ANIP,"ANI Pharma Inc","Medical - Biomedical",Medical,1974917000,17.73,4.53,8.00%,25.03%,0.68,12,2173157000,181030000,99700000,21700000,-18520000.,0.61,11.10%,76.05%,N/L,N/L,N/L,N/L,N/L,2025-08-08
ANIX,"Anixa Biosciences Inc","Medical - Biomedical",Medical,98566000,0,6.37,-60.38%,-68.17%,0,N/A,97296000,-13100000.,-13140000.,32211000,-12550000.,0.43,25.30%,29.13%,N/L,N/L,N/L,N/L,N/L,2025-09-05
ANNX,"Annexon Inc","Medical - Biomedical",Medical,253839000,0,1.2,-57.67%,-70.04%,0,N/A,204339000,-198910000.,-201060000.,109887000,-138200000.,1.3,11.87%,N/A,N/L,N/L,N/L,N/L,N/L,2025-08-18
ANRO,"Alto Neuroscience Inc","Medical - Biomedical",Medical,105600000,0,0.79,-36.73%,-44.34%,0.16,N/A,-52380000.,-69750000.,-70250000.,27077000,-61430000.,1.84,11.13%,0.00%,N/L,N/L,N/L,N/L,N/L,2025-08-12
ANVS,"Annovis Bio Inc","Medical - Biomedical",Medical,46182000,0,2.53,-158.26%,-206.00%,0,N/A,35632000,-23670000.,-23670000.,19486000,-24590000.,1.51,20.80%,15.83%,N/L,N/L,N/L,N/L,N/L,2025-08-13
ANY,"Sphere 3D Corp","Finance - Misc Services",Finance,16622000,0,0.42,-41.94%,-47.27%,0,N/A,11212000,-7790000.,-14900000.,28321000,-9470000.,3.22,3.60%,17.28%,N/L,N/L,N/L,N/L,N/L,2025-08-12
AON,"AON Plc","Insurance - Brokers",Finance,80881688000,23.02,10.1,7.00%,50.91%,2.16,20.280001,96937688000,5666000000,4980000000,215627000,2654000000,0.83,1.10%,86.14%,N/L,N/L,N/L,N/L,N/L,2025-07-25
AORT,"Artivion Inc","Medical Instruments",Medical,2115259000,102.71,4.39,2.29%,5.70%,0.51,51.709999,2376149000,41790000,17580000,47184000,-13360000.,1.64,7.60%,86.37%,N/L,N/L,N/L,N/L,N/L,2025-08-07
AOS,"Smith A.O. Corp","Machinery - Electrical","Industrial Products",10314970000,19.44,5.45,16.52%,28.42%,0.16,16.52,10268570000,784200000,705400000,140130000,533600000,1.22,0.76%,76.10%,N/L,N/L,N/L,N/L,N/L,2025-07-24
AOSL,"Alpha and Omega Semi","Electronics - Semiconductors","Computers and Technology",848329000,0,0.96,-0.66%,-0.83%,0.02,26.49,709699000,25320000,-28440000.,29415000,-96980000.,2.14,16.90%,78.97%,N/L,N/L,N/L,N/L,N/L,2025-08-06
AOUT,"American Outdoor Brands Inc","Leisure & Recreational Prdcts","Consumer Discretionary",131152000,17.02,0.68,2.96%,4.13%,0,5.91,107732000,13130000,-150000.,12758000,-80000.,0.38,4.30%,49.87%,N/L,N/L,N/L,N/L,N/L,2025-09-04
AP,"Ampco-Pittsburgh Corp","Metal Production & Fabrication","Basic Materials",60748000,46.67,0.74,0.19%,1.40%,1.76,2.95,173898000,45680000,27070000,20317000,440000,0.89,31.61%,49.16%,N/L,N/L,N/L,N/L,N/L,2025-08-12
APA,"Apa Corp","Oil - US Exploration & Product",Oils-Energy,7742489000,5.55,1.08,7.21%,20.98%,0.66,2.12,13161489000,6638000000,4372000000,357786000,804000000,1.23,0.69%,83.01%,N/L,N/L,N/L,N/L,N/L,2025-08-06
APAM,"Artisan Partners Asset Mgmt","Finance - Investment Mgmt",Finance,3770585000,12.38,8.65,19.47%,71.72%,0.48,12.14,4029715000,378900000,368650000,80706000,259750000,1.69,12.53%,86.45%,N/L,N/L,N/L,N/L,N/L,2025-07-29
APD,"Air Products and Chemicals","Chemical - Diversified","Basic Materials",66610408000,24.06,3.68,6.79%,15.11%,0.97,15.46,77775112000,2981700000,1530600000,222554000,3828200000,0.81,0.41%,81.66%,N/L,N/L,N/L,N/L,N/L,2025-07-31
APEI,"American Public Education",Schools,"Consumer Discretionary",557005000,29.34,2.06,5.07%,10.82%,0.35,14.93,531175000,94170000,73390000,18067000,16110000,1.6,17.54%,79.62%,N/L,N/L,N/L,N/L,N/L,2025-08-06
APG,"Api Group Corp","Business Services","Business Services",14872154000,26.92,4.65,7.80%,21.33%,0.87,11.5,17126154000,787000000,485000000,415888000,250000000,1.56,17.00%,86.62%,N/L,N/L,N/L,N/L,N/L,2025-07-31
APGE,"Apogee Therapeutics Inc","Medical - Biomedical",Medical,1764630000,0,2.7,-32.76%,-34.65%,0,N/A,1622840000,-282890000.,-270840000.,46110000,-182150000.,1.43,42.77%,79.04%,N/L,N/L,N/L,N/L,N/L,2025-08-11
APH,"Amphenol Corp","Electronics - Connectors","Computers and Technology",133519920000,43.7,11.46,14.10%,30.58%,0.7,44.400002,137097712000,4789400000,4216900000,1220921000,2424000000,1.13,1.67%,97.01%,N/L,N/L,N/L,N/L,N/L,2025-07-23
API,"Agora Inc Ads","Technology Services","Business Services",329469000,0,0.58,-3.17%,-3.87%,0.1,N/A,176779000,-34260000.,-44380000.,93334000,-42730000.,0.59,14.60%,40.40%,N/L,N/L,N/L,N/L,N/L,2025-08-18
APLD,"Applied Digital Corp","Finance - Misc Services",Finance,4197396000,0,7.13,-13.45%,-50.03%,1.52,N/A,4948706000,49450000,-58060000.,261520000,-231070000.,6.17,11.81%,65.67%,N/L,N/L,N/L,N/L,N/L,2025-10-08
APLE,"Apple Hospitality REIT Inc","REIT - Equity Trust Other",Finance,3050061000,7.9,0.91,3.64%,5.58%,0.51,7.3,4622852000,582090000,391490000,236990000,214060000,1.08,7.10%,89.66%,N/L,N/L,N/L,N/L,N/L,2025-08-06
APLS,"Apellis Pharmaceuticals Inc","Medical - Biomedical",Medical,3532331000,0,22.32,-26.72%,-116.09%,2.31,N/A,3479211000,-177780000.,-190070000.,126290000,-197880000.,0.78,6.50%,96.29%,N/L,N/L,N/L,N/L,N/L,2025-07-31
APLT,"Applied Therapeutics Inc","Medical - Biomedical",Medical,73734000,0,4.17,-144.16%,-354.24%,0,N/A,-5666000.,-110400000.,-111390000.,144012000,-105620000.,1.97,1.60%,98.31%,N/L,N/L,N/L,N/L,N/L,2025-08-13
APO,"Apollo Asset Management Inc","Finance - Investment Mgmt",Finance,76766016000,19.42,2.36,1.05%,13.38%,0.36,20.52,71814016000,7869000000,6917000000,572027000,4577000000,1.62,8.20%,77.06%,N/L,N/L,N/L,N/L,N/L,2025-08-05
APOG,"Apogee Entrpr Inc","Glass Products","Industrial Products",972941000,10.42,1.9,8.02%,17.79%,0.65,5.79,1216491000,135910000,83670000,21530000,85050000,1,2.00%,94.05%,N/L,N/L,N/L,N/L,N/L,2025-10-03
APP,"Applovin Corp Cl A","Technology Services","Business Services",149398256000,60.6,121.550003,41.46%,252.67%,3.01,70.099998,152165824000,3407140000,2953000000,338250000,1579780000,2.43,13.66%,41.85%,N/L,N/L,N/L,N/L,N/L,2025-08-06
APPF,"Appfolio Cl A","Internet - Software","Computers and Technology",9871048000,81.07,21.24,21.33%,26.32%,0,73.879997,9828548000,181410000,161590000,35853000,204070000,0.95,4.68%,85.19%,N/L,N/L,N/L,N/L,N/L,2025-07-31
APPN,"Appian Corp Cl A","Internet - Software","Computers and Technology",2206894000,0,N/A,-2.87%,0.00%,-4.57,N/A,2338774000,-3320000.,-13940000.,74032000,-92260000.,1.75,43.00%,52.70%,N/L,N/L,N/L,N/L,N/L,2025-08-07
APPS,"Digital Turbine","Internet - Software","Computers and Technology",458426000,128.67,2.74,0.44%,2.24%,2.63,4.7,827136000,40270000,-42640000.,108375000,-92100000.,2.57,6.10%,63.66%,N/L,N/L,N/L,N/L,N/L,2025-08-05
APT,"Alpha Pro Tech","Protection - Safety","Industrial Products",50689000,13.59,0.81,4.88%,5.75%,0,10.58,32049000,4940000,4070000,10473000,3930000,0.24,15.00%,22.69%,N/L,N/L,N/L,N/L,N/L,2025-08-06
APTV,"Aptiv Plc","Auto - Truck Original Parts",Auto-Tires-Trucks,17078916000,10.06,1.64,7.19%,18.46%,0.79,6.77,23948916000,3101000000,2125000000,217760000,1787000000,1.48,0.45%,94.21%,N/L,N/L,N/L,N/L,N/L,2025-07-31
APYX,"Apyx Medical Corp","Medical Products",Medical,79042000,0,10.44,-28.30%,-158.22%,4.61,N/A,81192000,-11700000.,-12300000.,37819000,-23460000.,1.39,15.20%,55.33%,N/L,N/L,N/L,N/L,N/L,2025-08-07
AQMS,"Aqua Metals Inc","Waste Removal Svcs","Business Services",5062000,0,0.69,-135.05%,-214.23%,0,N/A,982000,-26250000.,-27600000.,1406000,-24550000.,0.29,8.33%,21.98%,N/L,N/L,N/L,N/L,N/L,2025-08-13
AQN,"Algonquin Power & Util","Utility - Electric Power",Utilities,4469836000,18.13,0.9,1.69%,4.76%,1.23,6.28,11323066000,1283490000,806810000,768013000,-1380520000.,0.67,0.05%,62.28%,N/L,N/L,N/L,N/L,N/L,2025-08-08
AQST,"Aquestive Therapeutics Inc","Medical - Drugs",Medical,396902000,0,N/A,-63.87%,0.00%,-0.44,N/A,357852000,-41180000.,-52610000.,99724000,-44140000.,1.99,8.35%,32.45%,N/L,N/L,N/L,N/L,N/L,2025-08-11
AR,"Antero Resources Corp","Oil - US Exploration & Product",Oils-Energy,9530521000,20.33,1.27,3.65%,6.48%,0.15,12.63,11019751000,2007200000,1266050000,308931000,57230000,0.64,6.30%,83.04%,N/L,N/L,N/L,N/L,N/L,2025-07-30
ARAY,"Accuray Inc","Medical Instruments",Medical,179104000,0,3.24,-0.58%,-5.79%,3.35,N/A,274444000,7360000,3610000,112644000,-1590000.,1.24,4.23%,64.08%,N/L,N/L,N/L,N/L,N/L,2025-08-13
ARBE,"Arbe Robotics Ltd","Technology Services","Business Services",136863000,0,2.22,-56.75%,-96.24%,0.16,N/A,153703000,-49530000.,-50120000.,105279000,-49320000.,0.42,53.53%,33.42%,N/L,N/L,N/L,N/L,N/L,2025-08-07
ARBK,"Argo Blockchain Plc ADR","Finance - Misc Services",Finance,20714000,0,N/A,0.00%,0.00%,-1.36,N/A,52244000,320000,-8040000.,71947000,-55100000.,1.78,0.00%,2.42%,N/L,N/L,N/L,N/L,N/L,2025-08-27
ARCB,"Arcbest Corp","Transportation - Truck",Transportation,1752024000,14.89,1.26,4.66%,8.67%,0.19,5.64,1813724000,366180000,217090000,22727000,173960000,1.69,1.28%,99.27%,N/L,N/L,N/L,N/L,N/L,2025-07-30
ARCC,"Ares Capital Corp","Finance - SBIC & Commercial",Finance,15743791000,10.45,1.12,5.00%,10.48%,1.01,10.1,28642792000,1494000000,1467000000,705367000,1522000000,0.7,0.48%,27.38%,N/L,N/L,N/L,N/L,N/L,2025-07-29
ARCO,"Arcos Dorados Holdings Inc","Retail - Restaurants",Retail-Wholesale,1497757000,11.1,2.53,4.10%,24.54%,1.68,4.52,2141547000,467710000,290360000,210655000,148760000,0.59,N/A,55.91%,N/L,N/L,N/L,N/L,N/L,2025-08-13
ARCT,"Arcturus Therapeutics Ltd","Medical - Biomedical",Medical,502639000,0,2.05,-17.75%,-24.87%,0,N/A,210609000,-69040000.,-72580000.,27155000,-80940000.,2.26,16.60%,94.54%,N/L,N/L,N/L,N/L,N/L,2025-08-11
ARDT,"Ardent Health Inc","Medical Services",Medical,1857516000,7.05,1.11,5.18%,16.66%,0.67,5.03,2396936000,1124610000,972850000,143106000,210340000,N/A,1.70%,N/A,N/L,N/L,N/L,N/L,N/L,2025-08-05
ARDX,"Ardelyx Inc","Medical - Drugs",Medical,1472406000,0,10.55,-13.42%,-36.57%,1.44,N/A,1558326000,-38330000.,-40390000.,240983000,-39140000.,0.68,4.80%,58.92%,N/L,N/L,N/L,N/L,N/L,2025-08-04
ARE,"Alexandria Real Estate Equities","REIT - Equity Trust Other",Finance,13997571000,8.24,0.62,-0.03%,-0.05%,0.61,9.19,25702062000,3174890000,2039750000,172959000,322950000,1.24,1.08%,96.54%,N/L,N/L,N/L,N/L,N/L,2025-07-21
AREC,"American Resources Corp","Mining - Misc","Basic Materials",150604000,0,N/A,-21.17%,0.00%,-1.89,N/A,312164000,-21840000.,-27050000.,84609000,-40110000.,0.89,16.80%,9.32%,N/L,N/L,N/L,N/L,N/L,2025-08-18
AREN,"The Arena Group Holdings Inc","Technology Services","Business Services",314700000,10.5,N/A,24.02%,-27.62%,-6.44,60.779999,420950000,58490000,45740000,47466000,-100710000.,0.61,74.20%,85.55%,N/L,N/L,N/L,N/L,N/L,2025-08-18
ARES,"Ares Management LP","Finance - Investment Mgmt",Finance,59157020000,41.46,8.57,3.69%,15.81%,0.53,56.860001,61085648000,998690000,840110000,326708000,463740000,1.4,36.86%,50.03%,N/L,N/L,N/L,N/L,N/L,2025-08-01
ARGX,"Argenx Se ADR","Medical - Biomedical",Medical,40392000000,71.45,6.66,18.25%,21.06%,0,223.440002,38892060000,474760000,457230000,61200000,833040000,0.39,2.43%,60.32%,N/L,N/L,N/L,N/L,N/L,2025-07-31
ARHS,"Arhaus Inc Cl A","Retail - Misc & Diversified",Retail-Wholesale,1749500000,24.22,4.34,5.62%,20.08%,0,9.71,1548570000,194550000,90250000,140975000,68550000,2.56,1.45%,27.88%,N/L,N/L,N/L,N/L,N/L,2025-08-07
ARI,"Apollo Commercial Real Estate","REIT - Mortgage Trusts",Finance,1443628000,9.68,0.76,1.74%,8.42%,0.66,23.309999,2376938000,133510000,134390000,138944000,-119640000.,1.5,0.68%,54.43%,N/L,N/L,N/L,N/L,N/L,2025-07-29
ARIS,"Aris Water Solutions Inc Cl A","Waste Removal Svcs","Business Services",1416081000,28.6,1.78,1.99%,3.77%,0.62,12.71,1829071000,191250000,109140000,59176000,26860000,1.67,37.84%,39.71%,N/L,N/L,N/L,N/L,N/L,2025-08-11
ARKO,"Arko Corp","Consumer Prdts - Misc Staple","Consumer Staples",585131000,62.75,2.17,0.41%,5.50%,3.46,4.11,1273721000,357080000,236470000,112742000,20850000,0.74,22.50%,78.29%,N/L,N/L,N/L,N/L,N/L,2025-08-06
ARLO,"Arlo Technologies Inc","Internet - Software","Computers and Technology",1830668000,0,14.77,-2.29%,-6.69%,0,N/A,1748638000,-11060000.,-11000000.,104371000,-30500000.,1.85,5.20%,83.18%,N/L,N/L,N/L,N/L,N/L,2025-08-07
ARLP,"Alliance Resource Pt",Coal,Oils-Energy,3014205000,11.41,1.64,9.04%,14.27%,0.25,4.54,3350415000,914410000,628960000,128428000,360860000,0.56,16.80%,18.11%,N/L,N/L,N/L,N/L,N/L,2025-07-28
ARM,"Arm Holdings Plc ADR","Electronics - Semiconductors","Computers and Technology",145714416000,138.83,20.1,11.72%,15.56%,0,106.349998,143629408000,946000000,763000000,1056514000,792000000,4.17,N/A,7.53%,N/L,N/L,N/L,N/L,N/L,2025-07-30
ARMK,"Aramark Holdings Corp","Business Services","Business Services",10527182000,22.02,3.36,3.67%,15.67%,2.04,12.28,15133652000,1693210000,1257660000,262851000,262520000,1.33,2.51%,N/A,N/L,N/L,N/L,N/L,N/L,2025-08-05
ARMN,"Aris Mining Corp","Mining - Gold","Basic Materials",1438865000,11.92,1.1,5.03%,9.00%,0.42,13.98,1702555000,277820000,247670000,202372000,24580000,-0.34,N/A,35.81%,N/L,N/L,N/L,N/L,N/L,2025-08-07
ARMP,"Armata Pharmaceuticals Inc","Medical - Biomedical",Medical,97096000,0,N/A,-24.00%,0.00%,-1.62,N/A,149296000,-34000000.,-35330000.,36230000,-18920000.,0.99,84.50%,3.57%,N/L,N/L,N/L,N/L,N/L,2025-08-12
AROC,"Archrock Inc","Oil - Field Services",Oils-Energy,4430689000,17.33,3.12,6.28%,18.74%,1.86,10.61,6624649000,907390000,680390000,175821000,172230000,1.1,2.60%,95.45%,N/L,N/L,N/L,N/L,N/L,2025-08-04
AROW,"Arrow Financial Corp","Banks - Northeast",Finance,483859000,13.4,1.14,0.79%,8.64%,0.06,11.74,354319000,46560000,41200000,16469000,29710000,0.82,3.28%,46.71%,N/L,N/L,N/L,N/L,N/L,2025-07-24
ARQ,"Arq Inc","Waste Removal Svcs","Business Services",315487000,0,1.39,-0.05%,-0.07%,0.13,73.239998,326787000,20630000,11430000,42691000,-5110000.,1.78,23.89%,18.49%,N/L,N/L,N/L,N/L,N/L,2025-08-11
ARQQ,"Arqit Quantum Inc","Internet - Software","Computers and Technology",392673000,0,22.83,0.00%,0.00%,0,N/A,373963000,-21160000.,0,12745000,-54580000.,2.33,54.60%,16.60%,N/L,N/L,N/L,N/L,N/L,2025-05-22
ARQT,"Arcutis Biotherapeutics Inc","Medical - Biomedical",Medical,1916681000,0,13.54,-25.16%,-62.62%,0.78,N/A,1951931000,-90140000.,-85840000.,119905000,-140040000.,1.84,9.40%,N/A,N/L,N/L,N/L,N/L,N/L,2025-08-06
ARR,"Armour Residential R","REIT - Mortgage Trusts",Finance,1391313000,4.32,0.81,1.64%,15.89%,7.72,4.05,11958973000,576930000,577280000,91594000,-14390000.,1.38,0.35%,54.17%,N/L,N/L,N/L,N/L,N/L,2025-07-23
ARRY,"Array Technologies Inc",Solar,Oils-Energy,1385216000,12.91,N/A,10.47%,-280.76%,-9.79,2.96,2105286000,358090000,63220000,152725000,-240390000.,1.74,0.45%,N/A,N/L,N/L,N/L,N/L,N/L,2025-08-07
ARVN,"Arvinas Inc","Medical - Biomedical",Medical,537420000,0,0.87,-6.97%,-12.01%,0,N/A,437520000,-129100000.,-118500000.,73418000,-198900000.,2.22,4.73%,95.19%,N/L,N/L,N/L,N/L,N/L,2025-08-06
ARW,"Arrow Electronics","Electronics - Parts Distrib","Computers and Technology",6698865000,12.97,1,2.30%,8.37%,0.44,8.53,9633815000,1068330000,870700000,51502000,392070000,1.1,1.00%,99.34%,N/L,N/L,N/L,N/L,N/L,2025-07-31
ARWR,"Arrowhead Pharma","Medical - Biomedical",Medical,2949043000,0,5.51,-11.62%,-40.91%,0.46,N/A,3239533000,-92610000.,-107960000.,138258000,-599490000.,0.94,4.30%,62.61%,N/L,N/L,N/L,N/L,N/L,2025-08-07
ARX,"Accelerant Holdings Cl A","Insurance - Brokers",Finance,6610609000,0,N/A,0.00%,0.00%,0,N/A,6610609000,0,0,219987000,-104250000.,N/A,6.20%,N/A,N/L,N/L,N/L,N/L,N/L,2025-08-28
AS,"Amer Sports Inc","Leisure & Recreational Prdcts","Consumer Discretionary",22973490000,59.05,3.73,3.94%,6.87%,0.18,39.84,23555390000,849800000,576000000,553845000,72600000,3.31,N/A,40.25%,N/L,N/L,N/L,N/L,N/L,2025-08-19
ASA,"ASA Gold and Precious Metals","Finance - Investment Funds",Finance,773573000,0,N/A,0.00%,0.00%,0,N/A,773573000,0,0,21524000,-2000000.,0.63,0.29%,0.00%,N/L,N/L,N/L,N/L,N/L,2017-07-24
ASAN,"Asana Inc Cl A","Internet - Software","Computers and Technology",3405110000,0,13.64,-24.34%,-87.78%,0.16,N/A,3259540000,-200900000.,-244470000.,235322000,-255540000.,1.14,61.28%,26.21%,N/L,N/L,N/L,N/L,N/L,2025-09-03
ASB,"Associated Banc-Corp","Banks - Midwest",Finance,4393314000,10.64,0.91,0.91%,8.86%,0.94,7.63,6259264000,493040000,360330000,165848000,123150000,0.84,1.45%,82.98%,N/L,N/L,N/L,N/L,N/L,2025-07-24
ASC,"Ardmore Shipping Corp","Transportation - Ship",Transportation,465145000,9.8,0.75,7.38%,8.46%,0.04,2.89,484735000,124810000,89790000,40624000,133010000,0.05,N/A,62.22%,N/L,N/L,N/L,N/L,N/L,2025-07-30
ASGN,"On Assignment","IT Services","Computers and Technology",2374797000,10.72,1.24,5.98%,11.90%,0.66,6.79,3203097000,414700000,318400000,43864000,175200000,0.98,3.40%,95.36%,N/L,N/L,N/L,N/L,N/L,2025-07-23
ASH,"Ashland Inc","Chemical - Specialty","Basic Materials",2585132000,15.1,1.3,3.26%,6.82%,0.73,5.22,3634132000,245000000,-35000000.,45706000,169000000,0.49,1.02%,93.95%,N/L,N/L,N/L,N/L,N/L,2025-07-29
ASIX,"Advansix Inc","Chemical - Specialty","Basic Materials",561039000,6.76,0.64,4.97%,10.02%,0.29,4.26,736479000,162760000,85970000,26844000,44150000,1.6,5.60%,86.39%,N/L,N/L,N/L,N/L,N/L,2025-08-01
ASLE,"Aersale Corp","Aerospace - Defense Equipment",Aerospace,419920000,44.25,1,1.52%,2.19%,0.01,20.5,420030000,29550000,12800000,47182000,5850000,0.24,19.20%,69.48%,N/L,N/L,N/L,N/L,N/L,2025-08-06
ASML,"Asml Holdings NY Reg ADR","Semi-Eqpt Wafer Fabrication","Computers and Technology",296990336000,30.69,14.47,19.10%,49.47%,0.21,31.49,288281280000,13179720000,12185700000,393422000,8193230000,1.76,N/A,26.07%,N/L,N/L,N/L,N/L,N/L,2025-07-16
ASND,"Ascendis Pharma ADR","Medical - Biomedical",Medical,11893296000,0,N/A,-24.31%,0.00%,-4.23,N/A,12214756000,-255520000.,-274690000.,61211000,-409120000.,0.41,40.00%,N/A,N/L,N/L,N/L,N/L,N/L,2025-08-07
ASO,"Academy Sports and Outdoors Inc","Leisure & Recreational Prdcts","Consumer Discretionary",3586380000,9.56,1.76,7.70%,19.62%,0.25,6.64,3783130000,626170000,505530000,66476000,418450000,1.3,3.62%,N/A,N/L,N/L,N/L,N/L,N/L,2025-09-02
ASPI,"Asp Isotopes Inc","Chemical - Diversified","Basic Materials",858927000,0,26.76,-98.70%,-239.22%,0.06,N/A,799417000,-32530000.,-33000000.,91913000,-32330000.,3.36,21.40%,16.80%,N/L,N/L,N/L,N/L,N/L,2025-08-18
ASPN,"Aspen Aerogels Inc","Building & Construction - Misc",Construction,577344000,41.5,1.77,1.85%,2.92%,0.43,7.89,512904000,-241160000.,-272380000.,82360000,13380000,2.73,4.30%,97.64%,N/L,N/L,N/L,N/L,N/L,2025-08-07
ASR,"Grupo Aeroportuario Del Sureste ADR","Transportation - Services",Transportation,9885300000,15.88,3.09,14.78%,19.91%,0.2,11.02,9403950000,1089370000,530350000,30000000,743970000,0.79,N/A,10.57%,N/L,N/L,N/L,N/L,N/L,2025-07-22
ASRT,"Assertio Therapeutics Inc","Medical - Drugs",Medical,75625000,0,0.79,-15.45%,-38.19%,0.42,15.69,63845000,25500000,-770000.,96240000,-21580000.,0.28,4.00%,48.96%,N/L,N/L,N/L,N/L,N/L,2025-08-11
ASST,"Asset Entities Inc Cl B","Technology Services","Business Services",73478000,0,25.58,-215.86%,-246.95%,0,N/A,70818000,-7650000.,-7650000.,16624000,-6390000.,17.31,56.47%,5.52%,N/L,N/L,N/L,N/L,N/L,2025-08-13
ASTE,"Astec Inds Inc","Machinery - Construct & Mining","Industrial Products",1051106000,13.36,1.48,7.07%,11.52%,0.13,9.61,1065306000,116800000,69500000,22875000,4300000,1.43,0.69%,93.16%,N/L,N/L,N/L,N/L,N/L,2025-08-06
ASTH,"Astrana Health Inc","Medical - Outpatient & Hm Care",Medical,1719921000,58.76,2.18,1.87%,3.43%,0.54,20.190001,1663581000,128970000,99210000,56060000,43150000,0.85,20.00%,52.77%,N/L,N/L,N/L,N/L,N/L,2025-08-07
ASTL,"Algoma Steel Group Inc","Steel - Producers","Basic Materials",517325000,0,0.51,-10.20%,-22.24%,0.5,3.48,548535000,-134990000.,-220240000.,104934000,77980000,1.62,7.77%,72.00%,N/L,N/L,N/L,N/L,N/L,2025-07-29
ASTS,"Ast Spacemobile Inc","Wireless Equipment","Computers and Technology",16875442000,0,13.21,-16.51%,-26.81%,0.42,N/A,16466402000,-147280000.,-214350000.,358518000,-300080000.,2.33,34.15%,60.95%,N/L,N/L,N/L,N/L,N/L,2025-08-13
ASUR,"Asure Software","Internet Services - Delivery","Computers and Technology",237500000,26.25,1.19,1.77%,4.20%,0.33,6.72,221780000,28300000,4420000,27425000,-11770000.,0.41,8.70%,71.58%,N/L,N/L,N/L,N/L,N/L,2025-07-31
ASX,"Ase Industrial Holding Ltd ADR","Electronics - Semiconductors","Computers and Technology",21765604000,20.49,2.08,4.56%,10.33%,0.61,7.5,24269974000,3125880000,1301690000,2207465000,987460000,1.22,22.90%,6.80%,N/L,N/L,N/L,N/L,N/L,2025-07-31
ASYS,"Amtech Systems Inc","Semi General","Computers and Technology",86170000,0,1.51,-1.90%,-2.91%,0,50.16,75180000,-6920000.,-9950000.,14314000,-8490000.,1.59,8.00%,50.21%,N/L,N/L,N/L,N/L,N/L,2025-08-06
ATAI,"Atai Life Sciences N.V.","Medical - Outpatient & Hm Care",Medical,979525000,0,6.11,-64.38%,-85.43%,0,N/A,982515000,-98050000.,-98520000.,214338000,-149270000.,1.54,26.80%,28.41%,N/L,N/L,N/L,N/L,N/L,2025-08-12
ATAT,"Atour Lifestyle Holdings ADR","Leisure & Recreation Services","Consumer Discretionary",4937386000,27.37,10.53,16.64%,43.91%,0,25.950001,4441926000,235190000,226250000,138186000,174720000,0.82,N/A,17.79%,N/L,N/L,N/L,N/L,N/L,2025-08-26
ATEC,"Alphatec Holdings","Medical Instruments",Medical,2387722000,0,99.169998,-21.44%,0.00%,23.3,N/A,2848662000,-27110000.,-114890000.,147984000,-162120000.,1.05,20.90%,66.35%,N/L,N/L,N/L,N/L,N/L,2025-07-31
ATEN,"A10 Networks Inc","Communication Network Software","Computers and Technology",1254019000,23.6,6,10.52%,25.46%,1.07,20.16,1158889000,59220000,47930000,72153000,50140000,1.35,1.15%,98.61%,N/L,N/L,N/L,N/L,N/L,2025-08-05
ATER,"Aterian Inc","Technology Services","Business Services",10384000,0,0.42,-24.03%,-42.25%,0.02,N/A,-7146000.,-9660000.,-11550000.,9985000,-11860000.,0.23,19.50%,7.02%,N/L,N/L,N/L,N/L,N/L,2025-08-13
ATEX,"Anterix Inc.","Communications Infrastructure","Computers and Technology",420713000,0,2.23,-11.16%,-23.87%,0,N/A,373373000,26820000,26270000,18740000,-11370000.,0.89,45.61%,87.67%,N/L,N/L,N/L,N/L,N/L,2025-08-12
ATGE,"Adtalem Global Education Inc",Schools,"Consumer Discretionary",4849746000,19.89,3.45,9.23%,17.95%,0.39,14.31,5201256000,432000000,341550000,35956000,237070000,0.88,2.00%,98.84%,N/L,N/L,N/L,N/L,N/L,2025-08-07
ATHA,"Athira Pharma Inc","Medical - Biomedical",Medical,15697000,0,0.48,-106.84%,-139.40%,0,N/A,-32743000.,-61560000.,-62020000.,39439000,-96940000.,3,22.10%,57.12%,N/L,N/L,N/L,N/L,N/L,2025-08-07
ATHM,"Autohome Inc ADR","Internet - Services","Computers and Technology",3517974000,14.7,1.05,5.66%,7.10%,0,11.65,3538444000,157780000,116060000,119822000,245530000,-0.03,5.70%,63.08%,N/L,N/L,N/L,N/L,N/L,2025-07-31
ATI,"Ati Inc","Steel - Specialty","Basic Materials",10159597000,25.19,5.33,8.02%,21.35%,1.02,20.219999,11333697000,810500000,659000000,137832000,367800000,1.2,1.10%,N/A,N/L,N/L,N/L,N/L,N/L,2025-07-31
ATKR,"Atkore Inc","Wire & Cable Products","Industrial Products",2020369000,8.27,1.3,8.14%,16.16%,0.52,3.24,2433819000,380930000,227570000,33656000,472870000,2.1,1.99%,N/A,N/L,N/L,N/L,N/L,N/L,2025-08-05
ATLO,"Ames Natl Corp","Banks - Midwest",Finance,177084000,12.29,0.87,0.64%,7.46%,0,12.59,65804000,24380000,21080000,8899000,10220000,0.5,2.10%,26.47%,N/L,N/L,N/L,N/L,N/L,2025-08-08
ATLX,"Atlas Lithium Corp","Mining - Misc","Basic Materials",109268000,0,3.28,-57.22%,-143.98%,0,N/A,93728000,-34430000.,-34630000.,19582000,-42240000.,-0.83,33.60%,18.35%,N/L,N/L,N/L,N/L,N/L,2025-08-08
ATMU,"Atmus Filtration Technologies Inc","Pollution Controls","Industrial Products",3608938000,16.44,10.98,17.32%,83.23%,1.85,15.02,4017138000,289200000,264400000,82152000,185600000,1.64,0.18%,32.73%,N/L,N/L,N/L,N/L,N/L,2025-08-08
ATNI,"Atn International","Wireless National",Utilities,244417000,0,0.42,-0.21%,-0.61%,1.03,1.26,712537000,335930000,151740000,15257000,-26430000.,0.69,5.40%,65.50%,N/L,N/L,N/L,N/L,N/L,2025-08-07
ATNM,"Actinium Pharmaceuticals Inc","Medical - Drugs",Medical,54281000,0,2.81,-56.47%,-141.90%,0,N/A,-18619000.,-43440000.,-44250000.,31196000,-38240000.,-0.53,6.00%,27.50%,N/L,N/L,N/L,N/L,N/L,2025-08-11
ATO,"Atmos Energy Corp","Utility - Gas Distribution",Utilities,27001742000,22.91,1.98,4.35%,9.00%,0.67,15.18,34563264000,2911090000,2248000000,160524000,1042900000,0.69,0.48%,90.17%,N/L,N/L,N/L,N/L,N/L,2025-08-06
ATOM,"Atomera Inc","Electronics - Semiconductors","Computers and Technology",105783000,0,4.89,-78.02%,-90.84%,0,N/A,80003000,-18390000.,-19760000.,31483000,-18440000.,1.2,13.00%,30.79%,N/L,N/L,N/L,N/L,N/L,2025-08-05
ATOS,"Atossa Therapeutics Inc","Medical Instruments",Medical,100430000,0,1.67,-37.10%,-40.28%,0,N/A,29240000,-29970000.,-29990000.,129171000,-25500000.,0.92,7.60%,12.74%,N/L,N/L,N/L,N/L,N/L,2025-08-11
ATR,Aptargroup,"Containers - Paper Products","Industrial Products",9317548000,23.96,3.41,8.60%,15.39%,0.3,14.5,9944028000,1050050000,786270000,65881000,374540000,0.57,0.68%,88.52%,N/L,N/L,N/L,N/L,N/L,2025-07-31
ATRC,"Atricure Inc","Medical Products",Medical,1871740000,0,3.82,-3.19%,-4.20%,0.13,N/A,1810890000,-14740000.,-34060000.,49701000,-44700000.,1.61,3.50%,99.11%,N/L,N/L,N/L,N/L,N/L,2025-07-29
ATRO,"Astronics Corp","Aerospace - Defense Equipment",Aerospace,1286654000,21.58,4.64,9.16%,22.89%,0.59,19.08,1436894000,62810000,35150000,35406000,-16220000.,1.64,9.39%,56.68%,N/L,N/L,N/L,N/L,N/L,2025-08-06
ATS,"Ats Corp Cda","Machinery - General Industrial","Industrial Products",2689364000,26.93,2.11,2.95%,7.79%,0.81,13.8,3636414000,84460000,-950000.,97653000,-20160000.,1.28,N/A,75.84%,N/L,N/L,N/L,N/L,N/L,2025-08-07
ATUS,"Altice USA Inc Cl A","Communications Components","Computers and Technology",1120074000,0,N/A,-0.85%,0.00%,-40.43,0.67,25920744000,4788040000,3126180000,468650000,-102920000.,1.55,44.60%,54.85%,N/L,N/L,N/L,N/L,N/L,2025-08-07
ATXS,"Astri Therapeutics Inc","Medical - Biomedical",Medical,383194000,0,2.17,-36.08%,-56.39%,0,N/A,418694000,-131420000.,-131420000.,56435000,-94260000.,0.48,4.50%,98.98%,N/L,N/L,N/L,N/L,N/L,2025-08-11
ATYR,"Atyr Pharma Inc","Medical - Biomedical",Medical,524230000,0,5.9,-68.84%,-93.69%,0,N/A,513170000,-71210000.,-70040000.,97987000,-64020000.,0.94,3.70%,61.72%,N/L,N/L,N/L,N/L,N/L,2025-08-12
AU,"Anglogold Ashanti Ltd ADR","Mining - Gold","Basic Materials",22921456000,15.32,2.48,13.96%,22.54%,0.23,13.49,23460456000,2363000000,1832000000,419730000,1004000000,0.46,N/A,36.09%,N/L,N/L,N/L,N/L,N/L,2025-08-01
AUB,"Atlantic Union Bancshares Corp","Banks - Northeast",Finance,5023513000,11.03,0.98,1.20%,9.33%,0.16,11.19,5087913000,427430000,413430000,142511000,209130000,0.88,0.87%,78.58%,N/L,N/L,N/L,N/L,N/L,2025-07-24
AUDC,"Audiocodes Ltd","Communications Components","Computers and Technology",261269000,15.42,1.44,5.45%,9.65%,0,11.23,202519000,20220000,15220000,28368000,15310000,0.86,48.80%,68.05%,N/L,N/L,N/L,N/L,N/L,2025-07-29
AUPH,"Aurinia Pharm Ord","Medical - Drugs",Medical,1615100000,23.69,4.74,13.81%,20.06%,0,39.169998,1531670000,85210000,65760000,131630000,5750000,1.23,12.20%,36.83%,N/L,N/L,N/L,N/L,N/L,2025-07-31
AUR,"Aurora Innovation Inc Cl A","Technology Services","Business Services",11108899000,0,5.42,-37.29%,-42.25%,0,N/A,10897899000,-815000000.,-836000000.,1845332000,-748000000.,2.49,11.85%,44.71%,N/L,N/L,N/L,N/L,N/L,2025-07-30
AURA,"Aura Biosciences Inc","Medical - Biomedical",Medical,406886000,0,1.86,-54.24%,-64.45%,0,N/A,375196000,-107470000.,-108690000.,62120000,-86920000.,0.46,6.30%,96.75%,N/L,N/L,N/L,N/L,N/L,2025-08-14
AUTL,"Autolus Therapeutics Plc ADR","Medical - Biomedical",Medical,465747000,0,1.34,-29.61%,-56.18%,0,N/A,236937000,-251100000.,-258820000.,266141000,-220660000.,1.9,25.70%,72.83%,N/L,N/L,N/L,N/L,N/L,2025-08-12
AVA,"Avista Corp","Utility - Electric Power",Utilities,3026252000,16.5,1.12,2.25%,6.86%,1.16,6.36,6016252000,889870000,613870000,81111000,180000000,0.4,0.96%,85.24%,N/L,N/L,N/L,N/L,N/L,2025-08-06
AVAH,"Aveanna Healthcare Holdings Inc","Medical - Outpatient & Hm Care",Medical,1560453000,27.08,N/A,3.17%,-54.56%,-120.72,42.939999,2925773000,258500000,221880000,208896000,-10930000.,1.95,7.80%,87.96%,N/L,N/L,N/L,N/L,N/L,2025-08-07
AVAV,"Aerovironment Inc","Aerospace - Defense Equipment",Aerospace,11975689000,71.89,7.5,8.80%,10.68%,0.03,43.459999,11964829000,119710000,59160000,49932000,43620000,0.99,0.81%,86.38%,N/L,N/L,N/L,N/L,N/L,2025-09-03
AVB,"Avalonbay Communities","REIT - Equity Trust Resident",Finance,27568196000,17.02,2.23,5.45%,9.70%,0.71,13.77,35378368000,2650210000,1764700000,142383000,1081990000,0.86,0.45%,92.61%,N/L,N/L,N/L,N/L,N/L,2025-07-30
AVBP,"Arrivent Biopharma Inc","Medical - Biomedical",Medical,815843000,0,2.72,-51.97%,-55.40%,0,N/A,741553000,-148330000.,-148330000.,40569000,-80490000.,1.17,18.58%,9.48%,N/L,N/L,N/L,N/L,N/L,2025-08-13
AVD,"American Vanguard Corp","Chemical - Specialty","Basic Materials",154665000,0,0.62,-9.97%,-26.21%,0.82,N/A,289485000,-75280000.,-98360000.,28431000,-126340000.,1.23,7.60%,79.00%,N/L,N/L,N/L,N/L,N/L,2025-07-31
AVDL,"Avadel Pharmaceuticals Plc ADR","Medical - Drugs",Medical,1479774000,0,15.81,-1.73%,-3.73%,0,N/A,1428404000,4930000,2250000,97098000,-48830000.,1.47,5.20%,69.19%,N/L,N/L,N/L,N/L,N/L,2025-08-07
AVDX,"Avidxchange Holdings Inc","Internet - Software","Computers and Technology",2060374000,991,2.98,0.39%,1.15%,0.01,39.099998,463494000,50420000,17790000,207699000,8150000,1.2,11.10%,80.58%,N/L,N/L,N/L,N/L,N/L,2025-08-13
AVGO,"Broadcom Ltd","Electronics - Semiconductors","Computers and Technology",1382820480000,57.92,19.58,14.58%,35.49%,0.97,48.349998,1441038464000,33156000000,23146000000,4703471000,5895000000,1.15,2.00%,76.43%,N/L,N/L,N/L,N/L,N/L,2025-09-04
AVGW,"Roundhill Avgo Weeklypay ETF",N/A,N/A,N/A,N/A,N/A,N/A,N/A,N/A,N/A,N/A,N/A,N/A,N/A,0,N/A,N/A,N/A,N/L,N/L,N/L,N/L,N/L,N/A
AVIR,"Atea Pharmaceuticals Inc","Medical - Biomedical",Medical,290450000,0,0.83,-30.47%,-32.55%,0,N/A,225750000,-168030000.,-156620000.,79358000,-168390000.,0.25,18.10%,86.67%,N/L,N/L,N/L,N/L,N/L,2025-08-07
AVNS,"Avanos Medical Inc","Medical Instruments",Medical,543367000,9.15,0.67,4.57%,6.16%,0.14,0.94,570367000,525200000,43000000,46402000,-392100000.,1.12,2.64%,95.17%,N/L,N/L,N/L,N/L,N/L,2025-08-05
AVNT,"Avient Corp","Chemical - Diversified","Basic Materials",3434619000,13.09,1.36,4.17%,10.57%,0.85,7.61,4957119000,439300000,259600000,91541000,169500000,1.38,0.85%,95.48%,N/L,N/L,N/L,N/L,N/L,2025-08-01
AVNW,"Aviat Networks Inc","Wireless Equipment","Computers and Technology",295324000,21.72,1.08,2.18%,5.06%,0.29,7.41,279054000,10510000,5520000,12735000,10760000,1.56,4.10%,78.62%,N/L,N/L,N/L,N/L,N/L,2025-10-03
AVO,"Mission Produce Inc","Agriculture Operations","Consumer Staples",904617000,20.34,1.53,4.56%,7.82%,0.25,10.44,963817000,99500000,61600000,70618000,36700000,0.57,35.41%,63.57%,N/L,N/L,N/L,N/L,N/L,2025-09-08
AVPT,"Avepoint Inc Cl A","Internet - Software","Computers and Technology",3310300000,0,7.13,-1.38%,-2.44%,0,N/A,3019560000,28260000,22880000,211927000,-29090000.,1.35,26.19%,44.49%,N/L,N/L,N/L,N/L,N/L,2025-08-07
AVT,"Avnet Inc","Electronics - Parts Distrib","Computers and Technology",4645550000,15.35,0.88,2.48%,6.07%,0.51,10.41,7027850000,639450000,514250000,83463000,240220000,1.06,1.50%,95.78%,N/L,N/L,N/L,N/L,N/L,2025-08-06
AVTR,"Avantor Inc","Medical Services",Medical,9046677000,12.56,1.36,5.44%,11.39%,0.67,7.81,12840577000,1009000000,592300000,681739000,711500000,0.96,1.20%,95.08%,N/L,N/L,N/L,N/L,N/L,2025-08-01
AVTX,"Avalo Therapeutics Inc","Medical - Drugs",Medical,129942000,0,0.97,-35.95%,-48.48%,0,N/A,-4628000.,-50250000.,-50420000.,13152000,-35130000.,0.8,3.03%,87.06%,N/L,N/L,N/L,N/L,N/L,2025-08-11
AVXL,"Anavex Lf SC","Medical - Biomedical",Medical,818570000,0,8.97,-40.21%,-45.67%,0,N/A,686380000,-54900000.,-54900000.,85894000,-43000000.,0.8,11.40%,31.55%,N/L,N/L,N/L,N/L,N/L,2025-08-12
AVY,"Avery Dennison Corp","Containers - Paper Products","Industrial Products",13919788000,18.65,6.23,8.91%,33.14%,1.19,13.17,16150588000,1380600000,1068400000,77982000,704900000,0.88,0.84%,94.17%,N/L,N/L,N/L,N/L,N/L,2025-07-22
AWI,"Armstrong World Industries Inc","Building & Construction - Misc",Construction,8532206000,27.41,9.99,16.79%,39.80%,0.58,22.190001,8978006000,518100000,414900000,43258000,264900000,1.43,1.00%,98.93%,N/L,N/L,N/L,N/L,N/L,2025-07-29
AWK,"American Water Works","Utility - Water Supply",Utilities,28523470000,26.28,2.66,3.29%,10.34%,1.25,15.46,41556472000,3436000000,2648000000,195099000,1051000000,0.65,0.11%,86.58%,N/L,N/L,N/L,N/L,N/L,2025-07-30
AWR,"American States Water Company","Utility - Water Supply",Utilities,2913590000,23.23,2.95,4.86%,13.14%,0.97,17.09,3816700000,279920000,235690000,38509000,119270000,0.62,0.83%,75.24%,N/L,N/L,N/L,N/L,N/L,2025-08-06
AWRE,"Aware Inc","Internet Software Services","Computers and Technology",52219000,0,1.79,-13.94%,-19.04%,0,N/A,39249000,-6190000.,-6750000.,21314000,-4430000.,0.79,29.70%,24.39%,N/L,N/L,N/L,N/L,N/L,2025-07-30
AX,"Axos Financial Inc","Finance - Misc Services",Finance,5115286000,11.4,1.8,1.82%,17.11%,0.17,10.39,3391036000,648220000,679410000,56373000,432910000,1.32,5.07%,83.79%,N/L,N/L,N/L,N/L,N/L,2025-07-30
AXGN,"Axogen Inc","Medical Instruments",Medical,748171000,0,6.43,-2.34%,-4.43%,0.43,N/A,762121000,10440000,1710000,46013000,-9960000.,1,2.78%,80.29%,N/L,N/L,N/L,N/L,N/L,2025-08-05
AXL,"American Axle & Manufacturing","Auto - Truck Original Parts",Auto-Tires-Trucks,691811000,12.95,1,1.05%,8.90%,3.9,1.26,2763711000,727900000,258200000,118664000,33800000,1.59,2.10%,91.41%,N/L,N/L,N/L,N/L,N/L,2025-08-08
AXON,"Axon Enterprise Inc","Aerospace - Defense Equipment",Aerospace,60152896000,374.27,21.75,3.18%,6.80%,0.63,274.059998,59698056000,47990000,-440000.,78504000,377030000,1.36,4.40%,79.08%,N/L,N/L,N/L,N/L,N/L,2025-08-04
AXP,"American Express Company","Finance - Misc Services",Finance,222097696000,21.63,6.64,3.62%,32.87%,1.8,19.16,231393696000,17187000000,15511000000,695882000,10129000000,1.28,0.20%,84.33%,N/L,N/L,N/L,N/L,N/L,2025-10-17
AXS,"Axis Capital Holdings","Insurance - Proprty & Casualty",Finance,7754080000,8.15,1.38,3.12%,18.77%,0.24,8.29,6891750000,1236620000,1219740000,78174000,1081790000,0.83,0.70%,93.44%,N/L,N/L,N/L,N/L,N/L,2025-07-29
AXSM,"Axsome Thera","Medical - Biomedical",Medical,5913768000,0,79.989998,-33.06%,-283.22%,1.61,N/A,5779128000,-211960000.,-222560000.,49901000,-287220000.,0.51,22.30%,81.49%,N/L,N/L,N/L,N/L,N/L,2025-08-04
AXTA,"Axalta Coating Systems Ltd","Chemical - Specialty","Basic Materials",6891385000,12.71,2.88,7.05%,25.32%,1.48,8.34,9716385000,1132000000,845000000,216574000,391000000,1.27,0.30%,98.28%,N/L,N/L,N/L,N/L,N/L,2025-07-30
AXTI,"Axt Inc","Electronics - Semiconductors","Computers and Technology",130073000,0,0.57,-7.02%,-11.38%,0.28,N/A,185633000,-17620000.,-26600000.,46125000,-11620000.,2.1,8.80%,49.52%,N/L,N/L,N/L,N/L,N/L,2025-07-31
AYI,"Acuity Inc","Technology Services","Business Services",10011415000,19.66,3.73,11.98%,20.35%,0.39,17.76,9661815000,631400000,540300000,30645000,422600000,1.64,2.80%,98.21%,N/L,N/L,N/L,N/L,N/L,2025-10-07
AZ,"A2Z Cust2Mate Solutions Corp","Internet - Software","Computers and Technology",274003000,0,8.36,-110.57%,-187.41%,0,N/A,261413000,-19140000.,-20000000.,29590000,-17000000.,1.45,27.95%,12.64%,N/L,N/L,N/L,N/L,N/L,2025-08-13
AZN,"Astrazeneca Plc ADR","Medical - Biomedical",Medical,251117520000,18.2,5.57,12.87%,32.84%,0.7,12.78,274472512000,18012000000,11324000000,3101365000,7035000000,0.36,N/A,20.35%,N/L,N/L,N/L,N/L,N/L,2025-07-29
AZO,Autozone,"Retail - Wholesale Auto Parts",Retail-Wholesale,68984216000,28.61,N/A,14.03%,-56.07%,-2.23,22.290001,77710424000,4272510000,3710770000,16782000,2662430000,0.38,2.10%,92.74%,N/L,N/L,N/L,N/L,N/L,2025-09-23
AZTA,"Azenta Inc","Medical Information Systems",Medical,1446252000,59.68,0.82,1.13%,1.35%,0,6.56,1133252000,160190000,-40500000.,45840000,-164170000.,1.59,10.62%,99.08%,N/L,N/L,N/L,N/L,N/L,2025-08-05
AZULQ,"Azul S.A. ADR",N/A,N/A,N/A,N/A,N/A,N/A,N/A,N/A,N/A,N/A,N/A,N/A,N/A,0,N/A,N/A,N/A,N/L,N/L,N/L,N/L,N/L,N/A
AZZ,"Azz Inc","Machinery - Electrical","Industrial Products",3491528000,20.25,2.76,7.51%,15.54%,0.47,10.22,4342408000,330880000,236160000,30014000,128830000,1.3,1.77%,90.93%,N/L,N/L,N/L,N/L,N/L,2025-10-08
B,"Barrick Mining Corp","Mining - Gold","Basic Materials",44697044000,16.06,1.3,5.73%,8.19%,0.14,10.68,45352044000,7308000000,5393000000,1705994000,2144000000,0.27,5.22%,90.82%,N/L,N/L,N/L,N/L,N/L,2025-08-11
BA,"Boeing Company","Aerospace - Defense",Aerospace,174007072000,0,N/A,-7.78%,0.00%,-16.18,N/A,214076064000,-7410000000.,-9246000000.,756158000,-11817000000.,1.48,0.09%,64.82%,N/L,N/L,N/L,N/L,N/L,2025-07-29
BABA,"Alibaba Group Holding ADR","Internet Commerce",Retail-Wholesale,293191968000,14.21,1.9,8.05%,13.64%,0.1,10.93,283647968000,26991000000,21140000000,2384838000,17929000000,0.17,12.50%,13.47%,N/L,N/L,N/L,N/L,N/L,2025-08-29
BAC,"Bank of America Corp","Finance - Investment Brokers",Finance,366495712000,14.11,1.29,0.84%,10.25%,1.05,12.53,101738712000,80101000000,78242000000,7406947000,27132000000,1.31,0.30%,70.71%,N/L,N/L,N/L,N/L,N/L,2025-07-16
BAH,"Booz Allen Hamilton Holding Corp",Consulting,"Business Services",13548762000,16.89,12.61,11.61%,73.05%,3.74,14.08,16661762000,1700710000,1535710000,123249000,935000000,0.47,0.91%,91.82%,N/L,N/L,N/L,N/L,N/L,2025-07-25
BALL,"Ball Corporation","Containers - Metal & Glass","Industrial Products",14622565000,15.46,2.77,5.41%,16.81%,1.33,9.85,19410564000,2178000000,1558000000,272149000,4008000000,1.08,0.81%,86.51%,N/L,N/L,N/L,N/L,N/L,2025-08-05
BAM,"Brookfield Asset Management Ltd","Finance - Misc Services",Finance,99997168000,37.83,10.54,25.47%,41.12%,0.14,10.49,99985168000,1155000000,1155000000,1637687000,541000000,1.44,11.00%,68.41%,N/L,N/L,N/L,N/L,N/L,2025-08-06
BANC,"First Pactrust Bancorp","Banks - Southwest",Finance,2407304000,14.15,0.79,0.65%,7.37%,0.28,12.18,1345534000,437390000,397270000,147778000,126890000,0.69,2.69%,86.88%,N/L,N/L,N/L,N/L,N/L,2025-07-23
BAND,"Bandwidth Inc","Communications Infrastructure","Computers and Technology",444580000,108.62,1.11,0.49%,1.43%,0,7.13,362770000,42540000,-12010000.,30141000,-6520000.,1.8,6.50%,68.53%,N/L,N/L,N/L,N/L,N/L,2025-07-29
BANF,"Bancfirst Corp","Banks - Southwest",Finance,4426765000,18.06,2.41,1.70%,14.16%,0.05,17.290001,958435000,347130000,323050000,33309000,216350000,0.76,32.43%,51.72%,N/L,N/L,N/L,N/L,N/L,2025-10-16
BANR,"Banner Corp","Finance - Savings & Loan",Finance,2341923000,12.11,1.18,1.13%,10.06%,0.4,11.32,2403073000,269110000,248410000,34585000,168900000,0.93,1.66%,87.33%,N/L,N/L,N/L,N/L,N/L,2025-10-15
BANX,"Arrowmark Financial Corp","Finance - Investment Mgmt",Finance,148594000,0,N/A,0.00%,0.00%,0,N/A,148594000,0,0,7127000,12630000,0.27,0.71%,24.93%,N/L,N/L,N/L,N/L,N/L,2024-01-03
BAP,"Credicorp Ltd","Banks - Foreign",Finance,20282222000,0,2.08,0.00%,0.00%,0.49,11.99,11908812000,3256340000,2267230000,79535000,1466080000,1.09,15.90%,89.81%,N/L,N/L,N/L,N/L,N/L,2025-08-14
BARK,"Bark Inc","Consumer Services - Misc","Consumer Discretionary",146473000,0,1.46,-5.91%,-15.32%,0.45,N/A,95023000,-21280000.,-32910000.,169883000,-32880000.,1.88,14.80%,28.76%,N/L,N/L,N/L,N/L,N/L,2025-08-07
BASE,"Couchbase Inc","Internet - Software","Computers and Technology",1346418000,0,10.44,-29.01%,-55.25%,0,N/A,1315878000,-57690000.,-74950000.,55249000,-74650000.,0.93,14.80%,96.07%,N/L,N/L,N/L,N/L,N/L,2025-09-03
BATRA,"Atlanta Braves Holdings Inc","Media Conglomerates","Consumer Discretionary",2989021000,0,5.46,-1.30%,-3.98%,1.31,91.290001,3493541000,113280000,50450000,62755000,-31270000.,0.68,5.90%,12.31%,N/L,N/L,N/L,N/L,N/L,2025-08-07
BATRK,"Atlanta Braves Holdings Inc C","Media Conglomerates","Consumer Discretionary",2823348000,0,N/A,0.00%,0.00%,0,N/A,2823348000,0,0,62755000,-31268000.,0.67,11.43%,64.88%,N/L,N/L,N/L,N/L,N/L,2025-08-07
BAX,"Baxter International Inc","Medical Products",Medical,12604259000,9.46,1.68,5.24%,16.96%,1.3,5.02,23966260000,1735000000,263000000,513621000,-649000000.,0.59,0.21%,90.19%,N/L,N/L,N/L,N/L,N/L,2025-07-31
BB,"Blackberry Ltd","Internet - Software","Computers and Technology",2229676000,91.25,2.99,1.30%,2.29%,0.27,68.839996,2158276000,96200000,51500000,592999000,-79000000.,1.49,0.37%,54.48%,N/L,N/L,N/L,N/L,N/L,2025-09-25
BBAI,"Bigbear.Ai Holdings Inc","IT Services","Computers and Technology",2038867000,0,7.59,-15.88%,-48.11%,0.39,27.68,2124127000,50740000,-59560000.,370703000,-295550000.,3.44,1.10%,7.55%,N/L,N/L,N/L,N/L,N/L,2025-08-11
BBAR,"Bbva Banco Frances S.A.","Banks - Foreign",Finance,2820513000,10.55,1.09,1.76%,10.24%,0.19,6.81,-157747000.,2769580000,2682010000,204237000,396450000,1.18,N/A,0.00%,N/L,N/L,N/L,N/L,N/L,2025-08-20
BBCP,"Concrete Pumping Holdings Inc","Waste Removal Svcs","Business Services",376162000,28.88,1.38,1.73%,5.33%,1.59,4.7,731382000,106490000,47580000,52028000,16210000,1.07,26.60%,34.20%,N/L,N/L,N/L,N/L,N/L,2025-09-04
BBD,"Banco Bradesco S.A. ADR","Banks - Foreign",Finance,31713668000,7.61,1,1.07%,12.96%,0.63,6.31,23726478000,25158130000,23909560000,10642170000,3198690000,0.68,0.33%,0.00%,N/L,N/L,N/L,N/L,N/L,2025-07-30
BBDC,"Barings Bdc Inc","Finance - SBIC & Commercial",Finance,1022145000,8.77,0.87,4.26%,9.76%,0.47,8.27,1369395000,213890000,221950000,105159000,110290000,0.73,0.52%,44.09%,N/L,N/L,N/L,N/L,N/L,2025-08-07
BBIO,"Bridgebio Pharma Inc","Medical - Generic Drugs",Medical,9382575000,0,N/A,-85.70%,0.00%,-1.04,N/A,10422865000,-650350000.,-656430000.,191169000,-535760000.,1.23,18.20%,99.85%,N/L,N/L,N/L,N/L,N/L,2025-08-05
BBSI,"Barrett Business S",Outsourcing,"Business Services",1252901000,22.79,5.26,7.27%,24.60%,0.35,19.809999,1197531000,78370000,70770000,25690000,52990000,1.02,4.10%,86.76%,N/L,N/L,N/L,N/L,N/L,2025-08-06
BBU,"Brookfield Business Partners LP","Business Services","Business Services",2462340000,0,0.16,1.33%,6.37%,2.85,0.49,38825340000,7909000000,4705000000,88829000,-37000000.,1.38,N/A,85.04%,N/L,N/L,N/L,N/L,N/L,2025-08-01
BBUC,"Brookfield Business Corp",N/A,N/A,N/A,N/A,N/A,N/A,N/A,N/A,N/A,N/A,N/A,N/A,N/A,-888000000.,N/A,N/A,N/A,N/L,N/L,N/L,N/L,N/L,N/A
BBVA,"Banco Bilbao Viscaya Argentaria S.A. ADR","Banks - Foreign",Finance,111679792000,9.94,1.6,1.35%,17.61%,1.18,8.84,56335792000,26955910000,25297050000,5837940000,10879430000,1.12,0.03%,2.96%,N/L,N/L,N/L,N/L,N/L,2025-07-31
BBW,"Build-A-Bear Workshop","Retail - Misc & Diversified",Retail-Wholesale,747497000,13.2,4.84,18.98%,40.74%,0,11.08,719737000,85880000,71110000,13209000,51790000,0.7,5.80%,79.30%,N/L,N/L,N/L,N/L,N/L,2025-08-28
BBWI,"Bath & Body Works Inc","Retail - Misc & Diversified",Retail-Wholesale,6579017000,8.55,N/A,15.18%,-47.44%,-2.68,6.3,9789017000,1570000000,1288000000,211612000,798000000,1.54,0.26%,95.14%,N/L,N/L,N/L,N/L,N/L,2025-08-28
BBY,"Best Buy Company","Retail - Consumer Electronics",Retail-Wholesale,15933450000,11.44,5.55,8.86%,46.39%,0.42,5.69,15509450000,2985000000,1644000000,211347000,927000000,1.21,0.47%,80.96%,N/L,N/L,N/L,N/L,N/L,2025-08-28
BC,"Brunswick Corp","Leisure & Recreational Prdcts","Consumer Discretionary",4306620000,19.83,2.13,3.54%,10.73%,1.19,6.86,6361320000,491100000,202300000,65331000,130100000,1.28,0.81%,99.34%,N/L,N/L,N/L,N/L,N/L,2025-07-24
BCAB,"Bioatla Inc","Medical - Biomedical",Medical,20917000,0,N/A,-137.51%,"-1,177.18%",0,N/A,-28133000.,-62840000.,-63770000.,58722000,-69780000.,0.9,11.22%,77.23%,N/L,N/L,N/L,N/L,N/L,2025-08-07
BCAX,"Bicara Therapeutics Inc","Medical - Biomedical",Medical,646026000,0,1.46,-20.89%,-21.67%,0,N/A,156316000,-121020000.,-121080000.,54563000,-68000000.,N/A,15.50%,N/A,N/L,N/L,N/L,N/L,N/L,2025-08-12
BCBP,"Bcb Bancorp Inc","Banks - Northeast",Finance,156465000,45,0.51,0.15%,1.76%,1.2,7.72,361485000,30790000,30540000,17194000,18620000,0.76,15.86%,36.00%,N/L,N/L,N/L,N/L,N/L,2025-10-17
BCC,"Boise Cascade L.L.C.","Building Products - Wood",Construction,3405881000,12.43,1.48,7.64%,12.26%,0.21,6.21,3138791000,640950000,493550000,37337000,376350000,1.28,0.98%,96.18%,N/L,N/L,N/L,N/L,N/L,2025-08-04
BCE,"BCE Inc","Diversified Comm Services",Utilities,23770088000,12.55,2.22,3.74%,18.88%,1.77,4.02,49164200000,10937930000,7259010000,932526000,251050000,0.62,0.15%,41.46%,N/L,N/L,N/L,N/L,N/L,2025-08-07
BCH,"Banco DE Chile ADR","Banks - Foreign",Finance,14657566000,10.21,2.37,2.51%,23.00%,2.09,10.99,23465456000,3507060000,3403000000,505085000,1373320000,0.24,5.93%,1.24%,N/L,N/L,N/L,N/L,N/L,2025-07-31
BCML,"Bay Commercial Bk CA","Banks - West",Finance,331434000,13.01,0.94,0.93%,7.41%,0.22,11.72,39534000,40460000,37160000,10924000,23610000,0.61,6.50%,66.16%,N/L,N/L,N/L,N/L,N/L,2025-10-16
BCO,"Brink's Company",Outsourcing,"Business Services",4715304000,15.62,11.99,4.62%,86.86%,10.23,7.78,6621804000,762400000,469100000,41662000,162900000,1.46,0.49%,94.96%,N/L,N/L,N/L,N/L,N/L,2025-08-06
BCPC,"Balchem Corp","Chemical - Specialty","Basic Materials",5358970000,35.59,4.15,9.21%,12.41%,0.17,29.83,5518790000,245860000,197890000,32455000,128480000,0.88,1.39%,87.91%,N/L,N/L,N/L,N/L,N/L,2025-07-31
BCRX,"Biocryst Pharma Inc","Medical - Drugs",Medical,1796915000,0,N/A,-1.78%,0.00%,-1.72,N/A,2520595000,43970000,54200000,209920000,-88880000.,1.1,5.10%,85.88%,N/L,N/L,N/L,N/L,N/L,2025-08-04
BCS,"Barclays Plc ADR","Banks - Foreign",Finance,72271704000,9.32,0.7,0.40%,8.49%,5.7,8.1,138449024000,14032040000,11816160000,3530616000,8059720000,1.15,0.02%,3.39%,N/L,N/L,N/L,N/L,N/L,2025-08-07
BCSF,"Bain Capital Specialty Finance Inc","Finance - SBIC & Commercial",Finance,1003524000,7.58,0.87,4.92%,11.41%,1.37,7.4,2294724000,135860000,136990000,64869000,119420000,0.83,0.63%,0.00%,N/L,N/L,N/L,N/L,N/L,2025-08-05
BCYC,"Bicycle Therapeutics Plc ADR","Medical - Biomedical",Medical,491703000,0,0.73,-26.80%,-32.43%,0,N/A,-387817000.,-281140000.,-288310000.,69254000,-169030000.,1.44,22.90%,86.15%,N/L,N/L,N/L,N/L,N/L,2025-08-12
BDC,"Belden Inc","Wire & Cable Products","Industrial Products",5194973000,17.47,3.99,8.71%,23.29%,1.03,13.23,5954773000,466930000,351190000,39620000,198430000,1.28,1.48%,98.75%,N/L,N/L,N/L,N/L,N/L,2025-07-31
BDN,"Brandywine Realty Trust","REIT - Equity Trust Other",Finance,713903000,5.75,0.78,-9.31%,-32.12%,2.61,301.440002,2830533000,360080000,163360000,173699000,-195910000.,1.43,3.30%,87.27%,N/L,N/L,N/L,N/L,N/L,2025-07-23
BDSX,"Biodesix Inc","Medical Services",Medical,66483000,0,N/A,-43.94%,-269.67%,41.05,N/A,76663000,-25730000.,-33890000.,146633000,-42930000.,0.99,30.10%,20.96%,N/L,N/L,N/L,N/L,N/L,2025-08-07
BDTX,"Black Diamond Therapeutics Inc","Medical - Biomedical",Medical,166250000,11.78,1.16,9.58%,12.70%,0,N/A,129810000,-3670000.,-4010000.,56935000,-69680000.,2.87,5.97%,95.47%,N/L,N/L,N/L,N/L,N/L,2025-08-05
BDX,"Becton Dickinson and Company","Medical - Dental Suppliers",Medical,57227952000,13.78,2.21,7.46%,16.23%,0.69,9.3,73311952000,4793000000,2507000000,286627000,1705000000,0.2,0.36%,86.97%,N/L,N/L,N/L,N/L,N/L,2025-08-07
BE,"Bloom Energy Corp Cl A","Other Alt Energy",Oils-Energy,11358264000,407.55,16.93,1.48%,6.80%,1.83,247.830002,11573594000,132340000,72490000,233998000,-29230000.,3.28,3.60%,77.04%,N/L,N/L,N/L,N/L,N/L,2025-07-31
BEAM,"Beam Therapeutics Inc","Medical - Biomedical",Medical,1683336000,0,1.55,-31.06%,-43.15%,0,N/A,1401366000,-446820000.,-445980000.,101162000,-376740000.,2.22,3.50%,99.68%,N/L,N/L,N/L,N/L,N/L,2025-08-05
BEEM,"Beam Global","Auto - Truck Original Parts",Auto-Tires-Trucks,45272000,0,1.45,-22.23%,-34.97%,0.01,N/A,40902000,-8550000.,-13050000.,17965000,-11280000.,1.26,3.03%,26.59%,N/L,N/L,N/L,N/L,N/L,2025-08-14
BEKE,"Ke Holdings Inc ADR","Internet - Services","Computers and Technology",22064320000,32.73,2.33,3.74%,6.75%,0,29.360001,19322530000,734240000,595540000,1190735000,556890000,-0.76,6.80%,39.34%,N/L,N/L,N/L,N/L,N/L,2025-08-26
BELFB,"BEL Fuse Inc Cl B","Electronics Products - Misc","Computers and Technology",1679245000,30.19,4.03,6.22%,14.12%,0.63,28.08,1984085000,95710000,79100000,12664000,40960000,1.52,5.37%,58.39%,N/L,N/L,N/L,N/L,N/L,2025-07-24
BEN,"Franklin Resources","Finance - Investment Mgmt",Finance,13182361000,11.46,0.98,3.57%,8.76%,0.94,7.15,22217060000,1695000000,1178300000,519195000,464800000,1.46,22.90%,47.56%,N/L,N/L,N/L,N/L,N/L,2025-08-01
BEP,"Brookfield Renewable","Utility - Electric Power",Utilities,7209333000,0,0.22,0.16%,0.44%,1.13,3.53,38812332000,5729000000,2888000000,283832000,-181000000.,1.05,N/A,63.16%,N/L,N/L,N/L,N/L,N/L,2025-08-01
BEPC,"Brookfield Renewable Corp","Other Alt Energy",Oils-Energy,4957999000,0,0.45,-2.93%,-10.53%,0.15,3.86,5576999000,3876000000,2614000000,144886000,236000000,1.17,N/A,75.12%,N/L,N/L,N/L,N/L,N/L,2025-08-01
BF.A,"Brown Forman Inc Cl A","Beverages - Alcohol","Consumer Staples",14818174000,16.65,3.63,10.63%,23.19%,0.68,15.14,17107174000,1194000000,1107000000,472669000,869000000,0.53,4.03%,3.81%,N/L,N/L,N/L,N/L,N/L,2025-08-28
BF.B,"Brown Forman Inc Cl B","Beverages - Alcohol","Consumer Staples",14775634000,16.55,3.61,10.63%,23.19%,0.68,15.06,17064634000,1194000000,1107000000,472669000,869000000,0.53,2.66%,34.67%,N/L,N/L,N/L,N/L,N/L,2025-08-28
BFAM,"Bright Horizons Family Solutions Inc","Business Services","Business Services",7014025000,34.72,4.95,5.27%,15.12%,0.64,25.73,7850645000,391990000,294070000,56872000,140190000,1.34,1.21%,N/A,N/L,N/L,N/L,N/L,N/L,2025-07-31
BFH,"Bread Financial Hldgs Inc","Finance - Misc Services",Finance,2908595000,7.22,0.88,1.83%,13.10%,1.34,5.05,3787595000,3874000000,3671000000,46642000,277000000,1.42,0.85%,99.52%,N/L,N/L,N/L,N/L,N/L,2025-07-24
BFIN,"Bankfinancial Corp","Finance - Savings & Loan",Finance,154392000,74.25,0.95,0.14%,1.24%,0.21,34.950001,74142000,3350000,3190000,12461000,4070000,0.41,12.21%,74.94%,N/L,N/L,N/L,N/L,N/L,2025-08-20
BFLY,"Butterfly Network Inc","Medical Information Systems",Medical,382646000,0,1.5,-21.80%,-30.53%,0,N/A,293866000,-58790000.,-69130000.,251741000,-72490000.,2.45,25.18%,37.85%,N/L,N/L,N/L,N/L,N/L,2025-08-01
BFS,"Saul Centers","REIT - Equity Trust Retail",Finance,828478000,11.42,2.64,2.03%,13.79%,3.2,7.73,2535798000,164810000,111950000,24367000,50650000,1.11,56.57%,49.99%,N/L,N/L,N/L,N/L,N/L,2025-08-07
BFST,"Business First Bancshares Inc","Banks - Northeast",Finance,752508000,9.1,0.92,1.06%,11.21%,0.7,9.37,717478000,125230000,120340000,29603000,65110000,0.85,5.68%,47.35%,N/L,N/L,N/L,N/L,N/L,2025-07-28
BG,"Bunge Ltd","Agriculture Products","Basic Materials",17427402000,11.06,0.94,3.86%,9.16%,0.95,6.56,20358402000,1975000000,1507000000,200062000,1137000000,0.67,0.80%,86.23%,N/L,N/L,N/L,N/L,N/L,2025-07-30
BGC,"Bgc Partners Cl A","Finance - Investment Brokers",Finance,4809555000,8.88,4.23,12.28%,49.83%,1.73,7.78,5413825000,399410000,257280000,474315000,126990000,1.13,26.30%,52.11%,N/L,N/L,N/L,N/L,N/L,2025-07-31
BGFV,"Big 5 Sporting","Retail - Misc & Diversified",Retail-Wholesale,32545000,0,0.24,-10.70%,-39.67%,0.53,N/A,40885000,-51600000.,-70730000.,22919000,-69070000.,1.44,6.70%,41.98%,N/L,N/L,N/L,N/L,N/L,2025-07-29
BGS,"B&G Foods Holdings","Food - Misc & Diversified","Consumer Staples",366418000,8.6,0.71,1.34%,7.16%,3.97,0.65,2336288000,357320000,-127190000.,80004000,-251250000.,0.48,3.20%,66.15%,N/L,N/L,N/L,N/L,N/L,2025-08-04
BGSF,"Bgsf Inc","Business Services","Business Services",62714000,0,0.79,-4.84%,-9.06%,0.6,12.62,108684000,9070000,880000,11159000,-3340000.,1.21,7.00%,37.19%,N/L,N/L,N/L,N/L,N/L,2025-08-06
BHB,"Bar Harbor Bankshares","Banks - Northeast",Finance,533022000,10.54,1,1.09%,9.59%,0.63,9.51,751462000,74020000,68290000,16683000,43540000,0.69,2.55%,54.49%,N/L,N/L,N/L,N/L,N/L,2025-07-24
BHC,"Bausch Health Companies Inc","Medical - Generic Drugs",Medical,2772244000,1.99,18.879999,5.25%,-852.36%,147.88,0.97,23187244000,4068000000,2664000000,370126000,-46000000.,0.41,8.05%,78.65%,N/L,N/L,N/L,N/L,N/L,2025-07-30
BHE,"Benchmark Electronics","Electronic Manufacturing","Computers and Technology",1460859000,20.76,1.25,3.18%,6.08%,0.19,11.56,1390029000,139830000,93690000,35911000,63330000,0.99,2.20%,92.29%,N/L,N/L,N/L,N/L,N/L,2025-07-30
BHF,"Brighthouse Financial Inc","Insurance - Life",Finance,2691288000,2.66,0.46,0.47%,21.06%,0.55,2.81,801288000,431000000,761000000,57152000,388000000,0.88,1.40%,81.24%,N/L,N/L,N/L,N/L,N/L,2025-08-07
BHP,"Bhp Billiton Ltd ADR","Mining - Misc","Basic Materials",141876048000,0,2.65,0.00%,0.00%,0.41,9.34,150093056000,32017000000,0,2535765000,7897000000,0.8,0.02%,3.79%,N/L,N/L,N/L,N/L,N/L,2025-08-25
BHR,"Braemar Hotels & Resorts Inc","REIT - Equity Trust Other",Finance,153493000,10.89,0.63,-0.02%,-0.22%,5.5,1.32,1672533000,330200000,224120000,68219000,-1690000.,1.19,1.80%,64.79%,N/L,N/L,N/L,N/L,N/L,2025-07-31
BHVN,"Biohaven Ltd","Medical - Biomedical",Medical,1651398000,0,11.14,-143.70%,-270.65%,1.91,N/A,1552268000,-793500000.,-801360000.,105791000,-846420000.,0.98,16.00%,88.78%,N/L,N/L,N/L,N/L,N/L,2025-08-14
BIDU,"Baidu Inc ADR","Internet - Services","Computers and Technology",31093684000,10.91,0.76,4.66%,7.35%,0.25,5.1,33469684000,5586000000,2775000000,345447000,3255000000,0.34,16.70%,0.00%,N/L,N/L,N/L,N/L,N/L,2025-08-20
BIGGQ,"Big Lots","Retail - Discount",Retail-Wholesale,83000,0,N/A,0.00%,0.00%,-3.68,N/A,359943000,-140150000.,-287330000.,29694000,-481880000.,1.49,3.60%,75.96%,N/L,N/L,N/L,N/L,N/L,2025-09-11
BIIB,"Biogen Inc","Medical - Biomedical",Medical,20424936000,8.69,1.16,8.32%,13.85%,0.36,6.02,22597136000,3567100000,2603700000,146615000,1632200000,0.13,0.18%,87.93%,N/L,N/L,N/L,N/L,N/L,2025-07-31
BILI,"Bilibili Inc ADR","Broadcast - Radio & TV","Consumer Discretionary",10023304000,169.71,4.99,1.38%,3.19%,0.35,52.59,9274824000,276460000,-67700000.,417986000,-184510000.,0.94,22.20%,16.08%,N/L,N/L,N/L,N/L,N/L,2025-08-21
BILL,"Bill Holdings Inc","Internet - Software","Computers and Technology",4357012000,137.5,1.09,0.51%,1.21%,0.06,28.25,3551082000,125330000,15930000,103027000,-28880000.,1.35,4.20%,97.99%,N/L,N/L,N/L,N/L,N/L,2025-08-27
BINI,"Bollinger Innovations Inc","Auto - Domestic",Auto-Tires-Trucks,1934000,0,N/A,-318.48%,0.00%,0,N/A,-8816000.,-56860000.,-242650000.,4605000,-457060000.,-1.03,3.63%,11.71%,N/L,N/L,N/L,N/L,N/L,2025-08-18
BIO,"Bio-Rad Laboratories","Medical Products",Medical,8221977000,28.33,1.08,2.82%,4.01%,0.17,27.43,8935477000,303220000,303220000,27062000,-1844200000.,0.9,17.06%,65.24%,N/L,N/L,N/L,N/L,N/L,2025-07-31
BIOA,"Bioage Labs Inc","Medical - Biomedical",Medical,165268000,0,0.55,-23.22%,-25.39%,0.02,N/A,-180582000.,-91160000.,-91330000.,35850000,-71110000.,N/A,20.82%,N/A,N/L,N/L,N/L,N/L,N/L,2025-08-05
BIOX,"Bioceres Crop Solutions Corp","Agriculture Operations","Consumer Staples",183743000,0,0.53,-0.99%,-2.37%,0.5,7.54,318123000,42000000,20700000,62711000,3240000,0.44,2.31%,17.68%,N/L,N/L,N/L,N/L,N/L,2025-09-08
BIP,"Brookfield Infrastructure Partners LP","REIT - Equity Trust Other",Finance,14214992000,9.36,0.48,0.31%,1.15%,1.78,3.46,64175992000,8911000000,5267000000,463482000,351000000,1.09,N/A,57.92%,N/L,N/L,N/L,N/L,N/L,2025-07-31
BIPC,"Brookfield Infrastructure Partners LP Cl A","Utility - Gas Distribution",Utilities,4813676000,0,2.1,-1.34%,-12.95%,6.01,5.47,16452676000,2979000000,2204000000,119062000,-608000000.,1.39,N/A,70.38%,N/L,N/L,N/L,N/L,N/L,2025-01-30
BIRK,"Birkenstock Holding Plc","Shoes and Related Apparel","Consumer Staples",10030069000,28.29,3.18,6.27%,11.52%,0.45,25.67,10939989000,1088470000,978590000,187829000,207850000,1.31,N/A,19.93%,N/L,N/L,N/L,N/L,N/L,2025-08-14
BITF,"Bitfarms Ltd","Technology Services","Business Services",706314000,0,1.04,-8.44%,-9.86%,0.08,6.8,648354000,8700000,-132270000.,556153000,-54060000.,3.5,9.50%,20.59%,N/L,N/L,N/L,N/L,N/L,2025-08-12
BJ,"Bj's Wholesale Club Holdings Inc","Consumer Prdts - Misc Staple","Consumer Staples",12823472000,24.46,7.11,8.16%,31.98%,0.28,17.43,13561542000,1078270000,815100000,132051000,534420000,0.43,1.40%,98.60%,N/L,N/L,N/L,N/L,N/L,2025-08-22
BJRI,"Bj's Restaurants Inc","Retail - Restaurants",Retail-Wholesale,776331000,18.07,1.96,4.27%,11.73%,0.16,7.26,816731000,175450000,102490000,22124000,16690000,1.59,4.30%,99.95%,N/L,N/L,N/L,N/L,N/L,2025-07-31
BK,"Bank of New York Mellon Corp","Banks - Major Regional",Finance,72315416000,15.06,1.84,1.16%,13.46%,0.76,11.37,-36657584000.,21681000000,19878000000,705241000,4530000000,1.12,0.14%,85.31%,N/L,N/L,N/L,N/L,N/L,2025-10-16
BKD,"Brookdale Senior Living Inc","Medical - Nursing Homes",Medical,1809167000,0,16.07,-3.32%,-107.19%,40.19,8.81,5523157000,787570000,420060000,234348000,-201940000.,0.87,1.80%,N/A,N/L,N/L,N/L,N/L,N/L,2025-08-06
BKE,"Buckle Inc","Retail - Apparel & Shoes",Retail-Wholesale,2874000000,14.1,6.3,20.57%,43.13%,0,12.02,2607070000,278640000,242510000,51157000,195470000,1.05,39.00%,53.93%,N/L,N/L,N/L,N/L,N/L,2025-08-22
BKH,"Black Hills Corp","Utility - Electric Power",Utilities,4446886000,15.04,1.17,2.85%,7.81%,1.14,7.72,8673686000,1084100000,803300000,72852000,273100000,0.71,0.63%,86.71%,N/L,N/L,N/L,N/L,N/L,2025-07-30
BKKT,"Bakkt Hldgs Inc","Technology Services","Business Services",190942000,0,1.95,-16.63%,-99.39%,0.39,N/A,127002000,-75190000.,-75530000.,21551000,-46660000.,5.31,2.50%,11.11%,N/L,N/L,N/L,N/L,N/L,2025-08-11
BKNG,"Booking Holdings Inc","Internet Commerce",Retail-Wholesale,185413344000,27.77,N/A,24.16%,-134.19%,-2.62,27.139999,186104352000,9469000000,8878000000,32410000,5882000000,1.41,0.16%,92.42%,N/L,N/L,N/L,N/L,N/L,2025-07-29
BKR,"Baker Hughes Company","Oil - Field Services",Oils-Energy,44127944000,17.31,2.4,6.53%,14.56%,0.34,12.32,46786944000,4644000000,3508000000,985879000,2979000000,0.94,0.27%,92.06%,N/L,N/L,N/L,N/L,N/L,2025-07-22
BKSY,"Blacksky Technology Inc","Technology Services","Business Services",612835000,0,6.63,-18.12%,-52.27%,1.41,N/A,706125000,43620000,-9710000.,35465000,-57220000.,2.09,3.80%,27.15%,N/L,N/L,N/L,N/L,N/L,2025-08-07
BKU,"BankUnited Inc","Banks - Major Regional",Finance,2916760000,10.81,0.94,0.73%,9.00%,0.76,9.95,5355640000,574190000,529830000,75213000,232470000,1.32,1.15%,99.70%,N/L,N/L,N/L,N/L,N/L,2025-07-23
BKV,"Bkv Corp","Other Alt Energy",Oils-Energy,1932258000,41.2,1.19,2.21%,3.21%,0.13,10.55,2082388000,359400000,141510000,84711000,-142870000.,N/A,4.11%,N/A,N/L,N/L,N/L,N/L,N/L,2025-08-12
BL,"Blackline Inc","Internet - Software","Computers and Technology",3340715000,52.85,7.95,3.70%,15.95%,1.61,25.16,3383955000,80530000,25700000,61888000,165810000,0.91,8.60%,95.13%,N/L,N/L,N/L,N/L,N/L,2025-08-05
BLBD,"Blue Bird Corp","Auto - Domestic",Auto-Tires-Trucks,1753770000,15.62,7.78,21.26%,61.66%,0.41,14.22,1721070000,157910000,142400000,31708000,105550000,1.5,1.10%,93.59%,N/L,N/L,N/L,N/L,N/L,2025-08-06
BLCO,"Bausch & Lomb Corp","Medical Services",Medical,5288626000,34.52,0.79,1.12%,2.33%,0.76,7.74,9756626000,766000000,310000000,353991000,-317000000.,0.62,0.76%,11.07%,N/L,N/L,N/L,N/L,N/L,2025-07-30
BLD,"Topbuild Corp","Building & Construction - Misc",Construction,12218512000,20.05,5.46,12.73%,28.32%,0.88,15.57,13194102000,1002090000,858720000,28139000,622600000,1.63,0.43%,95.67%,N/L,N/L,N/L,N/L,N/L,2025-08-05
BLDE,"Blade Air Mobility Inc","Technology Services","Business Services",361096000,0,1.55,-7.24%,-8.45%,0,N/A,341446000,-18480000.,-24440000.,81696000,-27310000.,1.69,17.50%,47.36%,N/L,N/L,N/L,N/L,N/L,2025-08-05
BLDP,"Ballard Power Sys","Utility - Electric Power",Utilities,602735000,0,0.89,-18.62%,-21.52%,0,N/A,-1215000.,-150170000.,-161730000.,299868000,-324250000.,1.76,0.16%,28.02%,N/L,N/L,N/L,N/L,N/L,2025-08-11
BLDR,"Builders Firstsource","Building Prds Retail - Wsale",Retail-Wholesale,15968512000,14.37,3.52,9.59%,24.61%,1.12,7.89,19519002000,1795420000,1227900000,110547000,1077900000,1.68,2.00%,95.53%,N/L,N/L,N/L,N/L,N/L,2025-07-31
BLFS,"Biolife Solutions","Medical Products",Medical,1241218000,2508,3.46,0.14%,0.16%,0.03,204.710007,1161768000,-1330000.,-9990000.,47905000,-20180000.,1.76,2.20%,93.24%,N/L,N/L,N/L,N/L,N/L,2025-08-07
BLFY,"Blue Foundry Bancorp","Banks - Northeast",Finance,201203000,0,0.6,-0.55%,-3.45%,1.07,N/A,498203000,3540000,-140000.,21496000,-11910000.,0.6,5.34%,56.52%,N/L,N/L,N/L,N/L,N/L,2025-07-30
BLK,"Blackrock Inc","Finance - Investment Mgmt",Finance,177797584000,24.06,3.53,5.17%,15.53%,0.39,24.23,185099584000,8557000000,7978000000,154853000,6369000000,1.42,1.98%,80.69%,N/L,N/L,N/L,N/L,N/L,2025-10-10
BLKB,"Blackbaud Inc","Computer - Software","Computers and Technology",3223908000,26.25,35.91,5.07%,61.72%,13.17,13.01,3489388000,286180000,161980000,48509000,-283170000.,1.13,1.97%,94.21%,N/L,N/L,N/L,N/L,N/L,2025-07-30
BLMN,"Bloomin' Brands Inc","Retail - Restaurants",Retail-Wholesale,626526000,4.61,1.47,3.84%,44.04%,2.29,1.64,1583866000,469700000,268790000,85068000,-128020000.,1.32,3.00%,N/A,N/L,N/L,N/L,N/L,N/L,2025-08-06
BLND,"Blend Labs Inc Cl A","Internet - Software","Computers and Technology",955556000,0,N/A,-4.24%,0.00%,0,N/A,1107356000,-17850000.,-27420000.,259662000,-43350000.,1.24,35.52%,52.56%,N/L,N/L,N/L,N/L,N/L,2025-08-07
BLNK,"Blink Charging Company","Electronic Misc Services","Computers and Technology",101573000,0,1.32,-34.53%,-63.06%,0,1.18,59803000,63790000,-76600000.,104714000,-198130000.,2.96,1.60%,44.64%,N/L,N/L,N/L,N/L,N/L,2025-08-18
BLRX,"Biolinerx Ltd ADR","Medical - Drugs",Medical,15942000,0,0.76,-17.54%,-49.74%,0.56,N/A,18943000,-9430000.,-13500000.,4263000,-9220000.,1.15,1.10%,1.56%,N/L,N/L,N/L,N/L,N/L,2025-08-14
BLSH,"Bullish Ord Shs","Internet - Software","Computers and Technology",0,0,N/A,0.00%,0.00%,0,N/A,0,0,0,0,78527000,N/A,N/A,N/A,N/L,N/L,N/L,N/L,N/L,N/A
BLX,"Banco Latinoamericano DE Comercio","Banks - Foreign",Finance,1710764000,7.6,1.19,1.82%,16.23%,0,7.92,4099244000,444600000,441040000,37231000,205870000,0.88,0.20%,19.47%,N/L,N/L,N/L,N/L,N/L,2025-08-04
BLZE,"Backblaze Inc Cl A","Internet - Software","Computers and Technology",464430000,0,5.48,-23.07%,-54.87%,0,N/A,418650000,-13280000.,-41610000.,56500000,-48530000.,1.13,3.80%,54.03%,N/L,N/L,N/L,N/L,N/L,2025-08-07
BMA,"Banco Macro S.A. ADR","Banks - Foreign",Finance,4188006000,0,1.06,0.41%,1.50%,0.11,8.32,1751836000,19970000,-131980000.,63900000,358050000,1.58,18.34%,0.00%,N/L,N/L,N/L,N/L,N/L,2025-08-28
BMBL,"Bumble Inc","Internet - Software","Computers and Technology",661510000,0,0.67,5.37%,10.35%,1.01,N/A,1475210000,-971690000.,-1042310000.,104011000,-557010000.,1.96,15.84%,94.85%,N/L,N/L,N/L,N/L,N/L,2025-08-06
BMEA,"Biomea Fusion Inc","Medical - Biomedical",Medical,108901000,0,3.79,-140.74%,-243.95%,0,N/A,50621000,-113350000.,-115100000.,59509000,-138430000.,-0.14,18.42%,96.72%,N/L,N/L,N/L,N/L,N/L,2025-08-06
BMI,"Badger Meter","Industrial Controls","Computers and Technology",5578185000,39.97,7.98,15.71%,21.57%,0,34.34,5282875000,206320000,174130000,29469000,124940000,0.84,0.80%,89.01%,N/L,N/L,N/L,N/L,N/L,2025-10-16
BMNR,"Bitmine Immersion Technologies Inc","Technology Services","Business Services",230189000,0,34.049999,-46.07%,-104.75%,0.65,N/A,231319000,-1230000.,-2150000.,4303000,-3290000.,N/A,N/A,N/A,N/L,N/L,N/L,N/L,N/L,N/A
BMO,"Bank of Montreal","Banks - Foreign",Finance,82188104000,15.42,1.48,0.55%,10.15%,0.11,11.7,-37701000000.,19299140000,17748920000,716361000,5376540000,1.07,1.00%,45.82%,N/L,N/L,N/L,N/L,N/L,2025-08-26
BMRA,"Biomerica Inc","Medical - Drugs",Medical,8834000,0,1.57,-61.06%,-85.90%,0,N/A,4664000,-4730000.,-5100000.,2546000,-5980000.,0.26,15.00%,22.28%,N/L,N/L,N/L,N/L,N/L,2025-08-27
BMRC,"Bank of Marin Bancrp","Banks - West",Finance,391031000,18.34,0.85,0.54%,4.60%,0,18.92,253731000,19140000,14160000,16125000,-8410000.,0.89,5.13%,52.26%,N/L,N/L,N/L,N/L,N/L,2025-07-28
BMRN,"Biomarin Pharmaceuticals","Medical - Biomedical",Medical,11248238000,15.74,1.85,10.13%,12.59%,0,17.889999,10305398000,845250000,757170000,192015000,426860000,0.18,0.85%,98.71%,N/L,N/L,N/L,N/L,N/L,2025-08-04
BMY,"Bristol-Myers Squibb Company","Medical - Biomedical",Medical,97538088000,7.2,5.64,14.69%,80.04%,2.81,8.23,136841088000,21952000000,12352000000,2035436000,-8948000000.,0.36,0.09%,76.41%,N/L,N/L,N/L,N/L,N/L,2025-07-31
BN,"Brookfield Corp","Real Estate Operations",Finance,108718304000,17.28,0.67,1.21%,3.77%,1.55,6.52,332562304000,28265000000,18528000000,1648996000,641000000,1.7,11.00%,61.60%,N/L,N/L,N/L,N/L,N/L,2025-08-07
BNED,"Barnes & Noble Education Inc C","Consumer Prdts - Misc Discr","Consumer Discretionary",295248000,0,0.91,0.00%,0.00%,0.5,N/A,481128000,63590000,9880000,34054000,-63210000.,1.68,1.00%,38.51%,N/L,N/L,N/L,N/L,N/L,2025-09-09
BNL,"Broadstone Net Lease Inc Cl A","REIT - Equity Trust Resident",Finance,3449731000,12.28,1.11,1.88%,3.19%,0.34,10.55,4373962000,488920000,333220000,189130000,162440000,1,0.62%,89.07%,N/L,N/L,N/L,N/L,N/L,2025-07-30
BNS,"Bank of Nova Scotia","Banks - Foreign",Finance,71602968000,12.25,1.31,0.60%,11.27%,0.54,9.35,-83749368000.,10953890000,9660820000,1242460000,5699800000,1.14,N/A,49.13%,N/L,N/L,N/L,N/L,N/L,2025-08-26
BNT,"Brookfield Wealth Solutions Ltd","Finance - Misc Services",Finance,15830174000,188.59,0.97,0.01%,0.12%,0.3,10.76,8127174000,4527000000,3084000000,240434000,1214000000,1.58,0.98%,20.31%,N/L,N/L,N/L,N/L,N/L,2025-08-14
BNTC,"Benitec Biopharma Ltd ADR","Medical - Biomedical",Medical,340988000,0,3.05,-35.71%,-38.26%,0,N/A,290058000,-30040000.,-30130000.,26250000,-21750000.,0.4,1.30%,52.19%,N/L,N/L,N/L,N/L,N/L,2025-09-25
BNTX,"Biontech Se ADR","Medical - Biomedical",Medical,26655440000,0,1.27,-1.59%,-1.84%,0.01,N/A,16367160000,-640080000.,-962550000.,240399000,-719920000.,1.23,19.20%,15.52%,N/L,N/L,N/L,N/L,N/L,2025-08-04
BOC,"Boston Omaha Corp Cl A","Real Estate Operations",Finance,408574000,418.67,0.71,0.10%,0.14%,0.08,15.57,416914000,46390000,19800000,31453000,-1290000.,0.97,23.21%,60.36%,N/L,N/L,N/L,N/L,N/L,2025-08-12
BOH,"Bank of Hawaii Corp","Banks - West",Finance,2731266000,17.2,1.86,0.72%,12.67%,0.32,13.29,2870966000,291270000,247840000,39768000,149990000,0.8,2.07%,82.18%,N/L,N/L,N/L,N/L,N/L,2025-07-28
BOKF,"Bok Financial Corp","Banks - Southwest",Finance,7024563000,12.65,1.14,1.07%,9.39%,0.7,11.48,8751183000,1061990000,1001750000,63611000,523570000,0.88,56.94%,34.44%,N/L,N/L,N/L,N/L,N/L,2025-07-21
BOOM,"Dynamic Materials","Industrial Services","Industrial Products",142626000,0,0.53,-0.48%,-1.27%,0.23,0.74,386236000,200200000,22590000,20581000,-94450000.,1.48,3.40%,77.63%,N/L,N/L,N/L,N/L,N/L,2025-08-05
BOOT,"Boot Barn Holdings Inc","Retail - Apparel & Shoes",Retail-Wholesale,5301465000,26.71,4.42,9.78%,17.73%,0,21.440001,5231695000,322440000,259850000,30556000,180940000,1.76,0.66%,N/A,N/L,N/L,N/L,N/L,N/L,2025-07-31
BORR,"Borr Drilling Ltd","Oil & Gas - Drilling",Oils-Energy,642532000,11.81,0.58,1.60%,5.46%,2.03,3.31,2690632000,583000000,481500000,236225000,82100000,1.89,7.90%,83.12%,N/L,N/L,N/L,N/L,N/L,2025-08-13
BOX,"Box Inc","Internet - Software","Computers and Technology",4572490000,141.73,N/A,5.22%,-20.17%,-2.33,40.830002,5094700000,142630000,67970000,143789000,244620000,0.96,3.90%,86.74%,N/L,N/L,N/L,N/L,N/L,2025-08-26
BP,"BP Plc ADR","Oil - International Integrated",Oils-Energy,91634784000,12.61,1.13,2.57%,9.08%,0.76,3.6,111977784000,45475000000,28853000000,2637731000,381000000,0.57,1.00%,11.01%,N/L,N/L,N/L,N/L,N/L,2025-08-05
BPOP,"Popular Inc","Banks - Southeast",Finance,8241071000,11.53,1.37,0.98%,12.48%,0,18.76,1462621000,768490000,960890000,67583000,614210000,0.65,2.09%,87.27%,N/L,N/L,N/L,N/L,N/L,2025-07-23
BR,"Broadridge Financial Solutions Llc","Internet - Software","Computers and Technology",30708878000,30.51,11.54,12.23%,42.72%,1.22,20.299999,33399678000,1686700000,1188600000,117129000,839500000,0.94,1.30%,90.03%,N/L,N/L,N/L,N/L,N/L,2025-08-05
BRAG,"Bragg Gaming Group Inc",Gaming,"Consumer Discretionary",69119000,0,0.9,-5.06%,-7.51%,0.03,5.38,64909000,12690000,-5590000.,25043000,-5570000.,0.85,26.40%,4.04%,N/L,N/L,N/L,N/L,N/L,2025-08-14
BRBR,"Bellring Brands Inc Cl A","Food - Misc & Diversified","Consumer Staples",5027822000,18.33,N/A,30.88%,-123.43%,-3.26,17.549999,5789822000,420800000,384300000,125979000,246500000,0.72,1.07%,94.97%,N/L,N/L,N/L,N/L,N/L,2025-08-04
BRBS,"Blue Ridge Bankshare","Banks - Northeast",Finance,353764000,0,0.97,-0.01%,-0.06%,0.51,N/A,366724000,13360000,10600000,92126000,-15390000.,0.82,3.08%,50.48%,N/L,N/L,N/L,N/L,N/L,2025-07-24
BRC,"Brady Corp","Protection - Safety","Industrial Products",3620148000,16.34,3,13.58%,19.57%,0.09,15.03,3460968000,273420000,243550000,47316000,197220000,0.81,15.60%,76.28%,N/L,N/L,N/L,N/L,N/L,2025-09-05
BRCC,"Brc Inc Cl A","Consumer Prdts - Misc Staple","Consumer Staples",382267000,0,10.1,-2.59%,-12.88%,2.04,15.43,440547000,-7880000.,-19130000.,248225000,-2950000.,0.93,69.00%,16.29%,N/L,N/L,N/L,N/L,N/L,2025-08-04
BRDG,"Bridge Investment Group Holdings Inc Cl A","Finance - Investment Funds",Finance,1183073000,16.91,2.58,3.36%,8.42%,0.99,23.809999,1527973000,60740000,38790000,124534000,8000000,1.41,65.90%,52.83%,N/L,N/L,N/L,N/L,N/L,2025-08-05
BRFS,"Brf-Brasil Foods S.A. ADR","Food - Misc & Diversified","Consumer Staples",3951016000,9.53,1.32,5.62%,20.20%,1.15,3.14,5675086000,1924180000,1011760000,1082470000,595740000,1.35,1.00%,4.76%,N/L,N/L,N/L,N/L,N/L,2025-08-13
BRK.B,"Berkshire Hathaway Cl B","Insurance - Proprty & Casualty",Finance,1054936832000,23.21,1.57,3.92%,6.96%,0.19,17.48,1131969792000,75081000000,62226000000,2157335000,88995000000,0.81,6.05%,39.25%,N/L,N/L,N/L,N/L,N/L,2025-08-02
BRKL,"Brookline Bancorp","Finance - Savings & Loan",Finance,994412000,11.42,0.75,0.71%,6.69%,0.92,12.51,2449592000,180840000,177130000,89105000,68720000,0.91,2.89%,78.91%,N/L,N/L,N/L,N/L,N/L,2025-07-23
BRKR,"Bruker Corp","Industrial Scientific","Computers and Technology",5392093000,15.72,2.82,5.38%,17.89%,1.34,9.41,7321093000,367700000,183900000,151719000,113100000,1.16,27.30%,79.52%,N/L,N/L,N/L,N/L,N/L,2025-08-04
BRLT,"Brilliant Earth Group Inc Cl A","Retail - Jewelry",Retail-Wholesale,210479000,0,2.2,-0.61%,-1.57%,0.34,23.32,104039000,2210000,-3390000.,99753000,540000,1.35,84.46%,70.41%,N/L,N/L,N/L,N/L,N/L,2025-08-07
BRO,"Brown & Brown","Insurance - Brokers",Finance,31882624000,23.57,2.74,6.11%,15.10%,0.65,21.309999,33204624000,1955000000,1762000000,329843000,993000000,0.78,17.02%,71.01%,N/L,N/L,N/L,N/L,N/L,2025-07-28
BROS,"Dutch Bros Inc Cl A","Retail - Restaurants",Retail-Wholesale,10779284000,116.91,12.45,2.65%,8.86%,0.24,57.209999,10723004000,227080000,134070000,164519000,35260000,2.63,42.40%,85.54%,N/L,N/L,N/L,N/L,N/L,2025-08-06
BRR,"Columbus Circle Capital Corp I Cl A",N/A,N/A,N/A,N/A,N/A,N/A,N/A,N/A,N/A,N/A,N/A,N/A,N/A,0,N/A,N/A,N/A,N/L,N/L,N/L,N/L,N/L,N/A
BRSL,"Brightstar Lottery Plc",Gaming,"Consumer Discretionary",3287060000,38.54,1.59,0.98%,5.18%,3.25,5.83,7944060000,879000000,477000000,202032000,348000000,1.52,1.24%,44.33%,N/L,N/L,N/L,N/L,N/L,2025-07-29
BRSP,"Brightspire Capital Inc","REIT - Mortgage Trusts",Finance,750065000,8.71,0.72,2.21%,7.74%,1.79,5.1,2171625000,35960000,-6070000.,129994000,-131980000.,1.53,2.36%,56.57%,N/L,N/L,N/L,N/L,N/L,2025-07-29
BRT,"BRT Realty Trust","REIT - Equity Trust Resident",Finance,302312000,10.51,1.53,-1.30%,-4.57%,2.51,12.88,754862000,69670000,37170000,18930000,-9790000.,1.04,42.00%,29.07%,N/L,N/L,N/L,N/L,N/L,2025-08-15
BRX,"Brixmor Property Group Inc","REIT - Equity Trust Retail",Finance,8527946000,12.43,2.8,3.85%,11.39%,1.73,11.42,13489006000,1246520000,872000000,306100000,339270000,1.29,0.75%,98.43%,N/L,N/L,N/L,N/L,N/L,2025-07-28
BRY,"Berry Pete Corp","Oil - US Integrated",Oils-Energy,232012000,6.04,0.33,2.48%,5.27%,0.62,0.96,631602000,399760000,224800000,77596000,19250000,1.12,2.00%,94.88%,N/L,N/L,N/L,N/L,N/L,2025-08-06
BRZE,"Braze Inc Cl A","Internet - Software","Computers and Technology",2840435000,0,5.68,-10.26%,-18.89%,0,N/A,2757375000,-79250000.,-122300000.,105612000,-103740000.,1.1,18.20%,90.47%,N/L,N/L,N/L,N/L,N/L,2025-09-04
BSAC,"Banco Santander Chile ADR","Banks - Foreign",Finance,11396271000,9.9,2.48,1.57%,22.21%,2.61,10.77,21519690000,2950260000,2798980000,471115000,938260000,0.67,N/A,6.42%,N/L,N/L,N/L,N/L,N/L,2025-07-31
BSBR,"Banco Santander Brasil S.A. ADR","Banks - Foreign",Finance,18684806000,0,0.83,0.93%,9.57%,3.28,6.74,54212752000,25377400000,24871070000,3722073000,2477970000,0.73,0.06%,14.53%,N/L,N/L,N/L,N/L,N/L,2025-07-30
BSET,"Bassett Furniture",Furniture,"Consumer Discretionary",140337000,53.83,0.81,0.74%,1.48%,0,23.940001,100787000,9870000,-50000.,8690000,-9700000.,1.15,7.30%,54.40%,N/L,N/L,N/L,N/L,N/L,2025-10-08
BSGM,"Biosig Technologies","Medical Instruments",Medical,162750000,0,N/A,-90.02%,"-5,336.99%",0,N/A,162720000,-12080000.,-12270000.,31419000,-10330000.,1.65,24.80%,7.16%,N/L,N/L,N/L,N/L,N/L,2025-08-13
BSM,"Black Stone Minerals LP","E&P MLP",Oils-Energy,2616385000,8.48,3.2,26.22%,39.67%,0.09,8.05,2939345000,366890000,320610000,211853000,271330000,0.28,17.80%,14.49%,N/L,N/L,N/L,N/L,N/L,2025-08-04
BSRR,"Sierra Bancorp","Banks - West",Finance,420475000,10.01,1.11,1.11%,11.44%,0.24,8.98,405045000,68130000,62300000,13590000,40560000,0.79,11.86%,55.40%,N/L,N/L,N/L,N/L,N/L,2025-07-28
BSX,"Boston Scientific Corp","Medical Products",Medical,157317600000,37.18,6.88,10.63%,19.21%,0.51,28.82,167649600000,5681000000,4026000000,1481752000,1854000000,0.66,0.50%,89.07%,N/L,N/L,N/L,N/L,N/L,2025-07-23
BSY,"Bentley Systems Inc Cl B","Internet - Software","Computers and Technology",15962882000,56.22,13.42,9.04%,28.41%,1.07,45.119999,17286962000,434650000,362700000,292093000,234700000,1.1,20.56%,44.16%,N/L,N/L,N/L,N/L,N/L,2025-08-06
BTAI,"Bioxcel Therapeutics Inc","Medical - Biomedical",Medical,72494000,0,N/A,-134.45%,0.00%,-1.01,N/A,145154000,-51420000.,-51730000.,14557000,-59600000.,0.05,21.20%,30.68%,N/L,N/L,N/L,N/L,N/L,2025-08-12
BTBT,"Bit Digital Inc","Technology Services","Business Services",925727000,0,1.39,-8.36%,-9.90%,0,72.440002,835847000,16330000,-15980000.,321433000,28310000,4.9,1.80%,47.70%,N/L,N/L,N/L,N/L,N/L,2025-08-14
BTCM,"Bit Mining Ltd","Technology Services","Business Services",47329000,0,0.85,0.00%,0.00%,0,8.47,45519000,3530000,-19220000.,15073000,12070000,3.2,19.68%,5.34%,N/L,N/L,N/L,N/L,N/L,2025-08-14
BTCS,"Btcs Inc","Finance - Misc Services",Finance,231615000,0,7.3,-40.98%,-51.90%,0.13,N/A,232285000,-14630000.,-14640000.,48053000,-1270000.,1.17,42.80%,3.48%,N/L,N/L,N/L,N/L,N/L,2025-08-18
BTDR,"Bitdeer Technologies Group","Technology Services","Business Services",1494746000,0,2,-20.52%,-55.73%,0.27,N/A,1139926000,-92820000.,-173920000.,111966000,-599150000.,2.23,N/A,22.25%,N/L,N/L,N/L,N/L,N/L,2025-08-18
BTE,"Baytex Energy Corp","Oil - C$ Exploration & Product",Oils-Energy,1644199000,9.14,0.52,3.25%,6.08%,0.51,1.31,3279409000,2479590000,1468150000,768317000,172670000,1.19,0.76%,46.15%,N/L,N/L,N/L,N/L,N/L,2025-07-31
BTG,"B2Gold Corp","Mining - Gold","Basic Materials",5265485000,16.25,1.56,6.62%,10.42%,0.13,8.96,5366395000,1044400000,676990000,1322986000,-629890000.,0.39,1.18%,61.40%,N/L,N/L,N/L,N/L,N/L,2025-08-07
BTI,"British American Tobacco Industries ADR",Tobacco,"Consumer Staples",120515968000,0,1.94,0.00%,0.00%,0.75,9.18,160965344000,11421870000,0,2059750000,3920600000,0.38,0.03%,16.16%,N/L,N/L,N/L,N/L,N/L,2025-02-13
BTM,"Bitcoin Depot Inc","Finance - Misc Services",Finance,245029000,38.5,52.759998,2.92%,-44.12%,14.07,N/A,271039000,68690000,57360000,64312000,-11690000.,0.86,70.23%,9.18%,N/L,N/L,N/L,N/L,N/L,2025-08-12
BTSG,"Brightspring Health Services Inc","Medical Services",Medical,4405696000,32.38,2.44,2.64%,9.29%,1.45,12.8,6958766000,451780000,235190000,177149000,-18060000.,2.25,3.40%,0.00%,N/L,N/L,N/L,N/L,N/L,2025-08-01
BTU,"Peabody Energy Corp",Coal,Oils-Energy,2007616000,12.92,0.53,2.79%,4.41%,0.09,2.7,1655316000,862500000,519500000,121600000,370900000,0.53,0.41%,87.44%,N/L,N/L,N/L,N/L,N/L,2025-07-31
BUD,"Anheuser-Busch Inbev S.A. ADR","Beverages - Alcohol","Consumer Staples",114769072000,17.28,1.24,6.99%,16.21%,0.83,8.99,175764064000,21086000000,15542000000,1797198000,5855000000,0.79,4.50%,5.53%,N/L,N/L,N/L,N/L,N/L,2025-07-31
BULL,"Webull Corp Cl A","Finance - Misc Services",Finance,7112501000,89.19,N/A,2.14%,-2.15%,0,32.009998,5902541000,-10840000.,-259890000.,461551000,-22690000.,-0.17,35.00%,92.48%,N/L,N/L,N/L,N/L,N/L,2025-08-28
BULU,"T-Rex 2X Long Bull Daily Target ETF",N/A,N/A,N/A,N/A,N/A,N/A,N/A,N/A,N/A,N/A,N/A,N/A,N/A,0,N/A,N/A,N/A,N/L,N/L,N/L,N/L,N/L,N/A
BUR,"Burford Capital Ltd","Finance - Misc Services",Finance,3058992000,12.59,0.92,3.88%,7.48%,0.55,20.33,4352672000,480450000,474920000,218812000,146480000,0.65,8.90%,0.00%,N/L,N/L,N/L,N/L,N/L,2025-08-07
BURL,"Burlington Stores Inc","Retail - Discount",Retail-Wholesale,17717354000,32.73,12.86,6.48%,44.03%,1.22,19.91,18433464000,1476190000,1125540000,63087000,503640000,1.69,1.10%,N/A,N/L,N/L,N/L,N/L,N/L,2025-08-28
BUSE,"First Busey Corp","Banks - Midwest",Finance,2152725000,10.04,0.86,1.04%,8.76%,0.11,8.52,1757605000,182320000,147270000,89066000,113690000,0.81,3.85%,56.49%,N/L,N/L,N/L,N/L,N/L,2025-07-22
BV,"Brightview Holdings Inc","Business Services","Business Services",1412112000,22.95,1.09,3.33%,8.76%,0.62,5.72,2581312000,308900000,161900000,94900000,66400000,1.26,2.20%,92.41%,N/L,N/L,N/L,N/L,N/L,2025-08-06
BVN,"Compania Mina Buenaventura S.A. ADR","Mining - Silver","Basic Materials",4787602000,13.42,1.25,6.65%,9.47%,0.23,11.56,4935942000,420110000,420110000,253715000,402690000,0.34,19.34%,0.00%,N/L,N/L,N/L,N/L,N/L,2025-07-24
BVS,"Bioventus Inc Cl A","Medical - Drugs",Medical,631668000,14.16,2.91,6.04%,23.04%,1.7,6.62,925718000,128030000,78470000,82679000,-33540000.,0.83,33.00%,62.94%,N/L,N/L,N/L,N/L,N/L,2025-08-06
BW,"Babcock & Wilcox Enterprises","Electrical Power","Computers and Technology",173889000,0,N/A,-8.17%,0.00%,-1.53,N/A,530319000,18000000,-7460000.,101098000,-59920000.,1.72,3.90%,83.17%,N/L,N/L,N/L,N/L,N/L,2025-08-11
BWA,"Borgwarner Inc","Auto - Truck Original Parts",Auto-Tires-Trucks,9333031000,9.47,1.49,6.77%,16.17%,0.64,5.56,11002031000,1799000000,1126000000,216393000,338000000,1.1,0.45%,95.67%,N/L,N/L,N/L,N/L,N/L,2025-07-31
BWAY,"Brainsway Ltd ADR","Medical Products",Medical,287280000,57.65,4.16,5.65%,8.97%,0,60.110001,217660000,3640000,1870000,18900000,2920000,1.42,19.00%,30.11%,N/L,N/L,N/L,N/L,N/L,2025-08-13
BWB,"Bridgewater Bancshares Inc","Banks - Northeast",Finance,453469000,12.82,1.06,0.77%,9.73%,1.08,12.27,705719000,66650000,64620000,27483000,32830000,0.58,23.27%,65.83%,N/L,N/L,N/L,N/L,N/L,2025-07-23
BWEN,"Broadwind Energy Inc","Machinery - General Industrial","Industrial Products",50921000,0,0.82,-1.71%,-3.71%,0.12,6.01,50941000,11570000,1570000,23041000,1150000,1.42,6.40%,33.27%,N/L,N/L,N/L,N/L,N/L,2025-08-12
BWIN,"The Baldwin Insurance Group Inc","Insurance - Life",Finance,3983886000,29.66,3.86,3.82%,13.24%,1.53,17.23,5069617000,215010000,100240000,118674000,-24520000.,1.66,18.51%,77.49%,N/L,N/L,N/L,N/L,N/L,2025-08-05
BWMN,"Bowman Consulting Group Ltd","Business Services","Business Services",702978000,49.16,2.75,2.67%,5.62%,0.3,22,753268000,68680000,39750000,17251000,3030000,1.31,17.42%,63.20%,N/L,N/L,N/L,N/L,N/L,2025-08-06
BWMX,"Betterware DE Mexico Sapi DE Cv","Consumer Prdts - Misc Discr","Consumer Discretionary",499675000,8.8,8.12,10.08%,93.25%,4.4,5.53,748285000,94000000,72470000,37317000,39070000,1.24,N/A,12.72%,N/L,N/L,N/L,N/L,N/L,2025-07-24
BWXT,"Bwx Technologies Inc","Aerospace - Defense Equipment",Aerospace,14906262000,44.93,12.76,10.77%,30.61%,1.29,38.549999,15884842000,341190000,255330000,91399000,281940000,0.73,0.47%,94.39%,N/L,N/L,N/L,N/L,N/L,2025-08-04
BX,"Blackstone Inc","Finance - Misc Services",Finance,125674176000,32.69,6.09,8.73%,20.47%,0.61,32.830002,135620352000,6559850000,6523880000,737092000,2776510000,1.71,1.00%,70.00%,N/L,N/L,N/L,N/L,N/L,2025-10-16
BXC,"Bluelinx Holdings Inc","Building Products - Wood",Construction,665250000,29.9,1,1.39%,3.48%,0.48,7.73,454690000,132020000,96150000,7892000,53120000,1.74,3.80%,90.83%,N/L,N/L,N/L,N/L,N/L,2025-07-29
BXMT,"Blackstone Mortgage Trust Inc Cl A","REIT - Mortgage Trusts",Finance,3349222000,16.91,0.89,0.95%,5.17%,4.56,9.86,18750662000,1440250000,1452020000,171579000,-204090000.,1.12,1.02%,64.15%,N/L,N/L,N/L,N/L,N/L,2025-07-30
BXP,"Bxp Inc","REIT - Equity Trust Other",Finance,10986544000,9.56,1.34,1.20%,3.89%,2.06,8.69,26242724000,2822620000,1934160000,158376000,14270000,1.17,1.49%,98.72%,N/L,N/L,N/L,N/L,N/L,2025-07-29
BXSL,"Blackstone Secured Lending Fund","Finance - SBIC & Commercial",Finance,6902385000,8.92,1.09,5.48%,12.07%,1.13,9.61,13728865000,720710000,733350000,230233000,694100000,0.46,0.10%,36.49%,N/L,N/L,N/L,N/L,N/L,2025-08-06
BY,"Byline Bancorp Inc","Banks - Northeast",Finance,1326875000,9.87,1.07,1.30%,10.98%,0,10.26,1350405000,179770000,182130000,45865000,120760000,0.86,28.79%,67.73%,N/L,N/L,N/L,N/L,N/L,2025-07-24
BYD,"Boyd Gaming Corp",Gaming,"Consumer Discretionary",6868561000,11.95,4.79,9.42%,40.66%,2.56,8.22,9723791000,1465880000,1181650000,80184000,577950000,1.24,27.94%,76.81%,N/L,N/L,N/L,N/L,N/L,2025-07-24
BYND,"Beyond Meat Inc","Food - Meat Products","Consumer Staples",187783000,0,N/A,-22.97%,0.00%,-0.07,N/A,54833000,-132770000.,-159830000.,76646000,-160280000.,2.22,7.50%,52.48%,N/L,N/L,N/L,N/L,N/L,2025-08-06
BYON,"Beyond Inc","Internet Commerce",Retail-Wholesale,556838000,0,4.22,-31.95%,-78.27%,0.14,N/A,395618000,-108810000.,-127870000.,57406000,-258800000.,2.76,1.60%,76.30%,N/L,N/L,N/L,N/L,N/L,2025-07-28
BYRN,"Byrna Technologies Inc","Technology Services","Business Services",458621000,50.55,7.24,13.10%,16.96%,0,50.529999,441791000,11450000,9950000,22704000,12790000,2.07,9.75%,25.46%,N/L,N/L,N/L,N/L,N/L,2025-10-08
BYSI,"Beyondspring Inc","Medical - Biomedical",Medical,70984000,0,N/A,0.00%,0.00%,0,N/A,68064000,-6330000.,-6620000.,40332000,-11120000.,0.26,29.31%,40.29%,N/L,N/L,N/L,N/L,N/L,2025-08-11
BZ,"Kanzhun Ltd ADR","Internet - Software","Computers and Technology",9370864000,35.13,4.11,10.81%,13.83%,0,28.809999,9021094000,301000000,206950000,410283000,217100000,0.41,5.60%,60.67%,N/L,N/L,N/L,N/L,N/L,2025-08-20
BZAI,"Blaize Holdings Inc",Unclassified,N/A,365038000,0,N/A,-49.12%,0.00%,-0.91,N/A,367248000,-63010000.,-63010000.,101682000,-4110000.,0.29,68.50%,97.12%,N/L,N/L,N/L,N/L,N/L,2025-08-14
BZFD,"Buzzfeed Inc","Media Conglomerates","Consumer Discretionary",74815000,0,0.84,-11.14%,-28.11%,0.54,N/A,61685000,26620000,1390000,37037000,-10100000.,3.46,19.21%,37.64%,N/L,N/L,N/L,N/L,N/L,2025-08-07
BZH,"Beazer Homes USA","Building - Residential & Comm",Construction,778524000,9.9,0.6,2.86%,6.16%,0.94,4.9,1561264000,103360000,88490000,29726000,140180000,2.09,6.52%,85.65%,N/L,N/L,N/L,N/L,N/L,2025-07-31
BZUN,"Baozun Inc ADR","IT Services","Computers and Technology",168624000,0,0.3,-1.84%,-4.46%,0.38,18.940001,339464000,13830000,-19710000.,57748000,-18680000.,0.28,59.20%,47.29%,N/L,N/L,N/L,N/L,N/L,2025-08-28
C,"Citigroup Inc","Finance - Investment Brokers",Finance,175363936000,13.68,0.86,0.57%,7.29%,1.48,10.3,-70080064000.,71075000000,66764000000,1840898000,12684000000,1.38,0.08%,71.72%,N/L,N/L,N/L,N/L,N/L,2025-07-15
CAAP,"Corporacion America Airports Sa","Transportation - Airline",Transportation,3535410000,26.16,2.31,3.25%,9.06%,0.72,13.29,4253630000,416940000,426510000,163223000,282670000,1.37,N/A,12.95%,N/L,N/L,N/L,N/L,N/L,2025-08-20
CAAS,"China Automotive Sys","Auto - Truck Original Parts",Auto-Tires-Trucks,123701000,4.19,0.3,3.49%,7.39%,0.18,2.44,139731000,61640000,41420000,30171000,29980000,2.58,64.76%,5.17%,N/L,N/L,N/L,N/L,N/L,2025-08-13
CABA,"Cabaletta Bio Inc","Medical - Biomedical",Medical,148173000,0,0.82,-74.08%,-92.11%,0,N/A,-15787000.,-146200000.,-149890000.,91465000,-115860000.,2.74,11.25%,N/A,N/L,N/L,N/L,N/L,N/L,2025-08-14
CAC,"Camden Natl Corp","Banks - Northeast",Finance,689067000,10.16,1,0.94%,10.19%,0.09,9.55,518437000,97350000,91700000,16920000,53000000,0.66,1.72%,77.41%,N/L,N/L,N/L,N/L,N/L,2025-07-29
CACC,"Credit Acceptance","Finance - Consumer Loans",Finance,5691930000,13.08,3.49,5.08%,27.06%,4.16,11.53,11199829000,1114300000,1086500000,11238000,247900000,1.13,6.60%,81.71%,N/L,N/L,N/L,N/L,N/L,2025-07-31
CACI,"Caci International","Computer - Services","Computers and Technology",10587870000,18.33,2.75,7.20%,15.84%,0.75,13.51,13399630000,1157470000,959310000,21993000,499830000,0.69,1.35%,86.43%,N/L,N/L,N/L,N/L,N/L,2025-08-06
CADE,"Cadence Bank","Banks - Southeast",Finance,6776799000,12.31,1.12,1.12%,9.84%,0.24,8.95,5222919000,997330000,794760000,182221000,523600000,0.89,2.21%,84.61%,N/L,N/L,N/L,N/L,N/L,2025-07-23
CADL,"Candel Therapeutics Inc","Medical - Biomedical",Medical,326625000,0,3.22,-26.81%,-41.00%,0.08,N/A,236475000,-35220000.,-36210000.,54895000,-55180000.,-0.88,16.60%,13.93%,N/L,N/L,N/L,N/L,N/L,2025-08-12
CAE,"Cae Inc","Aerospace - Defense Equipment",Aerospace,8778411000,30.9,2.39,3.51%,7.92%,0.69,15.19,11091841000,839510000,541470000,320614000,291290000,1.34,18.30%,67.36%,N/L,N/L,N/L,N/L,N/L,2025-08-13
CAF,"MS China A Share Fund",N/A,N/A,N/A,N/A,N/A,N/A,N/A,N/A,N/A,N/A,N/A,N/A,N/A,17669000,N/A,N/A,N/A,N/L,N/L,N/L,N/L,N/L,N/A
CAG,"Conagra Brands Inc","Food - Misc & Diversified","Consumer Staples",9411124000,8.39,1.03,5.25%,12.52%,0.81,6.18,16606024000,1754800000,1364600000,478694000,1152400000,0.08,0.57%,83.75%,N/L,N/L,N/L,N/L,N/L,2025-10-01
CAH,"Cardinal Health","Medical - Dental Suppliers",Medical,35365396000,18.39,N/A,4.14%,-74.45%,-3.24,12.99,40018396000,3529000000,2739000000,238794000,1561000000,0.67,0.09%,87.17%,N/L,N/L,N/L,N/L,N/L,2025-08-12
CAI,"Caris Life Sciences Inc","Medical Services",Medical,11052102000,0,N/A,0.00%,0.00%,0,N/A,11052102000,0,0,281224000,27730000,N/A,7.80%,N/A,N/L,N/L,N/L,N/L,N/L,2025-08-12
CAKE,"Cheesecake Fact","Retail - Restaurants",Retail-Wholesale,3123585000,16.75,7.72,5.93%,45.92%,1.57,11.74,3491465000,403240000,301790000,49810000,156780000,1.17,8.40%,94.48%,N/L,N/L,N/L,N/L,N/L,2025-07-29
CAL,"Caleres Inc","Shoes and Related Apparel","Consumer Staples",524192000,5.6,0.81,4.68%,14.94%,0,2.89,494552000,175520000,118680000,33797000,107260000,1.14,4.10%,98.44%,N/L,N/L,N/L,N/L,N/L,2025-09-04
CALM,"Cal-Maine Foods IN","Agriculture Products","Basic Materials",5691298000,4.54,2.16,44.18%,54.81%,0,4.23,5191908000,1630560000,1536540000,49046000,1220050000,0.19,13.45%,84.67%,N/L,N/L,N/L,N/L,N/L,2025-10-07
CALX,"Calix Inc","Internet - Software","Computers and Technology",3817672000,0,4.83,-2.68%,-3.21%,0,N/A,3774512000,-15790000.,-35340000.,65304000,-29750000.,1.27,16.90%,98.14%,N/L,N/L,N/L,N/L,N/L,2025-07-21
CAMT,"Camtek Ltd","Electronics - Measuring Inst","Computers and Technology",3761961000,29.51,5.95,14.98%,23.95%,0,27.4,3404741000,137380000,125620000,45594000,118520000,1.31,79.40%,41.93%,N/L,N/L,N/L,N/L,N/L,2025-08-05
CAN,"Canaan Inc ADR","Finance - Misc Services",Finance,280530000,0,0.76,-50.11%,-92.49%,0.14,N/A,207980000,-146850000.,-175270000.,372896000,-249750000.,3.25,0.29%,70.14%,N/L,N/L,N/L,N/L,N/L,2025-08-14
CAPL,"Crossamerica Partners LP","Oil Refining & Marketing MLP",Oils-Energy,803909000,37.3,N/A,2.13%,-32.78%,-0.04,8.92,803799000,265290000,187370000,38118000,19890000,0.55,52.00%,24.06%,N/L,N/L,N/L,N/L,N/L,2025-08-06
CAPR,"Capricor Therap","Medical Products",Medical,324591000,0,3.05,-50.82%,-62.71%,0,N/A,313301000,-55850000.,-57280000.,45717000,-40470000.,0.59,10.50%,21.68%,N/L,N/L,N/L,N/L,N/L,2025-08-13
CAPT,"Captivision Inc",Unclassified,N/A,37498000,0,N/A,0.00%,0.00%,-0.44,N/A,58968000,-2720000.,-5320000.,30611000,-74730000.,1.12,0.41%,0.00%,N/L,N/L,N/L,N/L,N/L,2025-04-29
CAR,"Avis Budget Group","Transportation - Services",Transportation,5472315000,0,N/A,-0.88%,0.00%,-9.51,1.26,27867316000,7383000000,3328000000,35194000,-1821000000.,2.19,52.80%,96.35%,N/L,N/L,N/L,N/L,N/L,2025-07-29
CARE,"Carter Bankshares Inc","Banks - Northeast",Finance,440932000,14.05,1.07,0.65%,7.68%,0.28,12.24,379762000,55970000,44810000,22670000,24280000,0.82,2.18%,41.48%,N/L,N/L,N/L,N/L,N/L,2025-07-24
CARG,"Cargurus Inc Cl A","Internet Commerce",Retail-Wholesale,3392707000,19.75,7.32,22.36%,36.23%,0,10.52,3086477000,387850000,203570000,99260000,20970000,1.42,16.99%,86.90%,N/L,N/L,N/L,N/L,N/L,2025-08-07
CARR,"Carrier Global Corp","Building Prdcts - Air Heating",Construction,57656808000,22.11,3.68,6.85%,17.83%,0.76,16.059999,65965808000,1219000000,-13000000.,851023000,5604000000,1.25,7.20%,91.00%,N/L,N/L,N/L,N/L,N/L,2025-07-29
CARS,"Cars.com Inc","Internet Commerce",Retail-Wholesale,815375000,9.44,1.64,7.91%,17.43%,0.94,4.03,1219995000,266530000,157100000,61445000,48190000,1.76,2.39%,89.15%,N/L,N/L,N/L,N/L,N/L,2025-08-07
CART,"Maplebear Inc [Instacart]","Internet Commerce",Retail-Wholesale,11425305000,25.73,3.54,11.64%,15.69%,0,21.83,10333305000,593000000,526000000,263438000,457000000,1.21,26.00%,63.09%,N/L,N/L,N/L,N/L,N/L,2025-08-07
CASH,"Pathward Financial Inc","Banks - Northeast",Finance,1877634000,9.94,2.19,2.46%,22.16%,0.04,8.36,1752644000,284390000,226620000,23846000,168360000,0.62,1.23%,92.66%,N/L,N/L,N/L,N/L,N/L,2025-07-28
CASI,"Casi Pharmaceuticals Inc","Medical - Drugs",Medical,29026000,0,N/A,-77.33%,-972.55%,-2.29,N/A,33946000,-37520000.,-39850000.,12299000,-39260000.,0.63,21.24%,22.23%,N/L,N/L,N/L,N/L,N/L,2025-08-29
CASY,"Casey's General Stor","Retail - Convenience Stores",Retail-Wholesale,18711704000,34.85,5.4,7.13%,16.28%,0.71,19.879999,20893594000,1606010000,1200050000,37181000,546520000,0.69,0.54%,85.63%,N/L,N/L,N/L,N/L,N/L,2025-09-08
CAT,"Caterpillar Inc","Machinery - Construct & Mining","Industrial Products",204102256000,21.67,10.49,10.60%,48.95%,2.18,15.52,235622256000,13663000000,11510000000,468479000,10792000000,1.4,0.33%,70.98%,N/L,N/L,N/L,N/L,N/L,2025-08-05
CATO,"Cato Corp","Retail - Apparel & Shoes",Retail-Wholesale,73027000,0,0.46,-4.32%,-11.29%,0,N/A,49947000,-10480000.,-20300000.,19737000,-18060000.,0.85,18.11%,61.10%,N/L,N/L,N/L,N/L,N/L,2025-08-28
CATX,"Perspective Therapeutics Inc","Medical - Drugs",Medical,273288000,0,0.99,-28.44%,-33.37%,0.01,N/A,213338000,-59640000.,-85400000.,74263000,-79280000.,1.17,3.72%,54.66%,N/L,N/L,N/L,N/L,N/L,2025-08-13
CATY,"Cathay Genl Bncp","Banks - West",Finance,3465014000,11.44,1.16,1.27%,10.39%,0.19,9.3,3504724000,483200000,419110000,69093000,285980000,0.97,4.85%,75.01%,N/L,N/L,N/L,N/L,N/L,2025-07-22
CAVA,"Cava Group Inc","Retail - Restaurants",Retail-Wholesale,7946328000,116.09,10.37,5.75%,9.83%,0,69.769997,7580208000,180360000,120000000,115954000,130320000,2.65,6.80%,73.15%,N/L,N/L,N/L,N/L,N/L,2025-08-12
CB,"Chubb Ltd","Insurance - Proprty & Casualty",Finance,110712232000,12.93,1.49,3.47%,12.34%,0.24,12.28,126492232000,12531000000,12575000000,398690000,9272000000,0.53,0.77%,83.81%,N/L,N/L,N/L,N/L,N/L,2025-07-22
CBAT,"Cbak Energy Technology Inc","Electrical Power","Computers and Technology",87760000,0,0.77,-2.95%,-7.54%,0.03,4.25,81040000,4840000,-4330000.,88646000,11790000,1.7,13.04%,1.97%,N/L,N/L,N/L,N/L,N/L,2025-08-18
CBIO,"Crescent Biopharma Inc","Medical - Biomedical",Medical,294423000,0,2.08,-86.60%,-106.06%,0,N/A,283703000,-41950000.,-41990000.,19550000,-37880000.,1.51,4.00%,75.19%,N/L,N/L,N/L,N/L,N/L,2025-08-14
CBL,"Cbl & Associates Properties Inc","REIT - Equity Trust Retail",Finance,982123000,4.43,3.37,2.57%,22.43%,0,4.11,828393000,443270000,276530000,30933000,58970000,1.5,3.40%,83.55%,N/L,N/L,N/L,N/L,N/L,2025-08-08
CBLL,"Ceribell Inc","Medical Products",Medical,442168000,0,2.45,-28.50%,-48.42%,0.11,N/A,267358000,-50460000.,-51980000.,36664000,-40460000.,N/A,20.10%,N/A,N/L,N/L,N/L,N/L,N/L,2025-08-05
CBNK,"Capital Bancorp Inc","Banks - Northeast",Finance,571816000,9.88,1.43,1.72%,15.54%,0.09,12.77,400546000,67550000,65240000,16584000,30970000,0.7,31.59%,56.14%,N/L,N/L,N/L,N/L,N/L,2025-07-28
CBOE,"CBOE Global Markets Inc","Securities Exchanges",Finance,25774110000,26.86,5.59,11.42%,22.20%,0.31,23.200001,26294810000,1652700000,1440100000,104590000,761000000,0.46,0.22%,82.67%,N/L,N/L,N/L,N/L,N/L,2025-08-01
CBRE,"CBRE Group Inc","Real Estate Operations",Finance,48920848000,28.57,5.52,6.58%,18.88%,0.51,21.690001,50980848000,3001000000,2327000000,297554000,968000000,1.34,0.42%,98.41%,N/L,N/L,N/L,N/L,N/L,2025-07-29
CBRL,"Cracker Barrel","Retail - Restaurants",Retail-Wholesale,1211325000,16.17,2.6,3.53%,16.83%,1.04,5.81,1675945000,204190000,73270000,22267000,40930000,1.47,1.40%,96.01%,N/L,N/L,N/L,N/L,N/L,2025-09-18
CBSH,"Commerce Bancshares","Banks - Midwest",Finance,8390644000,14.72,2.25,1.74%,16.01%,0,13.68,4389794000,852670000,799430000,133439000,526330000,0.61,3.10%,70.26%,N/L,N/L,N/L,N/L,N/L,2025-10-16
CBT,"Cabot Corp","Chemical - Diversified","Basic Materials",4412739000,10.75,2.53,10.92%,25.68%,0.72,7.88,5329739000,785000000,634000000,53204000,380000000,0.87,3.03%,93.18%,N/L,N/L,N/L,N/L,N/L,2025-08-04
CBU,"Community Financial System Inc","Finance - Misc Services",Finance,3183577000,15.59,1.61,1.17%,10.71%,0.38,13.55,3723887000,339740000,300260000,52857000,182480000,0.8,1.01%,73.79%,N/L,N/L,N/L,N/L,N/L,2025-07-22
CBUS,"Cibus Inc","Agriculture Operations","Consumer Staples",74306000,0,0.91,-20.85%,-83.67%,0,0.32,65776000,112690000,-75600000.,54238000,-251390000.,1.75,31.16%,33.81%,N/L,N/L,N/L,N/L,N/L,2025-08-14
CBZ,"Cbiz Inc",Consulting,"Business Services",3592575000,16.68,1.85,6.10%,14.73%,0.82,17.77,4940026000,251390000,203330000,53975000,41040000,0.92,4.95%,87.44%,N/L,N/L,N/L,N/L,N/L,2025-07-30
CC,"Chemours Company","Chemical - Diversified","Basic Materials",2300858000,11.6,8.86,2.45%,35.14%,17.32,3.84,5695858000,357000000,-12000000.,149698000,86000000,1.61,0.47%,76.26%,N/L,N/L,N/L,N/L,N/L,2025-08-05
CCAP,"Crescent Capital Bdc Inc","Finance - SBIC & Commercial",Finance,566277000,7.21,0.77,4.68%,10.55%,1.22,6.8,1402697000,72720000,79180000,37060000,73650000,0.55,1.14%,49.46%,N/L,N/L,N/L,N/L,N/L,2025-08-13
CCB,"Coastal Financial Corp","Banks - West",Finance,1674984000,32.19,3.4,1.12%,11.31%,0.1,27.18,1270354000,67100000,62540000,15109000,45220000,1.01,14.10%,59.24%,N/L,N/L,N/L,N/L,N/L,2025-08-04
CCBG,"Capital City Bank Gr","Banks - Southeast",Finance,733198000,11.89,1.32,1.34%,11.56%,0.08,10.61,395028000,90510000,78490000,17067000,52920000,0.41,19.60%,44.59%,N/L,N/L,N/L,N/L,N/L,2025-07-22
CCCC,"C4 Therapeutics Inc","Medical - Biomedical",Medical,185756000,0,1.07,-33.27%,-53.91%,0,N/A,130256000,-127190000.,-123610000.,71171000,-105320000.,2.97,8.73%,78.81%,N/L,N/L,N/L,N/L,N/L,2025-08-07
CCCS,"CCC Intelligent Solutions Hldgs Inc","Internet - Software","Computers and Technology",6447425000,75.62,2.99,2.49%,4.07%,0.46,28.76,6817495000,262280000,136470000,651255000,26150000,0.74,6.03%,95.79%,N/L,N/L,N/L,N/L,N/L,2025-07-31
CCEC,"Capital Clean Energy Carriers Corp","Transportation - Ship",Transportation,1260575000,12.42,0.86,3.53%,10.70%,1.77,6.94,3525095000,403760000,298600000,58387000,193630000,0.53,N/A,0.00%,N/L,N/L,N/L,N/L,N/L,2025-07-31
CCEP,"Coca-Cola Europacific Partners Plc","Beverages - Soft","Consumer Staples",41641952000,0,4.35,0.00%,0.00%,1.41,14.11,52211904000,3316640000,0,460947000,1534420000,0.75,3.00%,31.35%,N/L,N/L,N/L,N/L,N/L,2025-08-06
CCI,"Crown Castle Inc","REIT - Equity Trust Other",Finance,45197432000,17.85,N/A,-11.67%,-619.62%,-17.58,15.81,68988432000,9973000000,3245000000,435470000,-3903000000.,0.89,0.10%,90.77%,N/L,N/L,N/L,N/L,N/L,2025-10-15
CCJ,"Cameco Corp","Mining - Misc","Basic Materials",32614842000,82.1,6.38,5.55%,8.21%,0.15,74.389999,33111712000,892430000,687570000,435387000,125420000,1.06,1.00%,70.21%,N/L,N/L,N/L,N/L,N/L,2025-07-31
CCK,"Crown Cork & Seal Company","Containers - Metal & Glass","Industrial Products",11737682000,13.65,3.49,6.08%,27.15%,1.92,9.96,17023682000,1999000000,1551000000,116376000,424000000,0.74,0.90%,90.93%,N/L,N/L,N/L,N/L,N/L,2025-10-16
CCL,"Carnival Corp","Leisure & Recreation Services","Consumer Discretionary",36539744000,15.49,3.41,5.20%,27.87%,2.72,7.36,62803744000,9567000000,6869000000,1167404000,1916000000,2.7,7.60%,67.19%,N/L,N/L,N/L,N/L,N/L,2025-09-29
CCLD,"Carecloud Inc","Medical Information Systems",Medical,119771000,5.23,2.05,16.68%,23.51%,0,1.65,114661000,41420000,24960000,42322000,7850000,1.99,14.70%,10.16%,N/L,N/L,N/L,N/L,N/L,2025-08-05
CCO,"Clear Channel Outdoor Holdings","Advertising Marketing Services","Business Services",636177000,0,N/A,-2.52%,0.00%,-1.49,4.14,6186777000,733230000,482020000,497013000,-179250000.,2.65,7.70%,85.52%,N/L,N/L,N/L,N/L,N/L,2025-08-05
CCOI,"Cogent Comm Hlds","Wireless National",Utilities,1887643000,0,39.669998,-6.78%,-117.56%,36.66,38.66,3099083000,418790000,141600000,49183000,-204070000.,0.68,11.40%,92.45%,N/L,N/L,N/L,N/L,N/L,2025-08-07
CCRN,"Cross Ctry Hlthcr",Staffing,"Business Services",463582000,64.71,1.08,1.24%,1.72%,0,13.24,381952000,28490000,10290000,32762000,-14560000.,0.35,4.90%,96.03%,N/L,N/L,N/L,N/L,N/L,2025-08-06
CCS,"Century Communities Inc","Building - Residential & Comm",Construction,2001916000,7.01,0.73,6.14%,10.99%,0.55,5.12,3092326000,450800000,426510000,29680000,333820000,1.41,11.90%,99.54%,N/L,N/L,N/L,N/L,N/L,2025-07-23
CCSI,"Consensus Cloud Solutions","Internet - Software","Computers and Technology",509342000,5.39,N/A,14.73%,-147.92%,-21.83,4.24,1068773000,170750000,148410000,18977000,89440000,1.48,1.90%,93.93%,N/L,N/L,N/L,N/L,N/L,2025-08-07
CCU,"Compania Cervecerias Unidas S.A. ADR","Beverages - Alcohol","Consumer Staples",2277980000,14.19,1.26,3.87%,9.01%,0.66,15.01,2857800000,247940000,247940000,184751000,177040000,0.66,8.40%,24.07%,N/L,N/L,N/L,N/L,N/L,2025-08-06
CCUP,"T-Rex 2X Long Crcl Daily Target ETF",N/A,N/A,N/A,N/A,N/A,N/A,N/A,N/A,N/A,N/A,N/A,N/A,N/A,0,N/A,N/A,N/A,N/L,N/L,N/L,N/L,N/L,N/A
CDE,"Coeur Mining Inc","Mining - Non Ferrous","Basic Materials",7757582000,21.61,2.64,8.78%,14.38%,0.13,21.84,8292552000,670570000,527390000,642716000,58900000,1.16,1.50%,63.01%,N/L,N/L,N/L,N/L,N/L,2025-08-06
CDLX,"Cardlytics Inc","Technology Services","Business Services",59093000,0,0.9,-48.17%,-279.39%,0.78,N/A,39363000,134440000,-26660000.,53237000,-189300000.,1.26,4.40%,68.10%,N/L,N/L,N/L,N/L,N/L,2025-08-06
CDNA,"Caredx Inc","Medical Services",Medical,690354000,12.26,2.13,12.88%,18.04%,0,9.2,575664000,-36210000.,-56590000.,53227000,52550000,2.22,4.40%,N/A,N/L,N/L,N/L,N/L,N/L,2025-08-06
CDNS,"Cadence Design Sys","Computer - Software","Computers and Technology",95270680000,67.49,18.92,15.38%,29.65%,0.49,66.5,95102832000,1647080000,1446670000,272490000,1055480000,0.97,1.99%,84.85%,N/L,N/L,N/L,N/L,N/L,2025-07-28
CDP,"Copt Defense Properties","REIT - Equity Trust Other",Finance,3268137000,10.81,2.08,3.39%,9.38%,1.58,10.62,5645587000,541920000,379090000,112928000,138930000,0.87,1.42%,N/A,N/L,N/L,N/L,N/L,N/L,2025-07-28
CDRE,"Cadre Holdings Inc","Protection - Safety","Industrial Products",1263024000,31.52,3.62,5.60%,12.08%,0.95,20.92,1361304000,84450000,63060000,40664000,36130000,1.31,31.50%,43.95%,N/L,N/L,N/L,N/L,N/L,2025-08-05
CDTX,"Cidara Thera","Medical - Biomedical",Medical,1683010000,0,2.72,-42.46%,-50.81%,0,N/A,1486830000,-123220000.,-123640000.,25358000,-169830000.,1.18,3.89%,35.82%,N/L,N/L,N/L,N/L,N/L,2025-08-07
CDW,"CDW Corp","IT Services","Computers and Technology",21887188000,17.26,8.76,8.58%,53.63%,2.28,14.35,27226488000,1947100000,1671800000,131061000,1077800000,0.95,0.84%,93.15%,N/L,N/L,N/L,N/L,N/L,2025-08-06
CDXS,"Codexis Inc","Medical - Biomedical",Medical,260420000,0,4.2,-46.06%,-105.83%,0.71,N/A,269560000,-50500000.,-57250000.,90267000,-65280000.,2.54,1.90%,78.54%,N/L,N/L,N/L,N/L,N/L,2025-08-13
CDZI,"Cadiz Inc","Agriculture Operations","Consumer Staples",294448000,0,7.94,-24.76%,-97.55%,1.65,N/A,333988000,-20790000.,-23480000.,82019000,-31140000.,1.76,1.70%,79.75%,N/L,N/L,N/L,N/L,N/L,2025-08-12
CE,"Celanese Corp","Chemical - Specialty","Basic Materials",5320462000,7.57,0.86,2.70%,10.48%,2.27,2.81,16937462000,229000000,-594000000.,109407000,-1522000000.,1.1,0.33%,98.87%,N/L,N/L,N/L,N/L,N/L,2025-08-11
CECO,"Ceco Environmental Corp","Pollution Controls","Industrial Products",1695037000,62.12,5.43,3.39%,10.00%,0.79,39,1875717000,124090000,109070000,35328000,12960000,1.39,18.40%,68.08%,N/L,N/L,N/L,N/L,N/L,2025-07-29
CEG,"Constellation Energy Corp","Other Alt Energy",Oils-Energy,96895848000,33.86,7.1,5.52%,21.61%,0.78,17.99,105509848000,7564000000,4864000000,312406000,3749000000,1.12,0.23%,82.24%,N/L,N/L,N/L,N/L,N/L,2025-08-07
CELC,"Celcuity Inc","Medical - Biomedical",Medical,2224023000,0,44.18,-64.67%,-150.07%,2.24,N/A,2299243000,-145170000.,-146630000.,42427000,-111780000.,0.68,15.77%,63.33%,N/L,N/L,N/L,N/L,N/L,2025-08-14
CELH,"Celsius Holdings Inc","Food - Misc & Diversified","Consumer Staples",15868839000,78.57,12.64,10.24%,36.88%,0.41,65.370003,14978649000,194690000,173290000,257946000,145070000,1.4,2.55%,60.95%,N/L,N/L,N/L,N/L,N/L,2025-08-07
CELU,"Celularity Inc","Medical - Biomedical",Medical,90767000,0,9.73,0.00%,0.00%,4.78,N/A,132317000,-28880000.,-36800000.,23949000,-57890000.,0.79,22.10%,19.02%,N/L,N/L,N/L,N/L,N/L,2025-01-07
CENN,"Cenntro Inc","Auto - Domestic",Auto-Tires-Trucks,27877000,0,0.31,-23.58%,-39.26%,0.03,N/A,15697000,-25290000.,-27300000.,51913000,-44870000.,1.54,16.20%,0.00%,N/L,N/L,N/L,N/L,N/L,2025-08-12
CENT,"Central Garden","Consumer Prdts - Misc Discr","Consumer Discretionary",2302336000,13.55,1.41,4.65%,10.77%,0.75,9.62,2723986000,330310000,224030000,62871000,107980000,0.7,8.19%,16.13%,N/L,N/L,N/L,N/L,N/L,2025-08-06
CENTA,"Central Garden & Pet","Consumer Prdts - Misc Discr","Consumer Discretionary",2087317000,12.25,1.27,4.65%,10.77%,0.75,8.69,2508967000,330310000,224030000,62871000,107980000,0.67,20.28%,50.82%,N/L,N/L,N/L,N/L,N/L,2025-08-06
CENX,"Century Aluminum C","Metal Production & Fabrication","Basic Materials",2073059000,18.94,3,6.21%,18.02%,0.71,4.84,2565559000,261700000,179900000,93339000,336800000,2.53,0.76%,61.59%,N/L,N/L,N/L,N/L,N/L,2025-08-07
CEP,"Cantor Equity Partners Inc Cl A",Unclassified,N/A,328320000,0,N/A,2.69%,-146.51%,0,204.320007,328290000,-1380000.,-1380000.,12800000,1540000,N/A,4.90%,N/A,N/L,N/L,N/L,N/L,N/L,2025-08-21
CEPO,"Cantor Equity Partners I Cl A",Unclassified,N/A,266730000,0,N/A,0.00%,0.00%,-0.08,N/A,266730000,-190000.,-190000.,25500000,-80000.,N/A,N/A,N/A,N/L,N/L,N/L,N/L,N/L,2025-08-21
CEPU,"Central Puerto S.A. ADR","Other Alt Energy",Oils-Energy,1668450000,7.55,0.82,8.32%,11.81%,0.2,6.52,2083090000,342080000,164720000,151402000,54560000,1.1,0.10%,2.97%,N/L,N/L,N/L,N/L,N/L,2025-08-11
CERS,"Cerus Corp","Medical Products",Medical,242499000,0,4.1,-9.32%,-33.77%,1.51,N/A,306389000,-9820000.,-11680000.,191699000,-20920000.,1.55,5.60%,78.37%,N/L,N/L,N/L,N/L,N/L,2025-08-05
CERT,"Certara Inc","Medical - Biomedical",Medical,1842357000,31.68,1.63,3.50%,5.11%,0.27,14.97,1958607000,150340000,81270000,160624000,-12050000.,1.42,2.33%,73.96%,N/L,N/L,N/L,N/L,N/L,2025-08-06
CEVA,"Ceva Inc","Electronics - Semiconductors","Computers and Technology",561704000,0,2,-2.64%,-3.04%,0,N/A,543204000,-7600000.,-10810000.,23882000,-8790000.,1.25,2.40%,85.37%,N/L,N/L,N/L,N/L,N/L,2025-08-11
CF,"Cf Industries Holdings",Fertilizers,"Basic Materials",14012285000,11.27,1.87,9.58%,17.11%,0.38,7.01,15369285000,2833000000,1908000000,161973000,1218000000,0.94,0.42%,93.06%,N/L,N/L,N/L,N/L,N/L,2025-08-06
CFFN,"Capitol Fed Finl Inc","Finance - Savings & Loan",Finance,852724000,12.83,0.77,0.64%,5.92%,1.98,15.93,2814974000,154720000,152670000,132823000,38010000,0.6,3.20%,88.51%,N/L,N/L,N/L,N/L,N/L,2025-07-23
CFG,"Citizens Financial Group Inc/Ri","Banks - Northeast",Finance,21899590000,14.55,0.9,0.72%,6.94%,0.5,10.15,25177590000,3179000000,2681000000,431349000,1509000000,0.78,0.65%,94.90%,N/L,N/L,N/L,N/L,N/L,2025-10-15
CFLT,"Confluent Inc Cl A","Internet - Software","Computers and Technology",6132996000,0,5.6,-10.07%,-27.34%,0,N/A,5747016000,-354640000.,-397060000.,344744000,-345070000.,0.96,9.20%,78.09%,N/L,N/L,N/L,N/L,N/L,2025-07-30
CFR,"Cullen/Frost Bankers","Banks - Southwest",Finance,8424644000,13.59,2,1.18%,15.46%,0.05,11.3,-1441336000.,1003570000,875540000,64325000,582540000,0.7,2.89%,86.90%,N/L,N/L,N/L,N/L,N/L,2025-07-31
CG,"The Carlyle Group","Finance - Investment Mgmt",Finance,23405930000,15.89,3.35,6.41%,23.60%,1.52,14.86,30316730000,1760900000,1576800000,361705000,1020400000,1.9,26.30%,55.88%,N/L,N/L,N/L,N/L,N/L,2025-08-06
CGAU,"Centerra Gold Inc","Mining - Gold","Basic Materials",1575893000,10.28,0.89,6.69%,9.12%,0,5.48,969143000,175240000,44580000,203341000,80390000,0.8,0.19%,55.40%,N/L,N/L,N/L,N/L,N/L,2025-08-06
CGBD,"Carlyle Secured Lending Inc","Finance - SBIC & Commercial",Finance,712888000,7.8,0.58,4.59%,9.85%,1.09,7.24,1667259000,86940000,101800000,50957000,88980000,0.88,0.61%,24.51%,N/L,N/L,N/L,N/L,N/L,2025-08-05
CGC,"Canopy Growth Corp","Medical Products",Medical,304608000,0,0.72,-44.24%,-89.93%,0.6,N/A,441338000,-48290000.,-79280000.,239849000,-429870000.,0.67,0.16%,3.33%,N/L,N/L,N/L,N/L,N/L,2025-08-08
CGEM,"Cullinan Therapeutics Inc","Medical - Biomedical",Medical,483816000,0,0.92,-34.82%,-36.56%,0,N/A,400806000,-234400000.,-234710000.,59074000,-167380000.,-0.08,7.16%,86.31%,N/L,N/L,N/L,N/L,N/L,2025-08-14
CGEN,"Compugen Ltd","Medical - Biomedical",Medical,129394000,0,2.54,-16.82%,-34.77%,0,N/A,111164000,-20900000.,-19810000.,89237000,-14230000.,2.61,9.50%,12.22%,N/L,N/L,N/L,N/L,N/L,2025-08-06
CGNT,"Cognyte Software Ltd","Internet - Software","Computers and Technology",639866000,0,2.89,-1.56%,-3.53%,0,201.809998,526766000,13140000,-510000.,72057000,-12050000.,1.65,62.70%,72.92%,N/L,N/L,N/L,N/L,N/L,2025-09-09
CGNX,"Cognex Corp","Electronic Test Equipment","Computers and Technology",7515159000,73.69,4.76,5.02%,6.65%,0,61.099998,7329069000,164920000,131920000,167899000,106170000,1.47,1.60%,88.12%,N/L,N/L,N/L,N/L,N/L,2025-07-30
CGON,"Cg Oncology Inc","Medical - Biomedical",Medical,2052215000,0,2.95,-18.72%,-19.37%,0,N/A,1795145000,-139360000.,-134400000.,76248000,-88040000.,0.87,7.40%,26.56%,N/L,N/L,N/L,N/L,N/L,2025-08-14
CHCO,"City Holding Company","Banks - Southeast",Finance,1884349000,14.91,2.35,1.87%,16.30%,0.2,13.98,1808959000,183630000,170430000,14495000,117100000,0.56,1.87%,72.43%,N/L,N/L,N/L,N/L,N/L,2025-07-22
CHCT,"Community Healthcare Trust Inc","REIT - Equity Trust Other",Finance,428909000,6.87,0.96,-0.75%,-1.59%,1.14,10.3,910489000,113250000,69540000,28367000,-3180000.,0.69,5.10%,87.84%,N/L,N/L,N/L,N/L,N/L,2025-07-29
CHD,"Church & Dwight Company","Consumer Prdts - Misc Staple","Consumer Staples",23147724000,27.85,5.27,9.55%,19.27%,0.5,21.370001,24388224000,961300000,722200000,243609000,585300000,0.43,2.00%,86.60%,N/L,N/L,N/L,N/L,N/L,2025-08-01
CHDN,"Churchill Downs IN",Gaming,"Consumer Discretionary",7295701000,16.91,6.9,6.10%,41.46%,4.81,11.67,11969901000,919700000,715000000,70124000,426800000,0.95,5.34%,82.59%,N/L,N/L,N/L,N/L,N/L,2025-07-23
CHE,"Chemed Inc","Medical - Outpatient & Hm Care",Medical,6689272000,22.16,5.52,17.77%,25.83%,0,17.66,6510922000,496050000,432680000,14572000,302000000,0.46,3.29%,95.85%,N/L,N/L,N/L,N/L,N/L,2025-07-29
CHEF,"The Chefs Warehouse","Food - Misc & Diversified","Consumer Staples",2612093000,36.77,4.52,3.90%,13.60%,1.27,19.23,3204213000,206220000,141290000,40763000,55480000,1.83,11.90%,91.55%,N/L,N/L,N/L,N/L,N/L,2025-07-30
CHGG,"Chegg Inc","Internet - Software","Computers and Technology",129992000,0,0.76,-3.27%,-12.31%,0,1.46,-31488000.,-275920000.,-356410000.,108327000,-837070000.,1.77,3.70%,95.18%,N/L,N/L,N/L,N/L,N/L,2025-08-05
CHH,"Choice Hotels International","Hotels & Motels","Consumer Discretionary",5637756000,17.03,N/A,12.92%,-575.73%,-72.41,13.02,7366106000,623780000,524220000,46268000,299670000,0.96,23.78%,65.57%,N/L,N/L,N/L,N/L,N/L,2025-08-06
CHKP,"Check Point Software",Security,"Computers and Technology",20942962000,22.62,7.31,16.52%,33.21%,0,21.02,20436762000,977900000,900700000,109983000,845700000,0.59,29.00%,98.51%,N/L,N/L,N/L,N/L,N/L,2025-07-30
CHMI,"Cherry Hill Mortgage Investmen","REIT - Mortgage Trusts",Finance,105251000,6.42,0.75,1.33%,15.55%,4.61,4.68,1217611000,27780000,30500000,36045000,11970000,0.97,1.50%,18.49%,N/L,N/L,N/L,N/L,N/L,2025-08-07
CHPT,"Chargepoint Hldgs Inc","Auto - Truck Original Parts",Auto-Tires-Trucks,270338000,0,2.19,-23.35%,-131.65%,2.6,N/A,342458000,-207310000.,-239710000.,22910000,-277070000.,2.23,3.50%,37.77%,N/L,N/L,N/L,N/L,N/L,2025-09-03
CHRD,"Chord Energy Corp","Oil - US Exploration & Product",Oils-Energy,6065340000,8.02,0.73,5.97%,9.02%,0.11,3.13,6870990000,3019480000,1910650000,57258000,848630000,0.97,0.70%,97.76%,N/L,N/L,N/L,N/L,N/L,2025-08-06
CHRS,"Coherus Oncology Inc","Medical - Biomedical",Medical,142959000,0,1.1,-34.85%,0.00%,0.31,3.88,53669000,-134290000.,-139570000.,116227000,28510000,0.89,8.08%,72.82%,N/L,N/L,N/L,N/L,N/L,2025-08-07
CHRW,"C.H. Robinson Ww","Transportation - Services",Transportation,14782631000,24.81,8.13,11.23%,35.01%,0.76,22.639999,16014521000,853850000,756690000,118091000,465690000,0.86,1.47%,93.15%,N/L,N/L,N/L,N/L,N/L,2025-07-30
CHT,"Chunghwa Telecom Ltd ADR","Diversified Comm Services",Utilities,34683556000,29.74,2.86,7.17%,9.72%,0.09,14.91,34563556000,2677650000,1469650000,775745000,1134000000,0.26,1.00%,2.11%,N/L,N/L,N/L,N/L,N/L,2025-08-05
CHTR,"Charter Communications Inc","Cable TV","Consumer Discretionary",37914928000,7.34,1.8,3.50%,26.77%,4.7,2.77,132460928000,30583000000,21910000000,136591000,5083000000,1.02,0.83%,81.76%,N/L,N/L,N/L,N/L,N/L,2025-07-25
CHWY,"Chewy Inc","Internet Commerce",Retail-Wholesale,16429859000,148.67,44.360001,3.89%,35.04%,0,72.419998,15834089000,239430000,124870000,415210000,392740000,1.67,0.43%,93.09%,N/L,N/L,N/L,N/L,N/L,2025-09-10
CHYM,"Chime Financial Inc Cl A","Finance - Misc Services",Finance,10101778000,0,N/A,0.00%,0.00%,0,N/A,10101778000,0,0,364422000,-25344000.,N/A,N/A,N/A,N/L,N/L,N/L,N/L,N/L,2025-08-07
CI,"The Cigna Group","Medical - HMO",Medical,81239536000,10.71,1.99,5.02%,18.80%,0.76,7.96,105661536000,13505000000,10730000000,266928000,3434000000,0.47,0.70%,86.99%,N/L,N/L,N/L,N/L,N/L,2025-07-31
CIA,"Citizens Inc","Insurance - Life",Finance,268811000,18.59,1.1,0.81%,6.42%,0,11.79,239541000,18660000,12330000,50245000,14910000,0.39,1.60%,13.73%,N/L,N/L,N/L,N/L,N/L,2025-08-05
CIB,"Bancolombia S.A. ADR","Banks - Foreign",Finance,12006018000,7.56,2.3,2.23%,19.77%,0.26,6.87,10946988000,2739100000,1323020000,240457000,1253550000,0.92,N/A,0.00%,N/L,N/L,N/L,N/L,N/L,2025-08-14
CIEN,"Ciena Corp","Communications Components","Computers and Technology",12696170000,88.24,4.45,2.55%,5.08%,0.55,46.540001,13306080000,360400000,226930000,141367000,83960000,1.11,0.93%,91.99%,N/L,N/L,N/L,N/L,N/L,2025-09-04
CIFR,"Cipher Mining Inc","Technology Services","Business Services",2509146000,0,2.64,-17.29%,-21.71%,0.22,34.740002,2535886000,98560000,-5140000.,393283000,-44640000.,2.73,2.89%,12.26%,N/L,N/L,N/L,N/L,N/L,2025-08-07
CIG,"Comp En DE MN Cemig ADR","Utility - Electric Power",Utilities,5666328000,0,1.14,7.31%,16.35%,0.55,4.93,7547588000,2045150000,1341800000,2861782000,1319490000,1.03,N/A,0.00%,N/L,N/L,N/L,N/L,N/L,2025-08-14
CIGI,"Colliers Intl Grp IN","Real Estate Operations",Finance,8289217000,29.97,5.81,4.44%,20.82%,1.26,17.389999,10732327000,829870000,608270000,49479000,161730000,1.44,15.30%,80.09%,N/L,N/L,N/L,N/L,N/L,2025-07-31
CIM,"Chimera Investment Corp","REIT - Mortgage Trusts",Finance,1146372000,8.88,0.42,1.40%,7.28%,4.47,4.86,11077502000,268540000,249520000,81073000,176070000,1.79,1.46%,48.44%,N/L,N/L,N/L,N/L,N/L,2025-08-06
CINF,"Cincinnati Financial","Insurance - Proprty & Casualty",Finance,24300830000,24.32,1.67,2.66%,7.14%,0.06,18.02,24192830000,2429000000,2299000000,156376000,2292000000,0.7,2.83%,65.24%,N/L,N/L,N/L,N/L,N/L,2025-07-28
CINT,"CI&T Inc Cl A","Internet - Software","Computers and Technology",707081000,21.08,2.26,6.05%,11.34%,0.49,14.57,784951000,77020000,60130000,134682000,29490000,1.17,N/A,92.45%,N/L,N/L,N/L,N/L,N/L,2025-08-13
CIO,"City Office REIT Inc","REIT - Equity Trust Other",Finance,280126000,6.12,0.55,-8.45%,-20.26%,1.05,6.48,1005136000,44710000,-15870000.,40364000,-17680000.,1.73,4.30%,67.47%,N/L,N/L,N/L,N/L,N/L,2025-07-31
CION,"Cion Investment Corp","Finance - SBIC & Commercial",Finance,557852000,7.39,0.73,4.00%,9.63%,0,5.55,550182000,82180000,76590000,52087000,33900000,1.11,0.57%,32.01%,N/L,N/L,N/L,N/L,N/L,2025-08-07
CIVB,"Civista Bncshrs","Banks - Midwest",Finance,403448000,8.02,0.76,0.94%,9.77%,1.35,7.36,791168000,80580000,69750000,19313000,31680000,0.73,2.60%,52.10%,N/L,N/L,N/L,N/L,N/L,2025-07-24
CIVI,"Civitas Resources Inc","Oil - US Exploration & Product",Oils-Energy,3101330000,4.94,0.44,4.12%,9.33%,0.79,1.06,7519030000,5274330000,3165200000,92660000,838720000,1.02,0.52%,94.55%,N/L,N/L,N/L,N/L,N/L,2025-08-06
CL,"Colgate-Palmolive Company","Consumer Prdts - Misc Staple","Consumer Staples",69458512000,23.64,66.290001,17.86%,377.63%,8.33,19.76,76311512000,4890000000,4285000000,808221000,2889000000,0.35,0.34%,80.41%,N/L,N/L,N/L,N/L,N/L,2025-08-01
CLAR,"Clarus Corp","Leisure & Recreational Prdcts","Consumer Discretionary",143239000,0,0.6,-2.95%,-3.70%,0.01,3.11,99769000,-21830000.,-73130000.,38402000,-52290000.,0.87,22.30%,90.30%,N/L,N/L,N/L,N/L,N/L,2025-07-31
CLB,"Core Laboratories Inc","Oil - Field Services",Oils-Energy,523806000,13.58,1.84,6.18%,14.15%,0.47,8.86,630756000,83360000,68410000,46894000,31400000,1.41,0.94%,97.81%,N/L,N/L,N/L,N/L,N/L,2025-07-23
CLBK,"Columbia Financial Inc","Finance - Misc Services",Finance,1610630000,38.39,1.37,0.37%,3.58%,1.14,36.900002,2402120000,87020000,68840000,104927000,-11650000.,0.25,3.50%,12.72%,N/L,N/L,N/L,N/L,N/L,2025-07-30
CLBT,"Cellebrite Di Ltd","Internet - Software","Computers and Technology",3857862000,46.79,9.33,11.94%,23.92%,0,43.560001,3666202000,69570000,61870000,239470000,-283010000.,1.27,5.70%,45.88%,N/L,N/L,N/L,N/L,N/L,2025-08-14
CLDT,"Chatham Lodging Trust REIT","REIT - Equity Trust Other",Finance,374689000,6.9,0.45,0.76%,1.19%,0.27,5.35,612109000,161410000,99310000,48979000,4170000,1.5,6.50%,88.37%,N/L,N/L,N/L,N/L,N/L,2025-08-06
CLDX,"Celldex Therapeutics","Medical - Biomedical",Medical,1491501000,0,2.23,-26.20%,-27.62%,0,N/A,1464081000,-247330000.,-234760000.,66407000,-157860000.,1.22,4.40%,N/A,N/L,N/L,N/L,N/L,N/L,2025-08-14
CLF,"Cleveland-Cliffs Inc","Steel - Producers","Basic Materials",5164616000,0,0.82,-6.03%,-17.97%,1.28,8.29,12175616000,-809000000.,-1760000000.,494695000,-754000000.,1.99,1.71%,67.68%,N/L,N/L,N/L,N/L,N/L,2025-07-21
CLFD,"Clearfield Inc","Wireless Equipment","Computers and Technology",454355000,3123.5,1.63,0.06%,0.07%,0.01,N/A,440415000,-2220000.,-5230000.,13806000,-12450000.,1.63,17.80%,88.73%,N/L,N/L,N/L,N/L,N/L,2025-08-06
CLGN,"Collplant Biotechnologies Ltd ADR","Medical - Biomedical",Medical,32044000,0,2.44,-68.62%,-94.08%,0,N/A,20134000,-13530000.,-14570000.,12716000,-16610000.,1.47,9.60%,21.69%,N/L,N/L,N/L,N/L,N/L,2025-08-20
CLH,"Clean Harbors","Waste Removal Svcs","Business Services",13327262000,34.35,4.83,5.24%,14.82%,1.02,16.02,15527712000,1505500000,1084800000,53633000,402300000,1.18,5.60%,90.43%,N/L,N/L,N/L,N/L,N/L,2025-07-30
CLIR,"Clearsign Combustion","Industrial Services","Industrial Products",30931000,0,2.89,-39.34%,-47.61%,0,N/A,16891000,-6910000.,-7200000.,52426000,-5300000.,1.09,4.96%,24.03%,N/L,N/L,N/L,N/L,N/L,2025-08-14
CLLS,"Cellectis S.A. ADR","Medical - Biomedical",Medical,158414000,0,1.59,-21.53%,-68.05%,0.76,N/A,82174000,-25370000.,-45220000.,55584000,-36760000.,3.03,16.41%,63.90%,N/L,N/L,N/L,N/L,N/L,2025-08-04
CLMT,"Calumet Inc","Oil - US Integrated",Oils-Energy,1375002000,0,N/A,-12.65%,0.00%,-2.77,N/A,3682502000,2900000,-184100000.,86207000,-222000000.,0.91,4.07%,34.41%,N/L,N/L,N/L,N/L,N/L,2025-08-08
CLNE,"Clean Energy Fuels","Utility - Gas Distribution",Utilities,554801000,0,0.89,-15.71%,-27.98%,0.47,N/A,730371000,53140000,9970000,219289000,-83070000.,2.65,4.30%,49.94%,N/L,N/L,N/L,N/L,N/L,2025-08-07
CLOV,"Clover Health Investments Corp","Medical Information Systems",Medical,1399161000,0,3.87,-6.95%,-12.20%,0,N/A,1204621000,-41720000.,-40530000.,512513000,-43010000.,1.91,24.07%,19.77%,N/L,N/L,N/L,N/L,N/L,2025-08-05
CLPR,"Clipper Realty Inc","REIT - Equity Trust Other",Finance,67817000,5.3,N/A,-1.16%,0.00%,0,2.17,29767000,71460000,38960000,16147000,-2500000.,1.06,53.01%,37.57%,N/L,N/L,N/L,N/L,N/L,2025-08-07
CLPT,"Clearpoint Neuro Inc","Medical Instruments",Medical,304169000,0,14.52,-51.59%,-94.45%,1.46,N/A,284069000,-20660000.,-22610000.,28427000,-18910000.,0.85,6.97%,30.08%,N/L,N/L,N/L,N/L,N/L,2025-08-12
CLRB,"Cellectar Biosciences Inc","Medical Products",Medical,15577000,0,1.46,-150.57%,-486.67%,0,N/A,-5813000.,-38220000.,-38510000.,3192000,-44580000.,0.42,5.04%,16.41%,N/L,N/L,N/L,N/L,N/L,2025-08-14
CLS,"Celestica Inc","Electronic Manufacturing","Computers and Technology",21732032000,42.87,11.87,8.27%,28.23%,0.5,37.110001,22105432000,929400000,777500000,115033000,428000000,1.8,0.52%,67.38%,N/L,N/L,N/L,N/L,N/L,2025-07-28
CLSD,"Clearside Biomedi","Medical - Biomedical",Medical,31969000,0,N/A,-124.15%,0.00%,0,N/A,11949000,-21820000.,-21710000.,78510000,-34350000.,2.08,6.70%,18.75%,N/L,N/L,N/L,N/L,N/L,2025-08-11
CLSK,"Cleanspark Inc","Finance - Misc Services",Finance,2760235000,22.21,1.22,6.62%,8.89%,0,20.469999,2635955000,699120000,544380000,281083000,-145780000.,3.72,2.65%,43.12%,N/L,N/L,N/L,N/L,N/L,2025-08-07
CLVT,"Clarivate Analytics Plc","IT Services","Computers and Technology",3024986000,6.98,0.59,3.85%,8.65%,0.9,2.62,7248486000,1649900000,922900000,672219000,-636700000.,1.4,23.18%,85.72%,N/L,N/L,N/L,N/L,N/L,2025-07-30
CLW,"Clearwater Paper Corp","Paper & Related Products","Basic Materials",357831000,0,0.41,-1.76%,-4.11%,0.39,5.58,560431000,100500000,-11100000.,16104000,196300000,0.08,3.55%,89.98%,N/L,N/L,N/L,N/L,N/L,2025-07-29
CLX,"Clorox Company","Consumer Prdts - Misc Staple","Consumer Staples",14714994000,15.5,30.41,17.35%,377.86%,5.15,12.44,17031994000,1299000000,1080000000,122309000,810000000,0.49,0.57%,78.53%,N/L,N/L,N/L,N/L,N/L,2025-07-31
CM,"Canadian Imperial Bank of Commerce","Banks - Foreign",Finance,68019856000,12.6,1.73,0.75%,14.51%,0.14,11.15,-19684212000.,14182190000,13322590000,929487000,5227390000,1.06,N/A,49.88%,N/L,N/L,N/L,N/L,N/L,2025-08-28
CMA,"Comerica Inc","Banks - Major Regional",Finance,8942769000,12.77,1.25,0.92%,10.92%,0.84,10.36,9205769000,1445000000,1342000000,128525000,698000000,0.94,0.19%,80.74%,N/L,N/L,N/L,N/L,N/L,2025-10-17
CMBM,"Cambium Networks Corp","Wireless National",Utilities,21536000,0,0.44,0.00%,0.00%,1.55,N/A,27946000,-66820000.,-76180000.,28244000,-77420000.,1.29,57.30%,87.17%,N/L,N/L,N/L,N/L,N/L,2025-08-28
CMBT,"Cmb.Tech NV","Transportation - Ship",Transportation,1639475000,8.3,0.62,3.98%,12.63%,2.01,4,4215385000,324460000,158430000,194481000,870830000,0.02,N/A,0.00%,N/L,N/L,N/L,N/L,N/L,2025-08-28
CMC,"Commercial Metals Company","Steel - Producers","Basic Materials",6594974000,21.01,1.54,4.49%,7.45%,0.33,8.46,6926684000,742460000,462090000,111931000,485490000,1.28,0.46%,86.90%,N/L,N/L,N/L,N/L,N/L,2025-10-16
CMCL,"Caledonia Mining Corp","Mining - Gold","Basic Materials",492673000,10.4,1.86,13.16%,18.76%,0.1,11.96,512323000,91440000,75420000,19215000,17900000,0.22,3.68%,31.78%,N/L,N/L,N/L,N/L,N/L,2025-08-11
CMCM,"Cheetah Mobile Inc ADR","Internet - Software","Computers and Technology",176742000,0,0.62,-7.16%,-17.83%,0,N/A,-48388000.,-24410000.,-31460000.,30316000,-84600000.,1.59,17.10%,0.41%,N/L,N/L,N/L,N/L,N/L,2025-09-12
CMCO,"Columbus Mckinnon","Machinery - Material Handling","Industrial Products",442078000,5.91,0.44,3.87%,7.62%,0.52,8.76,859378000,119670000,69000000,28725000,-5140000.,1.29,2.26%,95.96%,N/L,N/L,N/L,N/L,N/L,2025-07-30
CMCSA,"Comcast Corp A","Cable TV","Consumer Discretionary",126088880000,7.6,1.28,6.24%,18.86%,1.04,4,218096880000,53021000000,38219000000,3692207000,16192000000,0.92,1.32%,84.32%,N/L,N/L,N/L,N/L,N/L,2025-07-31
CME,"CME Group Inc","Securities Exchanges",Finance,97129608000,24.94,3.55,2.61%,14.60%,0.12,24.110001,96915408000,4878600000,4541800000,360380000,3525800000,0.44,0.30%,87.75%,N/L,N/L,N/L,N/L,N/L,2025-07-23
CMG,"Chipotle Mexican Grill","Retail - Restaurants",Retail-Wholesale,58516220000,37.64,16.309999,17.01%,43.50%,0,31.200001,57767680000,2608700000,2273670000,1340885000,1534110000,1.05,0.81%,91.30%,N/L,N/L,N/L,N/L,N/L,2025-07-23
CMI,"Cummins Inc","Engines - Internal Combustion",Auto-Tires-Trucks,55431304000,17.03,4.22,9.82%,26.96%,0.58,13.39,59204304000,5207000000,4142000000,137786000,3946000000,1.02,0.41%,83.46%,N/L,N/L,N/L,N/L,N/L,2025-08-05
CMP,"Compass Minerals Intl Inc","Chemical - Diversified","Basic Materials",811685000,0,3.17,-2.77%,-16.70%,3.3,7.11,1708985000,99300000,-8300000.,41689000,-206100000.,1.11,1.52%,99.78%,N/L,N/L,N/L,N/L,N/L,2025-08-11
CMPO,"Composecure Inc","Financial Transaction Services","Business Services",2031199000,19.47,N/A,26.83%,-65.50%,0,15.66,2149379000,58400000,48070000,102379000,-53720000.,0.94,52.10%,37.56%,N/L,N/L,N/L,N/L,N/L,2025-08-07
CMPR,"Cimpress N.V. Ord","Consumer Services - Misc","Consumer Discretionary",1533980000,115.47,N/A,0.78%,-2.64%,-2.71,9.39,2895240000,386460000,245330000,24481000,14950000,1.7,17.80%,77.64%,N/L,N/L,N/L,N/L,N/L,2025-07-29
CMPS,"Compass Pathways Plc ADR","Medical Services",Medical,442288000,0,2.54,-57.77%,-87.88%,0.19,N/A,306978000,-188630000.,-188860000.,95941000,-155120000.,2.17,3.93%,46.19%,N/L,N/L,N/L,N/L,N/L,2025-07-31
CMPX,"Compass Therapeutics Inc","Medical - Biomedical",Medical,417615000,0,4.15,-46.14%,-53.11%,0,N/A,374135000,-67750000.,-67850000.,138283000,-49380000.,1.49,29.80%,68.43%,N/L,N/L,N/L,N/L,N/L,2025-08-11
CMRC,"Commerce.com Inc","Internet Commerce",Retail-Wholesale,391565000,0,9.46,-2.77%,-25.13%,4.06,1058.52002,517675000,-4730000.,-19490000.,80735000,-27030000.,1.15,9.06%,79.21%,N/L,N/L,N/L,N/L,N/L,N/A
CMRE,"Costamare Inc","Transportation - Ship",Transportation,1411958000,4.13,0.68,6.95%,13.67%,0.79,2.38,2723248000,835920000,633750000,120269000,319920000,1.28,23.20%,58.08%,N/L,N/L,N/L,N/L,N/L,2025-07-31
CMS,"Cms Energy Corp","Utility - Electric Power",Utilities,21887376000,21.16,2.49,2.87%,12.07%,2,9.67,38322376000,4118000000,2878000000,299335000,1003000000,0.36,0.40%,93.57%,N/L,N/L,N/L,N/L,N/L,2025-07-31
CMTG,"Claros Mortgage Trust Inc","REIT - Equity Trust Other",Finance,490775000,0,0.25,-1.49%,-5.11%,1.92,3.76,4531996000,77820000,61800000,139822000,-221270000.,1.21,1.80%,89.53%,N/L,N/L,N/L,N/L,N/L,2025-08-06
CMTL,"Comtech Telecom Company","Wireless Equipment","Computers and Technology",60260000,0,0.49,-3.34%,-15.38%,0.75,0.7,382450000,-12040000.,-56390000.,29395000,-99990000.,1.26,2.10%,0.00%,N/L,N/L,N/L,N/L,N/L,2025-06-09
CNA,"CNA Financial Corp","Insurance - Proprty & Casualty",Finance,13351905000,10.75,1.25,1.85%,11.85%,0.28,11.29,15852905000,-427000000.,-294000000.,270665000,959000000,0.51,0.30%,98.45%,N/L,N/L,N/L,N/L,N/L,2025-08-04
CNC,"Centene Corp","Medical - HMO",Medical,14444221000,5.58,0.51,3.10%,9.57%,0.64,2.91,18924220000,4413000000,3172000000,491133000,3305000000,0.4,0.36%,93.63%,N/L,N/L,N/L,N/L,N/L,2025-07-25
CNDT,"Conduent Inc",Outsourcing,"Business Services",442327000,0,0.53,-3.12%,-9.88%,0.71,3.37,857327000,307000000,69000000,157974000,426000000,1.66,2.98%,77.28%,N/L,N/L,N/L,N/L,N/L,2025-08-06
CNH,"CNH Industrial N.V.","Machinery - Farm","Industrial Products",15472642000,18.14,1.92,1.94%,10.79%,3.52,7.74,38543640000,3848000000,3243000000,1250820000,1246000000,1.54,1.00%,59.88%,N/L,N/L,N/L,N/L,N/L,2025-08-01
CNI,"Canadian National Railway","Transportation - Rail",Transportation,59894380000,18.08,3.78,8.04%,21.71%,0.95,12.66,74850168000,7355510000,5974730000,624290000,3246150000,0.94,2.40%,80.74%,N/L,N/L,N/L,N/L,N/L,2025-07-22
CNK,"Cinemark Holdings Inc","Movie & TV Production & Dist","Consumer Discretionary",3054206000,14.31,6.59,5.99%,59.16%,5.11,6.82,4331606000,770000000,610300000,115036000,309700000,1.9,2.10%,N/A,N/L,N/L,N/L,N/L,N/L,2025-08-01
CNM,"Core & Main Inc Cl A","Machinery - Tools & Related","Industrial Products",12909846000,29.76,6.93,6.80%,23.55%,1.24,20.91,15162846000,1102000000,908000000,197127000,411000000,1.04,3.53%,94.19%,N/L,N/L,N/L,N/L,N/L,2025-09-03
CNMD,"C O N M E D Corp","Medical - Dental Suppliers",Medical,1727598000,11.82,1.64,6.05%,14.42%,0.88,7.9,2608928000,249890000,172330000,30955000,132420000,1.17,3.10%,N/A,N/L,N/L,N/L,N/L,N/L,2025-07-30
CNNE,"Cannae Holdings Inc","Finance - Investment Mgmt",Finance,1035717000,2.32,0.84,22.45%,28.00%,0.05,N/A,1024217000,-81900000.,-109700000.,56015000,-304600000.,1.06,10.90%,88.12%,N/L,N/L,N/L,N/L,N/L,2025-08-11
CNO,"Cno Financial Group","Insurance - Multi Line",Finance,3840445000,9.48,1.49,1.13%,16.63%,1.5,9.3,5865046000,872100000,872100000,96932000,404000000,0.9,3.00%,95.43%,N/L,N/L,N/L,N/L,N/L,2025-07-28
CNOB,"Connectone Bancorp","Banks - Northeast",Finance,1280880000,12.06,0.87,0.79%,7.12%,0.18,11.27,1115260000,82120000,76160000,50270000,73790000,1.17,6.24%,67.70%,N/L,N/L,N/L,N/L,N/L,2025-07-29
CNP,"Centerpoint Energy Inc","Utility - Electric Power",Utilities,24841512000,24.84,2.25,2.26%,9.16%,1.96,9.99,45780512000,4835000000,3396000000,652865000,1019000000,0.58,0.14%,91.77%,N/L,N/L,N/L,N/L,N/L,2025-07-24
CNQ,"Canadian Natural Resources","Oil - C$ Exploration & Product",Oils-Energy,65054848000,11.21,2.11,9.59%,19.67%,0.41,6.17,78693360000,17965980000,13090190000,2089109000,4456160000,1.05,5.00%,74.03%,N/L,N/L,N/L,N/L,N/L,2025-08-07
CNR,"Core Natural Resources Inc",Coal,Oils-Energy,3721940000,16.57,0.97,1.78%,3.01%,0.1,3.57,3506090000,713240000,485960000,51472000,286410000,0.66,1.41%,86.54%,N/L,N/L,N/L,N/L,N/L,2025-08-05
CNS,"Cohn & Steers Inc","Finance - Investment Mgmt",Finance,3889541000,23.71,6.77,19.93%,29.95%,0,22,3760031000,208040000,192220000,50997000,151270000,1.38,47.60%,51.47%,N/L,N/L,N/L,N/L,N/L,2025-10-15
CNTA,"Centessa Pharmaceuticals Plc ADR","Medical - Drugs",Medical,2277877000,0,6.79,-29.87%,-40.39%,0.28,N/A,2003597000,-194810000.,-195750000.,133914000,-235760000.,1.48,7.09%,82.01%,N/L,N/L,N/L,N/L,N/L,2025-08-12
CNTB,"Connect Biopharma Holdings Ltd ADR","Medical - Biomedical",Medical,101971000,0,1.35,0.00%,0.00%,0,N/A,23741000,-36840000.,-37500000.,55722000,-15630000.,-0.09,22.60%,58.72%,N/L,N/L,N/L,N/L,N/L,2025-04-15
CNTY,"Century Casinos IN",Gaming,"Consumer Discretionary",75050000,0,1.58,-5.03%,-72.39%,20.73,4.37,1005410000,202110000,99550000,30020000,-128170000.,2.2,13.00%,66.36%,N/L,N/L,N/L,N/L,N/L,2025-08-07
CNVS,"Cineverse Corp","Media Conglomerates","Consumer Discretionary",102433000,60.13,2.52,4.53%,9.98%,0.1,9.77,92053000,15260000,10990000,19075000,3600000,1.47,14.70%,8.19%,N/L,N/L,N/L,N/L,N/L,2025-08-14
CNX,"CNX Resources Corp","Oil - US Exploration & Product",Oils-Energy,4082767000,12.62,0.99,4.13%,8.93%,0.64,5.48,6193697000,1324030000,826930000,141419000,-90490000.,0.64,3.10%,95.16%,N/L,N/L,N/L,N/L,N/L,2025-07-24
CNXC,"Concentrix Corp","Business Services","Business Services",3281712000,4.8,0.74,5.56%,16.31%,1.14,2.25,7776722000,1346120000,615000000,63025000,251220000,0.53,3.20%,90.34%,N/L,N/L,N/L,N/L,N/L,2025-09-24
CNXN,"PC Connection Inc","Retail - Wholesale Computers",Retail-Wholesale,1643176000,18.59,1.77,6.82%,9.74%,0,17.1,1464856000,106850000,98100000,25389000,87100000,0.72,55.20%,42.85%,N/L,N/L,N/L,N/L,N/L,2025-07-30
COCO,"The Vita Coco Company Inc","Beverages - Soft","Consumer Staples",2087109000,31.88,6.89,17.84%,24.99%,0,31.73,1922439000,70040000,69290000,56823000,55950000,0.37,32.30%,88.49%,N/L,N/L,N/L,N/L,N/L,2025-07-30
CODI,"Compass Diversified Holdings","Finance - Investment Funds",Finance,575555000,3.22,0.47,0.00%,0.00%,1.14,1.72,2708946000,482850000,329890000,75236000,12810000,1.05,1.80%,72.73%,N/L,N/L,N/L,N/L,N/L,2025-08-27
CODX,"Co-Diagnostics Inc","Medical Services",Medical,12285000,0,0.25,-60.49%,-69.49%,0,N/A,9345000,-36090000.,-37470000.,38524000,-37640000.,0.51,8.40%,14.99%,N/L,N/L,N/L,N/L,N/L,2025-08-14
COF,"Capital One Financial Corp","Finance - Consumer Loans",Finance,141473952000,12.37,1.22,1.40%,10.01%,0.47,9.09,142791952000,6039000000,2802000000,639517000,4750000000,1.16,1.26%,89.84%,N/L,N/L,N/L,N/L,N/L,2025-07-22
COGT,"Cogent Biosciences Inc","Medical - Biomedical",Medical,1379935000,0,28.440001,-89.44%,-223.82%,0,N/A,1392365000,-304820000.,-299650000.,113856000,-255860000.,0.36,7.29%,N/A,N/L,N/L,N/L,N/L,N/L,2025-08-05
COHR,"Coherent Corp","Technology Services","Business Services",14006869000,31.49,2.24,3.86%,9.74%,0.61,11.92,16775699000,1103980000,530610000,155805000,49360000,1.9,0.56%,83.33%,N/L,N/L,N/L,N/L,N/L,2025-08-13
COHU,"Cohu Inc","Electrical - Manufacturing","Computers and Technology",956047000,0,1.09,-3.17%,-3.74%,0.02,35.349998,758437000,12860000,-42470000.,46682000,-69820000.,1.25,2.86%,94.67%,N/L,N/L,N/L,N/L,N/L,2025-07-31
COIN,"Coinbase Global Inc Cl A","Finance - Misc Services",Finance,82181616000,49.47,6.38,1.86%,16.02%,0.35,34.540001,83992224000,2012260000,1884740000,256938000,2579070000,3.7,17.65%,68.84%,N/L,N/L,N/L,N/L,N/L,2025-07-31
COKE,"Coca-Cola Consolidated Inc","Beverages - Soft","Consumer Staples",10359418000,15.78,6.3,12.16%,44.91%,1.1,11.78,11009948000,1103810000,907710000,86886000,633130000,0.81,0.00%,48.24%,N/L,N/L,N/L,N/L,N/L,2025-07-24
COLB,"Columbia Banking Sys","Banks - West",Finance,5671818000,8.95,1,1.15%,11.32%,0,8.3,3793558000,1126910000,1055510000,210301000,533680000,0.62,0.68%,92.53%,N/L,N/L,N/L,N/L,N/L,2025-07-24
COLD,"Americold Realty Trust","REIT - Equity Trust Other",Finance,4260578000,10.15,1.31,-0.69%,-1.68%,0.13,15.08,4563768000,803290000,437140000,284798000,-94310000.,0.81,0.23%,98.14%,N/L,N/L,N/L,N/L,N/L,2025-08-07
COLL,"Collegium Pharma","Medical - Drugs",Medical,1232043000,6.8,5.47,13.87%,97.28%,2.52,3.2,1751783000,293970000,126840000,31502000,69190000,0.68,2.51%,N/A,N/L,N/L,N/L,N/L,N/L,2025-08-07
COLM,"Columbia Sprtswr","Textile - Apparel","Consumer Staples",3095600000,13.66,1.77,7.93%,12.97%,0,10.97,2563730000,328720000,272780000,54770000,223270000,1,48.30%,47.76%,N/L,N/L,N/L,N/L,N/L,2025-07-31
COMM,"Commscope Holding Company","Communications Infrastructure","Computers and Technology",3458021000,25.65,N/A,2.26%,-6.29%,-2.97,9.68,13358821000,1008800000,638300000,221526000,-315500000.,2.38,2.60%,88.04%,N/L,N/L,N/L,N/L,N/L,2025-08-07
COMP,"Compass Inc Cl A","Internet - Software","Computers and Technology",4885286000,0,6.15,-3.88%,-9.70%,0.07,N/A,4661486000,123200000,40100000,525865000,-154400000.,2.61,4.08%,67.05%,N/L,N/L,N/L,N/L,N/L,2025-07-30
CON,"Concentra Group Holdings Parent Inc",N/A,N/A,N/A,N/A,8.48,N/A,N/A,6.768325,12.46,N/A,N/A,N/A,N/A,166540000,N/A,N/A,N/A,N/L,N/L,N/L,N/L,N/L,2025-08-07
COO,"Cooper Companies","Medical - Dental Suppliers",Medical,15042571000,18.82,1.76,6.35%,9.60%,0.31,13.07,17518670000,1332800000,957700000,199981000,392300000,1,1.98%,24.39%,N/L,N/L,N/L,N/L,N/L,2025-08-27
COOK,"Traeger Inc","Consumer Prdts - Misc Discr","Consumer Discretionary",180728000,0,0.63,-1.93%,-5.67%,1.49,4.45,569448000,76560000,24920000,135886000,-34010000.,1.46,14.70%,46.84%,N/L,N/L,N/L,N/L,N/L,2025-08-06
COOP,"Mr.Cooper Group Inc","Finance - Consumer Loans",Finance,12733326000,15.72,2.3,4.22%,15.66%,0.96,16.190001,16651326000,828000000,784000000,63993000,669000000,0.98,1.73%,89.82%,N/L,N/L,N/L,N/L,N/L,2025-07-23
COP,Conocophillips,"Oil - US Integrated",Oils-Energy,120872608000,13.04,1.81,7.68%,14.60%,0.36,6.32,139589600000,35407000000,25483000000,1248942000,9245000000,0.67,0.24%,82.36%,N/L,N/L,N/L,N/L,N/L,2025-08-07
COR,"Cencora Inc","Medical Services",Medical,56728704000,19.58,26.6,4.31%,267.36%,3.73,15.25,57984136000,5342930000,4224090000,193878000,1509120000,0.58,10.80%,97.52%,N/L,N/L,N/L,N/L,N/L,2025-08-06
CORT,"Corcept Therapeutics","Medical - Drugs",Medical,7410813000,62.81,11.76,16.20%,20.10%,0,57.150002,7283143000,92360000,101960000,105372000,141210000,0.2,20.80%,93.61%,N/L,N/L,N/L,N/L,N/L,2025-07-31
CORZ,"Core Scientific Inc","Finance - Misc Services",Finance,4138279000,0,N/A,0.00%,0.00%,0,N/A,4138279000,0,0,305408000,-32500000.,6.6,1.40%,0.00%,N/L,N/L,N/L,N/L,N/L,2025-08-08
COSM,"Cosmos Health Inc","Medical - Drugs",Medical,25413000,0,0.83,-8.60%,-18.32%,0.36,6.53,33643000,-11220000.,-12470000.,30214000,-16180000.,5.33,15.61%,12.61%,N/L,N/L,N/L,N/L,N/L,2025-08-19
COST,"Costco Wholesale","Retail - Discount",Retail-Wholesale,425090432000,56.15,15.85,10.52%,30.48%,0.21,45.720001,421081440000,12321000000,10084000000,443477000,7367000000,0.96,0.18%,68.48%,N/L,N/L,N/L,N/L,N/L,2025-09-25
COTY,"Coty Inc","Cosmetics & Toiletries","Consumer Staples",3426933000,17.32,0.89,1.70%,5.18%,1.04,5.34,7044733000,870700000,449600000,871993000,89400000,2,6.00%,42.36%,N/L,N/L,N/L,N/L,N/L,2025-08-20
COUR,"Coursera Inc","Technology Services","Business Services",1836732000,0,2.9,-3.32%,-5.16%,0,N/A,1110602000,-56920000.,-81770000.,161400000,-79530000.,1.4,16.80%,89.55%,N/L,N/L,N/L,N/L,N/L,2025-07-24
COYA,"Coya Therapeutics Inc","Medical - Biomedical",Medical,114734000,0,3.89,-53.61%,-61.05%,0,N/A,76394000,-22560000.,-22590000.,16725000,-14880000.,0.26,12.00%,39.75%,N/L,N/L,N/L,N/L,N/L,2025-08-11
CP,"Canadian Pacific Kansas City Ltd","Transportation - Rail",Transportation,68348352000,22.88,1.97,4.82%,8.69%,0.47,15.96,84319304000,6679090000,5292470000,913626000,2713400000,1.06,0.01%,72.20%,N/L,N/L,N/L,N/L,N/L,2025-07-30
CPA,"Copa Holdings S.A.","Transportation - Airline",Transportation,4819711000,7.4,1.83,11.09%,26.22%,0.67,4.99,5877201000,1441220000,1110510000,41173000,608110000,1.39,N/A,70.09%,N/L,N/L,N/L,N/L,N/L,2025-08-06
CPAY,"Corpay Inc","Financial Transaction Services","Business Services",23386648000,16.89,5.64,7.20%,39.13%,1.48,12.87,24156408000,2767590000,2318510000,70614000,1003750000,0.96,5.04%,98.84%,N/L,N/L,N/L,N/L,N/L,2025-08-06
CPB,"The Campbell's Company","Food - Misc & Diversified","Consumer Staples",9880028000,10.89,2.51,5.77%,23.22%,1.57,7.19,15533028000,1360000000,932000000,298130000,567000000,0.08,20.19%,52.35%,N/L,N/L,N/L,N/L,N/L,2025-09-03
CPF,"Central Pacific Financial Company","Banks - West",Finance,830205000,11.31,1.39,0.95%,12.80%,0.23,10.71,605615000,96230000,85350000,26981000,53410000,1.07,2.40%,88.42%,N/L,N/L,N/L,N/L,N/L,2025-07-25
CPIX,"Cumberland Pharmaceu","Medical - Drugs",Medical,49218000,29.45,1.75,2.66%,7.48%,0.19,12.6,46538000,6460000,1560000,14960000,-6480000.,-0.39,44.85%,15.51%,N/L,N/L,N/L,N/L,N/L,2025-08-05
CPK,"Chesapeake Utilities Corp","Utility - Gas Distribution",Utilities,2994562000,21.9,1.94,3.62%,9.20%,1.01,13.98,4470362000,401630000,320130000,23544000,118600000,0.66,2.68%,83.11%,N/L,N/L,N/L,N/L,N/L,2025-08-07
CPNG,"Coupang Inc Cl A","Internet Commerce",Retail-Wholesale,52413116000,156.78,10.96,1.98%,7.47%,0.22,60.509998,47437116000,1157000000,724000000,1823065000,154000000,1.16,12.78%,83.72%,N/L,N/L,N/L,N/L,N/L,2025-08-05
CPRI,"Capri Holdings Ltd","Retail - Apparel & Shoes",Retail-Wholesale,2558341000,0,N/A,-6.67%,-53.50%,-126.92,N/A,3868341000,-359000000.,-552000000.,119048000,-1182000000.,1.72,2.30%,84.34%,N/L,N/L,N/L,N/L,N/L,2025-08-06
CPRT,"Copart Inc","Auction Valuation Services","Business Services",47341184000,31.37,5.25,16.36%,18.20%,0,29.540001,45851616000,1833930000,1643670000,966936000,1363020000,1.04,9.68%,85.78%,N/L,N/L,N/L,N/L,N/L,2025-09-03
CPRX,"Catalyst Pharm Inc","Medical - Drugs",Medical,2580002000,8.43,2.93,35.36%,40.78%,0,8.4,2062452000,318560000,280790000,122391000,163890000,0.7,10.40%,79.22%,N/L,N/L,N/L,N/L,N/L,2025-08-06
CPS,"Cooper Std Holdings Inc","Auto - Truck Original Parts",Auto-Tires-Trucks,602696000,0,N/A,-0.58%,0.00%,-10.45,12.7,1532926000,220310000,116740000,17633000,-78750000.,2.92,8.80%,69.11%,N/L,N/L,N/L,N/L,N/L,2025-07-31
CPSH,"Cps Technologies","Electronics - Misc Components","Computers and Technology",45466000,0,3.13,-9.59%,-12.35%,0,N/A,42186000,-1990000.,-2540000.,14526000,-3140000.,1.47,15.60%,11.18%,N/L,N/L,N/L,N/L,N/L,2025-07-31
CPSS,"Consumer Portfol","Finance - Misc Services",Finance,188237000,10.34,0.59,0.54%,6.59%,11.19,5.78,3181787000,275790000,264350000,22224000,19200000,0.91,69.00%,47.57%,N/L,N/L,N/L,N/L,N/L,2025-08-12
CPT,"Camden Property Trust","REIT - Equity Trust Resident",Finance,11693991000,15.75,2.48,1.74%,3.30%,0.82,15.46,15147371000,1444190000,862180000,106853000,163290000,0.78,1.80%,97.22%,N/L,N/L,N/L,N/L,N/L,2025-07-31
CQP,"Cheniere Energy Partners LP","Other Alt Energy",Oils-Energy,26283808000,14.07,N/A,13.57%,-503.86%,-43.59,8.7,41016808000,4570000000,3864000000,484048000,2510000000,0.44,N/A,46.55%,N/L,N/L,N/L,N/L,N/L,2025-08-14
CR,"Crane Company","Machinery - General Industrial","Industrial Products",11177354000,34.18,5.75,12.37%,18.79%,0.02,32.200001,11117654000,424800000,373800000,57547000,294700000,1.26,2.12%,75.14%,N/L,N/L,N/L,N/L,N/L,2025-07-28
CRAI,"Cra International",Consulting,"Business Services",1298021000,24.22,6.39,9.13%,25.51%,0.61,16.33,1271311000,124960000,98140000,6584000,46650000,0.91,4.70%,84.13%,N/L,N/L,N/L,N/L,N/L,2025-07-31
CRBG,"Corebridge Financial Inc","Insurance - Multi Line",Finance,18830644000,6.65,1.42,0.74%,22.06%,0.86,6.29,30416644000,617000000,424000000,538480000,2230000000,1.06,0.29%,98.25%,N/L,N/L,N/L,N/L,N/L,2025-08-04
CRBP,"Corbus Pharmaceuticals Hldgs Inc","Medical - Drugs",Medical,119976000,0,1.07,-39.62%,-43.65%,0,N/A,102496000,-69390000.,-67050000.,12255000,-40210000.,3.2,3.60%,64.64%,N/L,N/L,N/L,N/L,N/L,2025-08-05
CRBU,"Caribou Biosciences Inc","Medical - Biomedical",Medical,172278000,0,1.03,-49.65%,-62.35%,0,N/A,155988000,-168410000.,-167610000.,93123000,-149110000.,2.55,8.28%,77.51%,N/L,N/L,N/L,N/L,N/L,2025-08-12
CRC,"California Resources Corp","Oil - US Exploration & Product",Oils-Energy,4176469000,10.5,1.18,6.00%,11.95%,0.3,6.23,4936469000,1966000000,1578000000,83680000,376000000,1.16,0.03%,97.79%,N/L,N/L,N/L,N/L,N/L,2025-08-05
CRCA,"Proshares Trust Proshares Ultra Crcl",N/A,N/A,N/A,N/A,1.0928,N/A,N/A,N/A,N/A,N/A,N/A,N/A,N/A,0,N/A,N/A,N/A,N/L,N/L,N/L,N/L,N/L,N/A
CRCL,"Circle Internet Group Inc Cl A","Finance - Misc Services",Finance,30051800000,0,N/A,0.00%,0.00%,0,N/A,30051800000,0,0,222540000,155667000,N/A,N/A,N/A,N/L,N/L,N/L,N/L,N/L,2025-08-12
CRCT,"Cricut Inc Cl A","Technology Services","Business Services",1279045000,17.82,4.04,10.41%,16.49%,0,13.66,1046905000,112940000,83930000,212466000,62830000,0.15,18.61%,19.60%,N/L,N/L,N/L,N/L,N/L,2025-08-05
CRDF,"Cardiff Oncology Inc","Medical - Biomedical",Medical,154340000,0,2.57,-63.65%,-77.94%,0,N/A,102870000,-54520000.,-54330000.,66526000,-45430000.,1.54,7.70%,16.29%,N/L,N/L,N/L,N/L,N/L,2025-08-14
CRDL,"Cardiol Therapeutics","Medical - Drugs",Medical,97943000,0,11.33,-158.19%,-232.26%,0,N/A,75623000,-31210000.,-31480000.,83712000,-26770000.,1.05,5.25%,12.49%,N/L,N/L,N/L,N/L,N/L,2025-08-18
CRDO,"Credo Technology Group Holding Ltd","Electronics - Semiconductors","Computers and Technology",19574052000,410.59,27.620001,7.55%,8.77%,0,251.029999,19337722000,59930000,37990000,171642000,52180000,2.59,16.04%,80.46%,N/L,N/L,N/L,N/L,N/L,2025-09-03
CRESY,"Cresud Sacif ADR","Agriculture Operations","Consumer Staples",679162000,9.41,0.38,1.92%,4.42%,0.43,3.37,1401072000,-63050000.,-84200000.,61407000,156920000,1.03,36.20%,12.90%,N/L,N/L,N/L,N/L,N/L,2025-09-04
CRGX,"Cargo Therapeutics Inc","Medical - Biomedical",Medical,216187000,0,0.87,-37.26%,-43.21%,0,N/A,151807000,-231500000.,-238570000.,48364000,-167500000.,0.3,2.92%,93.16%,N/L,N/L,N/L,N/L,N/L,2025-08-11
CRGY,"Crescent Energy Company Cl A","Other Alt Energy",Oils-Energy,2530873000,4.84,0.53,4.82%,13.35%,0.75,1.8,6670153000,2319950000,1357090000,254615000,-114610000.,1.86,13.20%,52.11%,N/L,N/L,N/L,N/L,N/L,2025-08-04
CRH,"CRH Plc ADR","Building & Construction - Misc",Construction,76232448000,21.58,N/A,6.83%,15.68%,0.68,N/A,86442448000,7024000000,5226000000,672659000,3458000000,1.26,0.12%,62.50%,N/L,N/L,N/L,N/L,N/L,2025-08-06
CRI,"Carter's Inc","Shoes and Related Apparel","Consumer Staples",957797000,5.21,1.08,7.29%,20.68%,0.58,3.04,1042997000,309940000,220380000,36432000,185510000,0.99,2.00%,N/A,N/L,N/L,N/L,N/L,N/L,2025-07-25
CRK,"Comstock Resources","Oil - US Exploration & Product",Oils-Energy,4501509000,52.07,1.88,1.32%,3.65%,1.24,6.19,7446799000,1695960000,889090000,293067000,-229650000.,0.28,2.20%,36.13%,N/L,N/L,N/L,N/L,N/L,2025-07-30
CRL,"Charles River Laboratories Intl","Medical Services",Medical,7964794000,14.43,2.26,7.09%,15.74%,0.69,7.12,10051524000,1120540000,543800000,49214000,22200000,1.48,1.30%,98.91%,N/L,N/L,N/L,N/L,N/L,2025-08-06
CRM,"Salesforce Inc","Computer - Software","Computers and Technology",237365248000,30.96,3.87,7.99%,12.94%,0.14,17.74,236950240000,13010000000,7438000000,956000000,6197000000,1.37,3.00%,80.43%,N/L,N/L,N/L,N/L,N/L,2025-09-03
CRMD,"Cormedix Inc","Medical - Biomedical",Medical,1021945000,18.08,4.17,34.19%,42.73%,0,N/A,981295000,49780000,49320000,74649000,-17930000.,1.71,5.30%,34.18%,N/L,N/L,N/L,N/L,N/L,2025-08-13
CRML,"Critical Metals Corp","Mining - Misc","Basic Materials",645843000,0,N/A,0.00%,0.00%,-1.01,N/A,663853000,-3710000.,0,98602000,-147490000.,1.15,65.70%,86.44%,N/L,N/L,N/L,N/L,N/L,N/A
CRNC,"Cerence Inc","IT Services","Computers and Technology",478253000,130.5,2.91,0.68%,3.14%,1.28,0.67,638663000,602260000,-17540000.,43320000,-588080000.,2.85,0.60%,91.44%,N/L,N/L,N/L,N/L,N/L,2025-08-06
CRNT,"Ceragon Networks Ltd","Wireless Non-US","Computers and Technology",176971000,7.31,0.98,6.79%,13.71%,0.12,3.67,166861000,38550000,26440000,88930000,24060000,1,19.00%,13.31%,N/L,N/L,N/L,N/L,N/L,2025-08-06
CRNX,"Crinetics Pharmaceuticals Inc","Medical - Drugs",Medical,2911922000,0,2.36,-29.45%,-32.28%,0,N/A,2647372000,-435220000.,-423070000.,94176000,-298410000.,0.33,4.60%,98.51%,N/L,N/L,N/L,N/L,N/L,2025-08-07
CRON,"Cronos Group Inc","Medical - Drugs",Medical,995899000,0,0.87,-3.62%,-3.78%,0,5501.589844,137089000,-42160000.,-51500000.,383038000,41080000,1.01,7.30%,8.71%,N/L,N/L,N/L,N/L,N/L,2025-08-07
CROX,"Crocs Inc","Textile - Apparel","Consumer Staples",4727648000,6.28,3.31,16.12%,44.15%,0.97,5.7,5896498000,335040000,265200000,54617000,950070000,1.41,3.00%,93.44%,N/L,N/L,N/L,N/L,N/L,2025-08-07
CRS,"Carpenter Technology Corp","Steel - Specialty","Basic Materials",12157914000,32.26,6.37,11.28%,21.50%,0.37,23.200001,12537814000,661000000,521800000,49850000,376000000,1.44,2.90%,92.03%,N/L,N/L,N/L,N/L,N/L,2025-07-31
CRSP,"Crispr Therapeutics Ag","Medical - Biomedical",Medical,4940404000,0,2.67,-17.09%,-20.05%,0,N/A,4642144000,-533200000.,-552460000.,90950000,-366250000.,1.8,4.30%,69.20%,N/L,N/L,N/L,N/L,N/L,2025-08-04
CRSR,"Corsair Gaming Inc",Gaming,"Consumer Discretionary",942669000,0,1.45,-1.54%,-3.12%,0.21,46.470001,1006819000,17700000,-34200000.,106037000,-99180000.,1.77,58.38%,25.66%,N/L,N/L,N/L,N/L,N/L,2025-08-07
CRTO,"Criteo S.A. ADR","Internet Software Services","Computers and Technology",1399512000,7.33,1.13,8.53%,16.91%,0.01,5.05,1112202000,270490000,182740000,57855000,111570000,0.43,1.66%,94.27%,N/L,N/L,N/L,N/L,N/L,2025-07-30
CRUS,"Cirrus Logic Inc","Electronics - Semiconductors","Computers and Technology",6025350000,17.48,3.03,15.29%,18.38%,0,15.51,5485730000,486910000,435960000,51332000,331510000,0.92,1.16%,87.96%,N/L,N/L,N/L,N/L,N/L,2025-08-05
CRVL,"Corvel Corp","Business Services","Business Services",4753636000,46.42,13.52,18.33%,32.31%,0,37.09,4583056000,157610000,128070000,51313000,95160000,0.95,44.56%,51.36%,N/L,N/L,N/L,N/L,N/L,2025-08-05
CRVS,"Corvus Pharma Com","Medical - Biomedical",Medical,413553000,0,4.49,-18.05%,-28.61%,0,N/A,404813000,-36610000.,-35550000.,74514000,-62290000.,0.42,28.50%,46.64%,N/L,N/L,N/L,N/L,N/L,2025-08-07
CRWD,"Crowdstrike Holdings Inc",Security,"Computers and Technology",104821240000,0,29.559999,0.17%,0.43%,0.21,156.149994,101241920000,283060000,-252020000.,249248000,-19270000.,1.13,3.32%,71.16%,N/L,N/L,N/L,N/L,N/L,2025-08-27
CRWS,"Crown Crafts Inc","Textile - Home Furnishings","Consumer Discretionary",31853000,33.22,0.83,0.94%,1.85%,0.37,1.91,49833000,16920000,1670000,10565000,-9360000.,0.9,11.60%,30.23%,N/L,N/L,N/L,N/L,N/L,2025-08-13
CRWU,"T-Rex 2X Long Crwv Daily Target ETF",N/A,N/A,N/A,N/A,N/A,N/A,N/A,N/A,N/A,N/A,N/A,N/A,N/A,0,N/A,N/A,N/A,N/L,N/L,N/L,N/L,N/L,N/A
CRWV,"Coreweave Inc Cl A","Internet - Software","Computers and Technology",45920880000,0,15.65,0.00%,0.00%,4.16,N/A,45920880000,86310000,86310000,488572000,-863448000.,N/A,N/A,N/A,N/L,N/L,N/L,N/L,N/L,2025-08-12
CSBR,"Champions Oncolog","Medical - Drugs",Medical,105119000,23.16,27.16,16.62%,196.12%,0,16.16,95329000,6490000,4850000,13777000,4700000,0.46,46.98%,41.30%,N/L,N/L,N/L,N/L,N/L,2025-09-10
CSCO,"Cisco Systems Inc","Computer - Networks","Computers and Technology",266587056000,21.55,5.63,10.20%,27.02%,0.49,17.59,281102048000,15954000000,13143000000,3959998000,10453000000,0.91,0.01%,73.33%,N/L,N/L,N/L,N/L,N/L,2025-08-13
CSGP,"Costar Group Inc","IT Services","Computers and Technology",38645352000,157.79,4.35,2.36%,2.88%,0.12,74.459999,34956252000,260000000,-6400000.,423650000,138700000,0.85,1.09%,96.60%,N/L,N/L,N/L,N/L,N/L,2025-07-22
CSGS,"C S G Sys Intl","Computer - Services","Computers and Technology",1817274000,15.08,6.15,8.09%,40.48%,1.85,9.86,2193984000,226120000,153610000,28768000,86850000,0.9,3.60%,91.07%,N/L,N/L,N/L,N/L,N/L,2025-08-06
CSIQ,"Canadian Solar Inc",Solar,Oils-Energy,741380000,0,0.18,-1.42%,-4.98%,1.4,1.7,3570100000,367480000,-133960000.,66972000,36050000,1.35,21.50%,52.36%,N/L,N/L,N/L,N/L,N/L,2025-08-21
CSL,"Carlisle Companies Inc","Conglomerates - Div Operations",Conglomerates,16996084000,18.96,7.69,15.60%,38.16%,0.89,15.37,18133184000,1231600000,1059000000,42751000,1311800000,1.05,1.50%,89.52%,N/L,N/L,N/L,N/L,N/L,2025-07-30
CSR,Centerspace,"REIT - Equity Trust Resident",Finance,974754000,11.63,1.14,-1.27%,-2.81%,1.33,9.76,1933574000,223280000,115630000,16757000,-10690000.,0.72,0.44%,79.00%,N/L,N/L,N/L,N/L,N/L,2025-08-04
CSTE,"Caesarstone Sdot-Yam","Building & Construction - Misc",Construction,52169000,0,0.21,-7.93%,-16.14%,0,N/A,-51321000.,-30510000.,-47640000.,34549000,-42830000.,0.23,N/A,33.70%,N/L,N/L,N/L,N/L,N/L,2025-08-06
CSTL,"Castle Biosciences Inc","Medical - Biomedical",Medical,604527000,57.06,1.27,2.03%,2.37%,0.02,20.299999,494847000,23160000,13850000,29008000,18250000,1.09,6.50%,92.60%,N/L,N/L,N/L,N/L,N/L,2025-08-04
CSTM,"Constellium N.V.","Metal Products - Distribution","Basic Materials",2058200000,74.95,2.49,0.55%,3.43%,2.54,5.68,3835200000,988260000,684260000,139539000,56000000,1.69,1.54%,92.59%,N/L,N/L,N/L,N/L,N/L,2025-07-29
CSV,"Carriage Services","Funeral Services & Related","Consumer Staples",715671000,15.26,3.01,3.66%,21.63%,1.71,10.39,1250391000,124390000,99520000,15698000,32950000,0.83,2.60%,66.46%,N/L,N/L,N/L,N/L,N/L,2025-08-06
CSW,"Csw Industrials Inc","Chemical - Specialty","Basic Materials",4581402000,29.15,3.9,10.43%,13.78%,0.09,23.969999,4375742000,224080000,181070000,16802000,136650000,0.91,1.30%,82.79%,N/L,N/L,N/L,N/L,N/L,2025-07-31
CSWC,"Capital Southwest","Finance - Investment Mgmt",Finance,1253855000,9.25,1.31,6.77%,14.17%,0.53,9.65,1722905000,121080000,121870000,55628000,70550000,0.98,2.80%,23.42%,N/L,N/L,N/L,N/L,N/L,2025-08-06
CSX,"CSX Corp","Transportation - Rail",Transportation,64466700000,21.61,5.4,7.41%,25.47%,1.55,12.82,82036704000,8331000000,6565000000,1864277000,3470000000,1.25,0.55%,73.57%,N/L,N/L,N/L,N/L,N/L,2025-10-15
CTAS,"Cintas Corp","Business Services","Business Services",86878016000,49,18.629999,19.14%,41.21%,0.52,37.830002,89039048000,2853900000,2359720000,402978000,1812280000,1.03,15.00%,63.46%,N/L,N/L,N/L,N/L,N/L,2025-09-24
CTBI,"Community TR Bancp","Banks - Southeast",Finance,1062029000,10.99,1.25,1.47%,11.77%,0.08,11.15,760289000,139480000,131910000,18111000,82810000,0.62,4.30%,60.20%,N/L,N/L,N/L,N/L,N/L,2025-10-15
CTEV,"Claritev Corporation","Medical Information Systems",Medical,1188836000,0,N/A,-3.18%,-245.89%,-115.96,3.83,5682146000,949360000,501950000,16475000,-1645830000.,0.41,8.00%,87.15%,N/L,N/L,N/L,N/L,N/L,2025-08-06
CTGO,"Contango Ore Inc","Mining - Misc","Basic Materials",271518000,5.01,N/A,32.08%,-597.15%,-20.31,N/A,320168000,-13270000.,-17510000.,12670000,-38030000.,-0.16,14.40%,19.14%,N/L,N/L,N/L,N/L,N/L,2025-05-13
CTKB,"Cytek Biosciences Inc","Medical - Biomedical",Medical,527980000,0,1.35,-1.30%,-1.66%,0,115.559998,430280000,-16370000.,-26860000.,127224000,-6020000.,1.34,10.33%,69.46%,N/L,N/L,N/L,N/L,N/L,2025-08-06
CTLP,"Cantalope Inc","Financial Transaction Services","Business Services",796651000,49.45,3.3,5.45%,9.02%,0.16,32.57,778001000,48040000,35710000,73289000,11990000,1.18,6.30%,75.75%,N/L,N/L,N/L,N/L,N/L,2025-09-09
CTMX,"Cytomx Thera","Medical - Biomedical",Medical,349616000,3.63,1.36,36.04%,158.70%,0,5.61,311566000,39580000,43120000,164913000,31870000,2.13,6.60%,67.77%,N/L,N/L,N/L,N/L,N/L,2025-08-07
CTNM,"Contineum Therapeutics Inc","Medical - Biomedical",Medical,278737000,0,1.52,-28.08%,-29.75%,0,N/A,258247000,-65770000.,-66030000.,28042000,-42260000.,1.04,11.30%,N/A,N/L,N/L,N/L,N/L,N/L,2025-08-12
CTO,"Cto Realty Growth Inc","REIT - Equity Trust Other",Finance,558333000,8.48,0.95,-2.49%,-5.07%,1.05,7.78,1060013000,131090000,65090000,32940000,-1970000.,0.74,4.00%,67.18%,N/L,N/L,N/L,N/L,N/L,2025-07-29
CTOS,"Custom Truck One Source","Auto - Truck Original Parts",Auto-Tires-Trucks,1366157000,0,1.63,-1.54%,-6.61%,2.04,6.83,2890067000,389240000,147710000,226560000,-28660000.,1.27,4.50%,90.07%,N/L,N/L,N/L,N/L,N/L,2025-07-30
CTRA,"Coterra Energy Inc","Oil - US Exploration & Product",Oils-Energy,18170364000,11.66,1.23,6.73%,10.99%,0.29,5.71,19428364000,5937000000,4109000000,763140000,1121000000,0.33,1.70%,87.92%,N/L,N/L,N/L,N/L,N/L,2025-08-04
CTRE,"Caretrust REIT Inc","REIT - Equity Trust Other",Finance,7512225000,21.19,2,5.90%,7.60%,0.35,31.48,7713575000,382550000,319530000,218125000,125080000,0.85,0.51%,87.77%,N/L,N/L,N/L,N/L,N/L,2025-08-06
CTRI,"Centuri Holdings Inc","Utility - Electric Power",Utilities,1795142000,67.6,3.17,1.25%,4.74%,1.62,9.65,2624672000,283010000,121680000,88649000,-6720000.,1.13,0.15%,N/A,N/L,N/L,N/L,N/L,N/L,2025-08-06
CTRM,"Castor Maritime Inc","Transportation - Ship",Transportation,21161000,5.95,0.04,-0.30%,-0.38%,0.1,0.97,36811000,7140000,-9280000.,9662000,14620000,0.93,N/A,1.08%,N/L,N/L,N/L,N/L,N/L,2025-08-28
CTRN,"Citi Trends Inc","Retail - Apparel & Shoes",Retail-Wholesale,270304000,0,2.45,-7.27%,-27.90%,0,N/A,209214000,5190000,-13630000.,8294000,-43170000.,2.05,10.70%,0.00%,N/L,N/L,N/L,N/L,N/L,2025-08-26
CTS,"Cts Corp","Electronics - Misc Components","Computers and Technology",1283428000,19.14,2.23,8.53%,12.31%,0.16,12.79,1280348000,110410000,79490000,29477000,58110000,0.82,1.60%,96.87%,N/L,N/L,N/L,N/L,N/L,2025-07-24
CTSH,"Cognizant Tech Sol","IT Services","Computers and Technology",35345220000,14.22,2.27,12.34%,16.77%,0.04,12.13,33989220000,4246000000,3704000000,488396000,2240000000,0.9,0.32%,92.44%,N/L,N/L,N/L,N/L,N/L,2025-07-30
CTSO,"Cytosorbents Cor","Medical Products",Medical,57308000,0,4.56,-29.00%,-111.97%,1.24,N/A,63028000,-16160000.,-18280000.,62762000,-20720000.,1.19,7.30%,32.87%,N/L,N/L,N/L,N/L,N/L,2025-08-07
CTVA,"Corteva Inc","Agriculture Operations","Consumer Staples",49825564000,23.09,1.9,5.20%,8.68%,0.14,16.639999,49422564000,4141000000,2914000000,679100000,907000000,0.75,0.14%,81.54%,N/L,N/L,N/L,N/L,N/L,2025-08-06
CTXR,"Citius Pharmaceuticals Inc","Medical - Drugs",Medical,22966000,0,0.26,-33.83%,-60.04%,0,N/A,19716000,-40930000.,-41140000.,17012000,-39140000.,1.19,10.70%,16.88%,N/L,N/L,N/L,N/L,N/L,2025-08-11
CUBE,Cubesmart,"REIT - Equity Trust Other",Finance,9369958000,15.16,3.21,5.76%,13.12%,1.18,15.06,12330038000,913770000,704000000,228035000,391180000,0.94,1.69%,97.61%,N/L,N/L,N/L,N/L,N/L,2025-07-31
CUBI,"Customers Bancorp","Banks - Southeast",Finance,2173132000,10.98,1.16,0.93%,11.98%,0.74,10.27,-164148000.,276460000,274880000,31623000,181470000,1.59,8.69%,89.29%,N/L,N/L,N/L,N/L,N/L,2025-07-24
CUE,"Cue Biopharma Inc","Medical - Biomedical",Medical,63475000,0,3.37,-111.16%,-230.13%,0.14,N/A,45345000,-38960000.,-39390000.,76846000,-40670000.,1.53,10.78%,35.04%,N/L,N/L,N/L,N/L,N/L,2025-08-13
CUK,"Carnival Plc ADR","Leisure & Recreation Services","Consumer Discretionary",5399182000,14.28,0.51,5.20%,27.87%,2.72,0.87,31663182000,9426000000,6869000000,188256000,1916000000,2.79,0.08%,23.80%,N/L,N/L,N/L,N/L,N/L,2025-09-29
CULP,"Culp Inc","Textile - Home Furnishings","Consumer Discretionary",52120000,0,0.88,-8.93%,-18.18%,0.08,N/A,51090000,-12530000.,-18380000.,12559000,-19100000.,1.05,7.30%,75.05%,N/L,N/L,N/L,N/L,N/L,2025-09-03
CURI,"Curiositystream Inc","Movie & TV Production & Dist","Consumer Discretionary",253733000,0,4.79,-5.65%,-8.37%,0,37.59,245783000,12610000,-6570000.,57930000,-12940000.,1.74,52.00%,6.79%,N/L,N/L,N/L,N/L,N/L,2025-08-05
CURV,"Torrid Holdings Inc","Retail - Apparel & Shoes",Retail-Wholesale,239448000,22.5,N/A,2.08%,-5.31%,-1.55,2.5,479078000,124900000,47090000,105021000,16320000,1.57,5.85%,81.82%,N/L,N/L,N/L,N/L,N/L,2025-09-04
CUZ,"Cousins Properties Inc","REIT - Equity Trust Other",Finance,4783729000,9.88,0.97,0.70%,1.27%,0.72,11.18,7872049000,964250000,595180000,167968000,45960000,1.33,1.40%,94.38%,N/L,N/L,N/L,N/L,N/L,2025-07-31
CVAC,"Curevac N.V.","Medical - Biomedical",Medical,1220399000,5.65,1.83,25.41%,29.57%,0,6.21,699099000,234570000,214220000,224338000,175500000,2.53,2.15%,17.26%,N/L,N/L,N/L,N/L,N/L,2025-08-21
CVBF,"Cvb Financial Corp","Banks - West",Finance,2794260000,13.28,1.18,1.33%,9.21%,0,11.54,2589080000,353880000,321680000,137818000,200720000,0.69,6.10%,74.18%,N/L,N/L,N/L,N/L,N/L,2025-07-23
CVCO,"Cavco Inds Inc","Building - Mobile Homes & RV",Construction,4113589000,20.3,3.62,13.96%,18.52%,0,19.969999,3738829000,231350000,212090000,7918000,171040000,1.15,1.60%,95.56%,N/L,N/L,N/L,N/L,N/L,2025-07-31
CVE,"Cenovus Energy Inc","Oil - C$ Integrated",Oils-Energy,29479596000,15.06,1.29,4.77%,9.06%,0.25,4.75,33106706000,9952040000,6397180000,1798633000,2293030000,0.97,N/A,51.19%,N/L,N/L,N/L,N/L,N/L,2025-07-31
CVEO,"Civeo Corp","Hotels & Motels","Consumer Discretionary",292211000,0,1.36,-6.69%,-12.76%,0.81,5.61,330311000,123620000,55580000,12552000,-17070000.,1.28,4.70%,81.44%,N/L,N/L,N/L,N/L,N/L,2025-07-29
CVGI,"Commercial Vehicle G","Auto - Truck Original Parts",Auto-Tires-Trucks,65092000,0,0.42,-2.48%,-7.40%,0.86,3.6,173962000,11840000,-5880000.,36984000,-27870000.,2.18,4.20%,72.32%,N/L,N/L,N/L,N/L,N/L,2025-08-04
CVGW,"Calavo Growers Inc","Agriculture Operations","Consumer Staples",495690000,20.62,2.4,7.38%,11.79%,0,16.76,443800000,34540000,23650000,17837000,-1080000.,0.42,7.20%,81.30%,N/L,N/L,N/L,N/L,N/L,2025-09-08
CVI,"Cvr Energy Inc","Oil - Refining and Marketing",Oils-Energy,2742458000,0,4.05,-3.52%,-18.12%,2.78,10.68,3674458000,-14000000.,-317000000.,100530000,7000000,1.2,0.01%,98.88%,N/L,N/L,N/L,N/L,N/L,2025-07-30
CVLG,"Covenant Logistics Group Inc","Transportation - Truck",Transportation,626251000,13.14,1.43,5.04%,11.63%,0.64,4.44,841931000,218770000,132240000,25020000,35920000,1.41,35.10%,83.72%,N/L,N/L,N/L,N/L,N/L,2025-07-23
CVLT,"Commvault Systems","Computer - Software","Computers and Technology",8049036000,82.06,21.51,9.05%,30.83%,0,56.830002,7746936000,132760000,90160000,44460000,76110000,0.7,1.00%,93.50%,N/L,N/L,N/L,N/L,N/L,2025-07-29
CVM,"Cel-Sci Corp","Medical - Biomedical",Medical,65518000,0,6.95,-107.21%,-259.38%,0,N/A,60778000,-20920000.,-24890000.,6882000,-26920000.,0.52,9.93%,12.08%,N/L,N/L,N/L,N/L,N/L,2025-08-13
CVNA,"Carvana Company Cl A","Internet Commerce",Retail-Wholesale,77001784000,84.98,34.470001,6.60%,40.57%,2.7,158.619995,80873784000,1822000000,1502000000,215203000,210000000,3.57,17.12%,56.71%,N/L,N/L,N/L,N/L,N/L,2025-07-30
CVRX,"Cvrx Inc","Medical Instruments",Medical,203986000,0,3.42,-40.96%,-79.31%,0.85,N/A,147326000,-50280000.,-51100000.,26152000,-59970000.,1.27,13.90%,75.27%,N/L,N/L,N/L,N/L,N/L,2025-08-04
CVS,"CVS Corp","Medical Services",Medical,90431648000,11.27,1.17,3.15%,10.50%,0.86,7.86,148115648000,13552000000,8955000000,1268326000,4614000000,0.58,1.22%,80.66%,N/L,N/L,N/L,N/L,N/L,2025-07-31
CVU,"CPI Aerostructures","Aerospace - Defense Equipment",Aerospace,33516000,0,1.52,-1.35%,-3.73%,0.67,8.25,45446000,5780000,4700000,13031000,3300000,1.24,9.40%,25.98%,N/L,N/L,N/L,N/L,N/L,2025-08-19
CVX,"Chevron Corp","Oil - International Integrated",Oils-Energy,273333440000,18.26,1.83,5.87%,9.90%,0.2,7.87,291089440000,57214000000,39932000000,1727990000,17661000000,0.87,0.21%,72.42%,N/L,N/L,N/L,N/L,N/L,2025-08-01
CW,"Curtiss-Wright Corp","Aerospace - Defense Equipment",Aerospace,18120482000,39.41,6.73,9.35%,18.34%,0.35,34.939999,18784392000,692930000,585260000,37678000,404980000,1.18,0.55%,82.71%,N/L,N/L,N/L,N/L,N/L,2025-08-06
CWAN,"Clearwater Analytics Holdings Inc Cl A","Internet - Software","Computers and Technology",6097479000,122.5,2.88,2.44%,3.23%,0.44,109.599998,5963289000,18790000,1060000,292445000,424380000,0.73,3.31%,50.10%,N/L,N/L,N/L,N/L,N/L,2025-08-06
CWBC,"Community West Bank","Finance - Misc Services",Finance,408638000,13.07,1.01,0.82%,7.91%,0.18,14.97,358128000,56890000,56460000,19131000,7670000,0.83,10.57%,33.80%,N/L,N/L,N/L,N/L,N/L,2025-07-22
CWCO,"Cons Water Inc","Utility - Water Supply",Utilities,534510000,0,2.33,6.84%,7.77%,0,21,435390000,22540000,15850000,15927000,28240000,0.53,6.25%,55.16%,N/L,N/L,N/L,N/L,N/L,2025-08-11
CWE.A,"Clearway Energy Inc [Cwen.A]","Other Alt Energy",Oils-Energy,5717990000,43.02,N/A,0.51%,1.37%,1.57,N/A,12164990000,1695000000,872000000,202192000,0,0.91,0.10%,13.57%,N/L,N/L,N/L,N/L,N/L,N/A
CWEN,"Clearway Energy Inc Cl C","Other Alt Energy",Oils-Energy,6083958000,45.74,1.08,0.51%,1.37%,1.57,6.6,12530958000,2206000000,1383000000,202192000,88000000,0.87,0.89%,84.53%,N/L,N/L,N/L,N/L,N/L,2025-08-05
CWH,"Camping World Holdings Inc","Auto - Truck Original Parts",Auto-Tires-Trucks,1794178000,0,3.35,-0.23%,-2.81%,2.92,37.82,3102358000,371520000,287910000,102116000,-38640000.,1.76,35.60%,52.54%,N/L,N/L,N/L,N/L,N/L,2025-07-29
CWK,"Cushman & Wakefield Plc","Real Estate Operations",Finance,3607191000,13.47,1.8,3.41%,14.33%,1.57,7.93,5856691000,745400000,529200000,231527000,131300000,1.5,1.20%,95.56%,N/L,N/L,N/L,N/L,N/L,2025-08-05
CWST,"Casella Waste Sys","Waste Removal Svcs","Business Services",6510900000,82.62,4.15,2.40%,4.97%,0.74,20.209999,7260850000,577220000,339350000,63490000,13540000,0.83,3.81%,99.51%,N/L,N/L,N/L,N/L,N/L,2025-07-31
CWT,"California Water Service Group Holding","Utility - Water Supply",Utilities,2835460000,20.42,1.68,2.61%,8.28%,0.93,8.55,4121760000,445600000,311210000,59581000,190810000,0.66,0.77%,82.78%,N/L,N/L,N/L,N/L,N/L,2025-07-31
CX,"Cemex S.A.B. DE C.V. ADR","Building - CMT & CNT & AG",Construction,12896874000,14.41,0.93,3.18%,6.89%,0.37,5.95,19869874000,6254750000,5004750000,1449087000,939000000,1.4,1.00%,82.97%,N/L,N/L,N/L,N/L,N/L,2025-07-24
CXAI,"Cxapp Inc","Technology Services","Business Services",15845000,0,1.04,-44.97%,-91.93%,0,N/A,10965000,-7560000.,-11620000.,19806000,-19410000.,0.85,11.06%,14.41%,N/L,N/L,N/L,N/L,N/L,2025-08-12
CXDO,"Crexendo Inc","Internet - Services","Computers and Technology",184037000,30.13,3,9.14%,11.33%,0,20.030001,165957000,6350000,3020000,30170000,1680000,0.98,56.20%,9.53%,N/L,N/L,N/L,N/L,N/L,2025-08-05
CXM,"Sprinklr Inc Cl A","Technology Services","Business Services",2257068000,59.29,3.35,3.51%,6.86%,0,39.740002,2111798000,35180000,16500000,258838000,121610000,0.81,60.53%,40.19%,N/L,N/L,N/L,N/L,N/L,2025-09-03
CXT,"Crane Nxt CO","Technology Services","Business Services",3636282000,15.54,2.93,8.81%,20.22%,0.96,10.33,4221082000,317800000,231000000,57418000,184100000,1.33,0.57%,77.49%,N/L,N/L,N/L,N/L,N/L,2025-08-06
CXW,"Corecivic Inc","REIT - Equity Trust Other",Finance,2225777000,10.99,1.51,3.54%,7.12%,0.69,10.16,3088807000,452010000,320330000,107060000,68870000,0.8,2.30%,85.13%,N/L,N/L,N/L,N/L,N/L,2025-08-06
CYBN,"Cybin Inc","Medical - Biomedical",Medical,168669000,0,1.08,-48.58%,-56.19%,0,N/A,71629000,-66980000.,-67320000.,23590000,-81310000.,0.68,15.00%,17.94%,N/L,N/L,N/L,N/L,N/L,2025-08-14
CYBR,"Cyberark Soft Ord",Security,"Computers and Technology",21809164000,2559.53,9.28,0.27%,0.44%,0,931.099976,21282694000,-54360000.,-99000000.,49427000,-93460000.,0.96,1.40%,91.84%,N/L,N/L,N/L,N/L,N/L,2025-08-07
CYD,"China Yuchai International","Auto - Truck Original Parts",Auto-Tires-Trucks,1173188000,0,0.68,0.00%,0.00%,0.2,8.02,626228000,196210000,96570000,37518000,45030000,1.07,N/A,0.00%,N/L,N/L,N/L,N/L,N/L,2025-08-08
CYH,"Community Health Systems","Medical - Hospitals",Medical,386728000,0,N/A,-0.78%,0.00%,-7.69,1.06,12160728000,1811000000,1325000000,140119000,-516000000.,1.86,11.70%,84.99%,N/L,N/L,N/L,N/L,N/L,2025-07-23
CYRX,"Cryoport Inc","Transportation - Services",Transportation,449101000,0,0.89,-5.42%,-9.79%,0.36,N/A,637561000,-16790000.,-49490000.,50067000,-114760000.,1.88,10.00%,92.90%,N/L,N/L,N/L,N/L,N/L,2025-08-05
CYTK,Cytokinetics,"Medical - Biomedical",Medical,4587649000,0,N/A,-45.52%,0.00%,-0.47,N/A,4597539000,-537450000.,-546980000.,119657000,-589530000.,0.64,2.70%,N/A,N/L,N/L,N/L,N/L,N/L,2025-08-07
CZNC,"Citizens Nrthn Corp","Banks - Northeast",Finance,317902000,11.13,1.05,1.02%,9.60%,0.64,10.17,396912000,45710000,42130000,15515000,25960000,0.55,4.49%,30.83%,N/L,N/L,N/L,N/L,N/L,2025-10-16
CZR,"Caesars Entertainment Inc","Leisure & Recreation Services","Consumer Discretionary",5563786000,0,1.26,-0.60%,-4.55%,2.95,3.1,16744786000,5734000000,3903000000,207992000,-278000000.,2.4,1.00%,91.79%,N/L,N/L,N/L,N/L,N/L,2025-07-29
D,"Dominion Energy Inc","Utility - Electric Power",Utilities,52827564000,18.9,1.75,2.69%,9.68%,1.5,10.36,95258560000,8832000000,6193000000,853434000,2124000000,0.57,0.11%,73.04%,N/L,N/L,N/L,N/L,N/L,2025-08-01
DAC,"Danaos Corp","Transportation - Ship",Transportation,1776328000,3.65,0.49,10.99%,13.88%,0.21,2.5,2057728000,884240000,705310000,18988000,505070000,1.42,41.00%,19.01%,N/L,N/L,N/L,N/L,N/L,2025-08-04
DAIO,"Data I O Corp","Electronics - Misc Components","Computers and Technology",27271000,0,1.77,-10.62%,-14.60%,0,N/A,16941000,-2280000.,-2840000.,9388000,-3090000.,0.96,2.60%,36.95%,N/L,N/L,N/L,N/L,N/L,2025-07-24
DAKT,"Daktronics Inc","Electronics Products - Misc","Computers and Technology",830145000,25.7,2.97,7.48%,15.29%,0.2,13.54,756165000,52670000,33120000,49121000,-10120000.,1.65,5.30%,61.69%,N/L,N/L,N/L,N/L,N/L,2025-09-03
DAL,"Delta Air Lines Inc","Transportation - Airline",Transportation,40280360000,9.79,2.17,5.01%,24.86%,0.86,5.74,53405360000,10785000000,8272000000,652948000,3457000000,1.56,0.88%,69.93%,N/L,N/L,N/L,N/L,N/L,2025-10-09
DAN,"Dana Inc","Auto - Truck Original Parts",Auto-Tires-Trucks,2599472000,34.04,2.15,1.02%,5.65%,2.04,4.81,4897472000,604000000,176000000,131154000,-57000000.,2.14,0.46%,96.79%,N/L,N/L,N/L,N/L,N/L,2025-08-07
DAO,"Youdao Inc ADR","Technology Services","Business Services",1083943000,30.6,N/A,14.63%,-12.10%,-0.9,71.150002,1247623000,48560000,44590000,119377000,11260000,0.24,43.00%,21.91%,N/L,N/L,N/L,N/L,N/L,2025-08-14
DAR,"Darling International Inc","Food - Misc & Diversified","Consumer Staples",5508037000,47.49,1.07,1.05%,2.35%,0.85,6.42,9436487000,1292880000,783430000,158186000,278880000,1.19,2.62%,94.44%,N/L,N/L,N/L,N/L,N/L,2025-07-24
DASH,"Doordash Inc Cl A","Internet - Services","Computers and Technology",105653872000,136.21,11.73,5.61%,9.56%,0,150.429993,101451872000,1693000000,1132000000,427195000,123000000,1.7,5.83%,90.64%,N/L,N/L,N/L,N/L,N/L,2025-08-06
DAVA,"Endava Plc ADR","IT Services","Computers and Technology",808134000,27.64,1.13,2.35%,3.59%,0.21,10.86,911904000,76170000,27130000,59031000,21560000,1.12,18.77%,62.23%,N/L,N/L,N/L,N/L,N/L,2025-09-04
DAVE,"Dave Inc","Technology Services","Business Services",2686299000,43.32,11.58,19.94%,33.02%,0.35,37.110001,2711579000,107450000,99770000,13499000,57870000,3.95,28.48%,18.01%,N/L,N/L,N/L,N/L,N/L,2025-08-06
DAWN,"Day One Biopharmaceuticals Inc","Medical - Biomedical",Medical,737510000,0,1.54,-16.99%,-19.01%,0,N/A,612540000,-109700000.,-111730000.,102432000,-95500000.,-1.26,6.20%,87.95%,N/L,N/L,N/L,N/L,N/L,2025-08-05
DAY,"Dayforce Inc","Internet - Software","Computers and Technology",11050755000,57.98,4.08,2.17%,7.37%,0.45,29.4,11687455000,336600000,122600000,159693000,18100000,1.11,4.50%,N/A,N/L,N/L,N/L,N/L,N/L,2025-08-06
DB,"Deutsche Bank Ag","Banks - Foreign",Finance,74004584000,13.94,0.83,0.35%,6.01%,1.39,12.16,-11772364000.,10234500000,7957160000,1992048000,4698480000,1.02,N/A,27.90%,N/L,N/L,N/L,N/L,N/L,2025-07-24
DBD,"Diebold Nixdorf Incorporated","Internet - Software","Computers and Technology",2311239000,28.28,2.07,2.20%,7.92%,0.84,10.49,2927239000,307600000,173400000,36634000,-16500000.,1.68,0.26%,97.04%,N/L,N/L,N/L,N/L,N/L,2025-08-06
DBI,"Designer Brands Inc","Retail - Apparel & Shoes",Retail-Wholesale,174790000,0,0.63,-0.12%,-0.84%,1.96,2.1,624360000,82120000,18300000,48824000,-10550000.,1.74,52.93%,88.79%,N/L,N/L,N/L,N/L,N/L,2025-09-10
DBRG,"Digitalbridge Group Inc","REIT - Mortgage Trusts",Finance,2078035000,52.24,1.22,1.97%,4.14%,0.12,36.209999,2887125000,177590000,141590000,182124000,70520000,1.77,3.62%,92.69%,N/L,N/L,N/L,N/L,N/L,2025-08-07
DBX,"Dropbox Inc","Internet - Services","Computers and Technology",7777394000,14.98,N/A,19.38%,-61.31%,-1.8,11.97,8803594000,740200000,568000000,269861000,452300000,0.64,29.95%,94.84%,N/L,N/L,N/L,N/L,N/L,2025-08-07
DC,"Dakota Gold Corp","Mining - Gold","Basic Materials",454993000,0,3.52,-23.09%,-23.93%,0,N/A,445583000,-26740000.,-26990000.,112344000,-33880000.,1.12,17.40%,37.41%,N/L,N/L,N/L,N/L,N/L,2025-03-27
DCBO,"Docebo Inc","Internet - Software","Computers and Technology",893790000,33.34,25.469999,15.63%,60.39%,0,31.25,801250000,25160000,21780000,28730000,26740000,1.48,N/A,53.17%,N/L,N/L,N/L,N/L,N/L,2025-08-08
DCGO,"Docgo Inc.","Medical Services",Medical,168230000,0,0.54,-2.24%,-3.26%,0,3.78,79000000,2300000,-13580000.,97808000,19990000,0.96,3.80%,56.44%,N/L,N/L,N/L,N/L,N/L,2025-08-07
DCI,"Donaldson Company","Pollution Controls","Industrial Products",8822894000,20.58,5.88,14.63%,28.86%,0.44,17.200001,9098594000,650300000,551900000,116520000,414000000,0.99,2.70%,82.81%,N/L,N/L,N/L,N/L,N/L,2025-08-27
DCO,"Ducommun Inc","Aerospace - Defense Equipment",Aerospace,1385543000,25.9,1.88,4.62%,7.61%,0.33,16,1590733000,92860000,59420000,14924000,31500000,1.38,8.90%,92.15%,N/L,N/L,N/L,N/L,N/L,2025-08-07
DCOM,"Dime Community Bancshares Inc","Banks - Southeast",Finance,1321558000,14.78,0.95,0.62%,6.90%,0.55,16.690001,1034888000,124950000,116490000,43891000,29080000,1.16,7.10%,75.27%,N/L,N/L,N/L,N/L,N/L,2025-07-24
DCTH,"Delcath Systems Inc","Medical Instruments",Medical,388989000,86.75,3.45,5.80%,6.91%,0,N/A,356579000,5110000,5010000,34981000,-26390000.,0.82,17.40%,61.12%,N/L,N/L,N/L,N/L,N/L,2025-08-06
DD,"Dupont Denemours Inc","Chemical - Diversified","Basic Materials",32375200000,16.72,1.33,5.10%,7.85%,0.31,10.72,35842200000,3333000000,2139000000,418717000,703000000,1.06,0.61%,73.96%,N/L,N/L,N/L,N/L,N/L,2025-08-05
DDD,"3D Systems Corp","Printing - Commercial","Industrial Products",269331000,0,1.14,-14.06%,-43.90%,0.51,N/A,311971000,-83570000.,-118260000.,128253000,-255590000.,1.92,4.88%,64.49%,N/L,N/L,N/L,N/L,N/L,2025-08-11
DDL,"Dingdong [Cayman] Ltd ADR","Internet Commerce",Retail-Wholesale,543324000,10.52,4.6,4.78%,44.44%,1.71,9.17,641424000,43700000,28000000,236228000,40430000,0.47,29.80%,24.66%,N/L,N/L,N/L,N/L,N/L,2025-08-21
DDOG,"Datadog Inc Cl A","Internet - Software","Computers and Technology",45762320000,307.5,14.09,2.59%,5.04%,0,193.789993,44515340000,40560000,-18250000.,348745000,183750000,1.02,8.70%,78.29%,N/L,N/L,N/L,N/L,N/L,2025-08-07
DE,"Deere & Company","Machinery - Farm","Industrial Products",134327488000,25.44,5.24,4.91%,21.97%,2.65,14.34,192278496000,8469000000,6351000000,270827000,7100000000,1.06,0.29%,68.58%,N/L,N/L,N/L,N/L,N/L,2025-08-14
DEA,"Easterly Government Properties","REIT - Equity Trust Other",Finance,1020919000,7.47,0.72,0.54%,1.26%,1.24,8.42,2591939000,276790000,185840000,45354000,19550000,0.94,7.80%,86.51%,N/L,N/L,N/L,N/L,N/L,2025-08-05
DECK,"Deckers Outdoor Corp","Retail - Apparel & Shoes",Retail-Wholesale,16184221000,16.06,6.29,26.96%,40.49%,0,15.31,14295031000,1283300000,1211570000,148343000,966090000,0.99,0.40%,97.79%,N/L,N/L,N/L,N/L,N/L,2025-07-24
DEFT,"DeFi Technologies Inc","Technology Services","Business Services",756701000,9.55,10.8,9.79%,137.53%,0.11,7.96,796561000,36370000,34850000,337813000,-28500000.,3.93,N/A,N/A,N/L,N/L,N/L,N/L,N/L,2025-08-14
DEI,"Douglas Emmett","REIT - Equity Trust Other",Finance,2600436000,9.36,0.69,0.40%,1.04%,1.55,6.06,7653836000,972220000,587190000,167446000,23520000,1.26,15.10%,97.37%,N/L,N/L,N/L,N/L,N/L,2025-08-05
DELL,"Dell Technologies Inc","Computer - Micro","Computers and Technology",88820600000,17.18,N/A,6.43%,-226.48%,-7.92,10.44,104550600000,9605000000,6482000000,678849000,4592000000,1.02,42.00%,76.37%,N/L,N/L,N/L,N/L,N/L,2025-08-28
DENN,"Dennys Corp","Retail - Restaurants",Retail-Wholesale,230716000,9.4,N/A,4.90%,-59.51%,-7.77,4.92,490316000,71490000,56000000,51499000,21570000,1.7,4.20%,85.07%,N/L,N/L,N/L,N/L,N/L,2025-08-04
DEO,"Diageo Plc ADR","Beverages - Alcohol","Consumer Staples",64162000000,0,4.83,0.00%,0.00%,1.86,11.84,86739000000,6053000000,0,556334000,2354000000,0.53,N/A,8.97%,N/L,N/L,N/L,N/L,N/L,2025-08-07
DFDV,"DeFi Development Corp","Internet - Software","Computers and Technology",425319000,0,4.06,-19.59%,-26.19%,0.27,N/A,422799000,16010000,15700000,21045000,-2730000.,-7.3,39.64%,0.48%,N/L,N/L,N/L,N/L,N/L,2025-08-12
DFH,"Dream Finders Homes Inc Cl A","Building - Residential & Comm",Construction,2754880000,8.9,1.91,9.03%,24.91%,1.08,7.29,3432940000,413350000,396130000,92882000,335340000,1.9,68.16%,95.55%,N/L,N/L,N/L,N/L,N/L,2025-08-07
DFIN,"Donnelly Financial Solutions Inc","Internet Software Services","Computers and Technology",1547144000,18.26,3.47,10.17%,20.03%,0.44,9.88,1614544000,256800000,187300000,27495000,92400000,1.07,4.30%,93.84%,N/L,N/L,N/L,N/L,N/L,2025-07-31
DG,"Dollar General Corp","Retail - Discount",Retail-Wholesale,24735980000,18.59,3.21,4.25%,17.93%,0.75,10.87,30041890000,2715780000,1744080000,220071000,1125250000,0.31,0.56%,91.77%,N/L,N/L,N/L,N/L,N/L,2025-08-28
DGICA,"Donegal Group Cl A","Insurance - Proprty & Casualty",Finance,642193000,7.62,1.05,3.41%,14.33%,0.06,12.28,624263000,106840000,102970000,36509000,50860000,0.01,6.63%,27.96%,N/L,N/L,N/L,N/L,N/L,2025-07-24
DGII,"Digi Intl Inc","Computer - Networks","Computers and Technology",1279224000,18.81,1.97,8.31%,10.96%,0.06,12.44,1374904000,90530000,56910000,37122000,22510000,0.89,3.30%,95.90%,N/L,N/L,N/L,N/L,N/L,2025-08-06
DGX,"Quest Diagnostics Inc","Medical - Outpatient & Hm Care",Medical,20153858000,19.63,2.83,6.64%,15.24%,0.78,13.6,25904858000,2115000000,1622000000,111823000,871000000,0.46,8.16%,88.06%,N/L,N/L,N/L,N/L,N/L,2025-07-22
DH,"DeFinitive Healthcare Corp Cl A","Internet - Software","Computers and Technology",581156000,34.27,1.31,2.20%,3.94%,0.41,0.72,718896000,780930000,24270000,143142000,-413120000.,1.64,16.28%,98.67%,N/L,N/L,N/L,N/L,N/L,2025-08-07
DHC,"Diversified Healthcare Trust","REIT - Equity Trust Other",Finance,917373000,19.78,0.46,-5.69%,-14.69%,1.42,47.080002,3678423000,504490000,115990000,241414000,-370260000.,2.52,1.37%,75.98%,N/L,N/L,N/L,N/L,N/L,2025-08-04
DHI,"D.R. Horton","Building - Residential & Comm",Construction,50883800000,12.98,1.96,11.07%,15.74%,0.29,10.89,52257500000,4979600000,4892500000,298124000,4756400000,1.34,0.54%,90.63%,N/L,N/L,N/L,N/L,N/L,2025-07-22
DHR,"Danaher Corp","Medical Services",Medical,151659824000,27.08,2.79,6.85%,10.70%,0.32,18.67,165081824000,6794000000,4417000000,716052000,3899000000,0.73,11.10%,79.05%,N/L,N/L,N/L,N/L,N/L,2025-07-22
DHT,"Dht Holdings","Transportation - Ship",Transportation,1867871000,10.68,1.69,11.83%,16.36%,0.28,6.23,2199161000,408130000,293620000,160608000,181380000,0.02,1.60%,58.53%,N/L,N/L,N/L,N/L,N/L,2025-08-06
DHX,"Dice Holdings","Internet - Content","Computers and Technology",125306000,12.05,1.2,4.54%,9.02%,0.29,4.25,153606000,27000000,8880000,48010000,250000,1.48,13.40%,69.26%,N/L,N/L,N/L,N/L,N/L,2025-08-06
DIBS,"1stdibs.com Inc","Internet Commerce",Retail-Wholesale,96417000,0,0.99,-13.77%,-20.13%,0,N/A,70457000,-20590000.,-26350000.,36247000,-18630000.,1.07,19.60%,66.97%,N/L,N/L,N/L,N/L,N/L,2025-08-06
DIN,"Dineequity Inc","Retail - Restaurants",Retail-Wholesale,344182000,4.7,N/A,3.87%,-31.66%,-5.69,2.67,1324882000,200540000,161390000,15379000,64890000,1.16,4.56%,92.83%,N/L,N/L,N/L,N/L,N/L,2025-08-06
DINO,"HF Sinclair Corp","Oil - Refining and Marketing",Oils-Energy,9064074000,50.05,0.92,1.06%,1.89%,0.29,8.42,10902074000,1720220000,888220000,187081000,177000000,0.97,0.34%,88.29%,N/L,N/L,N/L,N/L,N/L,2025-07-31
DIOD,"Diodes Inc","Electronics - Semiconductors","Computers and Technology",2611955000,43.98,1.28,2.35%,2.98%,0.03,12.43,2349325000,202420000,64980000,46443000,44020000,1.47,1.90%,99.23%,N/L,N/L,N/L,N/L,N/L,2025-08-07
DIS,"Walt Disney Company","Media Conglomerates","Consumer Discretionary",213702432000,19.5,1.84,5.35%,9.67%,0.37,11.91,253515424000,25712000000,17211000000,1797934000,4972000000,1.56,0.16%,65.71%,N/L,N/L,N/L,N/L,N/L,2025-08-06
DJT,"Trump Media & Technology Group Corp","Internet - Software","Computers and Technology",4951187000,0,2.11,-7.31%,-8.86%,0,N/A,4790567000,-142600000.,-145530000.,277067000,-400860000.,4.68,53.00%,4.29%,N/L,N/L,N/L,N/L,N/L,2025-08-08
DK,"Delek US Holdings","Oil - Refining and Marketing",Oils-Energy,1471919000,0,4.66,-6.24%,-79.27%,10.51,40.189999,3501519000,-305100000.,-679600000.,60152000,-560400000.,1,1.80%,97.01%,N/L,N/L,N/L,N/L,N/L,2025-08-06
DKL,"Delek Logistics Partners LP","Oil Gas Prod Pipeline MLP",Oils-Energy,2313387000,14.59,71.940002,6.67%,"1,224.47%",69.13,9.03,4183407000,277510000,174740000,53464000,142690000,0.69,1.00%,11.75%,N/L,N/L,N/L,N/L,N/L,2025-08-06
DKNG,"Draftkings Inc",Gaming,"Consumer Discretionary",41965856000,0,40.59,-6.80%,-30.06%,0.57,N/A,40635668000,-62610000.,-333460000.,889484000,-507290000.,1.7,51.19%,37.70%,N/L,N/L,N/L,N/L,N/L,2025-08-06
DKS,"Dick's Sporting Goods Inc","Retail - Misc & Diversified",Retail-Wholesale,18221096000,15.83,5.84,11.28%,38.06%,0.49,11.43,18015376000,1911990000,1509250000,80047000,1165310000,1.07,32.55%,89.83%,N/L,N/L,N/L,N/L,N/L,2025-08-28
DKUP,"T-Rex 2X Long Dkng Daily Target ETF",N/A,N/A,N/A,N/A,N/A,N/A,N/A,N/A,N/A,N/A,N/A,N/A,N/A,0,N/A,N/A,N/A,N/L,N/L,N/L,N/L,N/L,N/A
DLB,"Dolby Laboratories","Audio & Video Products","Consumer Discretionary",7247724000,24.04,2.67,9.26%,11.52%,0,19.379999,6669974000,366040000,281630000,95844000,261830000,0.91,38.39%,58.56%,N/L,N/L,N/L,N/L,N/L,2025-07-31
DLHC,"Dlh Holdings Corp",Staffing,"Business Services",79123000,17.19,0.7,1.47%,4.08%,1.22,2.97,228163000,56930000,38040000,14386000,7400000,1.25,15.30%,67.25%,N/L,N/L,N/L,N/L,N/L,2025-08-06
DLNG,"Dynagas Lng Partners LP","Transportation - Services",Transportation,134626000,3.11,0.37,6.68%,15.92%,0.63,1.53,513886000,142090000,108700000,36783000,51550000,0.75,N/A,0.00%,N/L,N/L,N/L,N/L,N/L,2025-09-09
DLO,"Dlocal Ltd Cl A","Financial Transaction Services","Business Services",4173645000,24.43,9.18,14.87%,36.85%,0,23.780001,3798935000,202430000,185030000,285475000,120420000,1.1,45.44%,90.13%,N/L,N/L,N/L,N/L,N/L,2025-08-13
DLPN,"Dolphin Entertainment Inc","Technology Services","Business Services",12677000,0,1.47,-11.41%,-62.59%,0.64,1.88,9907000,8410000,-2430000.,11738000,-12600000.,2.29,2.50%,8.87%,N/L,N/L,N/L,N/L,N/L,2025-08-13
DLR,"Digital Realty Trust","REIT - Equity Trust Other",Finance,56975808000,23.26,2.47,3.00%,6.46%,0.79,22.43,71984176000,4359180000,2539580000,341050000,615190000,0.92,0.13%,99.71%,N/L,N/L,N/L,N/L,N/L,2025-07-24
DLTH,"Duluth Holdings Cl B","Textile - Apparel","Consumer Staples",85304000,0,0.46,-5.48%,-14.31%,0.54,8.62,107174000,-7960000.,-40240000.,37579000,-43670000.,1.31,42.94%,24.39%,N/L,N/L,N/L,N/L,N/L,2025-09-04
DLTR,"Dollar Tree Inc","Retail - Discount",Retail-Wholesale,23649430000,21.82,6.06,5.35%,19.36%,0.88,14.86,25824130000,1981100000,1454200000,208696000,-3030100000.,0.88,6.60%,97.40%,N/L,N/L,N/L,N/L,N/L,2025-09-03
DLX,"Deluxe Corp","Business Office Products","Business Services",899944000,6.49,1.34,4.99%,21.12%,2.3,2.42,2368694000,414770000,197510000,44885000,52800000,1.49,5.60%,93.90%,N/L,N/L,N/L,N/L,N/L,2025-08-06
DMAC,"Diamedica Therapeutics Inc","Medical - Biomedical",Medical,315820000,0,11.28,-69.94%,-78.98%,0,N/A,312790000,-32750000.,-31450000.,51689000,-24440000.,1.25,7.30%,10.12%,N/L,N/L,N/L,N/L,N/L,2025-08-12
DMLP,"Dorchester Minerals","Oil - US Royalty Trusts",Oils-Energy,1176162000,14.07,3.58,22.12%,22.49%,0,8.68,1133652000,182880000,140110000,47340000,89200000,0.65,5.90%,19.21%,N/L,N/L,N/L,N/L,N/L,2025-08-07
DMRC,"Digimarc Corp","Protection - Safety","Industrial Products",191010000,0,3.82,-43.82%,-55.40%,0,N/A,178690000,-32260000.,-39860000.,21681000,-39010000.,1.46,19.30%,66.85%,N/L,N/L,N/L,N/L,N/L,2025-08-14
DNA,"Ginkgo Bioworks Hldgs Inc","Medical - Biomedical",Medical,742960000,0,1.06,-22.29%,-43.25%,0,N/A,181390000,-202440000.,-313320000.,59200000,-547030000.,1.5,9.72%,78.63%,N/L,N/L,N/L,N/L,N/L,2025-08-07
DNB,"Dun & Bradstreet Holdings Inc","Business Information","Business Services",4064782000,10.72,1.22,4.17%,11.06%,1.05,4.03,7387582000,1393700000,772700000,446189000,-28600000.,1.12,10.44%,86.68%,N/L,N/L,N/L,N/L,N/L,2025-08-07
DNLI,"Denali Therapeutics Inc","Medical - Biomedical",Medical,2264824000,0,2.15,-36.39%,-40.79%,0,N/A,2089864000,-560900000.,-533580000.,146212000,-422770000.,1.36,12.50%,92.92%,N/L,N/L,N/L,N/L,N/L,2025-08-07
DNN,"Denison Mines Corp","Mining - Misc","Basic Materials",1864830000,0,4.51,-13.17%,-15.40%,0,N/A,1785630000,-56130000.,-63380000.,896553000,-66500000.,1.39,0.58%,36.74%,N/L,N/L,N/L,N/L,N/L,2025-08-14
DNOW,"Dnow Inc","Machinery - General Industrial","Industrial Products",1694449000,15.81,1.37,6.26%,8.97%,0,11.86,1438449000,148000000,114000000,107108000,81000000,1.13,2.70%,97.63%,N/L,N/L,N/L,N/L,N/L,2025-08-06
DNTH,"Dianthus Therapeutics Inc","Medical - Biomedical",Medical,782168000,0,2.51,-32.72%,-34.72%,0,N/A,759378000,-135540000.,-129930000.,32188000,-84970000.,1.43,8.15%,47.53%,N/L,N/L,N/L,N/L,N/L,2025-08-14
DNUT,"Krispy Kreme Inc","Consumer Prdts - Misc Staple","Consumer Staples",633440000,0,0.83,-1.98%,-5.55%,1.33,4.97,1505030000,187390000,59700000,171200000,3100000,1.32,3.00%,81.72%,N/L,N/L,N/L,N/L,N/L,2025-08-07
DOC,"Healthpeak Properties Inc","REIT - Equity Trust Other",Finance,12334882000,9.44,1.4,0.83%,1.85%,1.06,9.99,20869232000,2515940000,1549510000,694923000,243140000,1.05,0.23%,93.57%,N/L,N/L,N/L,N/L,N/L,2025-07-24
DOCN,"Digitalocean Holdings Inc","Internet - Software","Computers and Technology",2870397000,20.26,N/A,8.98%,-73.19%,-8.5,11.17,3927317000,263020000,130400000,91037000,84490000,1.75,0.96%,49.77%,N/L,N/L,N/L,N/L,N/L,2025-08-05
DOCS,"Doximity Inc Cl A","Medical Information Systems",Medical,12687634000,53.44,11.72,20.26%,23.52%,0,50.919998,12478024000,245230000,236260000,187299000,223190000,1.36,31.30%,87.19%,N/L,N/L,N/L,N/L,N/L,2025-08-07
DOCU,"Docusign Inc","Internet - Software","Computers and Technology",15116332000,52.4,7.09,7.34%,14.27%,0,24.18,14467712000,583140000,237560000,202063000,1067890000,1.01,1.01%,77.64%,N/L,N/L,N/L,N/L,N/L,2025-09-04
DOGD,"Tradr 2X Long Ddog Daily ETF",N/A,N/A,N/A,N/A,N/A,N/A,N/A,N/A,N/A,N/A,N/A,N/A,N/A,0,N/A,N/A,N/A,N/L,N/L,N/L,N/L,N/L,N/A
DOLE,"Dole Plc","Agriculture Operations","Consumer Staples",1422313000,11.53,0.92,2.62%,8.17%,0.67,6.23,1993923000,352480000,253660000,95138000,125510000,0.68,41.80%,0.00%,N/L,N/L,N/L,N/L,N/L,2025-08-11
DOMH,"Dominari Holdings Inc","Medical - Drugs",Medical,99656000,0,0.92,-78.21%,-94.32%,0,N/A,95576000,-56930000.,-57430000.,15379000,-14700000.,0.5,32.98%,42.48%,N/L,N/L,N/L,N/L,N/L,2025-08-14
DOMO,"Domo Inc Cl B","Internet - Software","Computers and Technology",569325000,0,N/A,-36.37%,0.00%,-0.67,N/A,641735000,-25420000.,-52180000.,40235000,-81940000.,1.87,15.24%,76.64%,N/L,N/L,N/L,N/L,N/L,2025-08-28
DOOO,"Brp Inc","Auto - Truck Original Parts",Auto-Tires-Trucks,4264338000,23.87,12.24,3.88%,54.71%,5.96,7.32,6255398000,685160000,374940000,73032000,-154600000.,1.24,N/A,0.00%,N/L,N/L,N/L,N/L,N/L,2025-08-29
DORM,"Dorman Products Inc","Auto - Truck Replacement Parts",Auto-Tires-Trucks,4968798000,18.58,3.34,10.45%,19.23%,0.33,16.84,5379298000,385270000,328570000,30534000,190000000,0.79,8.90%,84.70%,N/L,N/L,N/L,N/L,N/L,2025-08-04
DOUG,"Douglas Elliman Inc","Real Estate Operations",Finance,235963000,0,1.61,-2.27%,-7.11%,0.35,N/A,126473000,-18880000.,-26620000.,88708000,-76320000.,1.78,6.79%,59.56%,N/L,N/L,N/L,N/L,N/L,2025-07-31
DOV,"Dover Corp","Machinery - General Industrial","Industrial Products",25105122000,19.8,3.27,9.86%,18.19%,0.36,16.360001,25789592000,1531600000,1193760000,137134000,2697130000,1.26,1.30%,84.46%,N/L,N/L,N/L,N/L,N/L,2025-07-24
DOW,"Dow Inc","Chemical - Diversified","Basic Materials",17799074000,338.43,0.9,0.10%,0.31%,0.9,4.06,31818074000,3036000000,142000000,708844000,1116000000,0.89,0.50%,64.00%,N/L,N/L,N/L,N/L,N/L,2025-07-24
DOX,"Amdocs Ltd Ord","IT Services","Computers and Technology",9964888000,14.18,2.76,10.95%,19.66%,0.18,11.85,10265088000,967840000,774180000,112891000,493200000,0.51,15.40%,92.02%,N/L,N/L,N/L,N/L,N/L,2025-08-06
DPRO,"Draganfly Inc","IT Services","Computers and Technology",23557000,0,1.31,-122.50%,-197.71%,0,N/A,18997000,-10480000.,-10900000.,5428000,-10130000.,2.44,N/A,10.39%,N/L,N/L,N/L,N/L,N/L,2025-08-12
DPZ,"Domino's Pizza Inc","Retail - Restaurants",Retail-Wholesale,15310660000,25.95,N/A,33.17%,-15.09%,-1.25,22.790001,19904500000,1000650000,907620000,33949000,584170000,1.09,0.83%,94.63%,N/L,N/L,N/L,N/L,N/L,2025-10-09
DQ,"Daqo New Energy ADR","Chemical - Specialty","Basic Materials",1532923000,0,0.26,-6.48%,-7.16%,0,N/A,494573000,-326660000.,-533020000.,67057000,-345220000.,0.48,24.30%,47.22%,N/L,N/L,N/L,N/L,N/L,2025-08-26
DRD,"Drdgold Ltd ADR","Mining - Gold","Basic Materials",1487112000,0,2.96,0.00%,0.00%,0,9.71,1459212000,100740000,0,86460000,71090000,0.33,1.00%,14.70%,N/L,N/L,N/L,N/L,N/L,2025-08-20
DRH,"Diamondrock Hospitality Company","REIT - Equity Trust Other",Finance,1733919000,7.73,1.05,2.17%,4.23%,0.64,10.22,2700470000,357120000,241870000,204955000,48050000,1.41,1.40%,N/A,N/L,N/L,N/L,N/L,N/L,2025-08-07
DRI,"Darden Restaurants","Retail - Restaurants",Retail-Wholesale,24319384000,21.6,10.46,9.23%,51.81%,0.92,14.68,26208284000,2394500000,1878400000,116595000,1049600000,0.75,0.49%,93.64%,N/L,N/L,N/L,N/L,N/L,2025-09-18
DRIO,"Dario Health Corp","Medical Instruments",Medical,25938000,0,0.39,-39.03%,-65.89%,0.48,N/A,27098000,-34880000.,-42310000.,45497000,-42750000.,1.24,11.20%,33.39%,N/L,N/L,N/L,N/L,N/L,2025-08-12
DRRX,"Durect Corp","Medical - Drugs",Medical,59624000,0,16.93,-71.78%,-259.16%,0,N/A,48614000,-16650000.,-16730000.,31054000,-8320000.,0.83,3.20%,28.03%,N/L,N/L,N/L,N/L,N/L,2025-08-12
DRS,"Leonardo Drs Inc","Aerospace - Defense Equipment",Aerospace,10961648000,39.09,4.2,6.93%,11.02%,0.14,31.91,10728648000,437000000,346000000,266124000,213000000,0.65,0.34%,18.76%,N/L,N/L,N/L,N/L,N/L,2025-07-30
DRVN,"Driven Brands Holdings Inc","Retail - Wholesale Auto Parts",Retail-Wholesale,2998110000,17.54,3.8,3.04%,21.17%,3.2,8.14,5521350000,177110000,-21030000.,164280000,-292500000.,1.08,3.50%,77.08%,N/L,N/L,N/L,N/L,N/L,2025-08-05
DSGN,"Design Therapeutics Inc","Medical - Biomedical",Medical,299547000,0,1.37,-26.07%,-27.15%,0,N/A,276987000,-80530000.,-74930000.,56948000,-49590000.,1.58,23.50%,56.64%,N/L,N/L,N/L,N/L,N/L,2025-08-11
DSGR,"Distribution Solutions Group Inc","Technology Services","Business Services",1539106000,21.88,2.26,3.90%,10.51%,1.1,10.23,2191757000,163250000,85950000,46275000,-7330000.,0.63,79.80%,91.64%,N/L,N/L,N/L,N/L,N/L,2025-07-31
DSGX,"Descartes Sys Group","Computer - Software","Computers and Technology",8705249000,59.67,5.84,8.86%,10.53%,0,38.849998,8469109000,333420000,258430000,85876000,143270000,0.81,0.31%,77.73%,N/L,N/L,N/L,N/L,N/L,2025-09-03
DSL,"Doubleline Income Solutions Fund",N/A,N/A,N/A,N/A,N/A,N/A,N/A,0.294587,N/A,N/A,N/A,N/A,N/A,264781006,N/A,N/A,N/A,N/L,N/L,N/L,N/L,N/L,N/A
DSP,"Viant Technology Inc","Technology Services","Business Services",647136000,0,2.3,-2.96%,-4.63%,0,75.07,442086000,21550000,5090000,62951000,2360000,1.12,29.40%,11.38%,N/L,N/L,N/L,N/L,N/L,2025-08-11
DSX,"Diana Shipping Inc","Transportation - Ship",Transportation,186395000,32.4,0.38,1.76%,4.09%,1.24,2.93,699285000,147740000,100680000,115773000,12750000,0.81,N/A,48.68%,N/L,N/L,N/L,N/L,N/L,2025-07-30
DT,"Dynatrace Inc","IT Services","Computers and Technology",14894398000,65.08,5.46,6.00%,9.15%,0,52.139999,13877358000,256620000,208520000,301506000,483680000,0.91,0.57%,94.28%,N/L,N/L,N/L,N/L,N/L,2025-08-06
DTE,"Dte Energy Company","Utility - Electric Power",Utilities,29049864000,19.5,2.48,3.01%,12.72%,0.2,9.07,32843864000,4696000000,2909000000,207588000,1404000000,0.42,0.33%,76.06%,N/L,N/L,N/L,N/L,N/L,2025-07-29
DTM,"Dt Midstream Inc","Oil - US Integrated",Oils-Energy,10327945000,26.2,2.18,4.13%,8.48%,0.69,16.66,13728945000,997000000,770000000,101593000,354000000,0.77,0.34%,81.53%,N/L,N/L,N/L,N/L,N/L,2025-07-31
DUK,"Duke Energy Corp","Utility - Electric Power",Utilities,96689768000,19.74,1.89,2.65%,9.85%,1.61,8.65,178037760000,20940000000,14521000000,777624000,4524000000,0.36,0.14%,65.31%,N/L,N/L,N/L,N/L,N/L,2025-08-05
DUOL,"Duolingo Inc Cl A","Technology Services","Business Services",15206944000,142.19,16.190001,8.57%,13.32%,0.1,157.029999,14475814000,94700000,84400000,45822000,88570000,0.87,15.67%,91.59%,N/L,N/L,N/L,N/L,N/L,2025-08-06
DV,"Doubleverify Holdings Inc","Internet - Software","Computers and Technology",2642592000,53.48,2.33,4.11%,4.86%,0,25.75,2349772000,180810000,135150000,163628000,56230000,1.05,3.59%,97.29%,N/L,N/L,N/L,N/L,N/L,2025-08-05
DVA,"Davita Healthcare Partners Inc","Medical - Outpatient & Hm Care",Medical,10035740000,14.07,N/A,4.62%,369.39%,-95.97,7.19,20298160000,3513140000,2789280000,71500000,936340000,1.09,1.50%,90.12%,N/L,N/L,N/L,N/L,N/L,2025-08-05
DVAX,"Dynavax Technologies","Medical - Biomedical",Medical,1231304000,54.75,2.66,3.00%,5.10%,0.08,69.150002,1135424000,-7240000.,-750000.,117267000,27310000,1.09,2.98%,96.96%,N/L,N/L,N/L,N/L,N/L,2025-08-07
DVN,"Devon Energy Corp","Oil - US Exploration & Product",Oils-Energy,22319568000,7.86,1.41,8.95%,18.59%,0.58,3.52,30356568000,11009000000,7746000000,634800000,2891000000,1.07,0.71%,69.72%,N/L,N/L,N/L,N/L,N/L,2025-08-05
DVS,"Dolly Varden Silver Corp","Mining - Misc","Basic Materials",294716000,0,3.34,-20.07%,-21.42%,0,N/A,271316000,-19820000.,-19860000.,85425000,-15070000.,N/A,N/A,N/A,N/L,N/L,N/L,N/L,N/L,2025-08-28
DX,"Dynex Capital","REIT - Mortgage Trusts",Finance,1618704000,29.6,1.08,0.57%,4.19%,5.36,30.49,7668124000,386380000,336840000,129912000,113900000,0.91,1.00%,38.34%,N/L,N/L,N/L,N/L,N/L,2025-07-21
DXC,"Dxc Technology Company","IT Services","Computers and Technology",2550736000,4.07,0.72,4.69%,18.59%,1.17,1.27,4630736000,3039000000,1721000000,178999000,389000000,1.18,0.61%,96.20%,N/L,N/L,N/L,N/L,N/L,2025-07-31
DXCM,"Dexcom Inc","Medical Instruments",Medical,32258670000,47.42,12.29,10.08%,30.41%,0.48,35.869999,32889570000,904900000,687200000,392155000,576200000,1.43,0.32%,97.75%,N/L,N/L,N/L,N/L,N/L,2025-07-30
DXLG,"Destination XL Group","Retail - Apparel & Shoes",Retail-Wholesale,72112000,0,0.49,-0.10%,-0.26%,0,3.85,60212000,24860000,10900000,53815000,3060000,1.13,14.30%,73.49%,N/L,N/L,N/L,N/L,N/L,2025-08-27
DXPE,"Dxp Enterprise","Machinery - General Industrial","Industrial Products",1960024000,21.13,3.9,6.77%,20.94%,1.37,16.219999,2453564000,202460000,165410000,15694000,70490000,1.25,22.70%,74.82%,N/L,N/L,N/L,N/L,N/L,2025-08-06
DY,"Dycom Industries","Building - Heavy Construction",Construction,7445871000,28.47,5.54,8.73%,21.17%,0.82,17.41,8296411000,759640000,556640000,28925000,233410000,1.34,3.72%,98.33%,N/L,N/L,N/L,N/L,N/L,2025-08-20
DYAI,"Dyadic International","Medical - Biomedical",Medical,30760000,0,N/A,-60.66%,-355.39%,0,N/A,24250000,-5460000.,-5450000.,36188000,-5810000.,0.89,29.50%,27.95%,N/L,N/L,N/L,N/L,N/L,2025-08-13
DYN,"Dyne Therapeutics Inc","Medical - Drugs",Medical,1789681000,0,3.04,-56.75%,-64.12%,0.17,N/A,1354231000,-442860000.,-440930000.,142264000,-317420000.,1.08,14.14%,96.68%,N/L,N/L,N/L,N/L,N/L,2025-08-11
DYNX,"Dynamix Corporation Class A Ordinary Share",N/A,N/A,N/A,N/A,N/A,N/A,N/A,N/A,N/A,N/A,N/A,N/A,N/A,0,N/A,N/A,N/A,N/L,N/L,N/L,N/L,N/L,N/A
E,"Eni S.P.A. ADR","Oil - International Integrated",Oils-Energy,60648724000,11.25,0.99,3.31%,8.53%,0.55,4.3,84678928000,21126810000,12902850000,1687969000,2839430000,0.95,0.01%,1.18%,N/L,N/L,N/L,N/L,N/L,2025-07-25
EA,"Electronic Arts Inc",Gaming,"Consumer Discretionary",42885480000,36.04,7.06,9.93%,18.43%,0.24,27.32,42233480000,1850000000,1494000000,250207000,1121000000,0.72,0.24%,90.23%,N/L,N/L,N/L,N/L,N/L,2025-07-29
EAF,"Graftech International Ltd","Metal Production & Fabrication","Basic Materials",250536000,0,N/A,-12.27%,0.00%,-6.48,N/A,1085006000,-21700000.,-83950000.,258151000,-131170000.,1.63,0.95%,92.83%,N/L,N/L,N/L,N/L,N/L,2025-07-25
EARN,"Ellington Credit Company","REIT - Mortgage Trusts",Finance,219345000,5.89,0.88,3.89%,15.90%,2.91,5.39,750475000,10160000,7630000,37559000,6590000,1.29,1.40%,20.40%,N/L,N/L,N/L,N/L,N/L,2025-08-19
EAT,"Brinker International","Retail - Restaurants",Retail-Wholesale,6692500000,17.1,18.24,15.85%,211.86%,1.15,10.97,7099600000,925200000,718600000,44498000,383100000,1.68,1.72%,N/A,N/L,N/L,N/L,N/L,N/L,2025-08-13
EB,"Eventbrite Inc","Internet - Services","Computers and Technology",252830000,0,1.36,-2.64%,-11.91%,1.36,92.330002,29020000,-14700000.,-32830000.,96500000,-15570000.,2.09,22.32%,91.64%,N/L,N/L,N/L,N/L,N/L,2025-08-07
EBAY,"Ebay Inc","Internet Commerce",Retail-Wholesale,45343540000,24,9.51,10.37%,38.97%,1.42,20.65,50335540000,2585000000,2261000000,457000000,1975000000,1.27,0.64%,87.48%,N/L,N/L,N/L,N/L,N/L,2025-07-30
EBC,"Eastern Bankshares Inc","Banks - Northeast",Finance,3552830000,11.83,0.92,1.05%,7.35%,0.01,15.33,3477830000,46390000,17100000,211478000,119560000,0.94,1.10%,71.68%,N/L,N/L,N/L,N/L,N/L,2025-07-24
EBF,"Ennis Inc","Office Supply & Forms","Industrial Products",482367000,11.88,1.55,10.75%,12.49%,0,8.27,415367000,68100000,51530000,25795000,40220000,0.48,3.70%,74.33%,N/L,N/L,N/L,N/L,N/L,2025-09-22
EBS,"Emergent Biosolutions","Medical - Biomedical",Medical,492430000,4.07,0.93,8.97%,24.63%,1.25,4.85,1050530000,287800000,171600000,53351000,-190600000.,1.97,1.20%,78.40%,N/L,N/L,N/L,N/L,N/L,2025-08-06
EC,"Ecopetrol S.A. ADR","Oil - International Integrated",Oils-Energy,18893122000,5.86,0.89,2.36%,6.70%,0.13,0.91,135394736000,61039490000,44322480000,2055835000,15225270000,0.83,0.00%,0.00%,N/L,N/L,N/L,N/L,N/L,2025-08-12
ECG,"Everus Construction Group Inc","Building & Construction - Misc",Construction,3882142000,23.39,7.51,12.27%,35.83%,0.56,22.860001,4091782000,248750000,223210000,51007000,143420000,N/A,0.21%,N/A,N/L,N/L,N/L,N/L,N/L,2025-08-12
ECL,"Ecolab Inc","Chemical - Specialty","Basic Materials",80472928000,40.26,8.59,8.86%,22.52%,0.88,28.200001,86781032000,3828400000,2893000000,283625000,2112400000,1.06,0.04%,74.91%,N/L,N/L,N/L,N/L,N/L,2025-07-29
ECPG,"Encore Capital Group","Finance - Consumer Loans",Finance,972257000,5.65,1.04,3.47%,19.61%,4.43,3.5,4445147000,271760000,120180000,23012000,-139240000.,1.59,2.54%,N/A,N/L,N/L,N/L,N/L,N/L,2025-08-06
ECVT,"Pq Group Holdings Inc","Chemical - Specialty","Basic Materials",1051501000,18.89,1.51,3.00%,7.69%,1.22,6.85,1757591000,164210000,73190000,114418000,-6650000.,1.18,1.48%,86.69%,N/L,N/L,N/L,N/L,N/L,2025-08-07
ED,"Consolidated Edison Company","Utility - Electric Power",Utilities,36660276000,18.19,1.54,2.78%,8.56%,1.07,8.74,60487276000,7218000000,5063000000,360652000,1820000000,0.24,0.19%,66.29%,N/L,N/L,N/L,N/L,N/L,2025-08-07
EDAP,"Edap Tms Sa ADR","Medical Instruments",Medical,50479000,0,1.36,-26.43%,-51.42%,0.21,N/A,29889000,-20540000.,-23320000.,37392000,-20580000.,-0.09,0.23%,62.74%,N/L,N/L,N/L,N/L,N/L,2025-08-28
EDIT,"Editas Medicine","Medical - Biomedical",Medical,251776000,0,11.91,-68.57%,-200.25%,0,N/A,120236000,-227710000.,-227730000.,89920000,-237090000.,2.19,2.10%,71.90%,N/L,N/L,N/L,N/L,N/L,2025-08-13
EDU,"New Oriental Education & Technology Group ADR",Schools,"Consumer Discretionary",8082811000,17.08,2.03,5.97%,11.32%,0,8.95,6289711000,595380000,488560000,169700000,371720000,0.25,15.50%,0.00%,N/L,N/L,N/L,N/L,N/L,2025-07-30
EE,"Excelerate Energy Inc Cl A","Other Alt Energy",Oils-Energy,2794581000,15.44,1.29,2.57%,4.16%,0.52,18.82,2758901000,426180000,321840000,114018000,32880000,1.38,1.83%,21.79%,N/L,N/L,N/L,N/L,N/L,2025-08-11
EEFT,"Euronet Worldwide","Finance - Misc Services",Finance,4030726000,11.99,2.83,5.66%,26.62%,1.79,8.44,4046026000,806000000,670100000,40996000,306000000,1.25,11.20%,91.60%,N/L,N/L,N/L,N/L,N/L,2025-07-31
EEX,"Emerald Expositions Events Inc","Consumer Services - Misc","Consumer Discretionary",1045298000,99.2,2.53,0.70%,2.03%,1.3,23.92,1253198000,130200000,90300000,197973000,2200000,1.16,4.00%,14.90%,N/L,N/L,N/L,N/L,N/L,2025-08-04
EFC,"Ellington Financial Llc","REIT - Mortgage Trusts",Finance,1400514000,8.01,0.95,1.07%,13.56%,8.96,8.25,16021534000,568480000,572640000,99894000,145860000,1,4.10%,55.62%,N/L,N/L,N/L,N/L,N/L,2025-08-07
EFSC,"Enterprises Finl Svc","Banks - Midwest",Finance,2237959000,10.87,1.15,1.29%,11.18%,0.34,10.61,1981269000,282120000,267960000,36988000,185270000,0.9,2.30%,72.21%,N/L,N/L,N/L,N/L,N/L,2025-07-28
EFX,"Equifax Inc",Consulting,"Business Services",31568232000,32.73,5.94,7.84%,18.89%,0.79,19.129999,35826332000,2455000000,1774400000,123797000,604100000,1.64,1.40%,96.20%,N/L,N/L,N/L,N/L,N/L,2025-10-15
EFXT,"Enerflex Ltd","Oil - C$ Exploration & Product",Oils-Energy,1206578000,10.92,1.06,3.87%,10.21%,0.6,6.09,1822578000,439000000,254000000,122247000,32000000,2,N/A,46.47%,N/L,N/L,N/L,N/L,N/L,2025-08-07
EG,"Everest Re Group","Insurance - Multi Line",Finance,14425876000,17.37,0.97,1.49%,5.89%,0.24,13.33,16463876000,879000000,1046000000,41943000,1373000000,0.5,1.10%,92.64%,N/L,N/L,N/L,N/L,N/L,2025-07-30
EGAN,"Egain Corp","Internet - Software","Computers and Technology",175046000,67.56,3.32,2.52%,5.24%,0,16.85,105036000,5360000,2380000,27351000,7780000,0.45,37.70%,53.94%,N/L,N/L,N/L,N/L,N/L,2025-09-04
EGBN,"Eagle Bancorp Inc","Banks - Northeast",Finance,581566000,0,0.46,-0.28%,-2.54%,0.06,3.16,24196000,103690000,-9090000.,30369000,-47040000.,1.07,3.39%,78.03%,N/L,N/L,N/L,N/L,N/L,2025-07-23
EGHT,"8X8 Inc","Internet - Software","Computers and Technology",267283000,18.2,1.91,1.92%,11.38%,1.06,2.78,329943000,96790000,17130000,136369000,-27210000.,1.85,2.01%,93.99%,N/L,N/L,N/L,N/L,N/L,2025-08-05
EGO,"Eldorado Gold Corp","Mining - Gold","Basic Materials",4773145000,13.66,1.15,5.84%,8.79%,0.28,8.22,4831775000,1044680000,789690000,203199000,289120000,0.37,0.63%,69.58%,N/L,N/L,N/L,N/L,N/L,2025-07-31
EGP,"Eastgroup Properties","REIT - Equity Trust Other",Finance,9040111000,19.02,2.56,4.67%,7.29%,0.43,19.440001,10526141000,662320000,472910000,53334000,227750000,0.98,1.00%,92.14%,N/L,N/L,N/L,N/L,N/L,2025-07-23
EGY,"Vaalco Energy Inc","International E&P",Oils-Energy,412862000,16.78,0.78,2.48%,4.64%,0.12,2.17,330072000,411640000,268610000,104258000,58490000,0.89,1.70%,50.32%,N/L,N/L,N/L,N/L,N/L,2025-08-07
EH,"Ehang Holdings Ltd ADR","Aerospace - Defense Equipment",Aerospace,1330591000,0,9.87,-16.60%,-29.95%,0.18,N/A,1255801000,-36190000.,-38070000.,71885000,-31480000.,1.16,39.60%,94.03%,N/L,N/L,N/L,N/L,N/L,2025-08-26
EHAB,"Enhabit Inc","Medical Services",Medical,415151000,26.63,0.7,1.25%,2.72%,0.83,1.96,900251000,277900000,83200000,50690000,-156200000.,1.68,3.40%,N/A,N/L,N/L,N/L,N/L,N/L,2025-08-06
EHC,"Encompass Health Corp","Medical - Outpatient & Hm Care",Medical,12371928000,24.83,4.1,7.68%,17.83%,0.81,16.33,14803128000,1592300000,1283000000,100724000,455700000,0.86,2.00%,97.25%,N/L,N/L,N/L,N/L,N/L,2025-08-04
EHTH,"Ehealth Inc","Insurance - Brokers",Finance,117339000,0,0.2,1.45%,2.85%,0.12,166.429993,481019000,69330000,52990000,30557000,10060000,1.06,5.20%,79.54%,N/L,N/L,N/L,N/L,N/L,2025-08-06
EIG,"Employers Holdings Inc","Insurance - Accident & Health",Finance,1027239000,13.03,0.94,2.29%,7.56%,0,9.72,958739000,140200000,124500000,23512000,118600000,0.52,1.40%,80.49%,N/L,N/L,N/L,N/L,N/L,2025-07-30
EIX,"Edison International","Utility - Electric Power",Utilities,21396770000,10.98,1.2,2.31%,11.99%,2.03,3.91,59429768000,10866000000,7700000000,384834000,1546000000,0.75,1.20%,88.95%,N/L,N/L,N/L,N/L,N/L,2025-07-31
EKSO,"Ekso Bionics Holdings Inc","Medical Instruments",Medical,9272000,0,0.8,-41.70%,-86.60%,0.31,N/A,6632000,-10680000.,-12290000.,2612000,-11330000.,0.89,6.00%,6.42%,N/L,N/L,N/L,N/L,N/L,2025-07-28
EL,"Estee Lauder Companies","Cosmetics & Toiletries","Consumer Staples",32820178000,58.48,8.16,2.67%,12.37%,1.68,22.99,37196176000,1529000000,704000000,359752000,390000000,1.18,12.78%,55.15%,N/L,N/L,N/L,N/L,N/L,2025-08-20
ELA,"Envela Corp","Retail - Jewelry",Retail-Wholesale,189285000,21.61,3.21,10.74%,15.75%,0.17,22.309999,178605000,13590000,12040000,25965000,6760000,0.22,73.91%,8.15%,N/L,N/L,N/L,N/L,N/L,2025-08-06
ELAN,"Elanco Animal Health Inc","Medical - Outpatient & Hm Care",Medical,8897939000,19.43,1.28,3.45%,7.04%,0.62,7.76,12750939000,1318000000,656000000,496814000,338000000,1.66,0.89%,97.48%,N/L,N/L,N/L,N/L,N/L,2025-08-07
ELDN,"Eledon Pharmaceuticals Inc","Medical - Biomedical",Medical,155693000,0,3.05,-38.31%,-92.51%,0,N/A,135143000,-90340000.,-87900000.,59882000,-36180000.,-0.15,12.30%,56.77%,N/L,N/L,N/L,N/L,N/L,2025-08-18
ELF,"E.L.F. Beauty Inc","Cosmetics & Toiletries","Consumer Staples",7008304000,53.35,8.2,9.89%,16.36%,0.32,35.779999,7116294000,200700000,156040000,59317000,112090000,1.57,3.90%,92.44%,N/L,N/L,N/L,N/L,N/L,2025-08-06
ELMD,"Electromed Inc","Medical Instruments",Medical,169986000,24.08,3.68,13.92%,16.41%,0,27.48,153906000,9800000,8960000,8386000,5150000,0.38,14.00%,40.82%,N/L,N/L,N/L,N/L,N/L,2025-08-26
ELME,"Elme Communities","REIT - Equity Trust Resident",Finance,1494329000,17.84,1.41,-0.78%,-1.33%,0.67,16.92,2184669000,226100000,125740000,88161000,-13100000.,0.98,1.40%,87.88%,N/L,N/L,N/L,N/L,N/L,2025-08-05
ELP,"Companhia Paranaense DE Energia [Copel] ADR","Utility - Electric Power",Utilities,5364753000,54.63,1.15,4.89%,11.15%,0.78,7.44,7790573000,1264420000,992720000,595422000,520910000,0.75,0.00%,3.80%,N/L,N/L,N/L,N/L,N/L,2025-08-14
ELS,"Equity Lifestyle Properties","REIT - Equity Trust Resident",Finance,11718481000,20.12,6.45,6.49%,21.12%,0.24,19.83,11970241000,939420000,724790000,193790000,367010000,0.7,1.40%,97.21%,N/L,N/L,N/L,N/L,N/L,2025-07-21
ELTX,"Elicio Therapeutics Inc","Medical - Biomedical",Medical,192788000,0,99.699997,-175.83%,0.00%,5.1,N/A,173988000,-43400000.,-44650000.,16338000,-51900000.,1.18,50.90%,35.03%,N/L,N/L,N/L,N/L,N/L,2025-08-12
ELV,"Elevance Health Inc","Medical Services",Medical,71280088000,9.38,1.59,6.36%,17.59%,0.68,7.9,93859088000,10390000000,8997000000,225178000,5980000000,0.58,0.29%,89.24%,N/L,N/L,N/L,N/L,N/L,2025-10-16
ELVN,"Enliven Therapeutics Inc","Medical - Drugs",Medical,1235071000,0,2.41,-27.88%,-29.15%,0,N/A,1110901000,-113500000.,-114240000.,59236000,-89020000.,0.93,25.90%,95.08%,N/L,N/L,N/L,N/L,N/L,2025-08-12
EMA,"Emera Inc",N/A,N/A,N/A,N/A,N/A,N/A,N/A,1.53294,N/A,N/A,N/A,N/A,N/A,567000000,N/A,N/A,N/A,N/L,N/L,N/L,N/L,N/L,2025-08-08
EMBC,"Embecta Corp","Medical Services",Medical,841014000,4.74,N/A,14.46%,-23.40%,-2.19,4.15,2141614000,261200000,211800000,58485000,78300000,1.08,0.42%,93.83%,N/L,N/L,N/L,N/L,N/L,2025-08-08
EME,"Emcor Group","Building - Heavy Construction",Construction,27316776000,25.19,8.95,14.12%,38.01%,0.08,24.629999,25977226000,1619750000,1486070000,44764000,1007150000,1.27,0.83%,92.59%,N/L,N/L,N/L,N/L,N/L,2025-07-31
EMN,"Eastman Chemical Company","Chemical - Diversified","Basic Materials",7973935000,8.64,1.28,5.91%,15.25%,0.81,5.28,11703934000,1661000000,1152000000,114832000,905000000,1.21,1.93%,83.65%,N/L,N/L,N/L,N/L,N/L,2025-07-31
EMR,"Emerson Electric Company","Machinery - Electrical","Industrial Products",75285752000,22.2,3.68,7.79%,14.34%,0.72,14.69,79384752000,6202000000,4282000000,562800000,1968000000,1.32,0.50%,74.30%,N/L,N/L,N/L,N/L,N/L,2025-08-06
EMX,"Emx Royalty Group","Mining - Misc","Basic Materials",363190000,51.83,2.93,3.15%,4.19%,0.21,105.860001,370970000,17540000,11010000,109066000,-3290000.,0.26,4.97%,21.54%,N/L,N/L,N/L,N/L,N/L,2025-08-11
ENB,"Enbridge Inc","Oil - Production & Pipeline",Oils-Energy,104599408000,22.61,2.35,3.15%,10.77%,1.48,12.92,182392448000,15674110000,11903230000,2180517000,3970840000,0.79,0.42%,54.60%,N/L,N/L,N/L,N/L,N/L,2025-08-01
ENFY,"Enlightify Inc","Chemical - Diversified","Basic Materials",15689000,0,0.18,-11.03%,-18.78%,0.14,N/A,-33751000.,-15130000.,-17850000.,15771000,-28410000.,0.96,13.96%,0.12%,N/L,N/L,N/L,N/L,N/L,2025-07-03
ENLT,"Enlight Renewable Energy Ltd","Other Alt Energy",Oils-Energy,3128751000,28.29,2.09,1.97%,7.48%,2.14,19.65,5416721000,415390000,306500000,115580000,44210000,1.51,N/A,38.89%,N/L,N/L,N/L,N/L,N/L,2025-08-06
ENLV,"Enlivex Therapeutics Ltd","Medical - Drugs",Medical,24834000,0,1.18,-50.52%,-57.67%,0,N/A,21534000,-14720000.,-15270000.,23651000,-15010000.,0.8,12.28%,1.02%,N/L,N/L,N/L,N/L,N/L,2025-08-29
ENOV,"Enovis Corp","Medical Information Systems",Medical,1797110000,8.91,0.65,3.73%,6.78%,0.54,1.53,3078440000,988490000,53390000,57160000,-825490000.,1.7,2.70%,98.45%,N/L,N/L,N/L,N/L,N/L,2025-08-07
ENPH,"Enphase Energy Inc",Solar,Oils-Energy,4992074000,21.89,5.13,6.63%,24.55%,1.37,22.059999,5830334000,246310000,173520000,130751000,102660000,1.59,3.10%,72.12%,N/L,N/L,N/L,N/L,N/L,2025-07-22
ENR,"Energizer Holdings Inc","Consumer Prdts - Misc Staple","Consumer Staples",1955224000,7.61,11.06,6.24%,181.90%,17.61,4.27,4943324000,736700000,505600000,68269000,38100000,0.63,0.98%,93.74%,N/L,N/L,N/L,N/L,N/L,2025-08-04
ENS,"Enersys Inc","Machinery - Electrical","Industrial Products",3822008000,9.53,2.06,10.24%,21.99%,0.7,7.56,4590918000,565350000,464470000,37467000,363740000,1.08,0.91%,94.93%,N/L,N/L,N/L,N/L,N/L,2025-08-06
ENSG,"The Ensign Group IN","Medical - Nursing Homes",Medical,9949788000,31.11,4.83,6.72%,16.92%,0.07,25.719999,9630868000,574560000,489360000,57700000,297970000,1.02,3.90%,96.12%,N/L,N/L,N/L,N/L,N/L,2025-07-24
ENTA,"Enanta Pharmaceutica","Medical - Biomedical",Medical,188768000,0,2.32,-27.28%,-89.02%,0,N/A,152278000,-95610000.,-96810000.,21378000,-116050000.,0.88,13.89%,94.99%,N/L,N/L,N/L,N/L,N/L,2025-08-11
ENTG,"Entegris Inc","Electrical - Manufacturing","Computers and Technology",13304416000,27.92,3.27,5.30%,12.05%,1.05,14.6,16956316000,1092390000,699170000,151600000,292790000,1.22,0.67%,N/A,N/L,N/L,N/L,N/L,N/L,2025-07-30
ENTX,"Entera Bio Ltd","Medical - Biomedical",Medical,88586000,0,5.14,-68.13%,-77.75%,0,N/A,79926000,-10040000.,-10090000.,45663000,-9540000.,1.52,10.38%,14.11%,N/L,N/L,N/L,N/L,N/L,2025-08-08
ENVA,"Enova International Inc","Finance - Consumer Loans",Finance,2850982000,10.47,2.19,5.23%,23.32%,3.23,9.77,6091792000,761550000,705560000,25013000,209450000,1.48,8.40%,89.43%,N/L,N/L,N/L,N/L,N/L,2025-07-24
ENVX,"Enovix Corp","Electronics Products - Misc","Computers and Technology",2066266000,0,9.77,-32.85%,-73.88%,0.87,N/A,1972666000,-125120000.,-170080000.,196600000,-222240000.,2.11,14.10%,50.92%,N/L,N/L,N/L,N/L,N/L,2025-07-31
EOG,"Eog Resources","Oil - US Exploration & Product",Oils-Energy,66125208000,10.95,2.21,12.93%,20.51%,0.14,6.22,63785208000,15511000000,11403000000,545993000,6403000000,0.8,0.13%,89.91%,N/L,N/L,N/L,N/L,N/L,2025-08-07
EOLS,"Evolus Inc","Medical Products",Medical,496781000,0,N/A,-24.63%,-759.04%,-7.8,N/A,531341000,-34750000.,-41920000.,64685000,-50420000.,1.12,5.90%,90.69%,N/L,N/L,N/L,N/L,N/L,2025-08-05
EOSE,"Eos Energy Enterprises Inc","Industrial Services","Industrial Products",1642277000,0,N/A,-270.01%,0.00%,-0.4,N/A,2359508000,-212680000.,-221810000.,259854000,-685870000.,2.07,3.63%,54.87%,N/L,N/L,N/L,N/L,N/L,2025-07-30
EPAC,"Actuant Corp","Machinery - Tools & Related","Industrial Products",2364055000,23.28,5.17,12.44%,24.04%,0.44,20.99,2391465000,141990000,128130000,54085000,85750000,1.16,1.10%,97.70%,N/L,N/L,N/L,N/L,N/L,2025-06-26
EPAM,"Epam Systems Inc","IT Services","Computers and Technology",9744188000,18.76,2.57,10.89%,14.00%,0.01,15.62,8483108000,737870000,648310000,55697000,454530000,1.67,4.30%,91.58%,N/L,N/L,N/L,N/L,N/L,2025-08-07
EPC,"Edgewell Personal Care","Consumer Prdts - Misc Staple","Consumer Staples",1113277000,9.05,0.7,3.31%,8.06%,0.88,4.78,2179177000,241300000,153300000,46464000,98600000,0.81,3.00%,91.91%,N/L,N/L,N/L,N/L,N/L,2025-08-05
EPD,"Enterprise Products Partners LP","Oil Gas Prod Pipeline MLP",Oils-Energy,69071408000,11.75,2.29,7.69%,19.81%,1.09,8.13,100179408000,9837000000,7307000000,2165248000,5901000000,0.66,32.60%,26.07%,N/L,N/L,N/L,N/L,N/L,2025-07-28
EPIX,"Essa Pharma","Medical - Drugs",Medical,91304000,0,0.78,-21.22%,-21.71%,0,N/A,-12406000.,-29560000.,-29650000.,47308000,-28540000.,1.55,15.50%,75.12%,N/L,N/L,N/L,N/L,N/L,2025-08-18
EPM,"Evolution Petroleum Corp","Oil - US Exploration & Product",Oils-Energy,174285000,124.75,2.39,1.11%,2.29%,0.5,6.74,207335000,46770000,26710000,34308000,4080000,0.6,10.10%,60.07%,N/L,N/L,N/L,N/L,N/L,2025-09-09
EPR,"Entertainment Properties Trust","REIT - Equity Trust Retail",Finance,4111079000,10.81,1.76,3.21%,7.66%,1.2,12.71,6935989000,692020000,517780000,76117000,146070000,1.33,2.31%,74.66%,N/L,N/L,N/L,N/L,N/L,2025-07-30
EPRT,"Essential Properties Realty Trust Inc","REIT - Equity Trust Retail",Finance,6205745000,17.39,1.61,3.78%,6.20%,0.6,16.42,8278285000,583070000,453730000,198140000,203000000,1.07,0.77%,96.98%,N/L,N/L,N/L,N/L,N/L,2025-07-23
EPSN,"Epsilon Energy","Oil - US Integrated",Oils-Energy,133678000,18.55,1.26,5.39%,6.71%,0,9.47,127158000,32630000,22740000,22059000,1930000,0.16,7.10%,60.33%,N/L,N/L,N/L,N/L,N/L,2025-08-13
EQ,"Equillium Inc","Medical - Biomedical",Medical,113056000,0,11.02,-90.56%,-139.56%,0,N/A,94966000,-14970000.,-14350000.,59503000,-8070000.,1.15,31.60%,27.05%,N/L,N/L,N/L,N/L,N/L,2025-08-14
EQBK,"Equity Bncsrs Cm A","Banks - Northeast",Finance,793896000,9.19,1.09,1.33%,12.17%,0.64,8.91,685696000,113500000,105580000,19218000,62620000,0.85,6.60%,71.80%,N/L,N/L,N/L,N/L,N/L,2025-07-14
EQH,"Axa Equitable Holdings Inc","Insurance - Multi Line",Finance,16052135000,8.85,11.36,0.65%,81.58%,2.61,5.67,16669135000,2077000000,1217000000,299536000,1307000000,1.14,1.10%,92.70%,N/L,N/L,N/L,N/L,N/L,2025-08-05
EQIX,"Equinix Inc","REIT - Equity Trust Retail",Finance,76967088000,21.13,5.37,2.73%,7.22%,1.09,26.200001,87279088000,3540000000,1511000000,97864000,815000000,0.9,0.27%,94.94%,N/L,N/L,N/L,N/L,N/L,2025-07-30
EQNR,"Equinor ASA ADR","Oil - Refining and Marketing",Oils-Energy,74118928000,9.18,1.75,5.43%,16.91%,0.53,3.85,85359928000,51014000000,41108000000,2944733000,8806000000,0.59,0.01%,5.51%,N/L,N/L,N/L,N/L,N/L,2025-07-23
EQR,"Equity Residential","REIT - Equity Trust Resident",Finance,24922664000,16.4,2.18,4.85%,9.05%,0.75,12.08,33337834000,3369220000,2387010000,381898000,1035830000,0.92,1.10%,92.68%,N/L,N/L,N/L,N/L,N/L,2025-08-04
EQT,"Eqt Corp","Oil - US Exploration & Product",Oils-Energy,32432556000,21.33,1.29,3.70%,6.24%,0.33,10.34,41554644000,6761180000,4583760000,624063000,230580000,0.59,0.65%,90.81%,N/L,N/L,N/L,N/L,N/L,2025-07-22
EQX,"Equinox Gold Corp","Mining - Gold","Basic Materials",6094551000,27.24,1.13,1.79%,3.54%,0.34,11.26,7203051000,554450000,331830000,759919000,339290000,1.1,8.35%,38.85%,N/L,N/L,N/L,N/L,N/L,2025-08-13
ERAS,"Erasca Inc","Medical - Biomedical",Medical,453872000,0,1.14,-26.34%,-31.19%,0,N/A,386132000,-152500000.,-146710000.,283670000,-161650000.,1.07,14.40%,67.78%,N/L,N/L,N/L,N/L,N/L,2025-08-11
ERIC,"Ericsson ADR","Wireless Equipment","Computers and Technology",26551638000,14.24,2.9,6.64%,21.17%,0.43,11.91,25998798000,3469040000,2494470000,3348252000,1890000,0.85,N/A,7.99%,N/L,N/L,N/L,N/L,N/L,2025-07-15
ERIE,"Erie Indemnity Company","Insurance - Brokers",Finance,16922902000,30.09,7.61,21.10%,30.53%,0,25.02,16624502000,761890000,697980000,46192000,600310000,0.32,45.79%,33.67%,N/L,N/L,N/L,N/L,N/L,2025-08-07
ERII,"Energy Recovery Inc","Pollution Controls","Industrial Products",783607000,33.79,4.18,10.23%,11.67%,0,29.83,753977000,28550000,24060000,53198000,23050000,1.03,3.20%,83.58%,N/L,N/L,N/L,N/L,N/L,2025-08-06
ERJ,"Embraer-Empresa Brasileira DE Aeronautica ADR","Aerospace - Defense",Aerospace,10455650000,22.33,2.87,3.92%,13.38%,0.58,14.66,11383750000,1017800000,774200000,183658000,352500000,1.76,1.00%,34.65%,N/L,N/L,N/L,N/L,N/L,2025-08-05
ERO,"Ero Copper Corp","Mining - Non Ferrous","Basic Materials",1492890000,11.21,2.02,8.06%,17.96%,0.89,9.68,1807380000,161140000,78740000,103601000,-68480000.,1.16,N/A,71.30%,N/L,N/L,N/L,N/L,N/L,2025-07-31
ES,"Eversource Energy","Utility - Electric Power",Utilities,24690280000,14.22,1.53,2.81%,11.00%,1.8,7.03,51523972000,6854100000,5077730000,371115000,811650000,0.61,0.41%,79.99%,N/L,N/L,N/L,N/L,N/L,2025-07-31
ESAB,"Esab Corp","Metal Production & Fabrication","Basic Materials",7110281000,21.78,3.22,7.54%,16.32%,0.51,17.93,7936661000,503180000,436390000,60699000,264840000,1.27,7.30%,91.13%,N/L,N/L,N/L,N/L,N/L,2025-08-06
ESCA,"Escalade Inc","Leisure & Recreational Prdcts","Consumer Discretionary",184973000,15.11,1.02,5.09%,6.86%,0.13,9.65,206373000,27550000,21510000,13804000,12990000,0.74,28.75%,65.22%,N/L,N/L,N/L,N/L,N/L,2025-08-01
ESE,"Esco Technologies Inc","Machinery - Electrical","Industrial Products",5043365000,34.77,3.71,7.12%,11.19%,0.4,30.01,5099405000,265750000,210340000,25825000,101880000,1.23,0.70%,95.70%,N/L,N/L,N/L,N/L,N/L,2025-08-07
ESI,"Element Solutions Inc","Chemical - Specialty","Basic Materials",6260296000,17.23,2.29,7.17%,14.14%,0.62,11.89,7724896000,499200000,341600000,241617000,244200000,1.26,6.90%,92.32%,N/L,N/L,N/L,N/L,N/L,2025-07-30
ESLT,"Elbit Systems Ltd","Aerospace - Defense Equipment",Aerospace,20042082000,43.05,5.17,4.30%,14.29%,0.08,37.099998,20157212000,733620000,574740000,44454000,321140000,0.33,0.84%,17.88%,N/L,N/L,N/L,N/L,N/L,2025-08-13
ESNT,"Essent Group Ltd","Insurance - Proprty & Casualty",Finance,6296322000,9.06,1.11,9.98%,12.67%,0.09,8.73,6658802000,882900000,856890000,98534000,729400000,0.82,2.90%,93.00%,N/L,N/L,N/L,N/L,N/L,2025-08-08
ESPR,"Esperion Theraptc","Medical - Drugs",Medical,437522000,0,N/A,-28.41%,0.00%,-0.34,88.650002,433732000,-33890000.,-35450000.,201623000,-51750000.,0.82,1.70%,47.39%,N/L,N/L,N/L,N/L,N/L,2025-08-05
ESRT,"Empire State Realty Trust Inc","REIT - Equity Trust Other",Finance,1299243000,8.02,0.69,1.02%,2.45%,1.15,4.87,3147913000,536140000,337040000,169614000,51640000,1.7,14.60%,67.10%,N/L,N/L,N/L,N/L,N/L,2025-07-23
ESS,"Essex Property Trust","REIT - Equity Trust Resident",Finance,17179764000,16.6,2.91,6.16%,13.98%,1.16,12.7,23736384000,1980170000,1392150000,64404000,741520000,0.8,3.46%,96.51%,N/L,N/L,N/L,N/L,N/L,2025-07-29
ESTA,"Establishment Labs Holdings Inc","Medical Services",Medical,1264150000,0,50.810001,-25.53%,-224.34%,9.72,N/A,1393380000,-55290000.,-62870000.,28971000,-84600000.,0.83,11.09%,72.91%,N/L,N/L,N/L,N/L,N/L,2025-08-07
ESTC,"Elastic N.V.","Internet - Software","Computers and Technology",8449132000,0,8.74,-1.61%,-4.46%,0.61,159.300003,8287652000,48000000,-54930000.,105535000,-108110000.,1.07,15.90%,97.03%,N/L,N/L,N/L,N/L,N/L,2025-08-28
ET,"Energy Transfer LP","Oil Gas Prod Pipeline MLP",Oils-Energy,60106244000,13.53,1.42,3.73%,11.08%,1.33,6.25,123823248000,19874000000,14709000000,3432681000,4448000000,0.83,3.28%,38.22%,N/L,N/L,N/L,N/L,N/L,2025-08-06
ETD,"Ethan Allen Interiors Inc","Retail - Home Furniture",Retail-Wholesale,763663000,14.12,1.52,7.10%,10.92%,0,9.18,687483000,77960000,62000000,25430000,51600000,1.19,10.48%,83.80%,N/L,N/L,N/L,N/L,N/L,2025-07-30
ETN,"Eaton Corp","Machinery - Electrical","Industrial Products",135324560000,30.46,7.21,11.38%,23.91%,0.53,26.07,143921568000,5813000000,4892000000,389300000,3794000000,1.18,0.30%,82.97%,N/L,N/L,N/L,N/L,N/L,2025-08-05
ETNB,"89Bio Inc","Medical - Biomedical",Medical,1398544000,0,2.57,-80.92%,-94.48%,0.07,N/A,1308214000,-474780000.,-465680000.,148308000,-367080000.,1.28,2.60%,N/A,N/L,N/L,N/L,N/L,N/L,2025-08-11
ETON,"Eton Pharmaceutcials Inc","Medical - Biomedical",Medical,463951000,0,19.129999,-0.22%,-0.73%,1.26,N/A,478821000,1450000,-810000.,26818000,-3820000.,1.13,16.03%,27.86%,N/L,N/L,N/L,N/L,N/L,2025-08-07
ETOR,"Etoro Group Ltd Cl A","Insurance - Brokers",Finance,3818105000,0,N/A,0.00%,0.00%,0,N/A,3639415000,261600000,144570000,81916000,192380000,N/A,N/A,N/A,N/L,N/L,N/L,N/L,N/L,2025-08-12
ETR,"Entergy Corp","Utility - Electric Power",Utilities,39877716000,22.17,2.46,2.68%,11.52%,1.84,9.5,67110696000,7820240000,5376680000,446409000,1061180000,0.57,0.39%,88.07%,N/L,N/L,N/L,N/L,N/L,2025-07-30
ETSY,"Etsy Inc","Internet Commerce",Retail-Wholesale,6210170000,28.73,N/A,11.14%,-31.10%,-2.65,17.209999,7687070000,404120000,296050000,99109000,303280000,1.73,2.80%,99.53%,N/L,N/L,N/L,N/L,N/L,2025-07-30
EU,"Encore Energy Corp","Mining - Misc","Basic Materials",443415000,0,1.4,-16.22%,-19.23%,0,N/A,403715000,-81040000.,-85640000.,187095000,-61390000.,1.85,3.90%,20.86%,N/L,N/L,N/L,N/L,N/L,2025-08-13
EVC,"Entravision Communications Corp","Broadcast - Radio & TV","Consumer Discretionary",226530000,0,2.4,-14.52%,-51.15%,1.97,571.919983,316790000,-13350000.,-34580000.,90976000,-148910000.,1.57,8.34%,69.46%,N/L,N/L,N/L,N/L,N/L,2025-08-05
EVCM,"Evercommerce Inc","Internet - Software","Computers and Technology",2091960000,0,2.75,-1.03%,-1.96%,0.71,41.580002,2484120000,195740000,105280000,181279000,-41090000.,1.06,10.40%,97.91%,N/L,N/L,N/L,N/L,N/L,2025-08-06
EVER,"Everquote Inc Cl A","Insurance - Multi Line",Finance,853674000,16.04,4.85,24.45%,36.90%,0,21.299999,751554000,51540000,45870000,36513000,32170000,0.37,25.52%,91.54%,N/L,N/L,N/L,N/L,N/L,2025-08-04
EVEX,"Eve Holding Inc","Aerospace - Defense",Aerospace,1212422000,0,87.800003,-65.15%,-202.62%,11.5,N/A,1288062000,-186950000.,-187200000.,300849000,-138170000.,0.85,0.26%,1.27%,N/L,N/L,N/L,N/L,N/L,2025-08-05
EVGO,"Evgo Inc","Auto - Truck Original Parts",Auto-Tires-Trucks,1242264000,0,N/A,-5.85%,0.00%,-0.42,54.169998,1821594000,-47140000.,-112940000.,307491000,-44330000.,2.33,58.79%,17.44%,N/L,N/L,N/L,N/L,N/L,2025-08-05
EVH,"Evolent Health Inc Cl A Com","Medical Information Systems",Medical,1127040000,0,1.15,0.70%,1.83%,0.58,5.78,1644230000,195260000,68540000,117400000,-61620000.,0.82,1.40%,N/A,N/L,N/L,N/L,N/L,N/L,2025-08-07
EVLV,"Evolv Technologies Hldgs Inc","IT Services","Computers and Technology",1438728000,0,13.86,-32.65%,-76.80%,0,N/A,1401708000,-52200000.,-69580000.,171891000,-54020000.,1.7,11.30%,66.65%,N/L,N/L,N/L,N/L,N/L,2025-08-14
EVR,"Evercore Partners Inc","Finance - Investment Brokers",Finance,12345952000,26.85,6.14,13.72%,27.29%,0.15,27.99,11846792000,645630000,646020000,38598000,378280000,1.48,6.08%,86.23%,N/L,N/L,N/L,N/L,N/L,2025-07-30
EVRG,"Evergy Inc","Utility - Electric Power",Utilities,16640206000,19.45,1.67,2.66%,8.62%,1.31,7.98,29079106000,3830900000,2619400000,230155000,873500000,0.48,1.42%,87.24%,N/L,N/L,N/L,N/L,N/L,2025-08-07
EVTC,"Evertec Inc","Financial Transaction Services","Business Services",2351338000,11.78,3.72,10.29%,36.67%,1.53,6.95,3002028000,452020000,312370000,63982000,112620000,0.96,0.63%,96.80%,N/L,N/L,N/L,N/L,N/L,2025-07-30
EVTL,"Vertical Aerospace Ltd","Aerospace - Defense",Aerospace,501759000,0,N/A,-640.47%,0.00%,0,N/A,470759000,-92030000.,-94550000.,96678000,-998350000.,1.25,74.80%,81.17%,N/L,N/L,N/L,N/L,N/L,2025-08-05
EVTV,"Envirotech Vehicles Inc","Auto - Domestic",Auto-Tires-Trucks,8473000,0,0.12,-49.05%,-92.02%,0.54,N/A,10133000,-8400000.,-8590000.,3530000,-8850000.,2.72,32.60%,5.65%,N/L,N/L,N/L,N/L,N/L,2025-08-20
EW,"Edwards Lifesciences Corp","Medical Instruments",Medical,48042392000,31.58,4.49,11.56%,15.01%,0.06,29.719999,45594892000,1583300000,1428100000,587100000,4174600000,1.08,1.29%,79.46%,N/L,N/L,N/L,N/L,N/L,2025-07-24
EWBC,"East West Bancorp","Banks - West",Finance,14498875000,11.79,1.69,1.56%,15.09%,0.43,10.16,12310905000,1991110000,1778770000,137822000,1165590000,0.97,1.04%,89.53%,N/L,N/L,N/L,N/L,N/L,2025-07-22
EWCZ,"European Wax Center Cl A","Cosmetics & Toiletries","Consumer Staples",263328000,7.19,2.36,3.93%,28.38%,3.57,5.84,584388000,92910000,67040000,55205000,10460000,1.48,5.03%,82.14%,N/L,N/L,N/L,N/L,N/L,2025-08-13
EWTX,"Edgewise Therapeutics Inc","Medical - Biomedical",Medical,1564388000,0,2.61,-29.18%,-30.65%,0,N/A,1522718000,-184800000.,-174540000.,105346000,-133810000.,0.26,23.20%,N/A,N/L,N/L,N/L,N/L,N/L,2025-08-14
EXAS,"Exact Sciences Cor","Medical - Biomedical",Medical,8986973000,0,3.57,-0.76%,-1.75%,0,8.29,8635233000,893240000,-191080000.,189319000,-1028860000.,0.93,1.20%,88.82%,N/L,N/L,N/L,N/L,N/L,2025-08-06
EXC,"Exelon Corp","Utility - Electric Power",Utilities,45409016000,16.78,1.63,2.47%,9.85%,1.73,7.35,89301016000,11977000000,8381000000,1009987000,2460000000,0.38,0.10%,80.92%,N/L,N/L,N/L,N/L,N/L,2025-07-31
EXE,"Expand Energy Corporation","Other Alt Energy",Oils-Energy,22542900000,24.92,1.27,3.73%,5.76%,0.29,11.57,27827900000,4594000000,2922000000,238146000,-714000000.,0.46,0.19%,97.93%,N/L,N/L,N/L,N/L,N/L,2025-07-29
EXEL,"Exelixis Inc","Medical - Biomedical",Medical,10399312000,18.79,5.12,20.88%,27.47%,0,20.1,10181942000,728530000,699730000,269203000,521270000,0.29,2.82%,85.27%,N/L,N/L,N/L,N/L,N/L,2025-07-28
EXFY,"Expensify Inc Cl A","Financial Transaction Services","Business Services",147405000,0,1.06,-8.52%,-12.02%,0,N/A,98635000,-3650000.,-11070000.,80549000,-10060000.,1.72,12.27%,68.42%,N/L,N/L,N/L,N/L,N/L,2025-08-07
EXK,"Endeavour Silver Corp","Mining - Silver","Basic Materials",1668483000,0,3.08,-0.38%,-0.62%,0.31,37.75,1682283000,70310000,39180000,290171000,-31480000.,1.23,0.80%,20.06%,N/L,N/L,N/L,N/L,N/L,2025-08-13
EXLS,"Exlservice Holdings","IT Services","Computers and Technology",7114648000,28.91,6.64,15.00%,25.38%,0.25,25.440001,7239808000,434760000,357770000,161513000,198300000,0.81,4.04%,92.92%,N/L,N/L,N/L,N/L,N/L,2025-07-29
EXP,"Eagle Materials Inc","Building - CMT & CNT & AG",Construction,7757583000,16.51,4.93,14.30%,31.21%,0.88,12.03,8975503000,774170000,615270000,32449000,463420000,1.24,1.50%,96.07%,N/L,N/L,N/L,N/L,N/L,2025-07-29
EXPD,"Expeditors Intl","Transportation - Services",Transportation,16288994000,19.35,7.38,17.52%,37.61%,0,19.030001,15140674000,1236710000,1175620000,135719000,810070000,1.05,0.69%,94.02%,N/L,N/L,N/L,N/L,N/L,2025-08-05
EXPE,"Expedia Group Inc","Internet Commerce",Retail-Wholesale,26575436000,19.71,12.18,5.56%,56.25%,2.98,9.78,27267436000,3701000000,2258000000,123716000,1234000000,1.61,9.13%,90.76%,N/L,N/L,N/L,N/L,N/L,2025-08-07
EXPI,"eXp World Holdings Inc","Real Estate Operations",Finance,1731124000,0,7.29,-2.33%,-4.79%,0,57.75,1562534000,-21820000.,-32110000.,157232000,-21270000.,2.52,27.96%,27.17%,N/L,N/L,N/L,N/L,N/L,2025-07-31
EXPO,"Exponent Inc",Consulting,"Business Services",3650717000,35.24,8.36,13.51%,24.19%,0,30.139999,3391817000,124400000,114710000,50501000,109000000,0.89,1.60%,92.37%,N/L,N/L,N/L,N/L,N/L,2025-07-31
EXR,"Extra Space Storage Inc","REIT - Equity Trust Other",Finance,30299256000,17.06,2.01,3.44%,6.69%,0.88,17.82,42483056000,2993850000,2194350000,212254000,854680000,1.07,0.96%,99.11%,N/L,N/L,N/L,N/L,N/L,2025-07-30
EXTR,"Extreme Networks","Computer - Networks","Computers and Technology",2752582000,55.44,40.529999,4.18%,82.47%,2.71,36.27,2698822000,48100000,18990000,133168000,-7470000.,1.75,3.70%,91.05%,N/L,N/L,N/L,N/L,N/L,2025-08-06
EYE,"National Vision Holdings Inc","Consumer Prdts - Misc Staple","Consumer Staples",1966436000,63.26,2.24,1.49%,3.56%,0.32,14.7,2242487000,198940000,97740000,79196000,-28500000.,1.27,2.70%,N/A,N/L,N/L,N/L,N/L,N/L,2025-08-06
EYPT,"Eyepoint Pharmaceuticals Inc","Medical - Biomedical",Medical,815406000,0,3.24,-50.72%,-63.80%,0,N/A,715706000,-193470000.,-189060000.,68927000,-130870000.,1.73,4.46%,99.41%,N/L,N/L,N/L,N/L,N/L,2025-08-06
EZPW,"Ezcorp Inc","Finance - Consumer Loans",Finance,974336000,11.74,0.97,6.13%,11.85%,0.52,7.24,1121856000,205350000,170680000,60896000,83100000,0.56,2.13%,99.83%,N/L,N/L,N/L,N/L,N/L,2025-07-30
F,"Ford Motor Company","Auto - Domestic",Auto-Tires-Trucks,46723556000,8.15,1,1.94%,12.46%,3.5,3.38,182310560000,8808000000,2941000000,3979860000,5879000000,1.48,0.48%,58.74%,N/L,N/L,N/L,N/L,N/L,2025-07-30
FA,"First Advantage Corp","Technology Services","Business Services",2978726000,22.67,2.18,3.55%,9.85%,1.64,11.34,4952386000,332020000,183480000,173991000,-110270000.,1.24,3.90%,94.91%,N/L,N/L,N/L,N/L,N/L,2025-08-07
FAF,"First American Corp","Insurance - Proprty & Casualty",Finance,6765628000,12.78,1.28,3.33%,10.41%,0.3,10.04,6594128000,891000000,686600000,101800000,131100000,1.24,3.70%,89.05%,N/L,N/L,N/L,N/L,N/L,2025-07-23
FANG,"Diamondback Energy","Oil - US Exploration & Product",Oils-Energy,41477552000,9.7,0.94,5.63%,9.48%,0.35,6.29,54288552000,12045000000,9195000000,289486000,3338000000,1.09,0.70%,90.01%,N/L,N/L,N/L,N/L,N/L,2025-08-04
FARM,"Farmer Brothers","Food Items - Wholesale",Retail-Wholesale,38368000,0,1.01,-6.06%,-26.00%,0.63,N/A,55658000,2070000,-9520000.,21555000,-3880000.,1.6,4.60%,64.48%,N/L,N/L,N/L,N/L,N/L,2025-09-11
FAST,"Fastenal Company","Industrial Services","Industrial Products",57829424000,47.25,14.81,24.62%,32.33%,0.06,42.5,57773624000,1738300000,1562900000,1147637000,1150600000,0.95,0.37%,81.38%,N/L,N/L,N/L,N/L,N/L,2025-10-10
FATE,"Fate Therapeutics","Medical - Biomedical",Medical,132630000,0,0.49,-36.76%,-50.95%,0,N/A,96570000,-167760000.,-177640000.,115330000,-186260000.,2.24,5.51%,97.54%,N/L,N/L,N/L,N/L,N/L,2025-08-12
FBIN,"Fortune Brands Innovations Inc","Retail - Home Furniture",Retail-Wholesale,7382399000,15.13,2.95,7.13%,19.85%,1.2,10.03,9674599000,919700000,726100000,120039000,471900000,1.32,1.00%,87.60%,N/L,N/L,N/L,N/L,N/L,2025-07-31
FBIO,"Fortress Biotech Inc","Medical - Biomedical",Medical,67544000,0,1.77,-27.48%,-301.81%,1.44,N/A,68244000,-89910000.,-99270000.,29755000,-46000000.,1.76,27.90%,96.51%,N/L,N/L,N/L,N/L,N/L,2025-08-12
FBK,"Fb Financial Corp","Banks - Northeast",Finance,2871767000,14.59,1.43,1.22%,10.15%,0,13.63,1829277000,128230000,115730000,53849000,116040000,0.92,1.90%,65.40%,N/L,N/L,N/L,N/L,N/L,2025-07-14
FBNC,"First Bancorp [Nc]","Banks - Southeast",Finance,2260716000,16.07,1.38,1.09%,8.96%,0.06,15.18,1845086000,165970000,139240000,41462000,76220000,0.96,3.65%,68.36%,N/L,N/L,N/L,N/L,N/L,2025-07-23
FBP,"First Bancorp","Banks - Southeast",Finance,3570458000,11.38,1.87,1.61%,17.54%,0.17,10.6,2973438000,453290000,422120000,160470000,298720000,0.96,2.30%,97.91%,N/L,N/L,N/L,N/L,N/L,2025-07-22
FBRT,"Franklin Bsp Realty Trust Inc","REIT - Mortgage Trusts",Finance,931353000,16.24,0.73,1.54%,7.26%,2.65,9.04,5395933000,105050000,102590000,82275000,95880000,1.01,1.40%,59.87%,N/L,N/L,N/L,N/L,N/L,2025-07-30
FBRX,"Forte Biosciences Inc","Medical - Biomedical",Medical,142109000,0,1.38,-72.34%,-85.38%,0,N/A,119869000,-43640000.,-43680000.,12433000,-35480000.,2.91,5.90%,77.63%,N/L,N/L,N/L,N/L,N/L,2025-08-13
FC,"Franklin Covey Company",Consulting,"Business Services",252461000,17.78,3.8,6.12%,19.07%,0,7.08,209001000,36060000,23970000,12642000,23400000,0.91,15.50%,69.88%,N/L,N/L,N/L,N/L,N/L,2025-07-02
FCBC,"First Community Bksh","Banks - Southeast",Finance,701648000,13.48,1.33,1.54%,9.68%,0,11.51,324198000,71690000,66210000,18315000,51600000,0.65,3.67%,34.95%,N/L,N/L,N/L,N/L,N/L,2025-07-22
FCEL,"Fuelcell Energy Inc","Other Alt Energy",Oils-Energy,95722000,0,0.15,-15.03%,-21.16%,0.23,N/A,82202000,-104560000.,-140750000.,22791000,-126010000.,4.15,0.35%,42.78%,N/L,N/L,N/L,N/L,N/L,2025-09-04
FCF,"First Commonwealth Financial Corp","Banks - Northeast",Finance,1853476000,12.4,1.17,1.18%,9.71%,0.17,11.51,1983056000,204850000,198420000,104539000,142570000,0.84,2.17%,72.58%,N/L,N/L,N/L,N/L,N/L,2025-07-29
FCFS,"Firstcash Holdings Inc","Financial Transaction Services","Business Services",6405420000,18.13,2.88,7.70%,16.63%,0.79,7.7,7959670000,1094670000,590900000,44365000,258820000,0.68,2.93%,80.30%,N/L,N/L,N/L,N/L,N/L,2025-07-24
FCN,"Fti Consulting",Consulting,"Business Services",5443586000,21.6,2.88,7.90%,12.88%,0.25,15.7,4783096000,434800000,334000000,32358000,280090000,0.18,1.79%,99.36%,N/L,N/L,N/L,N/L,N/L,2025-07-24
FCNCA,"First Citizens Bancs","Banks - Southeast",Finance,25686800000,11.17,1.18,1.08%,11.32%,1.69,8.25,40915800000,5399000000,5269000000,12921000,2777000000,0.64,13.40%,78.01%,N/L,N/L,N/L,N/L,N/L,2025-07-25
FCPT,"Four Corners Property Trust IN","REIT - Equity Trust Other",Finance,2721287000,14.73,1.82,3.96%,7.40%,0.81,15.82,3855097000,269560000,212450000,104464000,100470000,0.83,1.20%,98.66%,N/L,N/L,N/L,N/L,N/L,2025-07-29
FCX,"Freeport-Mcmoran Inc","Mining - Non Ferrous","Basic Materials",62140300000,28.38,2,3.87%,7.37%,0.31,13.67,66277300000,9157000000,6916000000,1435774000,1889000000,1.63,0.75%,80.77%,N/L,N/L,N/L,N/L,N/L,2025-07-23
FDMT,"4D Molecular Therapeutics Inc","Medical - Drugs",Medical,331117000,0,0.75,-36.43%,-40.15%,0,N/A,181777000,-222860000.,-220330000.,46702000,-160870000.,2.83,9.60%,99.27%,N/L,N/L,N/L,N/L,N/L,2025-08-14
FDP,"Fresh Del Monte Produce","Agriculture Operations","Consumer Staples",1758763000,12.39,0.83,4.41%,6.84%,0.1,8.79,1976563000,276200000,197200000,47975000,142200000,0.42,31.60%,64.83%,N/L,N/L,N/L,N/L,N/L,2025-07-30
FDS,"Factset Research Systems Inc","Business Information","Business Services",14427904000,22.63,6.61,15.37%,31.60%,0.66,18.139999,15370894000,854440000,698850000,37807000,537130000,0.83,1.10%,91.24%,N/L,N/L,N/L,N/L,N/L,2025-09-18
FDUS,"Fidus Investment Cor","Finance - SBIC & Commercial",Finance,754655000,9.39,1.06,6.41%,11.52%,0.28,9.28,866395000,81450000,79310000,35380000,78290000,0.95,0.90%,28.14%,N/L,N/L,N/L,N/L,N/L,2025-08-07
FDX,"Fedex Corp","Transportation - Air Freight",Transportation,55872484000,12.36,1.92,5.14%,16.34%,0.73,6.19,70949488000,13787000000,9502000000,235948000,4092000000,1.3,8.87%,84.47%,N/L,N/L,N/L,N/L,N/L,2025-09-18
FE,"Firstenergy Corp","Utility - Electric Power",Utilities,25284522000,16.04,1.77,2.99%,11.31%,1.82,7.59,49153520000,5989000000,4201000000,577404000,978000000,0.48,0.17%,89.41%,N/L,N/L,N/L,N/L,N/L,2025-07-30
FEAM,"5E Advanced Materials Inc","Chemical - Specialty","Basic Materials",69863000,0,1.24,-68.37%,-313.00%,0,N/A,129793000,-20430000.,-29240000.,20018000,-62010000.,1.53,0.50%,0.00%,N/L,N/L,N/L,N/L,N/L,2025-09-08
FELE,"Franklin Electric Company","Machinery - Electrical","Industrial Products",4430706000,24.74,3.37,9.47%,14.05%,0.23,18.51,4340816000,304870000,248800000,44485000,180310000,1.08,2.72%,79.98%,N/L,N/L,N/L,N/L,N/L,2025-07-29
FENC,"Fennec Pharmaceuticals Inc","Medical - Biomedical",Medical,240869000,0,N/A,-23.92%,0.00%,-2.46,252.970001,232309000,-8710000.,-9670000.,27814000,-440000.,0.4,11.76%,55.51%,N/L,N/L,N/L,N/L,N/L,2025-08-14
FER,"Ferrovial Se","Real Estate Operations",Finance,41456308000,0,N/A,0.00%,0.00%,0,N/A,41456308000,0,0,740688000,3239000000,0.15,N/A,22.28%,N/L,N/L,N/L,N/L,N/L,2025-07-29
FERG,"Ferguson Enterprises Inc","Machinery - General Industrial","Industrial Products",46065420000,24.24,8.17,11.28%,34.02%,0.67,20.049999,49418420000,3190000000,2855000000,197181000,1735000000,1.16,0.16%,81.98%,N/L,N/L,N/L,N/L,N/L,2025-09-16
FET,"Forum Energy Technologies Inc","Oil Field Machinery & Equip",Oils-Energy,292814000,0,0.88,-1.05%,-2.51%,0.48,6.76,436554000,98430000,44710000,11903000,-135330000.,0.88,6.90%,65.60%,N/L,N/L,N/L,N/L,N/L,2025-08-07
FETH,"Fidelity Ethereum Fund",N/A,N/A,N/A,N/A,N/A,N/A,N/A,N/A,N/A,N/A,N/A,N/A,N/A,0,N/A,N/A,N/A,N/L,N/L,N/L,N/L,N/L,N/A
FF,"Futurefuel Corp",Biofuels,Oils-Energy,169518000,0,0.91,-11.14%,-13.47%,0,6.54,59978000,-22740000.,-32050000.,43803000,15500000,0.57,41.10%,44.56%,N/L,N/L,N/L,N/L,N/L,2025-08-11
FFAI,"Faraday Future Intelligent Electric Inc","Auto - Truck Original Parts",Auto-Tires-Trucks,240153000,0,3.59,-52.34%,-187.07%,0.46,N/A,319703000,-74080000.,-148110000.,97623000,-355850000.,4.65,0.54%,71.74%,N/L,N/L,N/L,N/L,N/L,2025-08-18
FFBC,"First Finl Bncp [Oh]","Banks - Midwest",Finance,2542269000,9.28,0.95,1.42%,10.57%,0.4,8.6,2610289000,392150000,358760000,95754000,228830000,0.98,1.13%,77.23%,N/L,N/L,N/L,N/L,N/L,2025-07-24
FFIC,"Flushing Finl Corp","Finance - Savings & Loan",Finance,452963000,13.35,0.61,0.35%,4.45%,0.85,13.62,1216443000,16910000,7270000,33778000,-31330000.,0.84,5.66%,67.10%,N/L,N/L,N/L,N/L,N/L,2025-07-24
FFIN,"First Finl Bkshs Inc","Banks - Southwest",Finance,5386435000,20.8,2.95,1.75%,14.69%,0,18.15,4623025000,376490000,318330000,143104000,223510000,0.87,4.22%,69.78%,N/L,N/L,N/L,N/L,N/L,2025-10-16
FFIV,"F5 Inc","Internet - Software","Computers and Technology",18223910000,25.84,5.2,12.17%,21.77%,0,25.18,17149310000,858320000,751330000,57447000,566780000,1.03,0.52%,90.66%,N/L,N/L,N/L,N/L,N/L,2025-07-30
FFWM,"First Foundation","Banks - Southwest",Finance,479487000,0,0.46,-0.09%,-1.20%,1.59,34.799999,976377000,-52060000.,-71630000.,82386000,-92410000.,1,9.50%,73.10%,N/L,N/L,N/L,N/L,N/L,2025-07-31
FG,"F&G Annuities & Life Inc","Insurance - Life",Finance,4757150000,8.95,1.01,0.58%,11.50%,0.49,3.82,4664150000,1747000000,1178000000,134649000,639000000,1.55,2.10%,95.86%,N/L,N/L,N/L,N/L,N/L,2025-08-06
FGEN,"Fibrogen Inc CS","Medical - Drugs",Medical,45211000,0,N/A,-27.34%,0.00%,-0.36,N/A,89301000,-134400000.,-135410000.,4044000,-47580000.,0.76,3.07%,72.71%,N/L,N/L,N/L,N/L,N/L,2025-08-12
FHB,"First Hawaiian Inc","Banks - West",Finance,3179260000,12.69,1.15,1.04%,9.29%,0,11.74,2009070000,358760000,320750000,124628000,230130000,0.84,0.61%,97.63%,N/L,N/L,N/L,N/L,N/L,2025-07-25
FHI,"Federated Investors","Finance - Investment Mgmt",Finance,4151786000,12.08,3.67,17.05%,32.30%,0.31,14.91,4050966000,493450000,471020000,77560000,268310000,0.77,3.80%,75.94%,N/L,N/L,N/L,N/L,N/L,2025-07-31
FHN,"First Horizon Corp","Banks - Southwest",Finance,11429408000,12.77,1.26,1.13%,10.55%,0.14,11.87,9975408000,1454000000,1353000000,507748000,775000000,0.65,0.87%,80.28%,N/L,N/L,N/L,N/L,N/L,2025-10-15
FHTX,"Foghorn Therapeutics Inc","Medical - Biomedical",Medical,314307000,0,N/A,-27.99%,0.00%,0,N/A,258857000,-93360000.,-91870000.,56530000,-86620000.,3.05,7.58%,61.55%,N/L,N/L,N/L,N/L,N/L,2025-08-14
FI,"Fiserv Inc","Financial Transaction Services","Business Services",75929072000,14.86,2.95,6.69%,19.69%,1.15,9.64,99533072000,9499000000,6361000000,543593000,3131000000,0.91,0.74%,90.98%,N/L,N/L,N/L,N/L,N/L,2025-07-23
FIBK,"First Interstate Ban","Banks - Midwest",Finance,3354376000,13.53,0.92,0.80%,6.82%,0.19,11.06,4320576000,477700000,419600000,104857000,226000000,0.83,8.20%,88.71%,N/L,N/L,N/L,N/L,N/L,2025-07-29
FICO,"Fair Isaac and Company","IT Services","Computers and Technology",33987248000,59.67,N/A,31.72%,-48.88%,-1.99,72.120003,36045600000,898800000,884970000,24004000,512810000,1.28,3.46%,85.75%,N/L,N/L,N/L,N/L,N/L,2025-07-30
FIG,"Figma Inc Cl A","Internet - Software","Computers and Technology",37680736000,0,N/A,0.00%,0.00%,0,N/A,37680736000,0,0,487461000,180640000,N/A,45.20%,N/A,N/L,N/L,N/L,N/L,N/L,2025-09-03
FIGS,"Figs Inc Cl A","Retail - Apparel & Shoes",Retail-Wholesale,1162504000,173.25,2.85,1.37%,1.84%,0,306.190002,1076854000,10930000,9980000,163273000,2720000,1.34,29.44%,92.21%,N/L,N/L,N/L,N/L,N/L,2025-08-07
FINV,"Finvolution Group ADR","Finance - Misc Services",Finance,2388148000,5.85,1.06,12.49%,19.12%,0,6.5,1464568000,391500000,381980000,253250000,326490000,0.35,44.00%,31.15%,N/L,N/L,N/L,N/L,N/L,2025-08-20
FIP,"Ftai Infrastructure Inc","Real Estate Operations",Finance,612268000,0,2.31,-0.68%,-10.14%,13.67,N/A,2434018000,91720000,-2620000.,115088000,-223650000.,1.89,2.40%,87.43%,N/L,N/L,N/L,N/L,N/L,2025-08-07
FIS,"Fidelity National Information Services","Financial Transaction Services","Business Services",37485920000,12.95,2.58,8.58%,18.73%,0.79,8.05,47305920000,3482000000,1725000000,522379000,1450000000,1.04,0.21%,96.23%,N/L,N/L,N/L,N/L,N/L,2025-08-05
FISI,"Financial Institut","Banks - Northeast",Finance,547536000,8.52,0.89,0.92%,10.44%,0.19,6.67,602346000,-40480000.,-50050000.,20130000,-41650000.,0.79,2.40%,60.45%,N/L,N/L,N/L,N/L,N/L,2025-07-24
FITB,"Fifth Third Bancorp","Banks - Major Regional",Finance,29645920000,12.69,1.51,1.15%,13.31%,0.69,9.68,43084920000,4474000000,3979000000,661887000,2314000000,0.91,0.53%,83.79%,N/L,N/L,N/L,N/L,N/L,2025-10-17
FIVE,"Five Below Inc","Retail - Misc & Diversified",Retail-Wholesale,7807774000,26.75,4.2,6.89%,17.00%,0,17.52,7476054000,682790000,515340000,55058000,253610000,1.06,1.90%,N/A,N/L,N/L,N/L,N/L,N/L,2025-08-27
FIVN,"Five9 Inc","Internet - Software","Computers and Technology",2130141000,31.89,2.75,2.91%,8.91%,0,11.68,2201081000,126990000,-18230000.,77263000,-12800000.,1.17,1.60%,96.64%,N/L,N/L,N/L,N/L,N/L,2025-07-31
FIX,"Comfort Systems USA","Building Prdcts - Air Heating",Construction,24325538000,35.66,12.42,14.76%,39.33%,0.04,36.939999,23843928000,1084380000,938210000,35281000,522430000,1.49,1.59%,96.51%,N/L,N/L,N/L,N/L,N/L,2025-07-24
FIZZ,"Natl Beverage Corp","Beverages - Soft","Consumer Staples",4376735000,22.43,9.46,31.84%,49.48%,0,18.91,4183045000,270820000,235460000,93620000,186820000,0.82,74.80%,23.95%,N/L,N/L,N/L,N/L,N/L,2025-09-04
FKWL,"Franklin Wireless Co.","Computer - Networks","Computers and Technology",50418000,0,1.34,-3.29%,-4.48%,0,N/A,38148000,-4090000.,-3780000.,11780000,-3960000.,0.16,31.10%,18.49%,N/L,N/L,N/L,N/L,N/L,2025-09-29
FL,"Footlocker Inc","Retail - Apparel & Shoes",Retail-Wholesale,2521657000,24.17,0.94,1.52%,3.65%,0.17,7.39,2566657000,204000000,2000000,95445000,12000000,1.75,0.89%,N/A,N/L,N/L,N/L,N/L,N/L,2025-08-27
FLD,"Fold Holdings Inc Cl A","Finance - Misc Services",Finance,174396000,0,1.98,-16.33%,-49.10%,0,N/A,173486000,-16770000.,-17200000.,46382000,-1870000.,0.16,66.80%,56.89%,N/L,N/L,N/L,N/L,N/L,2025-08-12
FLEX,"Flextronics Intl Ltd","Electronics Products - Misc","Computers and Technology",19486874000,19.08,3.64,5.47%,20.25%,0.72,12.66,20889874000,1861000000,1322000000,375325000,838000000,1.05,0.57%,94.30%,N/L,N/L,N/L,N/L,N/L,2025-07-24
FLG,"Flagstar Financial Inc","Banks - Northeast",Finance,5248700000,0,0.65,-0.51%,-6.60%,1.63,N/A,4747700000,504000000,139000000,415574000,-1118000000.,1.11,19.35%,67.88%,N/L,N/L,N/L,N/L,N/L,2025-07-25
FLGT,"Fulgent Genetics Inc","Medical Information Systems",Medical,666358000,0,0.59,-2.10%,-2.26%,0,N/A,611218000,-45380000.,-64760000.,30609000,-42710000.,0.83,31.76%,48.06%,N/L,N/L,N/L,N/L,N/L,2025-08-01
FLL,"Full House Rsts",Gaming,"Consumer Discretionary",133250000,0,5.94,-6.48%,-118.78%,22.04,28.219999,561170000,89140000,44050000,36111000,-40670000.,1.67,9.40%,37.68%,N/L,N/L,N/L,N/L,N/L,2025-08-07
FLNC,"Fluence Energy Inc Cl A","Other Alt Energy",Oils-Energy,1368879000,0,2.38,-0.87%,-3.42%,0,30.719999,920189000,2640000,-14930000.,181549000,22720000,2.67,0.65%,53.16%,N/L,N/L,N/L,N/L,N/L,2025-08-11
FLNG,"Flex Lng Ltd","Transportation - Ship",Transportation,1443204000,12.67,1.88,4.35%,14.41%,2.27,6.97,2816244000,346600000,268610000,53871000,117680000,0.41,0.32%,0.00%,N/L,N/L,N/L,N/L,N/L,2025-08-20
FLO,"Flowers Foods","Food - Misc & Diversified","Consumer Staples",3345060000,12.91,2.29,6.52%,17.85%,1.23,7.57,4361690000,652530000,493320000,211178000,248120000,0.32,11.57%,75.45%,N/L,N/L,N/L,N/L,N/L,2025-08-15
FLR,"Fluor Corp","Engineering & R&D Services","Industrial Products",6717140000,19.09,1.11,4.06%,9.27%,0.18,14.73,4992140000,227000000,154000000,161664000,2145000000,1.43,1.70%,88.07%,N/L,N/L,N/L,N/L,N/L,2025-08-01
FLS,"Flowserve Corp","Machinery - General Industrial","Industrial Products",7003375000,17.62,2.98,7.12%,18.24%,0.65,15.72,7832125000,549270000,463670000,130782000,282760000,1.28,0.76%,93.93%,N/L,N/L,N/L,N/L,N/L,2025-07-30
FLUT,"Flutter Entertainment Plc",Gaming,"Consumer Discretionary",52727864000,43.57,4.99,4.68%,12.15%,0.96,23.32,57884864000,2085000000,988000000,176100000,43000000,2.31,0.09%,N/A,N/L,N/L,N/L,N/L,N/L,2025-08-07
FLUX,"Flux Power Holdings Inc","Electronics Products - Misc","Computers and Technology",29968000,0,N/A,-26.99%,0.00%,-2.75,N/A,43158000,-5320000.,-6600000.,16836000,-8330000.,1.4,26.00%,37.96%,N/L,N/L,N/L,N/L,N/L,2025-05-08
FLWS,1-800-Flowers.com,"Retail - Mail Order",Retail-Wholesale,342610000,0,1.08,-3.04%,-7.12%,0.5,4.02,370280000,88780000,14540000,63564000,-6110000.,1.37,51.00%,38.43%,N/L,N/L,N/L,N/L,N/L,2025-09-04
FLY,"Firefly Aerospace Inc","Aerospace - Defense",Aerospace,6623656000,0,N/A,0.00%,0.00%,0,N/A,6623656000,0,0,143649000,-67430000.,N/A,N/A,N/A,N/L,N/L,N/L,N/L,N/L,2021-08-12
FLYW,"Flywire Corp Voting","Internet - Software","Computers and Technology",1568014000,102.33,1.89,1.38%,1.94%,0.08,71.739998,1072774000,12840000,-5500000.,122310000,2900000,1.27,4.40%,95.90%,N/L,N/L,N/L,N/L,N/L,2025-08-05
FMAO,"Farmers & Merch Banc","Banks - Northeast",Finance,367117000,11.41,0.96,0.88%,8.66%,0.54,10.95,461557000,57750000,52850000,13724000,25940000,0.87,7.30%,23.96%,N/L,N/L,N/L,N/L,N/L,2025-08-07
FMBH,"First Mid Ill Bncshr","Banks - Northeast",Finance,963239000,10.44,1.02,1.15%,10.08%,0.39,8.76,1108819000,161920000,141140000,23997000,78900000,0.91,7.70%,47.57%,N/L,N/L,N/L,N/L,N/L,2025-08-07
FMC,"FMC Corp","Agriculture Operations","Consumer Staples",5082669000,11.74,1.11,3.51%,9.36%,0.94,8.02,8090669000,731100000,554800000,124912000,341100000,0.75,0.67%,91.86%,N/L,N/L,N/L,N/L,N/L,2025-07-30
FMNB,"Farmers Natl Banc Corp","Banks - Midwest",Finance,558305000,10.17,1.21,0.99%,12.02%,0.2,9.57,558715000,85090000,78130000,37647000,45950000,0.86,4.00%,38.72%,N/L,N/L,N/L,N/L,N/L,2025-07-23
FMS,"Fresenius Medical Care Ag ADR","Medical Instruments",Medical,15022849000,13.37,0.91,3.13%,6.75%,0.51,5.19,20549828000,3499360000,1614060000,586830000,582080000,0.87,N/A,8.37%,N/L,N/L,N/L,N/L,N/L,2025-08-05
FMX,"Fomento Economico Mexicano S.A.B. DE C.V. ADR","Beverages - Soft","Consumer Staples",31799930000,32.22,1.87,2.31%,5.32%,0.48,9.09,32200930000,4383450000,2498450000,357785000,1283000000,0.66,5.68%,61.00%,N/L,N/L,N/L,N/L,N/L,2025-07-28
FN,Fabrinet,"Electronics - Misc Components","Computers and Technology",10517122000,29.89,5.01,12.88%,17.77%,0,25.809999,10107152000,354140000,308740000,35730000,296180000,1.02,0.38%,97.38%,N/L,N/L,N/L,N/L,N/L,2025-08-18
FNB,"F.N.B. Corp","Banks - Southeast",Finance,5925876000,11.31,0.87,1.04%,7.94%,0.41,9.85,6518876000,821000000,754000000,359144000,465000000,0.94,1.37%,79.25%,N/L,N/L,N/L,N/L,N/L,2025-10-16
FND,"Floor & Decor Holdings Inc","Retail - Home Furniture",Retail-Wholesale,9478962000,42.56,3.8,3.96%,9.36%,0.09,20.049999,9487922000,504130000,271660000,107691000,205870000,1.68,2.10%,N/A,N/L,N/L,N/L,N/L,N/L,2025-07-31
FNF,"Fidelity National Financial","Insurance - Multi Line",Finance,16526192000,12.96,1.85,1.28%,14.30%,0.5,8.11,17368192000,3198000000,2459000000,271723000,1270000000,1.02,5.50%,81.17%,N/L,N/L,N/L,N/L,N/L,2025-08-06
FNGR,"Fingermotion Inc","Technology Services","Business Services",96241000,0,5.69,-13.12%,-44.33%,0.07,N/A,96241000,-5510000.,-5670000.,59408000,-5110000.,-0.86,8.20%,3.90%,N/L,N/L,N/L,N/L,N/L,2025-07-18
FNKO,"Funko Inc Cl A","Consumer Prdts - Misc Discr","Consumer Discretionary",172739000,0,0.9,-6.15%,-19.97%,0.61,2.81,260889000,83170000,20590000,55365000,-14720000.,0.81,3.27%,99.15%,N/L,N/L,N/L,N/L,N/L,2025-08-07
FNLC,"First Bancorp Inc","Banks - Northeast",Finance,303370000,9.57,1.08,0.95%,11.60%,0.36,9.26,348630000,46390000,42530000,11211000,27050000,0.56,5.09%,40.41%,N/L,N/L,N/L,N/L,N/L,2025-07-23
FNV,"Franco Nev Corp","Mining - Gold","Basic Materials",35668956000,44.79,5.31,11.88%,12.56%,0,41.52,34217656000,1179900000,954600000,192701000,552100000,0.36,0.70%,77.06%,N/L,N/L,N/L,N/L,N/L,2025-08-11
FOA,"Finance of America Companies Inc Cl A","Finance - Mortgage & Rel Svs",Finance,317504000,13.63,0.62,0.01%,0.96%,22.18,4.9,9887854000,263390000,223550000,11059000,15490000,1.45,25.00%,97.20%,N/L,N/L,N/L,N/L,N/L,2025-08-05
FOLD,"Amicus Therapeutics","Medical - Biomedical",Medical,2345699000,0,11.47,-1.23%,-5.07%,1.92,N/A,2522059000,38920000,28110000,308239000,-56110000.,0.53,2.20%,N/A,N/L,N/L,N/L,N/L,N/L,2025-07-31
FOR,"Forestar Group Inc","Real Estate Developers",Finance,1452299000,8.41,0.82,5.47%,10.02%,0.52,6.62,1677499000,210000000,207000000,50833000,203400000,1.39,0.40%,35.50%,N/L,N/L,N/L,N/L,N/L,2025-07-22
FORM,"Formfactor Inc","Electronics - Semiconductors","Computers and Technology",2248644000,40.36,2.17,4.63%,5.57%,0.01,24.379999,2067494000,70950000,41290000,77114000,69610000,1.16,0.90%,98.76%,N/L,N/L,N/L,N/L,N/L,2025-07-30
FORR,"Forrester Resrch","Computer - Services","Computers and Technology",191774000,13.72,1.13,2.83%,6.92%,0.22,3.74,170684000,47790000,17610000,19063000,-5750000.,0.94,40.40%,55.20%,N/L,N/L,N/L,N/L,N/L,2025-07-31
FOSL,"Fossil Group","Retail - Apparel & Shoes",Retail-Wholesale,157052000,0,1.13,-2.27%,-12.07%,1.34,N/A,198292000,-23000000.,-39000000.,53785000,-102670000.,2.53,7.80%,61.14%,N/L,N/L,N/L,N/L,N/L,2025-08-13
FOUR,"Shift4 Payments Inc","Financial Transaction Services","Business Services",8058716000,22.58,7.72,6.88%,37.05%,1.87,12.93,9687816000,802400000,496500000,88431000,229600000,1.81,25.15%,98.87%,N/L,N/L,N/L,N/L,N/L,2025-08-05
FOX,"Fox Corp Cl B","Broadcast - Radio & TV","Consumer Discretionary",24250524000,11.29,2,9.56%,18.86%,0.55,9.28,25789524000,4009000000,3614000000,445536000,2263000000,0.58,23.06%,26.41%,N/L,N/L,N/L,N/L,N/L,2025-08-05
FOXA,"Fox Corp Cl A","Broadcast - Radio & TV","Consumer Discretionary",26473750000,12.35,2.18,9.56%,18.86%,0.55,10.15,28012750000,4009000000,3614000000,445536000,2263000000,0.54,21.77%,52.52%,N/L,N/L,N/L,N/L,N/L,2025-08-05
FOXF,"Fox Factory Corp","Auto - Domestic",Auto-Tires-Trucks,1268660000,22,1.23,2.56%,5.03%,0.73,8.04,1902020000,195560000,103760000,41801000,6550000,1.5,0.30%,N/A,N/L,N/L,N/L,N/L,N/L,2025-08-07
FPH,"Five Point Holdings Llc Cl A","Real Estate Developers",Finance,849842000,5.05,0.37,2.52%,3.61%,0,9.32,442972000,140750000,121390000,149095000,68300000,1.53,21.49%,38.09%,N/L,N/L,N/L,N/L,N/L,2025-10-16
FPI,"Farmland Partners Inc","REIT - Equity Trust Other",Finance,495839000,36.2,1.03,8.06%,14.18%,0,7.96,417399000,16830000,11010000,44913000,59910000,0.84,8.30%,58.00%,N/L,N/L,N/L,N/L,N/L,2025-07-23
FR,"First Industrial Realty Trust","REIT - Equity Trust Other",Finance,6828125000,17.51,2.4,5.08%,9.92%,0.88,14.03,8985745000,648960000,469020000,132405000,287550000,1.04,1.06%,99.85%,N/L,N/L,N/L,N/L,N/L,2025-10-15
FRBA,"First Bank","Banks - Northeast",Finance,325058000,10.34,0.76,1.02%,9.51%,0.75,10.06,329288000,54630000,49270000,19570000,42240000,0.77,13.13%,64.86%,N/L,N/L,N/L,N/L,N/L,2025-07-22
FRGE,"Forge Global Hldgs Inc","Finance - Misc Services",Finance,265219000,0,1.15,-24.21%,-28.21%,0,N/A,158959000,-54650000.,-63960000.,13601000,-66330000.,2.3,4.50%,40.67%,N/L,N/L,N/L,N/L,N/L,2025-07-30
FRHC,"Freedom Holding Corp","Finance - Misc Services",Finance,10655689000,132.54,8.34,0.86%,6.49%,0.55,32.919998,9480469000,369990000,143140000,61222000,84650000,1.14,70.00%,1.26%,N/L,N/L,N/L,N/L,N/L,2025-08-08
FRO,"Frontline Plc","Transportation - Ship",Transportation,4579355000,15.15,1.94,4.77%,12.67%,1.58,6.14,7910215000,1294970000,955940000,222623000,495580000,0.22,48.08%,22.70%,N/L,N/L,N/L,N/L,N/L,2025-08-29
FROG,"Jfrog Ltd","Internet - Software","Computers and Technology",5491543000,0,6.5,-5.20%,-7.54%,0,N/A,5441673000,-89380000.,-104270000.,116742000,-69240000.,1.06,14.10%,85.02%,N/L,N/L,N/L,N/L,N/L,2025-08-07
FRPT,"Freshpet Inc CS","Food - Misc & Diversified","Consumer Staples",3054603000,59.26,2.75,3.21%,4.82%,0,25.559999,2785973000,113290000,37590000,48780000,46930000,1.77,4.43%,N/A,N/L,N/L,N/L,N/L,N/L,2025-08-04
FRSH,"Freshworks Inc Cl A","Internet - Software","Computers and Technology",4071263000,0,3.91,-1.78%,-2.56%,0,N/A,3450943000,-40090000.,-72070000.,291429000,-95370000.,0.94,11.17%,75.58%,N/L,N/L,N/L,N/L,N/L,2025-07-29
FRST,"Primis Financial Corp","Finance - Misc Services",Finance,274769000,0,0.7,-0.20%,-2.02%,0.26,116.489998,306139000,14730000,5760000,24643000,-16210000.,0.8,10.96%,74.96%,N/L,N/L,N/L,N/L,N/L,2025-07-24
FRSX,"Foresight Autonomous Holdings Ltd ADR","Technology Services","Business Services",3897000,0,0.62,0.00%,0.00%,0,N/A,-3283000.,-12480000.,-12680000.,10826000,-11140000.,1.1,10.59%,23.45%,N/L,N/L,N/L,N/L,N/L,2025-08-22
FRT,"Federal Realty Investment Trust","REIT - Equity Trust Retail",Finance,8579152000,13.66,2.61,4.04%,11.19%,1.36,12.94,13282272000,1218970000,876370000,86266000,295210000,1.14,1.00%,93.86%,N/L,N/L,N/L,N/L,N/L,2025-08-06
FSBC,"Five Star Bancorp","Banks - West",Finance,696811000,12.74,1.6,1.25%,12.89%,0,13.48,340351000,81470000,77790000,21368000,45670000,0.51,21.70%,46.94%,N/L,N/L,N/L,N/L,N/L,2025-07-23
FSK,"FS KKR Capital Corp","Finance - SBIC & Commercial",Finance,5063666000,12.22,0.76,2.75%,6.24%,1.31,6.01,12136666000,788000000,769000000,280070000,585000000,0.93,0.18%,36.26%,N/L,N/L,N/L,N/L,N/L,2025-08-06
FSLR,"First Solar Inc",Solar,Oils-Energy,21694124000,16.42,2.41,10.36%,15.57%,0.07,11.98,20682514000,1785120000,1361620000,107248000,1292040000,1.48,0.48%,92.08%,N/L,N/L,N/L,N/L,N/L,2025-07-31
FSLY,"Fastly Inc","Internet - Software","Computers and Technology",1105500000,0,1.11,-7.87%,-11.98%,0.36,N/A,1156930000,-60380000.,-150040000.,147400000,-158060000.,1.19,6.70%,79.71%,N/L,N/L,N/L,N/L,N/L,2025-08-06
FSM,"Fortuna Mines","Mining - Misc","Basic Materials",2317548000,12.05,1.46,8.99%,12.74%,0.08,6.03,2212248000,531040000,301080000,306960000,128740000,0.85,1.00%,33.80%,N/L,N/L,N/L,N/L,N/L,2025-08-06
FSP,"Franklin Street Properties","REIT - Equity Trust Other",Finance,177310000,14.73,0.27,-5.71%,-8.29%,0.4,N/A,381550000,57470000,10100000,103690000,-52720000.,0.87,9.62%,61.41%,N/L,N/L,N/L,N/L,N/L,2025-07-29
FSS,"Federal Signal Corp","Conglomerates - Div Operations",Conglomerates,7800828000,33.91,6.01,12.44%,18.91%,0.21,28.219999,7933528000,389700000,325800000,60792000,216300000,1.3,3.30%,92.73%,N/L,N/L,N/L,N/L,N/L,2025-07-30
FSTR,"Foster L B Company","Steel - Producers","Basic Materials",258909000,37.85,1.35,1.88%,3.64%,0.47,10.27,303399000,34340000,20260000,10598000,42950000,0.98,4.70%,80.63%,N/L,N/L,N/L,N/L,N/L,2025-08-11
FSV,"Firstsrvce Sub VT Sh","Real Estate Operations",Finance,9101034000,38.17,7.17,5.17%,18.24%,0.99,27.879999,10849084000,696360000,531090000,45553000,134380000,0.95,N/A,69.35%,N/L,N/L,N/L,N/L,N/L,2025-07-24
FTAI,"Ftai Aviation Ltd","Aerospace - Defense Equipment",Aerospace,15150761000,36.16,90.879997,11.31%,465.13%,0,27.92,15035761000,966030000,692540000,102571000,8680000,1.61,1.30%,88.96%,N/L,N/L,N/L,N/L,N/L,2025-07-29
FTCI,"Ftc Solar Inc",Solar,Oils-Energy,95944000,0,10.59,-55.79%,-262.78%,1.21,N/A,94164000,-48500000.,-50470000.,14875000,-48610000.,1.4,21.00%,45.36%,N/L,N/L,N/L,N/L,N/L,2025-08-05
FTDR,"Frontdoor Inc","Building & Construction - Misc",Construction,4353092000,14.97,17,15.65%,125.21%,4.67,14.83,5131092000,402000000,363000000,72849000,235000000,1.32,1.48%,N/A,N/L,N/L,N/L,N/L,N/L,2025-08-05
FTEK,"Fuel Tech Inc","Pollution Controls","Industrial Products",86075000,0,2.04,-6.71%,-7.70%,0,N/A,77565000,-4100000.,-4560000.,31074000,-1940000.,4.63,10.00%,20.94%,N/L,N/L,N/L,N/L,N/L,2025-08-05
FTFT,"Future Fintech Group Inc","Internet Commerce",Retail-Wholesale,7592000,0,0.47,-200.95%,-347.16%,0.01,N/A,2782000,-62260000.,-62530000.,3451000,-32960000.,1.34,0.87%,0.19%,N/L,N/L,N/L,N/L,N/L,2025-08-18
FTHM,"Fathom Holdings Inc","Technology Services","Business Services",42220000,0,0.83,-29.65%,-53.57%,0.45,N/A,48870000,-16330000.,-21850000.,28147000,-21580000.,2.11,16.40%,55.49%,N/L,N/L,N/L,N/L,N/L,2025-08-12
FTI,"Technipfmc Plc","Oil - Field Services",Oils-Energy,14845898000,16.12,4.4,9.54%,29.42%,0.21,12.56,14573398000,1532100000,1139400000,411016000,842900000,1.04,1.80%,96.58%,N/L,N/L,N/L,N/L,N/L,2025-07-24
FTK,"Flotek Industries","Oil - Field Services",Oils-Energy,355907000,21.2,4.84,10.86%,17.67%,0.62,20.07,356247000,23910000,17090000,29858000,10500000,1.32,3.02%,10.90%,N/L,N/L,N/L,N/L,N/L,2025-08-05
FTNT,"Fortinet Inc",Security,"Computers and Technology",61316600000,33.51,28.879999,18.06%,111.46%,0.48,30.030001,59435000000,2324500000,1956800000,766266000,1745200000,1.07,17.20%,83.71%,N/L,N/L,N/L,N/L,N/L,2025-08-06
FTRE,"Fortrea Holdings Inc","Medical - Biomedical",Medical,756818000,12.49,1.19,1.72%,5.25%,2,4.93,1762818000,65900000,-45000000.,90800000,-328500000.,1.81,0.38%,N/A,N/L,N/L,N/L,N/L,N/L,2025-08-06
FTS,"Fortis Inc","Utility - Electric Power",Utilities,25522802000,20.64,1.48,2.38%,7.24%,1.31,9.78,50857812000,5300500000,3894170000,503607000,1226060000,0.46,N/A,57.77%,N/L,N/L,N/L,N/L,N/L,2025-08-01
FTV,"Fortive Corp","Electronic Test Equipment","Computers and Technology",16683349000,13.38,1.56,7.08%,11.96%,0.46,8.65,19577350000,1602300000,1058400000,338336000,832900000,1.08,0.92%,94.94%,N/L,N/L,N/L,N/L,N/L,2025-07-30
FUBO,"Fubo TV","Broadcast - Radio & TV","Consumer Discretionary",1195091000,0,2.89,-5.41%,-20.81%,0.47,N/A,1367071000,-43520000.,-84830000.,342433000,-172250000.,2.28,5.30%,39.31%,N/L,N/L,N/L,N/L,N/L,2025-08-08
FUL,"H. B. Fuller Company","Chemical - Specialty","Basic Materials",3357100000,15.72,1.71,4.21%,11.50%,1.13,8.26,5197801000,501950000,327240000,53964000,130260000,1.13,1.99%,95.93%,N/L,N/L,N/L,N/L,N/L,2025-09-24
FULC,"Fulcrum Therapeutics Inc","Medical - Biomedical",Medical,372153000,0,1.65,-28.96%,-31.05%,0,N/A,313943000,-83190000.,-84780000.,54092000,-9730000.,2.47,7.00%,89.83%,N/L,N/L,N/L,N/L,N/L,2025-07-30
FULT,"Fulton Financial Cor","Banks - Northeast",Finance,3576523000,9.02,1.07,1.20%,12.64%,0.35,9.89,3555533000,533440000,531550000,182104000,288740000,0.82,1.08%,72.02%,N/L,N/L,N/L,N/L,N/L,2025-07-15
FUN,"Cedar Fair LP","Leisure & Recreation Services","Consumer Discretionary",2638318000,0,1.46,-0.22%,-1.00%,2.98,5.83,7488218000,955210000,594630000,101279000,-231160000.,0.82,1.80%,64.65%,N/L,N/L,N/L,N/L,N/L,2025-08-06
FUTU,"Futu Holdings Ltd ADR","Technology Services","Business Services",26525648000,25.03,5.92,4.64%,26.36%,0.33,35.380001,16918288000,1054210000,1045210000,139140000,700730000,0.49,35.20%,0.00%,N/L,N/L,N/L,N/L,N/L,2025-08-20
FVCB,"Fvcbankcorp Inc","Banks - Southeast",Finance,245688000,11.86,1,0.90%,8.70%,0.08,14.14,173438000,26190000,14080000,18052000,15060000,0.39,10.85%,43.61%,N/L,N/L,N/L,N/L,N/L,2025-07-24
FVRR,"Fiverr International Ltd","Internet Commerce",Retail-Wholesale,846635000,20.21,2.04,4.01%,11.87%,1.2,18.370001,891185000,-8270000.,-16550000.,35844000,18250000,1.45,15.90%,59.00%,N/L,N/L,N/L,N/L,N/L,2025-07-30
FWONA,"Liberty Media Formula One Sr A","Media Conglomerates","Consumer Discretionary",23063408000,88.68,N/A,0.00%,0.00%,0,N/A,23063408000,0,0,249442000,1815000000,0.52,2.97%,8.38%,N/L,N/L,N/L,N/L,N/L,2025-08-07
FWONK,"Liberty Media Formula One Sr C","Media Conglomerates","Consumer Discretionary",23020162000,99.38,N/A,0.00%,0.00%,0,N/A,23020162000,0,0,223627000,1815000000,0.46,4.31%,92.26%,N/L,N/L,N/L,N/L,N/L,2025-08-07
FWRD,"Foward Air Corp","Transportation - Truck",Transportation,950549000,0,3.93,-3.77%,-40.36%,7.85,0.57,2521209000,1368620000,196240000,30792000,-816970000.,1.43,17.20%,97.03%,N/L,N/L,N/L,N/L,N/L,2025-08-11
FWRG,"First Watch Restaurant Group Inc","Retail - Restaurants",Retail-Wholesale,1136877000,293.33,1.79,0.26%,0.69%,0.44,13.81,1301837000,142490000,84210000,61024000,18930000,0.91,6.00%,96.11%,N/L,N/L,N/L,N/L,N/L,2025-08-05
FYBR,"Frontier Communications Parent Inc","Communication Network Software","Computers and Technology",9246599000,0,1.94,-1.85%,-7.88%,2.54,7.16,20276600000,3638000000,2033000000,250314000,-322000000.,0.95,1.60%,N/A,N/L,N/L,N/L,N/L,N/L,2025-07-29
G,"Genpact Ltd","IT Services","Computers and Technology",7896175000,14.55,3.01,10.61%,22.15%,0.5,12.37,8469365000,855230000,756560000,174270000,513670000,0.92,3.07%,96.03%,N/L,N/L,N/L,N/L,N/L,2025-08-07
GAIA,"Gaiam Inc","Broadcast - Radio & TV","Consumer Discretionary",144170000,0,1.33,-3.36%,-5.00%,0.06,9.16,144110000,12350000,-6270000.,25073000,-5230000.,0.96,28.63%,40.53%,N/L,N/L,N/L,N/L,N/L,2025-08-11
GAIN,"Gladstone Investment","Finance - SBIC & Commercial",Finance,536213000,14.51,1.07,3.53%,7.33%,0,8.05,521063000,71020000,42210000,38219000,65320000,0.92,2.40%,11.85%,N/L,N/L,N/L,N/L,N/L,2025-08-12
GALT,"Galectin Therapeutic","Medical - Drugs",Medical,262646000,0,N/A,-225.32%,0.00%,0,N/A,249746000,-33990000.,-34030000.,64060000,-47050000.,0.82,50.10%,11.68%,N/L,N/L,N/L,N/L,N/L,2025-08-12
GAMB,"Gambling.com Group Ltd","Advertising Marketing Services","Business Services",305346000,5.8,2.12,20.75%,38.04%,0.65,6.02,314546000,20920000,15120000,35713000,30680000,0.91,57.90%,72.26%,N/L,N/L,N/L,N/L,N/L,2025-08-14
GANX,"Gain Therapeutics Inc","Medical - Drugs",Medical,70820000,0,14.73,-155.11%,-289.10%,0.12,N/A,60870000,-17170000.,-17250000.,35949000,-20410000.,0.1,7.18%,11.97%,N/L,N/L,N/L,N/L,N/L,2025-08-14
GAP,"Gap Inc","Retail - Apparel & Shoes",Retail-Wholesale,8066858000,9.18,2.4,7.51%,27.86%,0.45,5.93,7221858000,1671000000,1167000000,376604000,844000000,2.15,30.56%,58.81%,N/L,N/L,N/L,N/L,N/L,2025-08-28
GASS,"Stealthgas Inc","Transportation - Ship",Transportation,267728000,3.96,0.41,9.21%,10.79%,0.08,2.72,271968000,108570000,81680000,36979000,69860000,0.39,22.10%,66.32%,N/L,N/L,N/L,N/L,N/L,2025-08-25
GATX,"GATX Corp","Transportation - Equip & Lease",Transportation,5925618000,18.54,2.14,2.49%,12.53%,3.31,8.01,13749518000,1360800000,939400000,35600000,284200000,1.18,2.17%,93.14%,N/L,N/L,N/L,N/L,N/L,2025-07-29
GAU,"Galiano Gold Inc","Mining - Gold","Basic Materials",545382000,11.67,2.24,9.10%,19.95%,0,8.19,439602000,133190000,109450000,258475000,6120000,0.57,0.26%,66.82%,N/L,N/L,N/L,N/L,N/L,2025-08-13
GBCI,"Glacier Bancorp Inc","Banks - West",Finance,5741425000,23.68,1.53,0.78%,6.63%,0.42,19.6,5109465000,500410000,427520000,118551000,190140000,0.79,0.53%,80.17%,N/L,N/L,N/L,N/L,N/L,2025-07-24
GBDC,"Golub Capital Bdc","Finance - SBIC & Commercial",Finance,3937037000,8.91,0.97,4.87%,10.87%,1.28,9.78,8186198000,416670000,415690000,266376000,273790000,0.51,3.60%,42.38%,N/L,N/L,N/L,N/L,N/L,2025-08-04
GBIO,"Generation Bio Co.","Medical - Biomedical",Medical,43444000,0,0.78,-33.65%,-91.07%,0,N/A,-32856000.,-76040000.,-80970000.,6735000,-131670000.,2.67,21.80%,95.22%,N/L,N/L,N/L,N/L,N/L,2025-08-13
GBTG,"Global Business Travel Group Inc","Internet - Software","Computers and Technology",3956672000,0,3.17,-0.65%,-2.19%,1.14,39.09,4804672000,490000000,312000000,479016000,-138000000.,0.73,1.70%,82.46%,N/L,N/L,N/L,N/L,N/L,2025-08-05
GBX,"Greenbrier Companies","Transportation - Equip & Lease",Transportation,1466681000,6.37,0.85,5.43%,14.56%,0.83,5.17,2543981000,527400000,411800000,30884000,160100000,1.69,1.78%,95.59%,N/L,N/L,N/L,N/L,N/L,2025-07-01
GCI,"Gannett Inc","Advertising Marketing Services","Business Services",623122000,10.59,2.56,5.14%,53.24%,3.17,3.36,1346872000,338920000,182630000,146617000,-26350000.,2.62,4.20%,76.71%,N/L,N/L,N/L,N/L,N/L,2025-07-31
GCMG,"Gcm Grosvenor Inc","Finance - Investment Mgmt",Finance,2534702000,21.9,N/A,19.54%,-149.74%,-20.84,24.6,2877292000,99810000,103190000,194230000,18700000,0.72,76.40%,99.95%,N/L,N/L,N/L,N/L,N/L,2025-08-07
GCO,"Genesco Inc","Retail - Apparel & Shoes",Retail-Wholesale,307848000,27.3,0.56,0.84%,2.22%,0.23,4.83,274678000,70370000,17910000,10779000,-18890000.,2.25,23.11%,94.51%,N/L,N/L,N/L,N/L,N/L,2025-08-28
GCT,"Gigacloud Technology Inc Cl A","Technology Services","Business Services",1168776000,8.99,2.61,12.35%,32.33%,0,9.13,908336000,141020000,132500000,37666000,125810000,2.36,24.71%,34.94%,N/L,N/L,N/L,N/L,N/L,2025-08-07
GD,"General Dynamics Corp","Aerospace - Defense",Aerospace,85972848000,21.24,3.61,7.21%,17.99%,0.37,18.33,93037848000,6063000000,5177000000,268993000,3782000000,0.48,1.50%,86.14%,N/L,N/L,N/L,N/L,N/L,2025-07-23
GDDY,"Godaddy Inc","Internet Services - Delivery","Computers and Technology",20361696000,26.94,50.139999,9.68%,189.42%,9.37,24.559999,23067696000,1284700000,1149400000,138449000,936900000,1.08,0.70%,90.28%,N/L,N/L,N/L,N/L,N/L,2025-08-07
GDE,"Wisdomtree Efficient Gold Plus Equity Strategy",N/A,N/A,N/A,N/A,N/A,N/A,N/A,N/A,N/A,N/A,N/A,N/A,N/A,0,N/A,N/A,N/A,N/L,N/L,N/L,N/L,N/L,N/A
GDEN,"Golden Entmt",Gaming,"Consumer Discretionary",661667000,45.11,1.44,1.43%,3.23%,0.95,9.06,1014527000,223910000,131670000,26158000,50730000,1.83,30.50%,70.73%,N/L,N/L,N/L,N/L,N/L,2025-08-07
GDOT,"Green Dot Corp","Financial Transaction Services","Business Services",739382000,8.16,0.8,1.66%,9.93%,0.07,5.57,-804528000.,168310000,85600000,54891000,-26700000.,0.75,1.40%,92.56%,N/L,N/L,N/L,N/L,N/L,2025-08-11
GDRX,"Goodrx Holdings Inc Cl A","Medical Services",Medical,1584372000,26.41,2.43,4.50%,8.86%,0.76,14.11,1627732000,238090000,166050000,347450000,16390000,1.24,4.53%,63.77%,N/L,N/L,N/L,N/L,N/L,2025-08-06
GDS,"Gds Holdings Ltd ADR","Technology Services","Business Services",6385465000,200,1.78,0.41%,1.40%,1.11,16.940001,8932815000,646560000,180060000,190554000,476470000,0.33,7.99%,33.71%,N/L,N/L,N/L,N/L,N/L,2025-08-20
GDYN,"Grid Dynamics Holdings Inc","IT Services","Computers and Technology",685827000,80.1,1.27,1.64%,1.89%,0,23.120001,351167000,19980000,1240000,84670000,4040000,1.06,7.20%,71.18%,N/L,N/L,N/L,N/L,N/L,2025-07-31
GE,"GE Aerospace","Aerospace - Defense",Aerospace,282638784000,47.81,14.73,4.86%,31.32%,0.98,46.380001,288292800000,11406000000,10222000000,1060439000,6555000000,1.44,0.21%,74.77%,N/L,N/L,N/L,N/L,N/L,2025-07-17
GEF,"Greif Bros Corp","Containers - Paper Products","Industrial Products",3217381000,18.16,1.48,3.23%,10.21%,1.28,6.27,5890181000,737400000,476100000,47461000,268800000,1,7.60%,45.74%,N/L,N/L,N/L,N/L,N/L,2025-08-27
GEHC,"GE Healthcare Technologies Inc","Medical Products",Medical,34342596000,15.7,3.43,6.29%,23.93%,1.2,12.66,42113596000,3339000000,2759000000,456562000,1993000000,1.13,0.28%,82.06%,N/L,N/L,N/L,N/L,N/L,2025-07-30
GEL,"Genesis Energy LP","Oil Refining & Marketing MLP",Oils-Energy,2095359000,0,12.78,-1.86%,-24.47%,18.85,7.99,6986549000,816650000,488850000,122464000,-63950000.,1.09,0.72%,66.82%,N/L,N/L,N/L,N/L,N/L,2025-07-31
GEN,"Gen Digital Inc","Technology Services","Business Services",19449144000,15,8.12,8.22%,58.00%,3.75,11.5,26702144000,2246000000,1827000000,615869000,643000000,1,9.30%,81.38%,N/L,N/L,N/L,N/L,N/L,2025-08-07
GENC,"Gencor Industries IN","Machinery - Thermal Processing","Industrial Products",238046000,14.99,1.09,6.98%,7.48%,0,13.32,212566000,18080000,15480000,14658000,14560000,0.55,30.39%,0.00%,N/L,N/L,N/L,N/L,N/L,2025-08-08
GENI,"Genius Sports Ltd","Internet - Content","Computers and Technology",2772150000,0,3.78,-8.76%,-11.48%,0,148.520004,2636930000,-40520000.,-114370000.,215229000,-63040000.,1.86,16.60%,81.91%,N/L,N/L,N/L,N/L,N/L,2025-08-06
GEO,"Geo Group Inc","Government Services","Business Services",3033095000,30.23,2.16,2.68%,7.26%,1.07,12.57,4664615000,546110000,411640000,141535000,31970000,0.75,5.30%,76.10%,N/L,N/L,N/L,N/L,N/L,2025-08-06
GEOS,"Geospace Technologie","Electronics - Measuring Inst","Computers and Technology",249881000,58.93,1.69,2.47%,2.77%,0,9.16,242981000,13310000,-890000.,12821000,-6580000.,0.6,7.64%,57.15%,N/L,N/L,N/L,N/L,N/L,2025-08-07
GERN,"Geron Corp","Medical - Biomedical",Medical,931505000,0,3.51,-16.01%,-31.37%,0.46,N/A,969105000,-88990000.,-77420000.,638017000,-174570000.,0.73,7.42%,73.71%,N/L,N/L,N/L,N/L,N/L,2025-08-06
GES,"Guess Inc","Textile - Apparel","Consumer Staples",875966000,9.35,1.64,3.43%,18.25%,0,4.88,688636000,240760000,167020000,52017000,60420000,1.24,33.70%,61.74%,N/L,N/L,N/L,N/L,N/L,2025-08-27
GETY,"Getty Images Holdings Inc Cl A","Internet - Software","Computers and Technology",825474000,0,1.14,-3.84%,-14.39%,2.06,7.72,2014594000,282780000,218970000,414811000,39530000,1.87,11.20%,45.75%,N/L,N/L,N/L,N/L,N/L,2025-08-11
GEV,"GE Vernova Inc","Other Alt Energy",Oils-Energy,165259024000,124.95,16.58,2.60%,13.23%,0,89.849998,157054016000,1827000000,655000000,272224000,1552000000,1.9,0.15%,N/A,N/L,N/L,N/L,N/L,N/L,2025-07-23
GEVO,"Gevo Inc","Other Alt Energy",Oils-Energy,418382000,0,0.81,-9.09%,-12.04%,0.29,N/A,294612000,-12360000.,-30660000.,241839000,-78640000.,2.67,6.80%,35.17%,N/L,N/L,N/L,N/L,N/L,2025-08-11
GFF,"Griffon Corp","Conglomerates - Div Operations",Conglomerates,3517066000,12.93,53.189999,11.55%,144.21%,22.58,11.15,4918527000,507450000,442540000,46559000,209900000,1.09,10.20%,73.22%,N/L,N/L,N/L,N/L,N/L,2025-08-06
GFI,"Gold Fields Ltd ADR","Mining - Gold","Basic Materials",27853148000,0,5.05,0.00%,0.00%,0.46,14.91,29488548000,2713700000,0,895024000,1245000000,0.42,36.80%,24.81%,N/L,N/L,N/L,N/L,N/L,2025-02-27
GFL,"Gfl Environmental Inc","Waste Removal Svcs","Business Services",18541496000,95.92,3.24,1.42%,3.71%,0.85,14.56,25741486000,1463780000,319600000,363345000,-527430000.,1,8.71%,64.70%,N/L,N/L,N/L,N/L,N/L,2025-07-30
GFS,"Globalfoundries Inc","Electronics - Semiconductors","Computers and Technology",19069972000,24.51,1.57,4.32%,6.55%,0.1,8.13,18683972000,2303000000,766000000,552913000,-265000000.,1.5,N/A,N/A,N/L,N/L,N/L,N/L,N/L,2025-08-05
GGAL,"Grupo Fin Galicia ADR","Banks - Foreign",Finance,6675921000,0,1.12,5.86%,29.98%,0.23,3.42,367051000,7267990000,7061120000,147469000,1787220000,1.6,N/A,0.00%,N/L,N/L,N/L,N/L,N/L,2025-04-25
GGB,"Gerdau S.A. ADR","Steel - Producers","Basic Materials",5953430000,8.79,0.6,4.29%,6.51%,0.28,4.39,6912250000,1619690000,1040080000,1997795000,846600000,1.36,0.02%,1.49%,N/L,N/L,N/L,N/L,N/L,2025-07-31
GGG,"Graco Inc","Machinery - General Industrial","Industrial Products",14470058000,30.24,5.61,15.77%,19.05%,0,25.459999,13794718000,663980000,577230000,165694000,486080000,1.04,2.19%,93.88%,N/L,N/L,N/L,N/L,N/L,2025-07-23
GGR,"Gogoro Inc","Technology Services","Business Services",105489000,0,0.65,-17.54%,-69.46%,3.05,N/A,345109000,-35290000.,-132300000.,295075000,-122750000.,0.97,4.80%,15.87%,N/L,N/L,N/L,N/L,N/L,2025-08-12
GH,"Guardant Health Inc","Medical - Biomedical",Medical,7656949000,0,N/A,-28.95%,0.00%,-3.65,N/A,8273959000,-422560000.,-460750000.,124706000,-436370000.,1.43,6.10%,92.60%,N/L,N/L,N/L,N/L,N/L,2025-07-30
GHI,"Greystone Housing Impact Investors LP","Finance - Misc Services",Finance,255393000,16.21,0.92,1.11%,5.63%,3.85,12.98,1496593000,67270000,66860000,23582000,21320000,0.61,1.80%,9.01%,N/L,N/L,N/L,N/L,N/L,2025-08-07
GHM,"Graham Corp","Machinery - General Industrial","Industrial Products",551873000,35.55,4.33,5.85%,12.83%,0,25.99,530293000,23650000,16930000,10976000,12230000,0.92,6.00%,69.46%,N/L,N/L,N/L,N/L,N/L,2025-08-05
GHRS,"Gh Research Plc","Medical - Biomedical",Medical,680526000,0,2.23,-16.06%,-16.71%,0,N/A,579736000,-52670000.,-52990000.,52028000,-38960000.,0.98,41.60%,56.90%,N/L,N/L,N/L,N/L,N/L,2025-09-02
GIB,"CGI Group","Computer - Services","Computers and Technology",21614128000,16.3,2.86,10.14%,18.53%,0.35,12.77,22515958000,2205060000,1810520000,222918000,1243980000,0.72,9.90%,66.68%,N/L,N/L,N/L,N/L,N/L,2025-07-30
GIC,"Global Industrial Co.","Industrial Services","Industrial Products",1393744000,20.75,4.46,12.14%,22.89%,0,19.860001,1349144000,96000000,88400000,38374000,61000000,0.8,64.19%,31.19%,N/L,N/L,N/L,N/L,N/L,2025-07-29
GIFI,"Gulf Island Fab","Oil Field Machinery & Equip",Oils-Energy,108878000,9.64,1.18,8.72%,12.59%,0.2,5.63,99408000,12360000,7490000,16035000,14740000,0.24,20.10%,46.40%,N/L,N/L,N/L,N/L,N/L,2025-08-06
GIII,"G-III Apparel Gp","Textile - Apparel","Consumer Staples",1168829000,5.7,0.68,7.95%,12.65%,0,4.95,990439000,348930000,321490000,43306000,193570000,1.49,13.00%,92.13%,N/L,N/L,N/L,N/L,N/L,2025-09-04
GIL,"Gildan Activewear","Textile - Apparel","Consumer Staples",8313447000,16.73,5.71,13.06%,34.31%,1.3,13.17,9750517000,839270000,701070000,149254000,400870000,1.17,1.99%,82.83%,N/L,N/L,N/L,N/L,N/L,2025-07-31
GILD,"Gilead Sciences Inc","Medical - Biomedical",Medical,142407424000,15.01,7.37,17.24%,50.99%,1.27,16.91,160422432000,10818000000,8051000000,1240807000,480000000,0.33,0.27%,83.67%,N/L,N/L,N/L,N/L,N/L,2025-08-07
GILT,"Gilat Satellite Ntwk","Satellite Communication","Computers and Technology",537221000,17.94,1.72,6.02%,10.05%,0.18,12.98,418981000,35990000,22440000,57212000,24850000,0.46,1.13%,35.72%,N/L,N/L,N/L,N/L,N/L,2025-08-06
GIS,"General Mills","Food - Misc & Diversified","Consumer Staples",27218988000,11.83,2.93,7.16%,24.88%,1.54,9.37,41056688000,3843800000,3304800000,542427000,2295200000,-0.01,0.30%,75.71%,N/L,N/L,N/L,N/L,N/L,2025-09-17
GKOS,"Glaukos Corp","Medical Instruments",Medical,5399502000,0,6.71,-6.61%,-8.59%,0,N/A,5229872000,-60100000.,-96700000.,57350000,-146370000.,0.78,5.80%,99.04%,N/L,N/L,N/L,N/L,N/L,2025-07-30
GL,"Globe Life Inc","Insurance - Accident & Health",Finance,11441004000,10.76,2.13,3.74%,21.24%,0.51,7.72,14015324000,1865710000,1455710000,81004000,1070760000,0.56,1.51%,81.61%,N/L,N/L,N/L,N/L,N/L,2025-07-23
GLAD,"Gladstone Cap Corp","Finance - SBIC & Commercial",Finance,591298000,13.3,1.25,5.64%,9.43%,0.06,107.32,667448000,6240000,46910000,22330000,94720000,1.01,3.96%,10.72%,N/L,N/L,N/L,N/L,N/L,2025-08-04
GLBE,"Global-E Online Ltd","Internet Commerce",Retail-Wholesale,5648481000,0,5.91,-2.35%,-3.20%,0,56.970001,5393861000,145020000,-24520000.,169726000,-75550000.,1.24,11.60%,94.60%,N/L,N/L,N/L,N/L,N/L,2025-08-13
GLBS,"Globus Maritime Limi","Transportation - Ship",Transportation,20870000,0,0.12,-0.77%,-1.27%,0.65,2.49,91070000,20960000,11220000,20582000,430000,0.72,59.20%,31.60%,N/L,N/L,N/L,N/L,N/L,2025-09-11
GLDD,"Great Lakes Drg Dock","Building - Heavy Construction",Construction,810501000,10.94,1.62,5.88%,15.62%,0.87,6.21,1248501000,180960000,113780000,67995000,57270000,1.35,2.20%,89.11%,N/L,N/L,N/L,N/L,N/L,2025-08-05
GLNG,"Golar Lng Ltd","Oil - International Integrated",Oils-Energy,4687350000,29.43,1.98,3.44%,6.36%,0.6,19.059999,5497640000,172290000,15940000,104535000,50840000,0.56,0.02%,92.21%,N/L,N/L,N/L,N/L,N/L,2025-08-14
GLOB,"Globant S.A.","Internet Software Services","Computers and Technology",3078948000,13.58,1.36,7.03%,10.76%,0.2,7.59,3229398000,342170000,179440000,44029000,165730000,1.16,2.67%,91.60%,N/L,N/L,N/L,N/L,N/L,2025-08-14
GLP,"Global Partners LP","Oil Refining & Marketing MLP",Oils-Energy,1732776000,19.63,2.83,3.02%,17.95%,2.41,6.74,3479166000,411800000,264670000,33996000,94980000,1.02,41.50%,38.12%,N/L,N/L,N/L,N/L,N/L,2025-08-07
GLPG,"Galapagos NV ADR","Medical - Biomedical",Medical,2108800000,0,0.67,0.00%,0.00%,0,43.959999,2039290000,-153940000.,-203170000.,65900000,80160000,0.1,2.91%,32.46%,N/L,N/L,N/L,N/L,N/L,2025-07-23
GLPI,"Gaming & Leisure","REIT - Equity Trust Other",Finance,13626835000,12.41,2.72,5.76%,15.43%,1.41,11.9,20960874000,1680450000,1395800000,283008000,784620000,0.71,4.26%,91.14%,N/L,N/L,N/L,N/L,N/L,2025-07-24
GLRE,"Greenlight Cap. Re.","Insurance - Proprty & Casualty",Finance,450730000,12.19,0.67,1.81%,5.75%,0.09,10.31,-137610000.,76860000,75640000,34198000,42820000,0.67,23.55%,41.52%,N/L,N/L,N/L,N/L,N/L,2025-08-04
GLUE,"Monte Rosa Therapeutics Inc","Medical - Biomedical",Medical,297678000,12.5,1.03,6.42%,9.95%,0,N/A,73428000,23080000,14960000,61759000,-72700000.,1.42,6.90%,79.96%,N/L,N/L,N/L,N/L,N/L,2025-08-14
GLW,"Corning Inc","Communications Components","Computers and Technology",56339832000,28.84,4.81,6.96%,17.27%,0.65,18.219999,61782832000,3180000000,1830000000,856619000,506000000,1.08,0.40%,69.80%,N/L,N/L,N/L,N/L,N/L,2025-07-29
GLXU,"T-Rex 2X Long Glxy Daily Target ETF",N/A,N/A,N/A,N/A,N/A,N/A,N/A,N/A,N/A,N/A,N/A,N/A,N/A,0,N/A,N/A,N/A,N/L,N/L,N/L,N/L,N/L,N/A
GLXY,"Galaxy Digital Holdings","Finance - Misc Services",Finance,9621658000,0,3.41,0.00%,0.00%,0.41,N/A,9621658000,27710000,27710000,376287000,346722000,N/A,N/A,N/A,N/L,N/L,N/L,N/L,N/L,2025-08-05
GM,"General Motors Company","Auto - Domestic",Auto-Tires-Trucks,55572792000,5.55,0.79,3.13%,12.98%,1.98,2.43,165432800000,23043000000,10654000000,952078000,6008000000,1.36,0.54%,92.67%,N/L,N/L,N/L,N/L,N/L,2025-07-22
GMAB,"Genmab A/S ADR","Medical - Biomedical",Medical,15814035000,14.28,2.95,16.98%,21.03%,0,16.1,14384625000,1226540000,1166650000,641543000,1137380000,0.95,1.54%,7.07%,N/L,N/L,N/L,N/L,N/L,2025-08-07
GME,"Gamestop Corp",Gaming,"Consumer Discretionary",10239521000,41.78,2.02,3.99%,5.25%,0.3,59.259998,5499521000,53600000,14700000,447336000,131300000,-0.72,8.58%,29.21%,N/L,N/L,N/L,N/L,N/L,2025-09-09
GMED,"Globus Medical Inc","Medical Instruments",Medical,8443764000,18.85,1.91,8.86%,10.66%,0,9.09,8102674000,895910000,400470000,135057000,102980000,1.2,18.51%,95.16%,N/L,N/L,N/L,N/L,N/L,2025-08-07
GMGI,"Golden Matrix Group Inc",Gaming,"Consumer Discretionary",192487000,0,1.47,-3.92%,-7.50%,0.18,15.53,194007000,10720000,-70000.,139483000,-1480000.,0.34,23.20%,2.74%,N/L,N/L,N/L,N/L,N/L,2024-11-12
GMRE,"Global Medical REIT Inc","REIT - Equity Trust Other",Finance,490223000,7.87,1.04,0.82%,2.21%,1.34,7.2,1191303000,148020000,89690000,66879000,6630000,1.15,8.50%,57.52%,N/L,N/L,N/L,N/L,N/L,2025-08-05
GMS,"Gms Inc","Building Prds Retail - Wsale",Retail-Wholesale,4182683000,17.83,2.97,6.28%,16.97%,0.89,10.28,5391433000,587620000,421700000,38059000,115470000,1.76,1.90%,95.28%,N/L,N/L,N/L,N/L,N/L,2025-09-04
GNE,"Genie Energy Ltd Cl B","Utility - Electric Power",Utilities,419331000,0,2.18,3.26%,6.40%,0.05,9.85,296941000,6590000,5710000,26709000,12590000,0.15,17.40%,49.15%,N/L,N/L,N/L,N/L,N/L,2025-08-07
GNK,"Genco Shipping & Trading Ltd","Transportation - Ship",Transportation,720852000,58.93,0.79,1.23%,1.40%,0.1,4.74,759022000,171270000,94750000,42959000,76400000,1.19,2.37%,58.62%,N/L,N/L,N/L,N/L,N/L,2025-08-06
GNL,"Global Net Lease Inc","REIT - Equity Trust Other",Finance,1736809000,6.52,0.97,-3.18%,-9.71%,0.9,5.85,3809229000,803890000,366630000,220968000,-131570000.,1.2,0.37%,61.19%,N/L,N/L,N/L,N/L,N/L,2025-08-06
GNLX,"Genelux Corp","Medical - Biomedical",Medical,142782000,0,5.44,-83.14%,-107.48%,0,N/A,134212000,-32820000.,-32300000.,37773000,-29870000.,-0.32,8.80%,37.33%,N/L,N/L,N/L,N/L,N/L,2025-08-13
GNRC,"Generac Holdings Inc","Machinery - General Industrial","Industrial Products",11420695000,23.94,4.37,9.19%,19.14%,0.55,18.48,12473645000,836450000,661440000,58676000,325260000,1.68,2.70%,84.04%,N/L,N/L,N/L,N/L,N/L,2025-07-30
GNSS,"Genasys Inc","Consumer Services - Misc","Consumer Discretionary",86246000,0,26.73,-52.09%,-264.70%,0,N/A,81206000,-21410000.,-25260000.,45155000,-31730000.,0.59,7.40%,40.04%,N/L,N/L,N/L,N/L,N/L,2025-08-14
GNTX,"Gentex Corp","Auto - Truck Original Parts",Auto-Tires-Trucks,6180810000,15.06,2.48,14.90%,16.86%,0,12.49,5947490000,550580000,455870000,219489000,404490000,0.82,0.45%,86.76%,N/L,N/L,N/L,N/L,N/L,2025-07-25
GNTY,"Guaranty Bancshares Inc","Banks - Southwest",Finance,550766000,14.48,1.55,1.15%,11.13%,0.13,13.74,446726000,54260000,48000000,11356000,31540000,0.43,22.31%,39.39%,N/L,N/L,N/L,N/L,N/L,2025-07-21
GNW,"Genworth Financial Inc","Insurance - Life",Finance,3562567000,19.56,0.35,0.21%,1.91%,0.16,8.91,3032567000,704000000,574000000,410434000,299000000,1.12,1.80%,81.85%,N/L,N/L,N/L,N/L,N/L,2025-07-30
GO,"Grocery Outlet Holding Corp","Consumer Prdts - Misc Staple","Consumer Staples",1827659000,23.45,1.49,2.35%,6.34%,0.4,9.84,2242329000,151040000,41920000,98103000,39470000,0.27,4.50%,99.87%,N/L,N/L,N/L,N/L,N/L,2025-08-05
GOGL,"Golden Ocean Gp","Transportation - Ship",Transportation,1591236000,15.77,0.87,3.08%,5.56%,0.73,4.6,2762036000,493570000,348050000,199403000,223210000,1.09,N/A,22.00%,N/L,N/L,N/L,N/L,N/L,2025-08-27
GOGO,"Gogo Inc","Wireless National",Utilities,1545399000,22.3,14.35,5.97%,88.04%,8.12,17.040001,2337709000,131200000,106570000,133685000,13750000,1.11,25.78%,69.60%,N/L,N/L,N/L,N/L,N/L,2025-08-07
GOLF,"Acushnet Holdings Corp","Leisure & Recreational Prdcts","Consumer Discretionary",4663232000,20.61,5.6,9.94%,28.05%,1.15,16.9,5378162000,372920000,315280000,58657000,214300000,0.84,53.60%,53.12%,N/L,N/L,N/L,N/L,N/L,2025-08-07
GOOD,"Gladstone Comml","REIT - Equity Trust Other",Finance,620166000,9.23,3.42,2.52%,16.37%,4.5,7.7,1302596000,155700000,105060000,46559000,24000000,1.17,1.40%,45.51%,N/L,N/L,N/L,N/L,N/L,2025-08-06
GOOG,"Alphabet Cl C","Internet - Services","Computers and Technology",2500071680000,21.37,6.69,24.88%,34.31%,0.07,21.190001,2374241600000,136681000000,121370000000,12094000000,100118000000,1.02,12.99%,27.26%,N/L,N/L,N/L,N/L,N/L,2025-07-23
GOOGL,"Alphabet Cl A","Internet - Services","Computers and Technology",2492452480000,21.27,6.66,24.88%,34.31%,0.07,21.09,2366622400000,136681000000,121370000000,12094000000,100118000000,1.01,11.64%,40.03%,N/L,N/L,N/L,N/L,N/L,2025-07-23
GOOS,"Canada Goose Holdings Inc","Retail - Apparel & Shoes",Retail-Wholesale,1124243000,15.65,3.33,5.79%,19.85%,0.9,6.47,1180013000,167930000,74000000,96834000,68130000,1.45,0.47%,83.64%,N/L,N/L,N/L,N/L,N/L,2025-07-31
GOOW,"Roundhill Googl Weeklypay ETF",N/A,N/A,N/A,N/A,N/A,N/A,N/A,N/A,N/A,N/A,N/A,N/A,N/A,0,N/A,N/A,N/A,N/L,N/L,N/L,N/L,N/L,N/A
GORO,"Gold Resource Corp","Mining - Gold","Basic Materials",63927000,0,3.24,-29.50%,-138.86%,0.3,N/A,62297000,-8280000.,-28160000.,136450000,-56500000.,0.76,1.30%,18.38%,N/L,N/L,N/L,N/L,N/L,2025-08-05
GOSS,"Gossamer Bio Inc","Medical - Biomedical",Medical,532072000,0,N/A,-46.73%,"-1,774.72%",0,N/A,486002000,-153460000.,-145630000.,227381000,-56530000.,1.96,6.70%,81.23%,N/L,N/L,N/L,N/L,N/L,2025-08-11
GOTU,"Gaotu Techedu Inc ADR",Schools,"Consumer Discretionary",934264000,0,3.51,-16.71%,-42.83%,0,N/A,752554000,-137460000.,-146360000.,253188000,-143710000.,0.2,44.90%,48.42%,N/L,N/L,N/L,N/L,N/L,2025-08-26
GP,"Greenpower Motor Company","Auto - Foreign",Auto-Tires-Trucks,9748000,0,N/A,-48.06%,-561.91%,-8.55,N/A,23168000,-14600000.,-16260000.,30462000,-18660000.,3.03,28.10%,1.69%,N/L,N/L,N/L,N/L,N/L,2025-08-20
GPC,"Genuine Parts Company","Retail - Wholesale Auto Parts",Retail-Wholesale,19403334000,18.57,4.02,5.12%,22.41%,1.02,12.25,23207694000,2040530000,1632550000,139092000,904080000,0.75,0.42%,78.83%,N/L,N/L,N/L,N/L,N/L,2025-07-22
GPCR,"Structure Therapeutics Inc","Medical - Biomedical",Medical,1129497000,0,1.44,-20.34%,-21.31%,0,N/A,959987000,-237130000.,-219660000.,57598000,-122530000.,-1.89,5.60%,91.78%,N/L,N/L,N/L,N/L,N/L,2025-08-14
GPI,"Group 1 Automotive","Retail - Wsale Auto & Trucks",Retail-Wholesale,6083219000,10.7,1.84,5.48%,18.10%,1.03,9.17,8962019000,1187700000,1070600000,12940000,498100000,0.83,2.10%,99.92%,N/L,N/L,N/L,N/L,N/L,2025-07-24
GPK,"Graphic Packaging Holding Company","Containers - Paper Products","Industrial Products",6825577000,10.6,2.11,5.74%,21.13%,1.81,5.2,11852577000,1494000000,931000000,296249000,658000000,0.73,1.41%,99.67%,N/L,N/L,N/L,N/L,N/L,2025-07-29
GPMT,"Granite Point Mortgage Trust Inc","REIT - Mortgage Trusts",Finance,134602000,0,0.22,-7.96%,-26.91%,1.42,N/A,895302000,-64540000.,-71260000.,47395000,-207050000.,1.76,3.10%,51.63%,N/L,N/L,N/L,N/L,N/L,2025-08-05
GPN,"Global Payments Inc","Financial Transaction Services","Business Services",21837056000,7.41,0.9,5.97%,12.47%,0.69,4.43,35699628000,3934060000,1933680000,242607000,1570370000,0.93,1.01%,89.76%,N/L,N/L,N/L,N/L,N/L,2025-08-06
GPOR,"Gulfport Energy Corp","Oil - US Exploration & Product",Oils-Energy,2966398000,9.52,1.68,11.36%,18.89%,0.42,4.88,3740218000,594510000,268790000,17562000,-261390000.,0.62,0.62%,N/A,N/L,N/L,N/L,N/L,N/L,2025-08-05
GPRE,"Green Plains Inc","Chemical - Specialty","Basic Materials",585496000,0,0.72,-6.72%,-13.65%,0.59,N/A,820176000,114840000,21980000,65565000,-82500000.,1.18,1.00%,N/A,N/L,N/L,N/L,N/L,N/L,2025-08-11
GPRK,"Geopark Hlds Lmtd","Oil - US Exploration & Product",Oils-Energy,339255000,4.65,1.63,6.44%,35.65%,3.08,1.46,576845000,416180000,285520000,51247000,96380000,0.77,1.50%,68.21%,N/L,N/L,N/L,N/L,N/L,2025-08-05
GPRO,"Gopro Inc Cl A","Audio & Video Products","Consumer Discretionary",190634000,0,1.96,-12.67%,-49.10%,1.01,N/A,181034000,-81240000.,-87730000.,157549000,-432310000.,1.4,18.38%,70.09%,N/L,N/L,N/L,N/L,N/L,2025-08-11
GRAB,"Grab Holdings Ltd Cl A","Internet - Software","Computers and Technology",20658510000,125.25,3.17,1.14%,1.75%,0.3,480.359985,18058510000,96000000,-51000000.,4027000000,-105000000.,0.84,3.60%,55.52%,N/L,N/L,N/L,N/L,N/L,2025-08-21
GRAL,"Grail Inc","Medical - Biomedical",Medical,1234284000,0,0.52,-14.02%,-16.63%,0,1.15,1020054000,970920000,-604910000.,36048000,-2027010000.,3.26,1.85%,N/A,N/L,N/L,N/L,N/L,N/L,2025-08-12
GRBK,"Green Brick Partners","Real Estate Developers",Finance,3094857000,8.59,1.72,15.53%,21.63%,0.16,7.72,3349207000,460710000,455830000,43565000,381580000,1.83,29.70%,78.24%,N/L,N/L,N/L,N/L,N/L,2025-07-30
GRC,"Gorman-Rupp Company","Machinery - General Industrial","Industrial Products",1122249000,20.93,2.73,5.99%,13.63%,0.85,13.46,1464639000,140710000,106410000,26313000,40120000,1.21,7.40%,59.26%,N/L,N/L,N/L,N/L,N/L,2025-07-25
GRFS,"Grifols S.A. ADR","Medical - Drugs",Medical,6985559000,0,0.8,0.00%,0.00%,1.27,10.77,16926760000,1824060000,1350210000,687555000,169800000,0.56,0.19%,0.00%,N/L,N/L,N/L,N/L,N/L,2025-07-29
GRMN,"Garmin Ltd","Electronics Products - Misc","Computers and Technology",45413184000,28.07,5.44,16.19%,19.99%,0,27.41,43333716000,1938420000,1758680000,192494000,1411440000,0.99,15.38%,81.60%,N/L,N/L,N/L,N/L,N/L,2025-07-30
GRND,"Grindr Inc","Internet - Software","Computers and Technology",3031333000,50.77,16.209999,14.24%,84.93%,1.51,86.169998,3262763000,131440000,113620000,191978000,-131000000.,0.25,67.70%,7.22%,N/L,N/L,N/L,N/L,N/L,2025-08-07
GRNT,"Granite Ridge Resources Inc","Oil - US Exploration & Product",Oils-Energy,752051000,8.52,1.11,7.89%,13.09%,0.43,2.81,947631000,456960000,276890000,131248000,18760000,0.34,8.50%,31.56%,N/L,N/L,N/L,N/L,N/L,2025-08-07
GROV,"Grove Collaborative Hldgs Inc","Consumer Prdts - Misc Staple","Consumer Staples",61109000,0,N/A,-21.21%,0.00%,-0.54,N/A,70079000,-12260000.,-22080000.,41013000,-27420000.,1.2,29.40%,91.64%,N/L,N/L,N/L,N/L,N/L,2025-08-07
GROW,"U S Global Inv Inc","Finance - Investment Mgmt",Finance,32273000,0,0.69,0.32%,0.34%,0,27.84,3873000,-2450000.,-2310000.,13146000,1330000,1.22,19.19%,23.62%,N/L,N/L,N/L,N/L,N/L,2025-09-09
GROY,"Gold Royalty Corp","Mining - Gold","Basic Materials",540390000,0,0.96,0.03%,0.03%,0.05,250.479996,563040000,1230000,-2050000.,170470000,-3410000.,0.96,N/A,33.75%,N/L,N/L,N/L,N/L,N/L,2025-08-12
GRPN,"Groupon Cl A","Internet Commerce",Retail-Wholesale,1078970000,0,21.059999,-1.45%,-19.61%,0.65,N/A,850130000,42890000,11990000,40426000,-59030000.,1.15,35.66%,90.05%,N/L,N/L,N/L,N/L,N/L,2025-08-06
GRRR,"Gorilla Technology Group Inc","Technology Services","Business Services",363106000,0,3.55,0.00%,0.00%,0.18,N/A,362826000,-14200000.,-15600000.,20139000,-64790000.,-0.29,30.51%,1.33%,N/L,N/L,N/L,N/L,N/L,2025-08-14
GRWG,"Growgeneration Corp","Agriculture Products","Basic Materials",105796000,0,0.91,-24.04%,-34.92%,0,N/A,78326000,-13390000.,-32830000.,59772000,-49510000.,3.29,7.62%,36.02%,N/L,N/L,N/L,N/L,N/L,2025-08-11
GS,"Goldman Sachs Group","Finance - Investment Brokers",Finance,224585696000,15.78,1.99,0.89%,14.32%,2.26,13.34,298380704000,24484000000,22092000000,302721000,14276000000,1.38,0.55%,71.21%,N/L,N/L,N/L,N/L,N/L,2025-07-16
GSAT,Globalstar,"Satellite Communication","Computers and Technology",3382169000,0,9.02,-0.27%,-1.17%,1.36,54.529999,3502429000,181890000,92900000,126673000,-63160000.,0.87,61.00%,18.89%,N/L,N/L,N/L,N/L,N/L,2025-08-14
GSBC,"Great Southern Bncp","Finance - Savings & Loan",Finance,709813000,10.18,1.1,1.15%,11.17%,0.04,12.37,614703000,105400000,110790000,11328000,61810000,0.58,27.93%,41.66%,N/L,N/L,N/L,N/L,N/L,2025-10-15
GSBD,"Goldman Sachs Bdc Inc","Finance - SBIC & Commercial",Finance,1304312000,6.1,0.87,6.17%,13.95%,1.19,5.14,3171882000,232830000,224010000,114113000,62870000,0.75,0.12%,28.72%,N/L,N/L,N/L,N/L,N/L,2025-08-07
GSHD,"Goosehead Insurance Inc Cl A","Insurance - Multi Line",Finance,3361065000,67.64,N/A,8.70%,-59.49%,-2.22,77.559998,3385345000,88220000,77260000,37558000,30430000,1.31,48.35%,N/A,N/L,N/L,N/L,N/L,N/L,2025-07-23
GSIT,"Gsi Technology Inc","Computer - Storage Devices","Computers and Technology",90473000,0,2.37,-30.07%,-43.27%,0,N/A,77043000,-13430000.,-14100000.,29091000,-10640000.,1.23,25.40%,33.15%,N/L,N/L,N/L,N/L,N/L,2025-07-31
GSK,"Gsk Plc ADR","Medical - Biomedical",Medical,81894112000,9.5,4.27,11.31%,49.22%,1.21,7.18,98655048000,9924440000,6664520000,2037674000,3290590000,0.51,10.00%,15.74%,N/L,N/L,N/L,N/L,N/L,2025-07-30
GSL,"Global Ship Lease Inc","Transportation - Ship",Transportation,1055611000,2.91,0.65,15.30%,24.81%,0.46,2.28,1542711000,635640000,529760000,35447000,353630000,1.21,7.40%,50.08%,N/L,N/L,N/L,N/L,N/L,2025-08-05
GSM,"Ferroglobe Plc Os","Mining - Misc","Basic Materials",815556000,0,0.96,-1.51%,-2.85%,0.17,6.03,749586000,93320000,17860000,186626000,23540000,1.62,13.07%,89.64%,N/L,N/L,N/L,N/L,N/L,2025-08-05
GSRT,"Gsr III Acquisition Corp",N/A,N/A,N/A,N/A,N/A,N/A,N/A,N/A,N/A,N/A,N/A,N/A,N/A,949295,N/A,N/A,N/A,N/L,N/L,N/L,N/L,N/L,N/A
GT,"Goodyear Tire Rubber","Rubber Tires",Auto-Tires-Trucks,2474298000,15,0.45,0.73%,3.17%,1.39,1.58,8888298000,1923000000,735000000,286046000,70000000,1.37,1.70%,84.19%,N/L,N/L,N/L,N/L,N/L,2025-08-07
GTE,"Gran Tierra Energy Inc","Oil - C$ Exploration & Product",Oils-Energy,144340000,0,0.35,-3.91%,-15.81%,1.98,0.48,787890000,520240000,276700000,35291000,3220000,0.84,6.45%,31.70%,N/L,N/L,N/L,N/L,N/L,2025-07-30
GTES,"Gates Industrial Corp Plc","Machinery - General Industrial","Industrial Products",6498845000,17.99,1.73,5.02%,10.17%,0.67,11,8249645000,683200000,466300000,257584000,194900000,1.24,2.70%,98.50%,N/L,N/L,N/L,N/L,N/L,2025-07-30
GTIM,"Good Times Rest","Retail - Restaurants",Retail-Wholesale,18252000,10.68,0.57,2.00%,5.29%,0.07,3.58,15272000,8470000,4620000,10550000,1610000,1.22,26.27%,12.06%,N/L,N/L,N/L,N/L,N/L,2025-08-07
GTLB,"Gitlab Inc Cl A","Internet - Software","Computers and Technology",7463736000,0,8.56,-2.33%,-4.07%,0,330.140015,7236086000,-79730000.,-123680000.,165200000,-6330000.,0.73,16.37%,95.04%,N/L,N/L,N/L,N/L,N/L,2025-09-03
GTLS,"Chart Industries IN","Machinery - General Industrial","Industrial Products",8874838000,21.27,2.53,4.66%,13.71%,1.04,11.98,12207838000,1171200000,882200000,44945000,218500000,1.59,0.99%,N/A,N/L,N/L,N/L,N/L,N/L,2025-07-31
GTM,"Zoominfo Technologies Inc Cl A","Internet - Software","Computers and Technology",3425284000,15.54,2.09,3.66%,14.37%,0.85,9.3,4513084000,345500000,190000000,318631000,29100000,1.14,9.00%,95.47%,N/L,N/L,N/L,N/L,N/L,2025-08-04
GTN,"Gray Media Inc","Broadcast - Radio & TV","Consumer Discretionary",619668000,3.26,0.27,2.17%,10.31%,1.97,0.82,6755668000,1368000000,1034000000,102087000,375000000,1.2,15.22%,78.64%,N/L,N/L,N/L,N/L,N/L,2025-08-08
GTX,"Garrett Motion Inc","Auto - Truck Original Parts",Auto-Tires-Trucks,2689011000,9.15,N/A,13.22%,-40.63%,-1.81,6.84,4034011000,592000000,465000000,201575000,282000000,0.01,0.83%,86.27%,N/L,N/L,N/L,N/L,N/L,2025-07-24
GTY,"Getty Realty Corp","REIT - Equity Trust Other",Finance,1632142000,12.13,1.66,3.38%,6.87%,0.94,11.83,2527622000,231720000,169050000,56593000,71060000,0.83,8.81%,85.11%,N/L,N/L,N/L,N/L,N/L,2025-07-23
GVA,"Granite Construction Incorporated","Building - Heavy Construction",Construction,4862435000,20.99,4.3,7.65%,21.64%,0.66,13.89,5023155000,359490000,228660000,43786000,126350000,1.39,1.00%,N/A,N/L,N/L,N/L,N/L,N/L,2025-08-07
GWRE,"Guidewire Software Inc","Internet - Software","Computers and Technology",18016886000,206.9,13.17,3.70%,6.96%,0.49,636.900024,17867796000,50740000,21780000,84195000,-6100000.,1.16,0.48%,0.00%,N/L,N/L,N/L,N/L,N/L,2025-09-04
GWRS,"Global Water Reso","Utility - Water Supply",Utilities,275554000,40.54,3.48,1.42%,9.67%,1.57,12.12,388954000,35710000,22610000,27473000,5790000,1.05,54.30%,27.91%,N/L,N/L,N/L,N/L,N/L,2025-08-13
GWW,"W.W. Grainger","Industrial Services","Industrial Products",48877608000,25.22,11.65,21.63%,49.64%,0.57,22.43,50619608000,2906000000,2669000000,47832000,1909000000,1.18,6.10%,80.70%,N/L,N/L,N/L,N/L,N/L,2025-08-01
GXO,"Gxo Logistics Inc","Transportation - Air Freight",Transportation,6249081000,19.71,2.01,2.71%,10.45%,0.9,8.32,8467080000,1073000000,658000000,114473000,134000000,1.64,2.30%,90.67%,N/L,N/L,N/L,N/L,N/L,2025-08-05
GYRE,"Gyre Therapeutics Inc","Medical - Biomedical",Medical,787840000,151,5.47,6.19%,7.67%,0,38.23,776030000,10920000,9330000,96313000,12090000,1.8,10.00%,23.99%,N/L,N/L,N/L,N/L,N/L,2025-08-12
H,"Hyatt Hotels Corp","Hotels & Motels","Consumer Discretionary",13755569000,54.73,3.36,1.80%,6.54%,1.55,16.280001,16525569000,1096000000,663000000,95485000,1296000000,1.46,23.70%,73.54%,N/L,N/L,N/L,N/L,N/L,2025-08-07
HAE,"Haemonetics Corp","Medical Products",Medical,2715737000,11.61,2.94,9.32%,26.64%,1.04,7.49,3330207000,393020000,262480000,48177000,167680000,0.4,1.84%,99.67%,N/L,N/L,N/L,N/L,N/L,2025-08-07
HAFC,"Hanmi Financial Corp","Banks - West",Finance,751643000,10.99,0.93,0.84%,8.77%,0.34,9.99,839983000,114350000,105140000,30126000,62200000,0.76,1.86%,88.66%,N/L,N/L,N/L,N/L,N/L,2025-07-22
HAFN,"Hafnia Ltd","Transportation - Ship",Transportation,3030784000,4.86,1.31,16.31%,26.29%,0.47,3.01,3869464000,1034670000,819560000,506820000,774040000,0.91,N/A,N/A,N/L,N/L,N/L,N/L,N/L,2025-08-27
HAIN,"Hain Celestial Group","Food - Misc & Diversified","Consumer Staples",167871000,7.08,0.22,1.05%,2.47%,1.02,2.05,857651000,-147020000.,-191690000.,90253000,-75040000.,0.76,0.83%,97.01%,N/L,N/L,N/L,N/L,N/L,2025-09-15
HAL,"Halliburton Company","Oil - Field Services",Oils-Energy,18987446000,8.25,1.72,8.85%,21.45%,0.72,5.02,23910446000,4040000000,2961000000,852602000,2501000000,1.12,0.56%,85.23%,N/L,N/L,N/L,N/L,N/L,2025-07-22
HALO,"Halozyme Therapeutic","Medical - Biomedical",Medical,8400498000,14.73,25.309999,29.19%,150.85%,4.54,15.39,9790448000,831460000,753720000,116966000,444090000,1.17,2.40%,97.79%,N/L,N/L,N/L,N/L,N/L,2025-08-05
HAS,"Hasbro Inc","Toys & Game & Hobby","Consumer Discretionary",11478071000,17.53,41.290001,10.31%,64.49%,12.31,14.29,14163871000,1083100000,870800000,140233000,385600000,0.6,0.85%,91.83%,N/L,N/L,N/L,N/L,N/L,2025-07-23
HASI,"Ha Sustainable Infrastructure Capital Inc","Finance - Misc Services",Finance,3581194000,12.78,1.28,3.68%,10.85%,1.82,11.24,7850964000,261130000,243090000,124347000,200040000,1.62,2.00%,96.14%,N/L,N/L,N/L,N/L,N/L,2025-08-07
HAYW,"Hayward Holdings Inc","Electronics Products - Misc","Computers and Technology",3588668000,21.96,2.29,5.34%,11.07%,0.64,16.41,4356628000,303510000,243450000,216707000,118660000,1.13,5.06%,N/A,N/L,N/L,N/L,N/L,N/L,2025-07-30
HBAN,"Huntington Bancshares Inc","Banks - Midwest",Finance,25324770000,11.99,1.28,1.06%,11.81%,0.83,9.34,30355770000,4296000000,3674000000,1458800000,1940000000,0.93,0.89%,80.72%,N/L,N/L,N/L,N/L,N/L,2025-10-16
HBCP,"Home Bancorp Inc","Banks - Southeast",Finance,439128000,10.23,1.02,1.19%,10.34%,0.17,9.89,433368000,70570000,63500000,7825000,36430000,0.62,7.90%,49.41%,N/L,N/L,N/L,N/L,N/L,2025-10-16
HBI,"Hanesbrands Inc","Textile - Apparel","Consumer Staples",2249729000,9.83,13.14,5.19%,226.31%,14.23,6.78,4315939000,612880000,431540000,353731000,-320430000.,1.4,0.46%,80.31%,N/L,N/L,N/L,N/L,N/L,2025-08-07
HBIO,"Harvard Bioscience","Industrial Scientific","Computers and Technology",21776000,0,1.34,-2.15%,-5.64%,2.22,4.71,54626000,7990000,510000,44531000,-12410000.,1.54,9.50%,80.87%,N/L,N/L,N/L,N/L,N/L,2025-08-11
HBM,"Hudbay Minerals Inc","Mining - Misc","Basic Materials",4661111000,15.24,1.56,5.28%,10.72%,0.37,7.98,5226811000,953810000,582610000,395680000,76700000,1.63,0.25%,57.82%,N/L,N/L,N/L,N/L,N/L,2025-08-13
HBNC,"Horizon Bancorp","Banks - Northeast",Finance,690134000,8.51,0.84,1.02%,10.21%,0.14,7.12,509184000,119950000,99240000,44098000,35430000,0.87,2.79%,64.51%,N/L,N/L,N/L,N/L,N/L,2025-07-23
HBT,"Hbt Financial Inc","Banks - Northeast",Finance,837137000,10.17,1.36,1.55%,13.97%,0.17,9.35,805077000,122820000,112960000,31495000,71780000,0.63,59.70%,78.55%,N/L,N/L,N/L,N/L,N/L,2025-07-21
HCA,"Hca Holdings Inc","Medical - Hospitals",Medical,94760144000,16.46,N/A,10.35%,"-7,363.11%",-35.93,11.26,135858144000,17908000000,14561000000,233993000,5760000000,1.39,1.30%,62.73%,N/L,N/L,N/L,N/L,N/L,2025-07-25
HCAT,"Health Catalyst Inc","Medical Information Systems",Medical,230827000,0,0.61,-3.28%,-7.21%,0.44,8.68,363537000,30270000,-14420000.,70374000,-69500000.,1.46,2.60%,85.00%,N/L,N/L,N/L,N/L,N/L,2025-08-07
HCC,"Warrior Met Coal Inc",Coal,Oils-Energy,3117868000,63.57,1.45,1.81%,2.26%,0.09,7.15,2814398000,350600000,189590000,52569000,250600000,0.69,2.10%,92.28%,N/L,N/L,N/L,N/L,N/L,2025-08-06
HCI,"HCI Group","Insurance - Proprty & Casualty",Finance,2144362000,14.45,2.41,6.58%,25.84%,0.07,19.639999,1839112000,229450000,228570000,12960000,109950000,1.24,21.85%,86.99%,N/L,N/L,N/L,N/L,N/L,2025-08-07
HCKT,"Hackett Grp Inc",Consulting,"Business Services",580207000,20.61,4.61,14.34%,24.12%,0.19,13.97,576567000,33550000,29550000,27511000,29630000,0.96,15.40%,78.12%,N/L,N/L,N/L,N/L,N/L,2025-08-05
HCM,"Hutchmed China Ltd ADR","Medical - Biomedical",Medical,2809066000,0,2.26,0.00%,0.00%,0.08,56.09,2737906000,-31370000.,0,174422000,37730000,0.55,3.60%,8.82%,N/L,N/L,N/L,N/L,N/L,2025-08-07
HCSG,"Healthcare Svcs Gp","Business Services","Business Services",1142315000,19.26,2.31,7.19%,11.74%,0,15.36,1082185000,23200000,7110000,72413000,39470000,0.54,2.60%,97.97%,N/L,N/L,N/L,N/L,N/L,2025-07-23
HD,"Home Depot","Retail - Home Furniture",Retail-Wholesale,410696320000,26.25,37.099998,15.34%,193.99%,6.57,20.91,462420320000,28484000000,24723000000,994928000,14806000000,1,0.10%,70.86%,N/L,N/L,N/L,N/L,N/L,2025-08-19
HDB,"Hdfc Bank Ltd ADR","Banks - Foreign",Finance,188729248000,23.14,2.92,1.60%,11.60%,0,20.15,230096640000,41167710000,39995810000,2550740000,7883500000,0.64,1.00%,17.61%,N/L,N/L,N/L,N/L,N/L,2025-10-17
HDSN,"Hudson Tech Inc","Industrial Services","Industrial Products",425326000,23.85,1.64,5.87%,7.26%,0,13.91,355196000,29730000,23110000,43668000,24390000,0.96,8.00%,71.34%,N/L,N/L,N/L,N/L,N/L,2025-07-30
HE,"Hawaiian Electric Industries","Utility - Electric Power",Utilities,2105866000,10.68,1.31,1.50%,10.76%,1.34,4.78,3745486000,345490000,51960000,172612000,-1424120000.,0.64,0.17%,59.91%,N/L,N/L,N/L,N/L,N/L,2025-08-07
HEI,"Heico Corp","Aerospace - Defense Equipment",Aerospace,43065208000,71.9,10.61,7.76%,15.88%,0.56,61.959999,45498648000,1085390000,910060000,139104000,514110000,1.11,9.55%,27.12%,N/L,N/L,N/L,N/L,N/L,2025-08-25
HEI.A,"Heico Corp Cl A","Aerospace - Defense Equipment",Aerospace,33888516000,55.99,8.26,7.76%,15.88%,0.56,48.240002,36321956000,1085390000,910060000,139104000,514110000,1.14,9.76%,59.01%,N/L,N/L,N/L,N/L,N/L,2025-08-25
HELE,"Helen of Troy Ltd","Cosmetics & Toiletries","Consumer Staples",553156000,3.88,0.43,4.70%,8.96%,0.71,2.62,1451186000,-187290000.,-243600000.,22943000,123750000,0.86,0.45%,N/A,N/L,N/L,N/L,N/L,N/L,2025-10-08
HEPS,"D-Market Electronic Services & Trading ADR","Internet Commerce",Retail-Wholesale,938438000,0,12.53,-7.79%,-62.27%,0.43,59.48,779748000,126240000,63770000,321383000,-48950000.,2.33,36.32%,40.46%,N/L,N/L,N/L,N/L,N/L,2025-07-31
HESM,"Hess Midstream Partners LP","E&P MLP",Oils-Energy,8707152000,15.3,17.1,6.85%,60.37%,7.32,20.67,12174752000,1391100000,1178400000,210064000,223100000,0.67,N/A,98.97%,N/L,N/L,N/L,N/L,N/L,2025-07-30
HFFG,"HF Foods Group Inc","Food - Misc & Diversified","Consumer Staples",202994000,10.35,0.77,3.02%,7.01%,0.69,2.13,354734000,82880000,9900000,55012000,-48510000.,0.55,7.00%,24.02%,N/L,N/L,N/L,N/L,N/L,2025-08-11
HFWA,"Heritage Financial","Finance - Savings & Loan",Finance,828453000,12.4,0.89,0.90%,7.34%,0.32,11.62,1116413000,84030000,80800000,33953000,43260000,0.57,1.80%,78.30%,N/L,N/L,N/L,N/L,N/L,2025-07-24
HG,"Hamilton Insurance Group Ltd Cl B","Insurance - Multi Line",Finance,2413398000,7.82,0.92,3.94%,13.27%,0.06,6.7,1462498000,598120000,633740000,100141000,400430000,0.81,17.46%,29.17%,N/L,N/L,N/L,N/L,N/L,2025-08-06
HGTY,"Hagerty Inc","Insurance - Proprty & Casualty",Finance,3737798000,38.46,6.37,4.02%,13.76%,0.52,30.02,3802928000,161720000,126200000,341976000,17020000,0.9,16.70%,20.51%,N/L,N/L,N/L,N/L,N/L,2025-08-04
HGV,"Hilton Grand Vacations Inc","Hotels & Motels","Consumer Discretionary",4162197000,24.24,2.36,1.53%,9.71%,4.31,6.76,10315197000,1085000000,734000000,89050000,47000000,1.65,2.30%,97.23%,N/L,N/L,N/L,N/L,N/L,2025-07-31
HHH,"Howard Hughes Holdings Inc","Real Estate Developers",Finance,4484030000,12.41,1.53,3.15%,10.51%,1.85,7.49,8613380000,1000390000,800450000,59399000,200550000,1.22,33.00%,93.83%,N/L,N/L,N/L,N/L,N/L,2025-08-06
HI,"Hillenbrand Inc","Industrial Services","Industrial Products",1838171000,9.18,1.28,3.82%,13.53%,1.24,4.34,3531871000,471100000,306900000,70482000,-211000000.,1.46,2.00%,89.09%,N/L,N/L,N/L,N/L,N/L,2025-08-11
HIG,"The Hartford Insurance Group Inc","Insurance - Proprty & Casualty",Finance,37682672000,12.02,2.18,3.97%,19.60%,0.25,11.61,42148672000,4556000000,4326000000,281172000,3111000000,0.67,1.50%,93.42%,N/L,N/L,N/L,N/L,N/L,2025-07-28
HII,"Huntington Ingalls Industries","Aerospace - Defense",Aerospace,10594286000,19.95,2.14,4.43%,11.34%,0.55,11.9,12966286000,748000000,422000000,39241000,550000000,0.33,0.72%,90.46%,N/L,N/L,N/L,N/L,N/L,2025-07-31
HIMS,"Hims & Hers Health Inc","Medical Information Systems",Medical,10073711000,81.41,17.639999,13.06%,26.26%,0,124.830002,9853131000,138320000,125590000,226020000,126040000,2.08,13.71%,63.52%,N/L,N/L,N/L,N/L,N/L,2025-08-04
HIMX,"Himax Technologies ADR","Electronics - Semiconductors","Computers and Technology",1367820000,17.86,1.51,4.49%,8.34%,0.04,12.83,1184170000,89210000,66860000,174913000,79760000,2.21,31.50%,69.81%,N/L,N/L,N/L,N/L,N/L,2025-08-07
HIPO,"Hippo Holdings Inc","Insurance - Multi Line",Finance,844695000,0,2.47,-2.59%,-12.13%,0.14,N/A,611895000,-29900000.,-53100000.,25028000,-40500000.,1.53,10.80%,43.01%,N/L,N/L,N/L,N/L,N/L,2025-08-06
HITI,"High Tide Inc","Medical Products",Medical,289895000,0,2.73,-3.93%,-6.45%,0.08,17.030001,264685000,35820000,17160000,81203000,-3190000.,0.52,12.44%,4.52%,N/L,N/L,N/L,N/L,N/L,2025-09-15
HIVE,"Hive Digital Technologies Ltd","Finance - Misc Services",Finance,577944000,0,0.95,-15.19%,-17.39%,0.1,10.16,601194000,95780000,25020000,229343000,-3000000.,3.41,9.44%,24.42%,N/L,N/L,N/L,N/L,N/L,2025-08-18
HIW,"Highwoods Properties","REIT - Equity Trust Other",Finance,3230302000,8.42,1.34,2.16%,5.57%,1.4,7.59,6584782000,808100000,502140000,108073000,102250000,1.21,1.90%,96.31%,N/L,N/L,N/L,N/L,N/L,2025-07-29
HL,"Hecla Mining Company","Mining - Silver","Basic Materials",5286174000,40.47,2.11,3.80%,5.51%,0.24,18.690001,5801894000,397210000,206740000,669984000,35800000,1.27,0.62%,63.01%,N/L,N/L,N/L,N/L,N/L,2025-08-06
HLF,"Herbalife Ltd","Retail - Drug Stores",Retail-Wholesale,1004252000,4.35,N/A,7.97%,-27.36%,-3.27,2.89,2849053000,610400000,489000000,103106000,254300000,0.85,1.73%,N/A,N/L,N/L,N/L,N/L,N/L,2025-08-06
HLI,"Houlihan Lokey","Finance - Misc Services",Finance,13899978000,26.67,6.2,14.21%,23.75%,0,28.190001,12924398000,585440000,544170000,70312000,399710000,0.86,22.83%,78.07%,N/L,N/L,N/L,N/L,N/L,2025-07-29
HLIO,"Helios Technologies Inc","Machinery - General Industrial","Industrial Products",1797941000,26.58,1.89,4.20%,7.33%,0.48,12.8,2200341000,171600000,106700000,33154000,39000000,1.28,0.60%,94.72%,N/L,N/L,N/L,N/L,N/L,2025-08-04
HLIT,"Harmonic Inc","Communications Components","Computers and Technology",1045454000,12.41,2.25,10.23%,17.83%,0.25,12.52,1057934000,114430000,102290000,113760000,39220000,1,1.21%,99.38%,N/L,N/L,N/L,N/L,N/L,2025-07-28
HLLY,"Holley Inc","Auto - Truck Original Parts",Auto-Tires-Trucks,468745000,17.29,0.99,2.19%,5.81%,1.26,4.44,965245000,150570000,78240000,120500000,-23240000.,1.35,0.92%,39.70%,N/L,N/L,N/L,N/L,N/L,2025-08-06
HLMN,"Hillman Solutions Corp","Building & Construction - Misc",Construction,1990225000,18.28,1.59,4.47%,8.86%,0.58,8.2,2650425000,364170000,229060000,197639000,17260000,1.66,4.90%,98.11%,N/L,N/L,N/L,N/L,N/L,2025-08-05
HLN,"Haleon Plc","Medical Products",Medical,44075656000,25.15,2.06,0.00%,0.00%,0.53,19.68,54141676000,3233090000,1747530000,4488356000,1842730000,0.23,N/A,6.67%,N/L,N/L,N/L,N/L,N/L,2025-08-07
HLNE,"Hamilton Lane Inc Cl A","Finance - Investment Mgmt",Finance,8727683000,30.96,8.39,16.22%,29.46%,0.29,29.48,8734383000,313200000,303910000,55679000,217420000,1.23,22.21%,97.40%,N/L,N/L,N/L,N/L,N/L,2025-08-05
HLT,"Hilton Inc","Hotels & Motels","Consumer Discretionary",65266336000,35.42,N/A,11.38%,-46.13%,-2.4,32.93,75058336000,2799000000,2586000000,235194000,1535000000,1.26,2.60%,95.90%,N/L,N/L,N/L,N/L,N/L,2025-07-23
HLX,"Helix Energy Solutions Group","Oil - Field Services",Oils-Energy,937771000,18.75,0.56,1.90%,3.23%,0.2,4.2,884901000,220800000,80540000,146986000,55640000,1.53,6.60%,91.33%,N/L,N/L,N/L,N/L,N/L,2025-07-23
HMC,"Honda Motor Company ADR","Auto - Foreign",Auto-Tires-Trucks,54021192000,11.74,0.64,2.10%,5.03%,0.96,5.09,99709504000,6587670000,1684770000,1560855000,5516520000,0.52,0.01%,5.32%,N/L,N/L,N/L,N/L,N/L,2025-08-06
HMN,"Horace Mann Educators Corp","Insurance - Multi Line",Finance,1870795000,10.07,1.36,1.29%,14.23%,0.4,11.68,2379695000,250500000,224100000,40696000,102800000,0.27,4.00%,99.28%,N/L,N/L,N/L,N/L,N/L,2025-08-06
HMST,"Homestreet Inc","Finance - Savings & Loan",Finance,263002000,0,0.65,-0.21%,-3.92%,3.14,N/A,1081532000,-15780000.,-29950000.,18921000,-144340000.,1.38,3.80%,74.71%,N/L,N/L,N/L,N/L,N/L,2025-08-04
HMY,"Harmony Gold Mining ADR","Mining - Gold","Basic Materials",10149940000,0,3.93,0.00%,0.00%,0.05,11.62,9992760000,873020000,0,634768000,459400000,0.77,16.02%,31.79%,N/L,N/L,N/L,N/L,N/L,2025-08-28
HNGE,"Hinge Health Inc Cl A","Medical Information Systems",Medical,4491381000,0,N/A,0.00%,0.00%,0,N/A,4491381000,0,0,78016000,-11933000.,N/A,N/A,N/A,N/L,N/L,N/L,N/L,N/L,2025-08-05
HNI,"Hon Industries Inc","Business Office Products","Business Services",2056142000,12.6,2.46,8.77%,20.08%,0.55,8.11,2380542000,323800000,216000000,45804000,139500000,0.95,3.37%,75.26%,N/L,N/L,N/L,N/L,N/L,2025-07-24
HNRG,"Hallador Energy Company","Other Alt Energy",Oils-Energy,696332000,35.8,5.54,4.43%,11.58%,0.35,N/A,725672000,85880000,88710000,43010000,-226140000.,0.52,23.73%,61.38%,N/L,N/L,N/L,N/L,N/L,2025-08-11
HNST,"The Honest Company","Consumer Prdts - Misc Discr","Consumer Discretionary",456203000,73.6,2.17,2.67%,3.84%,0,117.459999,380763000,13720000,4430000,111269000,-6120000.,2.34,8.90%,45.54%,N/L,N/L,N/L,N/L,N/L,2025-08-06
HOFT,"Hooker Furnishings Corp",Furniture,"Consumer Discretionary",110883000,0,0.52,-2.22%,-3.41%,0.11,19.77,126303000,-3560000.,-12790000.,10703000,-12510000.,1.35,2.20%,73.60%,N/L,N/L,N/L,N/L,N/L,2025-09-04
HOG,"Harley-Davidson Inc","Auto - Domestic",Auto-Tires-Trucks,3488571000,14.02,0.99,1.97%,7.43%,2.07,4.92,8723691000,430770000,185390000,121553000,455360000,1.29,0.93%,85.10%,N/L,N/L,N/L,N/L,N/L,2025-07-30
HOLO,"Microcloud Hologram Inc","Technology Services","Business Services",68902000,0,0.03,0.00%,0.00%,0,N/A,-48818000.,-19130000.,-24640000.,14567000,-8890000.,3.26,N/A,2.13%,N/L,N/L,N/L,N/L,N/L,2025-07-04
HOLX,"Hologic Inc","Medical Instruments",Medical,15182321000,16.19,3.09,10.82%,19.69%,0.52,12.21,15556721000,1065100000,756100000,222419000,789500000,0.49,1.88%,94.73%,N/L,N/L,N/L,N/L,N/L,2025-07-30
HOMB,"Home Bancshares Inc","Banks - Southeast",Finance,5902516000,13.36,1.38,1.87%,10.60%,0.24,12.76,6028446000,657940000,614300000,197079000,402240000,0.78,6.30%,67.31%,N/L,N/L,N/L,N/L,N/L,2025-10-15
HON,"Honeywell International Inc","Conglomerates - Div Operations",Conglomerates,141474096000,21.09,8.29,8.87%,37.37%,1.82,18.09,157740096000,9255000000,7921000000,634897000,5705000000,1.08,0.20%,75.91%,N/L,N/L,N/L,N/L,N/L,2025-07-24
HOND,"Hcm II Acquisition Corp",Unclassified,N/A,329763000,0,N/A,0.00%,0.00%,0,N/A,329763000,0,0,28750000,0,N/A,N/A,N/A,N/L,N/L,N/L,N/L,N/L,N/A
HONE,"Harborone Bancorp Inc","Banks - Northeast",Finance,547688000,18.04,0.9,0.47%,4.66%,0,17.34,503598000,61550000,57100000,43159000,27410000,0.6,4.82%,65.01%,N/L,N/L,N/L,N/L,N/L,2025-07-24
HOOD,"Robinhood Markets Inc Cl A","Finance - Investment Brokers",Finance,97149952000,70.87,11.7,4.12%,17.48%,1.57,88.370003,95556952000,1593000000,1516000000,888675000,1411000000,2.36,14.47%,93.27%,N/L,N/L,N/L,N/L,N/L,2025-07-30
HOOK,"Hookipa Pharma Inc","Medical - Biomedical",Medical,10604000,0,0.29,-77.14%,-120.09%,0,N/A,-29176000.,-77680000.,-80430000.,12189000,-43500000.,0.93,3.30%,63.88%,N/L,N/L,N/L,N/L,N/L,2025-08-28
HOPE,"Hope Bancorp Inc","Banks - West",Finance,1414466000,13.2,0.6,0.55%,4.45%,0.06,8.07,1304846000,146740000,94030000,128180000,99630000,0.94,5.16%,84.00%,N/L,N/L,N/L,N/L,N/L,2025-07-22
HOUS,"Anywhere Real Estate Inc","Real Estate Operations",Finance,657581000,0,0.4,-1.24%,-4.57%,1.94,4.75,3194581000,414000000,208000000,112024000,-128000000.,1.7,3.90%,97.56%,N/L,N/L,N/L,N/L,N/L,2025-07-29
HOWL,"Werewolf Therapeutics Inc","Medical - Biomedical",Medical,60362000,0,1.39,-62.68%,-111.87%,0.6,N/A,-24538000.,-71190000.,-73000000.,45729000,-70520000.,0.63,23.60%,64.84%,N/L,N/L,N/L,N/L,N/L,2025-08-14
HP,"Helmerich & Payne","Oil & Gas - Drilling",Oils-Energy,1881405000,10.49,0.62,2.67%,5.81%,0.76,2.33,3377345000,1070520000,662620000,99440000,344170000,0.87,4.51%,96.05%,N/L,N/L,N/L,N/L,N/L,2025-08-06
HPE,"Hewlett Packard Enterprise Comp","Computer - Integrated Systems","Computers and Technology",29459250000,13.14,1.2,3.41%,9.59%,0.52,5.81,28117250000,4693000000,2129000000,1312216000,2579000000,1.37,0.36%,80.78%,N/L,N/L,N/L,N/L,N/L,2025-09-03
HPK,"Highpeak Energy Inc","Oil - US Exploration & Product",Oils-Energy,969455000,9.07,0.57,3.75%,7.10%,0.62,1.53,1931185000,1252610000,733710000,126067000,95070000,1.06,78.90%,24.13%,N/L,N/L,N/L,N/L,N/L,2025-08-11
HPP,"Hudson Pacific Properties","REIT - Equity Trust Other",Finance,1019916000,7.68,0.31,-5.27%,-15.10%,1.03,N/A,5637996000,640940000,261150000,379151000,-352290000.,1.59,4.92%,97.58%,N/L,N/L,N/L,N/L,N/L,2025-08-05
HPQ,"HP Inc","Computer - Micro","Computers and Technology",26055432000,8.28,N/A,7.97%,-244.99%,-7.28,6.14,31065432000,4545000000,3715000000,939273000,2775000000,1.29,0.38%,77.53%,N/L,N/L,N/L,N/L,N/L,2025-08-27
HQY,Healthequity,"Medical Services",Medical,7767184000,34.49,3.71,6.77%,11.01%,0.5,21.360001,8527534000,481640000,317120000,86475000,96700000,0.54,1.50%,99.55%,N/L,N/L,N/L,N/L,N/L,2025-09-02
HR,"Healthcare Realty Trust Inc.","REIT - Equity Trust Other",Finance,5966771000,10.64,1.22,-3.78%,-7.70%,0.01,20.299999,6043901000,1613220000,666490000,351607000,-654490000.,0.89,0.37%,N/A,N/L,N/L,N/L,N/L,N/L,2025-07-31
HRB,"H&R Block","Consumer Services - Misc","Consumer Discretionary",6982658000,10.81,77.309998,21.86%,-191.38%,16.8,9.04,7472718000,944800000,827970000,133947000,605770000,0.24,1.30%,90.14%,N/L,N/L,N/L,N/L,N/L,2025-08-12
HRI,"Herc Holdings Inc","Transportation - Equip & Lease",Transportation,4312168000,10.68,2.06,3.38%,20.77%,4.38,2.86,8420168000,2411000000,1600000000,33237000,211000000,1.86,1.30%,93.11%,N/L,N/L,N/L,N/L,N/L,2025-07-29
HRL,"Hormel Foods Corp","Food - Meat Products","Consumer Staples",16084429000,19.4,1.98,6.11%,10.20%,0.36,14.11,18201298000,1163070000,905310000,549895000,805040000,0.31,0.72%,40.99%,N/L,N/L,N/L,N/L,N/L,2025-08-28
HRMY,"Harmony Biosciences Holdings Inc","Medical - Biomedical",Medical,2178200000,12.03,2.77,17.71%,26.34%,0.22,12.66,1904470000,244420000,221870000,57533000,145490000,0.84,23.60%,86.23%,N/L,N/L,N/L,N/L,N/L,2025-08-05
HROW,"Harrow Inc","Medical - Drugs",Medical,1447518000,0,28.4,-0.35%,-2.18%,0.78,279.070007,1619808000,33390000,14650000,37002000,-17480000.,0.41,15.16%,72.76%,N/L,N/L,N/L,N/L,N/L,2025-08-11
HRTG,"Heritage Insurance Holdings","Insurance - Proprty & Casualty",Finance,702558000,6.65,1.87,4.46%,33.36%,0.24,10.19,355228000,158340000,150580000,31018000,61540000,1.05,15.20%,59.03%,N/L,N/L,N/L,N/L,N/L,2025-08-05
HRTX,"Heron Therapeutics","Medical - Drugs",Medical,214609000,0,N/A,-0.40%,0.00%,0,N/A,213839000,2530000,1220000,153292000,-13580000.,1.15,5.86%,80.01%,N/L,N/L,N/L,N/L,N/L,2025-08-11
HRZN,"Horizon Technology F","Finance - SBIC & Commercial",Finance,296971000,6.12,0.99,5.68%,14.02%,0,5.62,226711000,94560000,92780000,42546000,-5630000.,0.99,1.30%,4.94%,N/L,N/L,N/L,N/L,N/L,2025-08-07
HSAI,"Hesai Group ADR","Auto - Truck Original Parts",Auto-Tires-Trucks,3050782000,192.17,4.97,2.14%,3.11%,0.14,749.950012,2745562000,-10010000.,-330000.,131160000,-14030000.,1.12,N/A,48.53%,N/L,N/L,N/L,N/L,N/L,2025-08-18
HSBC,"HSBC Holdings Plc ADR","Banks - Foreign",Finance,229316016000,9.26,1.14,0.81%,12.73%,0.65,8.31,-159163984000.,116367000000,2639000000,3491413000,23979000000,0.6,0.01%,1.48%,N/L,N/L,N/L,N/L,N/L,2025-07-30
HSIC,"Henry Schein Inc","Medical - Dental Suppliers",Medical,8440252000,14.64,2.02,5.52%,14.36%,0.52,9.3,11010252000,1200000000,891000000,121268000,390000000,0.81,1.08%,96.62%,N/L,N/L,N/L,N/L,N/L,2025-08-05
HSII,"Heidrick & Struggl",Staffing,"Business Services",1073814000,14.64,2.03,6.24%,14.85%,0,11.67,558184000,55750000,36890000,20736000,8730000,1.06,1.43%,90.13%,N/L,N/L,N/L,N/L,N/L,2025-08-04
HST,"Host Marriott Financial Trust","REIT - Equity Trust Other",Finance,11626352000,7.99,1.67,5.07%,9.90%,0.76,7.68,16320352000,2411000000,1639000000,687543000,697000000,1.34,1.40%,98.52%,N/L,N/L,N/L,N/L,N/L,2025-07-30
HSTM,"Healthstream Inc","Internet - Services","Computers and Technology",822241000,40.19,2.34,3.99%,5.70%,0,11.11,762771000,117320000,63600000,29641000,20010000,0.43,20.50%,69.58%,N/L,N/L,N/L,N/L,N/L,2025-08-04
HSY,"Hershey Foods Corp","Food - Confectionery","Consumer Staples",36780208000,21.53,8.05,12.73%,37.36%,1.25,15.37,41151608000,2569600000,2114340000,202724000,2221240000,0.27,0.34%,57.96%,N/L,N/L,N/L,N/L,N/L,2025-07-30
HTBK,"Heritage Commerce","Banks - West",Finance,620000000,13.16,0.86,0.82%,6.61%,0.06,14.03,629790000,58600000,56590000,61447000,40530000,0.85,2.71%,75.55%,N/L,N/L,N/L,N/L,N/L,2025-07-24
HTGC,"Hercules Technology Growth Capital","Finance - SBIC & Commercial",Finance,3493630000,9.82,1.62,8.37%,16.54%,0.96,9.34,5146170000,326150000,318730000,181676000,262970000,0.94,1.80%,19.69%,N/L,N/L,N/L,N/L,N/L,2025-07-31
HTH,"Hilltop Holdings Inc","Banks - Southeast",Finance,2183649000,14.89,0.94,0.91%,6.46%,0,16.200001,-204711000.,341810000,321860000,63002000,113210000,0.87,29.90%,57.13%,N/L,N/L,N/L,N/L,N/L,2025-07-24
HTHT,"H World Group Ltd","Hotels & Motels","Consumer Discretionary",11123470000,23.64,6.43,5.47%,28.97%,0.5,17.370001,10835470000,906000000,723000000,306939000,418000000,0.47,49.40%,46.41%,N/L,N/L,N/L,N/L,N/L,2025-08-20
HTLD,"Heartland Express","Transportation - Truck",Transportation,678094000,0,0.82,-2.69%,-4.42%,0.25,4.22,665284000,321120000,138540000,77408000,-29720000.,1.06,40.70%,53.45%,N/L,N/L,N/L,N/L,N/L,2025-07-22
HTO,"H2O America","Waste Removal Svcs","Business Services",1798931000,15.79,1.21,2.27%,7.67%,1.28,7.73,3617491000,409990000,294940000,35287000,93970000,0.53,0.38%,84.29%,N/L,N/L,N/L,N/L,N/L,2025-07-28
HTOO,"Fusion Fuel Green Plc","Industrial Services","Industrial Products",3278000,0,0.15,0.00%,0.00%,0.19,N/A,5218000,-15270000.,0,783000,-14920000.,1.87,18.70%,17.82%,N/L,N/L,N/L,N/L,N/L,2025-08-08
HTZ,"Hertz Global Holdings Inc","Transportation - Services",Transportation,1811882000,0,N/A,-4.54%,"-6,000.00%",-34.99,0.6,17013882000,6380000000,2184000000,310786000,-2862000000.,2.14,0.65%,99.22%,N/L,N/L,N/L,N/L,N/L,2025-08-07
HUBB,"Hubbell Inc B","Machinery - Elect Utilities","Industrial Products",23426764000,25.12,6.49,13.26%,27.63%,0.53,20.73,24665764000,1349300000,1137200000,53140000,777800000,0.99,0.66%,88.16%,N/L,N/L,N/L,N/L,N/L,2025-07-29
HUBG,"Hub Group Inc A","Transportation - Services",Transportation,2294526000,18.64,1.25,4.06%,6.81%,0.13,6.98,2431936000,458220000,265660000,61220000,103990000,1.12,3.48%,46.77%,N/L,N/L,N/L,N/L,N/L,2025-07-31
HUBS,"Hubspot Inc","Internet - Software","Computers and Technology",24992290000,814.23,11.65,0.90%,1.74%,0,395.73999,24479620000,-25360000.,-72520000.,52693000,4630000,1.66,4.00%,90.39%,N/L,N/L,N/L,N/L,N/L,2025-08-06
HUM,"Humana Inc","Medical - HMO",Medical,36022672000,14.83,1.94,4.85%,13.67%,0.69,12.34,45522672000,5044000000,4076000000,120272000,1207000000,0.44,0.37%,92.38%,N/L,N/L,N/L,N/L,N/L,2025-07-30
HUMA,"Humacyte Inc","Medical - Biomedical",Medical,245088000,0,58.950001,-78.26%,0.00%,0,N/A,200148000,-104040000.,-111230000.,155119000,-148700000.,1.9,5.10%,44.71%,N/L,N/L,N/L,N/L,N/L,2025-08-11
HUN,"Huntsman Corp","Chemical - Diversified","Basic Materials",1906059000,0,0.58,-1.10%,-2.48%,0.66,6.39,3401060000,190000000,-99000000.,173752000,-189000000.,0.7,5.60%,84.81%,N/L,N/L,N/L,N/L,N/L,2025-07-31
HURN,"Huron Consulting",Consulting,"Business Services",2400999000,18.94,4.93,9.50%,25.52%,1.38,16.360001,2735699000,221150000,194770000,17307000,116630000,0.26,2.15%,93.90%,N/L,N/L,N/L,N/L,N/L,2025-07-31
HUSA,"Houston American Energy Corp","Oil - US Exploration & Product",Oils-Energy,302209000,0,35.529999,-56.04%,-57.99%,0.01,N/A,299309000,-4240000.,-4480000.,33842000,-8220000.,0.79,1.93%,12.18%,N/L,N/L,N/L,N/L,N/L,2025-08-13
HUT,"Hut 8 Corp","Finance - Misc Services",Finance,2466189000,0,1.6,5.72%,8.73%,0.18,19.700001,2616169000,427450000,379680000,105528000,331880000,4.32,11.20%,31.75%,N/L,N/L,N/L,N/L,N/L,2025-08-07
HUYA,"Huya Inc ADR","Internet Software Services","Computers and Technology",738761000,66.4,1.06,0.93%,1.35%,0,19.440001,573551000,-18110000.,-28590000.,225232000,-6570000.,0.82,1.20%,23.20%,N/L,N/L,N/L,N/L,N/L,2025-08-12
HVT,"Haverty Furniture Companies","Retail - Home Furniture",Retail-Wholesale,379997000,19.37,1.19,3.02%,6.39%,0,8.68,253687000,41570000,19960000,16267000,19960000,1.42,8.63%,80.57%,N/L,N/L,N/L,N/L,N/L,2025-07-30
HWC,"Hancock Whitney Corp","Banks - Southeast",Finance,5381095000,11,1.18,1.35%,11.21%,0.05,9.98,4077005000,682940000,627520000,84755000,460820000,1.11,0.91%,81.22%,N/L,N/L,N/L,N/L,N/L,2025-07-15
HWKN,"Hawkins Inc","Chemical - Specialty","Basic Materials",3549717000,41.4,7.24,10.73%,18.35%,0.62,28.299999,3693437000,160670000,120720000,20877000,84350000,0.81,4.10%,69.71%,N/L,N/L,N/L,N/L,N/L,2025-07-30
HWM,"Howmet Aerospace Inc","Aerospace - Defense",Aerospace,68934544000,53.8,14.01,12.26%,28.17%,0.65,50.860001,71740544000,2437000000,2160000000,403126000,1155000000,1.48,1.04%,90.46%,N/L,N/L,N/L,N/L,N/L,2025-07-31
HXL,"Hexcel Corp","Aerospace - Defense Equipment",Aerospace,5047477000,33.55,3.2,5.40%,9.76%,0.53,17.26,5630777000,260000000,135600000,79563000,132100000,1.36,1.39%,95.47%,N/L,N/L,N/L,N/L,N/L,2025-07-24
HY,"Hyster-Yale Inc","Machinery - Construct & Mining","Industrial Products",691828000,13.24,1.19,2.39%,9.57%,0.45,3.09,996628000,149900000,100800000,17721000,142300000,1.53,33.93%,46.47%,N/L,N/L,N/L,N/L,N/L,2025-08-05
HYFM,"Hydrofarm Holdings Group Inc","Agriculture Products","Basic Materials",20380000,0,0.11,-14.63%,-28.08%,0.57,N/A,110220000,-17810000.,-48500000.,4659000,-66720000.,2.39,6.90%,26.61%,N/L,N/L,N/L,N/L,N/L,2025-08-12
HYLN,"Hyliion Hldg Corp Cl A","Auto - Truck Original Parts",Auto-Tires-Trucks,307683000,0,1.28,-22.38%,-23.79%,0,N/A,298453000,-66650000.,-66720000.,174820000,-52050000.,2.73,20.90%,22.81%,N/L,N/L,N/L,N/L,N/L,2025-08-12
HYMC,"Hycroft Mining Holding Corp","Mining - Misc","Basic Materials",166443000,0,N/A,-34.76%,0.00%,-8.59,N/A,241883000,-32110000.,-34340000.,39163000,-60900000.,2.1,1.21%,7.38%,N/L,N/L,N/L,N/L,N/L,2025-08-04
HYPR,"Hyperfine Inc","Medical Instruments",Medical,100792000,0,2.73,-69.39%,-84.82%,0,N/A,63122000,-41210000.,-42220000.,77832000,-40720000.,1.06,30.98%,15.03%,N/L,N/L,N/L,N/L,N/L,2025-08-13
HZO,"Marinemax Inc","Retail - Misc & Diversified",Retail-Wholesale,602495000,22.64,0.58,1.00%,2.63%,1.19,6.1,1476835000,194030000,149540000,21464000,38070000,1.54,4.00%,92.85%,N/L,N/L,N/L,N/L,N/L,2025-07-24
IAC,"Iac Inc","Conglomerates - Div Operations",Conglomerates,2709226000,0,0.53,-5.44%,-8.23%,0.29,N/A,2903326000,569500000,298100000,74368000,-539900000.,1.23,16.14%,88.90%,N/L,N/L,N/L,N/L,N/L,2025-08-04
IAG,"Iamgold Corp","Mining - Gold","Basic Materials",5043987000,16.59,1.42,5.37%,8.54%,0.31,8.47,5725387000,1294300000,1019300000,575141000,819600000,1.08,0.17%,47.08%,N/L,N/L,N/L,N/L,N/L,2025-08-07
IART,"Integra Lifesciences","Medical Instruments",Medical,1157758000,6.11,1.03,4.32%,12.15%,1.73,3.07,2680568000,172100000,25610000,77911000,-6940000.,1.16,3.54%,84.78%,N/L,N/L,N/L,N/L,N/L,2025-07-31
IAS,"Integral Ad Science Holding Corp","Advertising Marketing Services","Business Services",1537017000,28.74,1.37,4.46%,5.00%,0,14.18,1486227000,209410000,144980000,166164000,37800000,1.57,2.00%,95.78%,N/L,N/L,N/L,N/L,N/L,2025-08-07
IBCP,"Independent Bank Corp","Banks - Midwest",Finance,679495000,10.18,1.38,1.21%,14.05%,0.39,8.5,684005000,96780000,86770000,20710000,66790000,0.87,5.68%,79.43%,N/L,N/L,N/L,N/L,N/L,2025-07-24
IBEX,"Ibex Ltd","Business Services","Business Services",404102000,13,3.09,12.67%,25.51%,0.17,9.12,342912000,84270000,64810000,13372000,33660000,0.77,6.72%,81.24%,N/L,N/L,N/L,N/L,N/L,2025-09-11
IBKR,"Interactive Brokers","Finance - Investment Brokers",Finance,105839320000,32.45,5.72,0.53%,4.92%,0,122.5,37760320000,4214000000,4118000000,1696143000,755000000,1.22,2.97%,23.80%,N/L,N/L,N/L,N/L,N/L,2025-07-17
IBM,"Intl Business Machines","Computer - Integrated Systems","Computers and Technology",224997696000,22.54,8.06,7.08%,37.62%,2.33,15.43,265809696000,13954000000,9287000000,929397000,6023000000,0.69,0.18%,58.96%,N/L,N/L,N/L,N/L,N/L,2025-07-23
IBN,"Icici Bank Ltd ADR","Banks - Foreign",Finance,116791000000,20.57,2.94,1.90%,15.40%,0.62,20.15,117364480000,18248110000,17942720000,3569407000,6021450000,0.61,N/A,18.18%,N/L,N/L,N/L,N/L,N/L,2025-07-25
IBOC,"Intl Bancshares","Banks - Southwest",Finance,4497608000,10.4,1.42,2.56%,14.37%,0.06,9.86,4264368000,585240000,560180000,62156000,409170000,0.85,13.43%,65.91%,N/L,N/L,N/L,N/L,N/L,2025-08-07
IBP,"Installed Building Products","Building & Construction - Misc",Construction,7462184000,25.9,10.98,13.91%,60.27%,1.32,16.889999,8874884000,548200000,412100000,27326000,256600000,1.73,16.20%,99.61%,N/L,N/L,N/L,N/L,N/L,2025-08-07
IBRX,"Immunitybio Inc","Medical - Biomedical",Medical,2183539000,0,N/A,-113.86%,0.00%,0,N/A,2040109000,-246720000.,-285370000.,945255000,-413560000.,0.12,76.79%,8.58%,N/L,N/L,N/L,N/L,N/L,2025-08-11
IBTA,"Ibotta Inc Cl A","Technology Services","Business Services",691141000,9.4,1.93,15.33%,24.26%,0,10.76,341451000,45230000,36090000,25261000,68740000,-1.27,16.08%,N/A,N/L,N/L,N/L,N/L,N/L,2025-08-13
ICE,"Intercontinental Exchange","Securities Exchanges",Finance,103419664000,27.16,3.6,2.71%,13.66%,0.61,20.440001,118796664000,7794000000,6257000000,572423000,2754000000,1.11,1.00%,89.30%,N/L,N/L,N/L,N/L,N/L,2025-07-31
ICHR,"Ichor Holdings Ltd","Electronics - Semiconductors","Computers and Technology",623378000,0,0.84,-0.54%,-0.77%,0.18,26.5,643228000,32060000,850000,34327000,-20820000.,1.75,1.90%,94.81%,N/L,N/L,N/L,N/L,N/L,2025-08-04
ICL,"Israel Chemicals Ltd",Fertilizers,"Basic Materials",8277255000,16.89,1.34,3.92%,7.51%,0.47,7.6,10243255000,1323000000,727000000,1313850000,407000000,1.11,0.27%,13.38%,N/L,N/L,N/L,N/L,N/L,2025-08-06
ICLR,"Icon Plc","Medical Services",Medical,14199504000,13.65,1.49,6.23%,10.95%,0.36,8.77,17086874000,1883090000,1394590000,80757000,791470000,1.17,44.00%,95.61%,N/L,N/L,N/L,N/L,N/L,2025-07-23
ICMB,"Investcorp Credit Management Bdc Inc","Finance - SBIC & Commercial",Finance,41128000,9.17,0.52,2.07%,5.59%,1.77,6.01,151148000,4710000,4060000,14431000,-4092470.,0.83,1.15%,7.76%,N/L,N/L,N/L,N/L,N/L,2025-09-24
ICUI,"I C U Medical Inc","Medical Products",Medical,3164251000,20.46,1.42,3.50%,7.24%,0.63,8.68,4438541000,295730000,69410000,24686000,-117690000.,0.88,1.50%,96.10%,N/L,N/L,N/L,N/L,N/L,2025-08-07
IDA,"Idacorp Inc","Utility - Electric Power",Utilities,6918926000,22.25,2,3.24%,9.18%,1.01,13.02,9623726000,794140000,566050000,54033000,289170000,0.56,0.46%,89.10%,N/L,N/L,N/L,N/L,N/L,2025-07-31
IDCC,"Interdigital Inc","Wireless Equipment","Computers and Technology",6870298000,15.87,6.14,25.99%,53.43%,0.43,14.65,6814708000,609040000,539130000,25802000,358610000,1.37,2.80%,99.83%,N/L,N/L,N/L,N/L,N/L,2025-07-31
IDN,"Intellicheck Mobilisia","Protection - Safety","Industrial Products",106597000,0,5.68,-2.43%,-3.09%,0,N/A,101927000,-640000.,-1080000.,20037000,-920000.,1.21,6.88%,42.79%,N/L,N/L,N/L,N/L,N/L,2025-08-12
IDR,"Idaho Strategic Resources","Mining - Gold","Basic Materials",369297000,37.51,6.59,18.64%,20.81%,0.04,30.809999,369207000,10070000,8100000,14505000,8840000,0.71,8.69%,8.70%,N/L,N/L,N/L,N/L,N/L,2025-08-12
IDT,"IDT Corp","Diversified Comm Services",Utilities,1597563000,21.63,5.25,12.84%,26.38%,0,24.389999,1342103000,119040000,98690000,25230000,64450000,0.74,25.32%,59.34%,N/L,N/L,N/L,N/L,N/L,2025-10-14
IDXX,"Idexx Laboratories","Medical Instruments",Medical,51647220000,52.71,34.720001,29.89%,64.42%,0.36,50.93,51976532000,1385100000,1255160000,80005000,887870000,1.49,0.98%,87.84%,N/L,N/L,N/L,N/L,N/L,2025-08-04
IDYA,"Ideaya Biosciences Inc","Medical - Biomedical",Medical,2201617000,0,2.25,-29.46%,-31.43%,0,N/A,2117237000,-386750000.,-367350000.,87644000,-274480000.,0.09,2.50%,98.29%,N/L,N/L,N/L,N/L,N/L,2025-08-05
IE,"Ivanhoe Electric Inc","Mining - Misc","Basic Materials",1228557000,0,3.83,-30.20%,-40.51%,0.08,N/A,1207407000,-121470000.,-124170000.,132817000,-128620000.,0.88,12.06%,79.05%,N/L,N/L,N/L,N/L,N/L,2025-08-06
IEP,"Icahn Enterprises","Conglomerates - Div Operations",Conglomerates,4851133000,0,1.32,-4.06%,-15.65%,1.96,55.810001,6421133000,120000000,-391000000.,573420000,-445000000.,0.78,90.10%,87.09%,N/L,N/L,N/L,N/L,N/L,2025-08-04
IESC,"Ies Holdings","Electronic Misc Services","Computers and Technology",6772398000,25.85,8.33,19.16%,37.23%,0.03,27.99,6712568000,391610000,354220000,19854000,201980000,1.67,56.76%,86.60%,N/L,N/L,N/L,N/L,N/L,2025-08-01
IEX,"Idex Corp","Machinery - General Industrial","Industrial Products",12690378000,20.93,3.05,8.60%,15.16%,0.46,15.88,14029778000,838800000,663200000,75287000,505000000,1.04,0.50%,97.96%,N/L,N/L,N/L,N/L,N/L,2025-07-30
IFF,"International Flavors & Fragrances","Chemical - Specialty","Basic Materials",17422390000,15.17,1.17,3.97%,7.95%,0.39,7.97,24517390000,2416000000,1401000000,256287000,243000000,1.04,0.20%,96.02%,N/L,N/L,N/L,N/L,N/L,2025-08-05
IFRX,"Fireman B.V.","Medical - Biomedical",Medical,61326000,0,0.93,-57.68%,-71.76%,0,N/A,41446000,-61290000.,-61810000.,67133000,-49850000.,1.29,16.30%,42.39%,N/L,N/L,N/L,N/L,N/L,2025-08-07
IGC,"Igc Pharma Inc","Medical - Drugs",Medical,33145000,0,5.25,-70.33%,-97.59%,0.02,N/A,32865000,-6340000.,-6960000.,90809000,-7120000.,1.48,31.48%,3.87%,N/L,N/L,N/L,N/L,N/L,2025-08-14
IGIC,"International General Insurance Hldg Inc","Insurance - Multi Line",Finance,1127429000,10.08,1.69,5.51%,17.40%,0,7.67,972179000,67180000,61620000,44633000,135150000,0.27,20.10%,54.24%,N/L,N/L,N/L,N/L,N/L,2025-08-05
IHRT,"Iheartmedia Inc","Broadcast - Radio & TV","Consumer Discretionary",349864000,0,N/A,-1.74%,0.00%,-2.98,0.74,5161755000,988730000,573540000,147622000,-1009940000.,1.86,8.50%,93.89%,N/L,N/L,N/L,N/L,N/L,2025-08-11
IHS,"IHS Holding Ltd","Communications Infrastructure","Computers and Technology",2378844000,21.81,N/A,2.50%,-52.51%,-32.92,N/A,5148834000,1010210000,647470000,335521000,-1632030000.,0.87,1.10%,17.54%,N/L,N/L,N/L,N/L,N/L,2025-08-12
III,"Information Svcs Group",Consulting,"Business Services",242421000,40.08,2.46,3.14%,6.87%,0.63,21.219999,278521000,23680000,17570000,48195000,2840000,1.23,15.90%,73.10%,N/L,N/L,N/L,N/L,N/L,2025-08-06
IIIN,"Insteel Industries","Wire & Cable Products","Industrial Products",749032000,22.08,2.01,7.62%,9.50%,0,20.629999,637492000,53260000,37800000,19410000,19310000,0.74,6.00%,83.27%,N/L,N/L,N/L,N/L,N/L,2025-10-16
IIIV,"I3 Verticals Inc Cl A","Internet - Software","Computers and Technology",1020542000,50,1.92,2.91%,3.87%,0,25.51,960222000,54570000,15950000,32265000,113340000,1.32,59.07%,84.22%,N/L,N/L,N/L,N/L,N/L,2025-08-07
IIPR,"Innovative Industrial Properties","REIT - Equity Trust Other",Finance,1539023000,6.42,0.79,5.83%,7.26%,0.15,6.32,1714273000,291880000,219910000,28023000,161660000,1.65,2.00%,70.58%,N/L,N/L,N/L,N/L,N/L,2025-08-06
ILMN,"Illumina Inc","Medical - Biomedical",Medical,15646660000,23.87,6.76,10.74%,28.93%,0.66,21.17,16009660000,1650000000,1296000000,153700000,-1223000000.,1.37,2.60%,89.42%,N/L,N/L,N/L,N/L,N/L,2025-07-31
ILPT,"Industrial Logistics Properties Trust","REIT - Equity Trust Other",Finance,406640000,8.73,0.4,-1.71%,-9.25%,4.43,2.92,4464700000,537500000,311230000,66336000,-95670000.,2.33,1.80%,49.08%,N/L,N/L,N/L,N/L,N/L,2025-07-29
IMAB,"I-Mab ADR","Medical - Biomedical",Medical,415649000,0,1.95,-18.58%,-19.65%,0,N/A,347389000,-47210000.,-48190000.,81660000,-22230000.,1.38,22.10%,38.38%,N/L,N/L,N/L,N/L,N/L,2025-08-27
IMAX,"Imax Corp","Movie & TV Production & Dist","Consumer Discretionary",1454830000,42.57,3.45,3.89%,8.62%,0.12,14.1,1391280000,137870000,70400000,53783000,26060000,0.81,23.18%,93.51%,N/L,N/L,N/L,N/L,N/L,2025-07-24
IMCR,"Immunocore Holdings Plc ADR","Medical - Biomedical",Medical,1659244000,0,4.24,-1.93%,-5.40%,1.01,N/A,1594524000,-42250000.,-46450000.,50387000,-51090000.,0.77,10.40%,84.50%,N/L,N/L,N/L,N/L,N/L,2025-08-07
IMKTA,"Ingles Markets Inc","Retail - Supermarket",Retail-Wholesale,1291212000,22.05,0.78,2.24%,3.60%,0.33,5.48,1470142000,202730000,81110000,18994000,105540000,0.74,22.80%,62.54%,N/L,N/L,N/L,N/L,N/L,2025-08-14
IMMP,"Immutep Ltd ADR","Medical - Biomedical",Medical,259811000,0,2.12,0.00%,0.00%,0.01,N/A,153711000,-26450000.,0,146786000,-28010000.,1.66,3.07%,2.32%,N/L,N/L,N/L,N/L,N/L,2025-08-29
IMMR,"Immersion Corp","Computers - Peripheral Equpt","Computers and Technology",228716000,2.5,0.4,0.00%,0.00%,0.25,6.51,143196000,165760000,165690000,32396000,33976000,1.39,5.50%,60.57%,N/L,N/L,N/L,N/L,N/L,2025-08-19
IMMX,"Immix Biopharma Inc","Medical - Biomedical",Medical,63146000,0,13.66,-110.63%,-205.35%,0,N/A,45466000,-23660000.,-23780000.,28834000,-21610000.,0.28,55.40%,11.26%,N/L,N/L,N/L,N/L,N/L,2025-08-11
IMNM,"Immunome Inc","Medical - Biomedical",Medical,896563000,0,3.22,-65.14%,-76.10%,0,N/A,753213000,-225410000.,-224610000.,87045000,-292960000.,1.93,7.69%,44.58%,N/L,N/L,N/L,N/L,N/L,2025-08-11
IMO,"Imperial Oil Ltd","Oil - C$ Integrated",Oils-Energy,44263480000,13.01,2.38,10.77%,19.36%,0.16,8.69,46462372000,7296690000,5849500000,506621000,3495740000,0.92,N/A,20.74%,N/L,N/L,N/L,N/L,N/L,2025-08-01
IMOS,"Chipmos Tech ADR","Semi-Eqpt Material Services","Computers and Technology",566082000,169.44,0.73,0.26%,0.47%,0.56,2.9,531892000,186950000,15750000,35862000,43900000,0.95,22.66%,7.39%,N/L,N/L,N/L,N/L,N/L,2025-08-12
IMPP,"Imperial Petroleum Inc","Transportation - Ship",Transportation,94805000,2.33,0.63,10.81%,17.55%,0,1.38,309675000,71480000,54490000,29813000,50160000,1.13,1.50%,94.44%,N/L,N/L,N/L,N/L,N/L,2025-08-26
IMTX,"Immatics NV","Medical - Biomedical",Medical,691620000,0,1.3,-12.30%,-15.60%,0,23.040001,435430000,-82900000.,-96130000.,121550000,16470000,0.93,3.30%,64.41%,N/L,N/L,N/L,N/L,N/L,2025-08-12
IMUX,"Immunic Inc","Medical - Biomedical",Medical,93718000,0,2.67,-217.16%,-461.46%,0,N/A,58048000,-105140000.,-105270000.,98651000,-100510000.,1.39,4.60%,51.82%,N/L,N/L,N/L,N/L,N/L,2025-08-14
IMVT,"Immunovant Inc","Medical - Biomedical",Medical,2656591000,0,4.17,-72.23%,-80.99%,0,N/A,1942621000,-470710000.,-471090000.,174317000,-413840000.,0.66,1.80%,47.08%,N/L,N/L,N/L,N/L,N/L,2025-08-12
IMXI,"International Money Express Inc","Financial Transaction Services","Business Services",432793000,7.68,3.08,12.03%,42.08%,1.01,5.71,458913000,112120000,98470000,29684000,58820000,1.02,5.10%,86.71%,N/L,N/L,N/L,N/L,N/L,2025-08-11
INBK,"First Internet Bcp","Banks - Northeast",Finance,220529000,17.49,0.52,0.20%,3.03%,0.95,6.67,154269000,43700000,35240000,8713000,25280000,0.76,8.00%,65.46%,N/L,N/L,N/L,N/L,N/L,2025-07-23
INBX,"Inhibrx Biosciences Inc","Medical - Biomedical",Medical,362125000,0,5.1,-76.31%,-137.83%,1.45,0.21,209525000,-189340000.,-191630000.,14485000,1687570000,0.24,17.09%,82.46%,N/L,N/L,N/L,N/L,N/L,2025-08-12
INCR,"Intercure Ltd","Medical Products",Medical,76558000,0,0.71,0.00%,0.00%,0.29,N/A,85838000,-14010000.,5150000,45570000,-18320000.,1.18,0.24%,8.34%,N/L,N/L,N/L,N/L,N/L,2025-08-20
INCY,"Incyte Corp","Medical - Biomedical",Medical,16606271000,21.52,4.05,14.43%,21.99%,0,156.300003,14918441000,1272320000,1183070000,195276000,32610000,0.71,17.80%,96.97%,N/L,N/L,N/L,N/L,N/L,2025-07-29
INDB,"Independent Bk Corp","Banks - Northeast",Finance,3541041000,14.78,0.93,0.98%,6.39%,0.25,12.14,4022521000,325960000,285070000,49916000,192080000,0.87,0.81%,83.40%,N/L,N/L,N/L,N/L,N/L,2025-10-16
INDI,"Indie Semiconductor Cl A","Electronics - Semiconductors","Computers and Technology",998719000,0,2.21,-14.40%,-28.43%,0.85,N/A,1095489000,-120590000.,-165720000.,216173000,-132600000.,2.23,5.60%,67.73%,N/L,N/L,N/L,N/L,N/L,2025-08-07
INDV,"Indivior Plc","Medical - Drugs",Medical,3353242000,13.51,N/A,16.26%,-86.28%,-1.27,13.21,3367242000,266000000,237000000,137880000,2000000,0.74,N/A,60.33%,N/L,N/L,N/L,N/L,N/L,2025-07-31
INFA,"Informatica Inc Cl A","Internet - Software","Computers and Technology",7486300000,74.91,3.14,2.09%,4.64%,0.76,31.41,8382990000,394210000,256290000,302599000,9930000,1.15,2.80%,98.45%,N/L,N/L,N/L,N/L,N/L,2025-08-06
INFU,"Infusystems Holdings","Medical Products",Medical,195477000,41.78,3.6,4.90%,9.11%,0.48,13.69,218807000,22870000,10290000,20426000,2350000,1.81,11.40%,71.13%,N/L,N/L,N/L,N/L,N/L,2025-08-05
INFY,"Infosys Ltd ADR","IT Services","Computers and Technology",71850144000,22.14,6.35,18.82%,29.41%,0,18.959999,68989144000,4674000000,4105000000,4143607000,3158000000,0.87,22.42%,16.20%,N/L,N/L,N/L,N/L,N/L,2025-10-16
ING,"ING Groep N.V. ADR","Banks - Foreign",Finance,78401512000,11.45,1.29,0.58%,11.62%,2.83,10.23,156327840000,61992420000,-2699690000.,3147391000,5771920000,1.14,N/A,4.49%,N/L,N/L,N/L,N/L,N/L,2025-07-31
INGM,"Ingram Micro Holding Corp","Technology Services","Business Services",4729758000,6.74,1.11,3.51%,17.33%,0.92,5.52,7164498000,1038040000,848710000,234844000,264220000,N/A,0.87%,N/A,N/L,N/L,N/L,N/L,N/L,2025-08-06
INGN,"Inogen Inc","Medical Instruments",Medical,209560000,0,1.01,-8.52%,-13.77%,0,N/A,92140000,-11970000.,-32970000.,27040000,-35890000.,1.72,1.46%,89.94%,N/L,N/L,N/L,N/L,N/L,2025-08-07
INGR,"Ingredion Inc","Food - Misc & Diversified","Consumer Staples",8281915000,11.08,1.95,10.09%,19.04%,0.42,9,9122915000,1191000000,977000000,64181000,647000000,0.71,2.30%,85.27%,N/L,N/L,N/L,N/L,N/L,2025-08-01
INMB,"Inmune Bio Inc","Medical - Biomedical",Medical,64070000,0,1.92,-92.94%,-120.62%,0,N/A,43150000,-41460000.,-41540000.,26585000,-42080000.,0.97,35.70%,12.72%,N/L,N/L,N/L,N/L,N/L,2025-08-07
INMD,"Inmode Ltd","Medical Products",Medical,936125000,8.31,1.43,16.35%,18.38%,0,7.79,780795000,115350000,114620000,63209000,181280000,1.93,6.92%,68.04%,N/L,N/L,N/L,N/L,N/L,2025-07-30
INN,"Summit Hotel Properties","REIT - Equity Trust Other",Finance,588657000,5.56,0.43,0.25%,0.56%,1.11,2.79,1987327000,366990000,213970000,108809000,41020000,1.73,3.83%,96.47%,N/L,N/L,N/L,N/L,N/L,2025-08-05
INNV,"Innovage Holding Corp","Medical Services",Medical,504949000,0,1.9,-5.85%,-11.91%,0.26,N/A,535469000,8320000,-11060000.,135013000,-21340000.,0.51,1.40%,12.26%,N/L,N/L,N/L,N/L,N/L,2025-09-09
INO,"Inovio Pharma","Medical - Biomedical",Medical,104160000,0,2.46,-96.41%,-163.32%,0,N/A,38350000,-102840000.,-105970000.,53143000,-107250000.,1.38,2.30%,26.79%,N/L,N/L,N/L,N/L,N/L,2025-08-12
INOD,"Innodata Inc","Computer - Services","Computers and Technology",1225434000,34.94,13.86,32.29%,54.27%,0.1,37.93,1186854000,45650000,39850000,31846000,28660000,2.75,12.20%,30.75%,N/L,N/L,N/L,N/L,N/L,2025-07-31
INSE,"Inspired Entertainment Inc","Technology Services","Business Services",233405000,3.74,N/A,14.82%,-281.67%,-36.8,1.96,515105000,129700000,80900000,26921000,64800000,1.62,13.10%,77.38%,N/L,N/L,N/L,N/L,N/L,2025-08-06
INSG,"Inseego Corp","Internet - Software","Computers and Technology",166075000,0,N/A,7.73%,-24.81%,0,19.68,126475000,28270000,11340000,15043000,4570000,1.1,20.90%,34.20%,N/L,N/L,N/L,N/L,N/L,2025-08-07
INSM,"Insmed Inc","Medical - Biomedical",Medical,27876136000,0,20.129999,-49.49%,-195.37%,0.43,N/A,28424486000,-979200000.,-999810000.,211375000,-913770000.,0.95,3.00%,N/A,N/L,N/L,N/L,N/L,N/L,2025-08-07
INSP,"Inspire Medical Systems Inc","Medical Information Systems",Medical,2838807000,39.83,4,8.93%,10.38%,0,53.619999,2688657000,39090000,41400000,29574000,53510000,1.22,4.10%,94.91%,N/L,N/L,N/L,N/L,N/L,2025-08-04
INSW,"International Seaways Inc","Transportation - Ship",Transportation,2208141000,10.37,1.16,8.27%,11.35%,0.29,4.06,2739031000,587940000,434390000,49366000,416720000,0.05,2.00%,67.29%,N/L,N/L,N/L,N/L,N/L,2025-08-06
INTA,"Intapp Inc","Internet - Software","Computers and Technology",3516379000,0,6.53,-0.52%,-0.89%,0,183.360001,3307809000,-10700000.,-23140000.,82120000,-18220000.,0.73,13.02%,89.96%,N/L,N/L,N/L,N/L,N/L,2025-08-12
INTC,"Intel Corp","Semi General","Computers and Technology",108549600000,0,0.97,-2.06%,-3.78%,0.48,13.2,150311600000,-743000000.,-12122000000.,4377000000,-18756000000.,1.22,0.04%,64.53%,N/L,N/L,N/L,N/L,N/L,2025-07-24
INTR,"Inter Cl A","Finance - Misc Services",Finance,3552792000,17.27,2.06,1.38%,11.85%,0.06,16.51,2391282000,959500000,920780000,439702000,168180000,1.12,N/A,22.90%,N/L,N/L,N/L,N/L,N/L,2025-08-06
INTT,"Intest Corp","Electronics - Measuring Inst","Computers and Technology",87346000,26.92,0.82,1.99%,3.01%,0.1,6.19,82546000,7670000,420000,12478000,2890000,1.55,7.00%,63.18%,N/L,N/L,N/L,N/L,N/L,2025-08-06
INTU,"Intuit Inc","Computer - Software","Computers and Technology",184847008000,45.66,9.67,12.75%,23.01%,0.29,47.849998,186777008000,5928000000,5139000000,278947000,2963000000,1.28,2.68%,83.66%,N/L,N/L,N/L,N/L,N/L,2025-08-21
INVA,"Innoviva Inc","Large Cap Pharma",Medical,1270188000,12.4,1.76,9.92%,18.67%,0.63,5.83,1413578000,238010000,196050000,63021000,23390000,0.38,2.25%,99.12%,N/L,N/L,N/L,N/L,N/L,2025-08-06
INVE,"Identiv Inc","Computers - Peripheral Equpt","Computers and Technology",85636000,0,0.57,-12.80%,-13.75%,0,N/A,-50304000.,-25920000.,-28900000.,23722000,74820000,1.4,3.60%,65.16%,N/L,N/L,N/L,N/L,N/L,2025-08-07
INVH,"Invitation Homes Inc","REIT - Equity Trust Resident",Finance,19162630000,16.09,1.93,2.88%,5.56%,0.47,15.75,23570620000,2137490000,1401800000,613008000,453920000,0.78,0.29%,96.79%,N/L,N/L,N/L,N/L,N/L,2025-07-30
INVX,"Innovex International Inc","Oil Field Machinery & Equip",Oils-Energy,1196755000,13.02,1.16,6.92%,8.58%,0.04,10.4,1158845000,210830000,170900000,68779000,140330000,0.79,43.90%,N/A,N/L,N/L,N/L,N/L,N/L,2025-08-05
INVZ,"Innoviz Technologies Ltd","Auto - Truck Original Parts",Auto-Tires-Trucks,332178000,0,3.53,-51.02%,-80.09%,0,N/A,306798000,-68640000.,-76430000.,201320000,-94760000.,1.25,11.20%,63.26%,N/L,N/L,N/L,N/L,N/L,2025-08-13
IONQ,"Ionq Inc","Computer - Integrated Systems","Computers and Technology",11808216000,0,9.36,-57.89%,-67.11%,0,N/A,11753826000,-329500000.,-339350000.,296838000,-331650000.,2.54,5.20%,41.42%,N/L,N/L,N/L,N/L,N/L,2025-08-06
IONS,"Ionis Pharmaceuticals","Medical - Drugs",Medical,6804402000,0,10.91,-8.99%,-45.29%,0.09,N/A,6614242000,-275570000.,-266520000.,159391000,-453900000.,0.25,2.60%,93.86%,N/L,N/L,N/L,N/L,N/L,2025-07-30
IOSP,"Innospec Inc","Chemical - Diversified","Basic Materials",2163451000,15.44,1.61,7.70%,10.88%,0,10.92,1874251000,207000000,163500000,24833000,35600000,1.07,1.31%,96.64%,N/L,N/L,N/L,N/L,N/L,2025-08-05
IOT,"Samsara Inc Cl A","Internet - Software","Computers and Technology",19806644000,0,16.58,-5.95%,-11.14%,0,N/A,19579064000,-136580000.,-157230000.,569320000,-154910000.,1.62,46.49%,96.02%,N/L,N/L,N/L,N/L,N/L,2025-09-04
IOVA,"Iovance Biotherapeutics Inc","Medical - Biomedical",Medical,973387000,0,1.21,-41.31%,-52.87%,0,N/A,858697000,-377290000.,-410640000.,361854000,-372180000.,0.88,10.30%,77.03%,N/L,N/L,N/L,N/L,N/L,2025-08-07
IP,"International Paper Company","Paper & Related Products","Basic Materials",25813040000,56.51,1.36,1.09%,2.63%,0.52,9.79,30011040000,3609000000,2304000000,527982000,557000000,1.04,0.35%,81.95%,N/L,N/L,N/L,N/L,N/L,2025-07-31
IPA,"Immunoprecise Antibodies Ltd","Medical Information Systems",Medical,147693000,0,7.16,-22.19%,-40.62%,0,N/A,140043000,-3720000.,-7390000.,46154000,-21690000.,0.49,6.83%,6.70%,N/L,N/L,N/L,N/L,N/L,2025-09-15
IPAR,"Interparfums Inc","Consumer Prdts - Misc Discr","Consumer Discretionary",3730506000,22.07,3.39,11.14%,16.45%,0.24,18.26,3770726000,308620000,280260000,32118000,164360000,1.43,43.70%,55.57%,N/L,N/L,N/L,N/L,N/L,2025-08-05
IPG,"Interpublic Group of Companies","Advertising Marketing Services","Business Services",9984411000,9.18,2.58,6.22%,28.72%,0.79,6.17,10804011000,1942300000,1385500000,366266000,689500000,1.05,0.42%,98.43%,N/L,N/L,N/L,N/L,N/L,2025-07-22
IPGP,"Ipg Photonics Corp","Lasers - Systems & Components","Computers and Technology",3468795000,72.8,1.59,2.00%,2.25%,0,26.9,2848755000,-176030000.,-237470000.,42220000,-181530000.,0.88,39.50%,93.79%,N/L,N/L,N/L,N/L,N/L,2025-08-05
IPI,"Intrepid Potash Inc",Fertilizers,"Basic Materials",374845000,47.71,0.77,1.20%,1.48%,0,10.85,333535000,32360000,-5630000.,13316000,-212850000.,1.78,2.40%,56.13%,N/L,N/L,N/L,N/L,N/L,2025-08-06
IPSC,"Century Therapeutics Inc","Medical - Drugs",Medical,46754000,0,0.22,-6.94%,-11.53%,0,N/A,-11606000.,-19840000.,-28330000.,86389000,-126570000.,1.78,5.00%,50.20%,N/L,N/L,N/L,N/L,N/L,2025-08-14
IQ,"Iqiyi Inc ADR","Internet - Services","Computers and Technology",2368591000,47,1.21,0.66%,2.26%,0.57,1.9,2602111000,1222440000,163130000,962842000,104680000,-0.14,57.82%,52.69%,N/L,N/L,N/L,N/L,N/L,2025-08-20
IQV,"Iqvia Holdings Inc","Medical Instruments",Medical,32495500000,17.81,5.45,6.77%,30.05%,2.68,11.16,44776500000,4435000000,3300000000,170000000,1373000000,1.3,1.60%,89.62%,N/L,N/L,N/L,N/L,N/L,2025-07-22
IR,"Ingersoll Rand Inc","Machinery - General Industrial","Industrial Products",32046636000,25.23,3.03,6.89%,12.12%,0.47,17.559999,35262936000,2248800000,1766800000,397453000,838600000,1.41,0.59%,95.27%,N/L,N/L,N/L,N/L,N/L,2025-07-31
IRBT,"Irobot Corp","Industrial Robotics","Computers and Technology",105396000,0,N/A,-28.29%,-296.63%,-26.42,N/A,170436000,-113090000.,-134760000.,31368000,-145520000.,0.9,0.62%,77.42%,N/L,N/L,N/L,N/L,N/L,2025-08-05
IRD,"Opus Genetics Inc","Medical - Biomedical",Medical,68894000,0,3.91,-148.90%,-384.33%,0.06,N/A,57414000,-64870000.,-64880000.,59908000,-57530000.,0.01,6.60%,14.97%,N/L,N/L,N/L,N/L,N/L,2025-08-12
IRDM,"Iridium Comm Inc","Satellite Communication","Computers and Technology",2650728000,24.38,5.41,4.27%,20.28%,3.82,8.63,4348088000,630380000,424730000,106114000,112780000,0.76,2.40%,84.36%,N/L,N/L,N/L,N/L,N/L,2025-10-16
IREN,"Iren Limited","Finance - Misc Services",Finance,4025925000,0,2.58,-1.67%,-2.12%,0.23,169.639999,3621325000,192530000,141880000,187864000,-28960000.,3.98,21.55%,41.08%,N/L,N/L,N/L,N/L,N/L,2025-08-28
IRIX,"Iridex Corp","Lasers - Systems & Components","Computers and Technology",21070000,0,N/A,-17.42%,-386.93%,0.61,N/A,21410000,-2740000.,-3510000.,16992000,-8910000.,0.62,7.40%,20.10%,N/L,N/L,N/L,N/L,N/L,2025-08-12
IRM,"Iron Mountain Inc","Business Information","Business Services",27721362000,49.48,N/A,2.83%,-146.80%,-27.42,18.32,41362904000,2925850000,1999360000,295348000,180160000,1.07,1.90%,80.13%,N/L,N/L,N/L,N/L,N/L,2025-08-06
IRMD,"Iradimed Corp","Medical Instruments",Medical,924235000,43.54,9.51,20.62%,23.30%,0,44.580002,872005000,24630000,23810000,12720000,19230000,0.94,36.80%,92.34%,N/L,N/L,N/L,N/L,N/L,2025-08-01
IRON,"Disc Medicine Inc","Medical - Biomedical",Medical,2098128000,0,3.38,-24.58%,-26.60%,0.05,N/A,1934018000,-173920000.,-168770000.,34766000,-109360000.,0.77,3.64%,83.70%,N/L,N/L,N/L,N/L,N/L,2025-08-14
IRS,"Irsa Inversiones Y Representaciones S.A. ADR","Real Estate Developers",Finance,1148673000,9.54,0.89,3.94%,7.91%,0.48,2.17,1825593000,-143670000.,-156770000.,75770000,-58250000.,1.36,25.06%,45.46%,N/L,N/L,N/L,N/L,N/L,2025-09-02
IRT,"Independence Realty Trust Inc","REIT - Equity Trust Resident",Finance,4133885000,14.79,1.13,0.46%,0.78%,0.63,14.69,6467565000,577620000,353970000,233817000,39290000,0.94,0.58%,88.25%,N/L,N/L,N/L,N/L,N/L,2025-07-30
IRTC,"Irhythm Technologies Inc","Medical Information Systems",Medical,5433486000,0,51.66,-8.52%,-90.03%,0,N/A,5013886000,-78430000.,-105650000.,32128000,-113290000.,1.41,1.10%,N/A,N/L,N/L,N/L,N/L,N/L,2025-07-31
IRWD,"Ironwood Pharmaceuti","Medical - Drugs",Medical,205511000,29.5,N/A,2.19%,-2.46%,-1.25,23.860001,501951000,75350000,73340000,161820000,880000,0.33,12.70%,N/A,N/L,N/L,N/L,N/L,N/L,2025-08-14
ISPR,"Ispire Technology Inc",Tobacco,"Consumer Staples",174292000,0,10.93,-22.33%,-107.00%,0.16,N/A,139222000,-24840000.,-26560000.,57145000,-14770000.,2.84,65.43%,5.00%,N/L,N/L,N/L,N/L,N/L,2025-09-25
ISRG,"Intuitive Surg Inc","Medical Instruments",Medical,170692400000,69.82,9.38,12.93%,14.56%,0,58.82,168664992000,3133400000,2633700000,358477000,2322600000,1.59,0.70%,83.64%,N/L,N/L,N/L,N/L,N/L,2025-10-16
ISSC,"Innovative Solutions and Support","Aerospace - Defense Equipment",Aerospace,250846000,19.62,4.2,14.15%,23.86%,0.41,22.549999,278336000,18300000,16200000,17628000,7000000,0.97,4.40%,28.53%,N/L,N/L,N/L,N/L,N/L,2025-08-14
IT,"Gartner Inc",Consulting,"Business Services",18926426000,16.92,12.26,13.58%,82.63%,1.61,14.45,19453196000,1579630000,1372720000,75736000,1253720000,1.19,2.30%,91.51%,N/L,N/L,N/L,N/L,N/L,2025-08-05
ITGR,"Integer Holdings Corp","Medical Instruments",Medical,3874169000,18.68,2.2,6.23%,12.27%,0.71,11.99,4817779000,337750000,222660000,35035000,119900000,1.02,2.16%,99.29%,N/L,N/L,N/L,N/L,N/L,2025-07-24
ITOS,"Iteos Therapeutics Inc","Medical - Biomedical",Medical,450449000,0,0.79,-28.16%,-33.26%,0,N/A,308319000,-232220000.,-221940000.,44205000,-134410000.,1.49,14.20%,97.16%,N/L,N/L,N/L,N/L,N/L,2025-08-14
ITP,"IT Tech Packaging Inc","Paper & Related Products","Basic Materials",3408000,0,0.01,-6.39%,-7.34%,0.06,0.45,5578000,3930000,-10290000.,16965000,-9840000.,-0.95,5.30%,2.99%,N/L,N/L,N/L,N/L,N/L,2025-08-18
ITRI,"Itron Inc","Electronic Test Equipment","Computers and Technology",5798413000,19.5,3.45,8.39%,19.69%,0.76,17.299999,5989593000,369420000,307650000,45718000,239110000,1.35,1.45%,96.19%,N/L,N/L,N/L,N/L,N/L,2025-07-31
ITRN,"Ituran Location","Protection - Safety","Industrial Products",738465000,13.15,3.45,16.47%,28.24%,0,9.9,661105000,92870000,72790000,19894000,53650000,0.89,0.01%,94.80%,N/L,N/L,N/L,N/L,N/L,2025-08-19
ITT,"ITT Inc","Conglomerates - Div Operations",Conglomerates,13328640000,27.26,5.02,10.08%,18.08%,0.42,21.66,13549540000,831100000,693800000,78000000,518300000,1.38,0.47%,91.59%,N/L,N/L,N/L,N/L,N/L,2025-07-31
ITUB,"Itau Unibanco Banco Holding S.A. ADR","Banks - Foreign",Finance,74172960000,9.41,1.86,1.48%,19.48%,2.39,8.12,75260328000,24254650000,23060670000,10780953000,7617160000,0.74,0.61%,0.00%,N/L,N/L,N/L,N/L,N/L,2025-08-05
ITW,"Illinois Tool Works Inc","Machinery - General Industrial","Industrial Products",78533016000,25.71,23.690001,19.17%,90.89%,2.78,22.49,85448016000,4597000000,4195000000,291500000,3488000000,1.09,0.88%,79.77%,N/L,N/L,N/L,N/L,N/L,2025-07-30
IVR,"Invesco Mortgage Capital Inc","REIT - Mortgage Trusts",Finance,517195000,3.12,0.93,2.91%,30.04%,6.54,2.75,5374555000,26020000,38740000,66307000,59880000,1.7,0.24%,40.54%,N/L,N/L,N/L,N/L,N/L,2025-07-24
IVT,"Inventrust Pptys Corp","REIT - Equity Trust Other",Finance,2297914000,16.1,1.21,4.24%,6.33%,0.41,17.27,2947114000,283480000,169930000,77606000,13660000,0.88,0.35%,61.70%,N/L,N/L,N/L,N/L,N/L,2025-07-29
IVVD,"Invivyd Inc","Medical - Biomedical",Medical,62486000,0,1.48,-90.96%,-177.89%,0,N/A,-6864000.,-110410000.,-113520000.,120143000,-169930000.,0.51,25.40%,70.36%,N/L,N/L,N/L,N/L,N/L,2025-08-13
IVZ,"Invesco Plc","Finance - Investment Mgmt",Finance,9610524000,11.74,0.81,3.49%,8.60%,0.7,7.76,20922924000,1125200000,945600000,445964000,774800000,1.55,1.21%,66.09%,N/L,N/L,N/L,N/L,N/L,2025-07-22
IZEA,"Izea Inc","Internet - Software","Computers and Technology",71778000,0,1.47,-15.93%,-19.89%,0,N/A,27138000,-6130000.,-7290000.,17009000,-18850000.,1.15,4.90%,15.56%,N/L,N/L,N/L,N/L,N/L,2025-08-12
J,"Jacobs Engineering Group Inc","Technology Services","Business Services",17749902000,25.62,4.6,6.15%,17.13%,0.65,18.799999,19649632000,907740000,599000000,119536000,821090000,0.79,0.38%,85.65%,N/L,N/L,N/L,N/L,N/L,2025-08-05
JACK,"Jack IN The Box Inc","Retail - Restaurants",Retail-Wholesale,352168000,3.42,N/A,3.82%,-11.31%,-1.8,1.8,2033308000,345080000,275480000,18883000,-36700000.,1.15,1.40%,99.79%,N/L,N/L,N/L,N/L,N/L,2025-08-06
JAKK,"Jakks Pacific Inc","Toys & Game & Hobby","Consumer Discretionary",207000000,5.45,0.82,8.03%,15.13%,0,4.57,136860000,57640000,47280000,11147000,33920000,1.19,3.90%,44.38%,N/L,N/L,N/L,N/L,N/L,2025-07-24
JAMF,"Jamf Holding Corp","Technology Services","Business Services",1168983000,70.83,1.45,1.31%,3.02%,0.51,11.94,1313813000,61150000,-18230000.,131865000,-68460000.,0.36,2.70%,93.81%,N/L,N/L,N/L,N/L,N/L,2025-08-07
JANX,"Janux Therapeutics Inc","Medical - Biomedical",Medical,1460284000,0,1.43,-11.01%,-11.48%,0,N/A,1029674000,-153410000.,-144880000.,60094000,-68990000.,2.86,8.10%,75.39%,N/L,N/L,N/L,N/L,N/L,2025-08-06
JAZZ,"Jazz Pharma Plc","Medical - Biomedical",Medical,7467730000,39.01,1.97,1.73%,5.02%,1.45,3.97,11163510000,847230000,187160000,60659000,560120000,0.34,4.30%,89.14%,N/L,N/L,N/L,N/L,N/L,2025-08-05
JBGS,"Jbg Smith Properties","REIT - Equity Trust Other",Finance,1270280000,31.22,0.95,-3.12%,-9.20%,1.88,22.190001,4080750000,412390000,191610000,61724000,-143530000.,1.28,4.40%,98.46%,N/L,N/L,N/L,N/L,N/L,2025-07-29
JBHT,"J B Hunt Transport","Transportation - Truck",Transportation,14533402000,26.07,3.8,6.69%,14.26%,0.47,10.85,14986422000,2318180000,1557040000,96799000,570890000,1.29,2.30%,74.95%,N/L,N/L,N/L,N/L,N/L,2025-07-15
JBI,"Janus International Group Inc","Building & Construction - Misc",Construction,1468088000,20.33,2.54,5.36%,13.10%,1.01,10.85,1910788000,147200000,100800000,138892000,70400000,1.25,4.61%,88.78%,N/L,N/L,N/L,N/L,N/L,2025-08-07
JBIO,"Jade Biosciences Inc","Medical - Biomedical",Medical,268520000,0,1.19,-47.65%,-51.96%,0,N/A,234770000,-56950000.,-54980000.,32627000,-69630000.,1.03,24.90%,N/A,N/L,N/L,N/L,N/L,N/L,2025-08-11
JBL,"Jabil Circuit","Electronic Manufacturing","Computers and Technology",22519818000,25.76,17.1,5.06%,60.18%,1.85,13.28,23198818000,1917000000,1221000000,107319000,1388000000,1.2,1.73%,93.39%,N/L,N/L,N/L,N/L,N/L,2025-09-25
JBLU,"Jetblue Airways Corp","Transportation - Airline",Transportation,1956512000,0,0.77,-2.34%,-15.58%,3.51,4.3,8574512000,1138000000,483000000,363664000,-795000000.,1.8,1.18%,83.71%,N/L,N/L,N/L,N/L,N/L,2025-07-29
JBS,"Jbs N.V. Cl A","Food - Misc & Diversified","Consumer Staples",0,0,N/A,0.00%,0.00%,0,N/A,0,0,0,0,10920846783,N/A,N/A,N/A,N/L,N/L,N/L,N/L,N/L,N/A
JBSS,"John B Sanfilippo","Food - Misc & Diversified","Consumer Staples",789499000,12.71,2.08,10.47%,17.54%,0.28,8.31,817089000,105840000,79240000,11759000,60250000,0.35,23.42%,70.64%,N/L,N/L,N/L,N/L,N/L,2025-08-20
JBTM,"Jbt Marel Corporation","Technology Services","Business Services",7675969000,24.7,1.66,4.12%,7.96%,0.44,17.549999,7699669000,166900000,77500000,51970000,85400000,1.24,0.69%,98.92%,N/L,N/L,N/L,N/L,N/L,2025-08-04
JCI,"Johnson Controls Intl","Building Products - Wood",Construction,70189344000,27.64,4.02,5.91%,14.71%,0.6,21.040001,79076344000,3166000000,2350000000,654385000,1705000000,1.3,0.54%,90.05%,N/L,N/L,N/L,N/L,N/L,2025-07-29
JCPI,"JPM Inflation Managed Bond ETF",N/A,N/A,N/A,N/A,N/A,N/A,N/A,N/A,N/A,N/A,N/A,N/A,N/A,0,N/A,N/A,N/A,N/L,N/L,N/L,N/L,N/L,N/A
JD,"Jd.com Inc ADR","Internet Commerce",Retail-Wholesale,44525168000,8.18,1.05,6.06%,13.61%,0.23,6.59,37448168000,5460000000,4240000000,1396649000,5666000000,0.46,16.60%,15.98%,N/L,N/L,N/L,N/L,N/L,2025-08-14
JEF,"Jefferies Financial Group Inc","Finance - Misc Services",Finance,12900750000,20.9,1.18,1.02%,6.59%,2.04,12.71,15686619000,1932020000,1734170000,206280000,743380000,1.48,19.80%,60.88%,N/L,N/L,N/L,N/L,N/L,2025-09-24
JELD,"Jeld-Wen Holding Inc","Building Products - Wood",Construction,532915000,0,1.01,-0.35%,-1.60%,2.42,1.72,1534315000,153340000,-69660000.,85403000,-189020000.,1.65,1.24%,95.04%,N/L,N/L,N/L,N/L,N/L,2025-08-05
JFIN,"Jiayin Group Inc ADR","Internet - Software","Computers and Technology",751983000,3.16,1.3,26.34%,47.37%,0,4.82,659113000,213200000,210750000,53370000,144740000,1.02,51.20%,44.08%,N/L,N/L,N/L,N/L,N/L,2025-08-20
JHG,"Janus Henderson Group Plc","Finance - Investment Mgmt",Finance,6825641000,11.53,1.35,7.96%,12.01%,0.08,11.51,6350841000,867600000,843100000,155979000,408900000,1.46,19.60%,87.94%,N/L,N/L,N/L,N/L,N/L,2025-07-31
JHX,"James Hardie Industries Se ADR","Building & Construction - Misc",Construction,8816346000,14.44,3.77,10.84%,27.95%,0.52,9.88,9330246000,872100000,655900000,429856000,424000000,1.74,N/A,7.96%,N/L,N/L,N/L,N/L,N/L,2025-08-19
JJSF,"J J Snack Foods","Food - Misc & Diversified","Consumer Staples",2257607000,26.27,2.26,6.10%,8.79%,0,13.11,2184217000,183300000,112700000,19468000,86550000,0.45,21.80%,76.04%,N/L,N/L,N/L,N/L,N/L,2025-08-05
JKHY,"Jack Henry & Assoc","IT Services","Computers and Technology",12055418000,26.16,5.58,15.43%,22.60%,0.08,18,12167138000,738550000,538650000,72816000,381820000,0.73,1.37%,98.75%,N/L,N/L,N/L,N/L,N/L,2025-08-19
JKS,"Jinkosolar Holding Company ADR",Solar,Oils-Energy,1207359000,0,0.28,-0.76%,-2.95%,0.75,1.05,836519000,265090000,-806020000.,51377000,7470000,0.21,19.80%,35.82%,N/L,N/L,N/L,N/L,N/L,2025-08-29
JLL,"Jones Lang Lasalle Inc","Real Estate Operations",Finance,14365446000,19.19,1.94,4.31%,10.63%,0.28,13.41,15147546000,1549400000,1190700000,47381000,546800000,1.38,0.91%,94.80%,N/L,N/L,N/L,N/L,N/L,2025-08-06
JMIA,"Jumia Technologies Ag ADR","Internet Commerce",Retail-Wholesale,963784000,0,16.610001,-37.20%,-89.98%,0.24,N/A,919624000,-64350000.,-72620000.,122463000,-99090000.,2.36,1.90%,16.50%,N/L,N/L,N/L,N/L,N/L,2025-08-07
JMSB,"John Marshall Bk Fal","Banks - Southeast",Finance,289072000,14.59,1.09,0.84%,7.60%,0.38,14.87,247392000,29580000,28120000,14219000,17120000,0.7,12.05%,39.09%,N/L,N/L,N/L,N/L,N/L,2025-07-23
JNJ,"Johnson & Johnson","Large Cap Pharma",Medical,431791104000,17.89,5.49,13.00%,32.49%,0.5,13.64,438337088000,32356000000,25017000000,2408339000,14066000000,0.41,0.16%,69.55%,N/L,N/L,N/L,N/L,N/L,2025-07-16
JOBY,"Joby Aviation Inc","Transportation - Airline",Transportation,12796931000,0,13.68,-54.54%,-71.29%,0,N/A,12597301000,-602150000.,-637720000.,855982000,-608030000.,2.52,28.50%,52.85%,N/L,N/L,N/L,N/L,N/L,2025-08-06
JOE,"St. Joe Company","Real Estate Developers",Finance,2973576000,34.51,3.78,5.35%,11.19%,0.81,23.9,3501056000,196250000,148880000,57908000,74190000,1.37,0.32%,86.67%,N/L,N/L,N/L,N/L,N/L,2025-07-23
JOYY,"Joyy Inc ADR","Internet - Services","Computers and Technology",2698738000,10.53,0.4,3.51%,5.00%,0.01,7.11,1941228000,-306040000.,-396950000.,52059000,-146240000.,0.27,43.00%,36.83%,N/L,N/L,N/L,N/L,N/L,2025-08-26
JPM,"JP Morgan Chase & Company","Finance - Investment Brokers",Finance,814587008000,15.17,2.38,1.30%,16.93%,1.18,13.24,499060000000,131440000000,123502000000,2749754000,58471000000,1.11,0.47%,71.55%,N/L,N/L,N/L,N/L,N/L,2025-10-10
JRVR,"James River Gp HD","Insurance - Multi Line",Finance,274578000,0,0.54,-0.19%,-1.97%,0.53,3.43,321508000,-3960000.,-72510000.,45916000,-81120000.,0.06,16.50%,95.21%,N/L,N/L,N/L,N/L,N/L,2025-08-04
JSPR,"Jasper Therapeutics Inc.","Medical - Biomedical",Medical,44014000,0,1.89,-128.34%,-172.28%,0,N/A,-27626000.,-92690000.,-94060000.,15022000,-71270000.,2.7,4.60%,79.85%,N/L,N/L,N/L,N/L,N/L,2025-08-12
JXN,"Jackson Financial Inc Cl A","Insurance - Life",Finance,6858535000,4.97,0.66,0.43%,14.73%,0.41,4.68,8001535000,170000000,203000000,69651000,946000000,1.46,1.60%,89.96%,N/L,N/L,N/L,N/L,N/L,2025-08-05
JYNT,"The Joint Corp","Medical - HMO",Medical,162789000,1046,6.88,0.16%,0.60%,0,16.01,136789000,2760000,-1960000.,15343000,-8530000.,1.53,27.90%,76.88%,N/L,N/L,N/L,N/L,N/L,2025-08-07
K,Kellanova,"Consumer Prdts - Misc Discr","Consumer Discretionary",27865672000,21.8,6.61,8.23%,32.54%,1.21,16.209999,32801672000,2222000000,1855000000,347669000,1343000000,0.27,1.80%,83.87%,N/L,N/L,N/L,N/L,N/L,2025-07-31
KAI,"Kadant Inc","Machinery - General Industrial","Industrial Products",4014780000,34.39,4.1,7.66%,12.62%,0.27,22.5,4207360000,211140000,161550000,11777000,111600000,1.24,1.40%,96.13%,N/L,N/L,N/L,N/L,N/L,2025-07-29
KALU,"Kaiser Aluminum","Metal Production & Fabrication","Basic Materials",1287283000,21.71,1.58,2.41%,8.03%,1.39,7.62,2310483000,355800000,237100000,16178000,46800000,1.51,1.40%,99.29%,N/L,N/L,N/L,N/L,N/L,2025-07-23
KALV,"Kalvista Pharmaceuticals Inc","Medical - Drugs",Medical,669883000,0,6.75,-82.65%,-134.07%,0,N/A,538263000,-187040000.,-188000000.,49954000,-183440000.,0.05,10.50%,0.00%,N/L,N/L,N/L,N/L,N/L,2025-09-04
KAR,"Openlane Inc","Auto - Truck Original Parts",Auto-Tires-Trucks,3100888000,25.39,2.14,3.40%,11.65%,0,13.26,3139688000,499100000,394800000,106304000,109900000,1.4,1.51%,99.76%,N/L,N/L,N/L,N/L,N/L,2025-08-06
KB,"KB Financial Group Inc ADR","Banks - Foreign",Finance,30452112000,7.53,0.7,0.77%,9.79%,2.36,7.11,107847232000,10521500000,9901480000,381462000,3436200000,1.06,69.00%,11.52%,N/L,N/L,N/L,N/L,N/L,2025-08-13
KBH,"KB Home","Building - Residential & Comm",Construction,4406238000,8.02,1.03,8.14%,14.02%,0,6.39,3808268000,740700000,699940000,68050000,655020000,1.34,3.89%,96.09%,N/L,N/L,N/L,N/L,N/L,2025-09-23
KBR,"KBR Inc","Engineering & R&D Services","Industrial Products",6578673000,13.63,4.29,7.33%,33.65%,1.76,10.86,8797672000,860000000,704000000,128842000,375000000,0.76,1.11%,97.02%,N/L,N/L,N/L,N/L,N/L,2025-07-31
KC,"Kingsoft Cloud Holdings Ltd ADR","Internet - Software","Computers and Technology",4143465000,0,3.85,-5.37%,-18.02%,0.37,106.620003,3996945000,-59510000.,-232550000.,279586000,-269430000.,2.1,14.20%,13.40%,N/L,N/L,N/L,N/L,N/L,2025-08-20
KD,"Kyndryl Hldgs Inc","Technology Services","Business Services",7211693000,29.82,5.24,2.38%,19.88%,2.34,2.43,8593693000,3311000000,596000000,231144000,251000000,1.91,1.90%,71.53%,N/L,N/L,N/L,N/L,N/L,2025-08-04
KDP,"Keurig Dr Pepper Inc","Beverages - Soft","Consumer Staples",47728616000,17.6,1.91,5.09%,11.05%,0.56,13.01,62692616000,4421000000,3382000000,1358435000,1441000000,0.45,0.40%,93.99%,N/L,N/L,N/L,N/L,N/L,2025-07-24
KE,"Kimball Electrnc","Electronics Products - Misc","Computers and Technology",690929000,24.68,1.23,2.56%,5.17%,0.33,8.63,907799000,98950000,29070000,24380000,16980000,1.22,2.10%,75.99%,N/L,N/L,N/L,N/L,N/L,2025-08-13
KELYA,"Kelly Svcs Cl A",Staffing,"Business Services",516089000,7.3,0.4,2.72%,5.65%,0.06,2.41,716489000,175400000,51700000,35252000,-600000.,0.99,48.09%,76.34%,N/L,N/L,N/L,N/L,N/L,2025-08-07
KEN,"Kenon Holdings Ltd","Utility - Electric Power",Utilities,2356659000,0,0.87,-1.51%,-2.64%,0.47,21.809999,2607909000,136280000,42840000,52150000,597670000,1.18,0.14%,13.38%,N/L,N/L,N/L,N/L,N/L,2025-09-08
KEP,"Korea Electric Power Corp ADR","Utility - Electric Power",Utilities,18244616000,4.75,0.59,2.18%,13.16%,2.09,1.44,78423176000,16667060000,6868910000,1283928000,2444190000,0.95,1.00%,0.00%,N/L,N/L,N/L,N/L,N/L,2025-09-08
KEX,"Kirby Corp","Transportation - Ship",Transportation,5606225000,16.69,1.61,5.63%,10.02%,0.33,8.43,6398505000,1068120000,723370000,55800000,286710000,1.01,0.90%,96.15%,N/L,N/L,N/L,N/L,N/L,2025-07-31
KEY,Keycorp,"Banks - Major Regional",Finance,20811872000,13.35,1.17,0.82%,9.65%,0.62,13.58,33673872000,1261000000,1188000000,1096516000,-161000000.,1.13,0.52%,79.69%,N/L,N/L,N/L,N/L,N/L,2025-10-16
KEYS,"Keysight Technologies Inc","Electronics - Measuring Inst","Computers and Technology",28719828000,26.59,4.87,10.51%,19.53%,0.46,22.83,28713828000,1130000000,860000000,172109000,614000000,1.11,0.61%,84.58%,N/L,N/L,N/L,N/L,N/L,2025-08-19
KFRC,"Kforce Inc",Staffing,"Business Services",621021000,13.13,4.34,11.94%,29.52%,0.52,10.63,653371000,72630000,66710000,18599000,50410000,0.75,4.40%,92.77%,N/L,N/L,N/L,N/L,N/L,2025-07-28
KFS,"Kingsway Financial Services","Insurance - Proprty & Casualty",Finance,407687000,0,20.01,-2.51%,-40.69%,3.01,690.440002,452087000,9940000,120000,28873000,-9270000.,0.22,53.83%,72.38%,N/L,N/L,N/L,N/L,N/L,2025-08-07
KFY,"Korn/Ferry International",Staffing,"Business Services",4000998000,14.88,2.01,7.21%,14.49%,0.21,11.01,3391778000,506890000,426600000,52328000,246060000,1.47,1.00%,98.82%,N/L,N/L,N/L,N/L,N/L,2025-09-04
KG,"Kestrel Group Ltd","Insurance - Multi Line",Finance,215070000,0,1.39,-13.60%,-157.41%,1.75,N/A,435090000,-182160000.,-176900000.,7742000,-200970000.,1.22,9.30%,21.78%,N/L,N/L,N/L,N/L,N/L,2025-08-14
KGC,"Kinross Gold Corp","Mining - Gold","Basic Materials",23819176000,16.53,3.09,13.11%,20.04%,0.16,12.08,24632876000,3541500000,2394000000,1215264000,948800000,0.55,1.00%,63.69%,N/L,N/L,N/L,N/L,N/L,2025-07-30
KGS,"Kodiak Gas Services Inc","Oil Field Machinery & Equip",Oils-Energy,3141521000,22.6,2.36,3.20%,10.35%,1.89,8.21,5718691000,876820000,604580000,87752000,49900000,1.33,0.27%,24.95%,N/L,N/L,N/L,N/L,N/L,2025-08-06
KHC,"Kraft Heinz Company","Food - Misc & Diversified","Consumer Staples",33211788000,9.48,0.78,4.01%,7.40%,0.51,7.13,51752788000,1507000000,559000000,1183599000,2744000000,0.23,0.35%,78.17%,N/L,N/L,N/L,N/L,N/L,2025-07-30
KIDS,"Orthopediatrics Corp","Medical Instruments",Medical,506495000,0,1.31,-4.69%,-6.36%,0.14,N/A,485285000,-14860000.,-35780000.,25074000,-37820000.,1.12,32.70%,69.05%,N/L,N/L,N/L,N/L,N/L,2025-08-05
KIDZ,"Classover Holdings Inc Cl B","Technology Services","Business Services",30322000,0,10.6,0.00%,0.00%,4.17,1.98,30212000,-2350000.,-2350000.,23689000,5270000,-0.38,29.66%,74.70%,N/L,N/L,N/L,N/L,N/L,N/A
KIM,"Kimco Realty Corp","REIT - Equity Trust Retail",Finance,15033841000,12.46,1.37,2.99%,5.58%,0.76,14.32,22853190000,1943270000,1339580000,677200000,410790000,1.31,2.20%,89.25%,N/L,N/L,N/L,N/L,N/L,2025-07-31
KINS,"Kingstone Cos Inc","Insurance - Proprty & Casualty",Finance,195994000,7.46,2.07,6.72%,33.21%,0.05,8.27,178494000,41870000,38950000,14141000,18360000,0.52,5.10%,14.91%,N/L,N/L,N/L,N/L,N/L,2025-08-07
KKR,"KKR & Company LP","Finance - Investment Mgmt",Finance,126309840000,30.98,1.85,1.08%,6.30%,0.74,36.689999,162174336000,262300000,381620000,890949000,3076250000,1.87,39.34%,76.26%,N/L,N/L,N/L,N/L,N/L,2025-07-31
KLAC,"K L A-Tencor Corp","Electronics Products - Misc","Computers and Technology",114843008000,26.18,24.530001,28.75%,112.41%,1.25,22.639999,118648360000,5647410000,5014220000,131961000,4061640000,1.44,0.12%,86.65%,N/L,N/L,N/L,N/L,N/L,2025-07-31
KLC,"Kindercare Learning Companies Inc",Schools,"Consumer Discretionary",863479000,11.51,0.87,1.93%,9.85%,1,4.91,1727109000,327980000,203540000,118123000,-92840000.,N/A,5.31%,N/A,N/L,N/L,N/L,N/L,N/L,2025-08-12
KLG,"Wk Kellogg CO","Consumer Prdts - Misc Staple","Consumer Staples",1984976000,19.48,5.76,5.18%,31.34%,2.08,8.72,2428976000,124000000,46000000,86416000,72000000,0.24,2.20%,95.74%,N/L,N/L,N/L,N/L,N/L,2025-08-05
KLIC,"Kulicke and Soffa","Electrical - Manufacturing","Computers and Technology",1964339000,0,2.29,-0.81%,-1.06%,0,40.040001,1737189000,107610000,38400000,52146000,-69010000.,1.52,3.40%,98.22%,N/L,N/L,N/L,N/L,N/L,2025-08-06
KLTR,"Kaltura Inc","Internet - Software","Computers and Technology",230192000,0,12.5,-7.18%,-57.20%,1.83,N/A,229392000,3910000,-12600000.,154491000,-31320000.,1.08,13.50%,30.79%,N/L,N/L,N/L,N/L,N/L,2025-08-07
KLXE,"Klx Energy Services Holdings Inc","Oil - Field Services",Oils-Energy,33896000,0,N/A,-13.81%,0.00%,-5.48,0.59,227396000,163800000,67200000,17840000,-53000000.,1.01,5.27%,42.69%,N/L,N/L,N/L,N/L,N/L,2025-08-06
KMB,"Kimberly-Clark Corp","Consumer Prdts - Misc Staple","Consumer Staples",44289316000,18.52,31.440001,13.97%,184.87%,5.16,13.68,50711316000,3903000000,3122000000,331780000,2545000000,0.33,0.64%,76.29%,N/L,N/L,N/L,N/L,N/L,2025-08-01
KMDA,"Kamada Ltd","Medical - Biomedical",Medical,412886000,20.72,1.56,5.18%,7.41%,0.04,14.33,344626000,39050000,25240000,57505000,14460000,0.93,36.10%,20.38%,N/L,N/L,N/L,N/L,N/L,2025-08-13
KMI,"Kinder Morgan Inc","Oil - Production & Pipeline",Oils-Energy,59329244000,22.54,1.86,3.69%,8.31%,1.02,11.98,91005248000,9233000000,6829000000,2222069000,2613000000,0.78,12.73%,62.52%,N/L,N/L,N/L,N/L,N/L,2025-10-15
KMPR,"Kemper Corp","Insurance - Multi Line",Finance,3364280000,8.41,1.16,3.25%,14.39%,0.32,7.86,4691480000,439300000,385600000,62743000,317800000,1.27,6.20%,86.23%,N/L,N/L,N/L,N/L,N/L,2025-08-05
KMT,"Kennametal Inc","Machinery - Tools & Related","Industrial Products",1644356000,15.41,1.2,4.19%,8.09%,0.45,6.58,2101586000,291930000,155430000,76022000,93130000,1.44,1.41%,N/A,N/L,N/L,N/L,N/L,N/L,2025-08-06
KMX,"Carmax Inc","Retail - Wholesale Auto Parts",Retail-Wholesale,9013325000,15.73,1.38,2.08%,9.11%,2.9,11.06,26361404000,1414390000,1119590000,150072000,500560000,1.36,1.70%,N/A,N/L,N/L,N/L,N/L,N/L,2025-09-25
KN,"Knowles Corp","Communications Components","Computers and Technology",1852604000,29.07,2.34,5.57%,8.22%,0.25,4.67,1925004000,373300000,52400000,85888000,-237800000.,1.45,2.54%,96.35%,N/L,N/L,N/L,N/L,N/L,2025-07-24
KNDI,"Kandi Techs Group","Leisure & Recreational Prdcts","Consumer Discretionary",135052000,0,0.38,0.00%,0.00%,0.12,N/A,57452000,-56760000.,-8000000.,85476000,-50500000.,0.74,16.80%,3.66%,N/L,N/L,N/L,N/L,N/L,2025-08-19
KNF,"Knife River Holding CO","Building & Construction - Misc",Construction,5204022000,32.59,3.4,4.85%,10.58%,0.93,14.54,5600282000,398240000,258610000,56664000,201680000,0.63,0.30%,80.11%,N/L,N/L,N/L,N/L,N/L,2025-08-05
KNOP,"Knot Offshore Partners LP","Transportation - Ship",Transportation,248996000,10.95,0.47,1.43%,4.35%,1.53,1.84,1171116000,316430000,203820000,34297000,13930000,-0.1,N/A,26.82%,N/L,N/L,N/L,N/L,N/L,2025-09-26
KNSA,"Kiniksa Pharmaceuticals International Plc","Medical - Biomedical",Medical,2501145000,839.5,5.03,0.80%,1.05%,0,N/A,2317565000,6170000,4470000,74108000,-43190000.,0.14,53.48%,53.95%,N/L,N/L,N/L,N/L,N/L,2025-07-29
KNSL,"Kinsale Capital Group Inc","Insurance - Proprty & Casualty",Finance,10610350000,26.52,6.21,7.92%,25.93%,0.11,28.07,10681260000,579700000,573900000,23300000,414840000,1.12,5.50%,85.36%,N/L,N/L,N/L,N/L,N/L,2025-07-24
KNTK,"Kinetik Holdings Inc","Oil - Field Services",Oils-Energy,6590633000,53.82,N/A,1.95%,-6.16%,-2.52,10.78,16067863000,893510000,555250000,161932000,244230000,3.03,3.83%,21.11%,N/L,N/L,N/L,N/L,N/L,2025-08-06
KNX,"Knight-Swift Transporation Inc","Transportation - Truck",Transportation,7298721000,32.12,0.97,1.70%,3.03%,0.24,7.17,8610081000,1878960000,1086160000,162302000,117630000,1.17,3.00%,88.77%,N/L,N/L,N/L,N/L,N/L,2025-07-23
KO,"Coca-Cola Company","Beverages - Soft","Consumer Staples",301816160000,24.2,10.07,12.23%,44.91%,1.49,22.48,334011168000,14233000000,13158000000,4303667000,10631000000,0.44,0.97%,70.26%,N/L,N/L,N/L,N/L,N/L,2025-07-22
KOD,"Kodiak Sciences Inc","Medical - Biomedical",Medical,538784000,0,7.29,-63.29%,-155.27%,0,N/A,370714000,-180680000.,-207390000.,52822000,-176210000.,2.41,45.90%,89.06%,N/L,N/L,N/L,N/L,N/L,2025-08-13
KODK,"Eastman Kodak","Electronics Products - Misc","Computers and Technology",496530000,0,0.9,0.76%,2.32%,0.93,3.63,980530000,-6000000.,-34000000.,81000000,102000000,0.9,23.87%,33.65%,N/L,N/L,N/L,N/L,N/L,2025-08-11
KOF,"Coca Cola Femsa S.A.B. DE C.V. ADR","Beverages - Soft","Consumer Staples",146554064000,14.98,19.360001,7.67%,15.80%,0.56,76.360001,148516064000,6600390000,6019390000,1680666000,1138000000,0.62,1.00%,0.00%,N/L,N/L,N/L,N/L,N/L,2025-07-23
KOP,"Koppers Holdings Inc","Chemical - Diversified","Basic Materials",594634000,6.65,1.09,4.65%,17.43%,1.84,3.77,1481534000,275800000,208300000,19716000,52400000,1.4,6.90%,92.75%,N/L,N/L,N/L,N/L,N/L,2025-08-08
KOPN,"Kopin Corp","Electronics Products - Misc","Computers and Technology",307703000,0,17.76,-20.69%,-66.91%,0,N/A,292493000,-13740000.,-14380000.,162806000,-43880000.,2.74,2.80%,30.96%,N/L,N/L,N/L,N/L,N/L,2025-08-12
KOS,"Kosmos Energy Ltd","International E&P",Oils-Energy,879987000,0,0.82,-3.00%,-14.16%,2.8,1.25,3539727000,1057930000,592450000,478254000,189850000,1.49,1.99%,95.33%,N/L,N/L,N/L,N/L,N/L,2025-08-04
KPTI,"Karyopharm Therapeut","Medical - Drugs",Medical,54629000,0,N/A,-84.28%,0.00%,-0.5,N/A,111149000,-111000000.,-115210000.,8671000,-76420000.,0.28,2.98%,66.44%,N/L,N/L,N/L,N/L,N/L,2025-08-11
KR,"Kroger Company","Retail - Supermarket",Retail-Wholesale,45971716000,15.73,5.3,6.11%,34.71%,2.01,6.64,58605716000,11852000000,8003000000,660893000,2665000000,0.59,0.44%,80.93%,N/L,N/L,N/L,N/L,N/L,2025-09-11
KRC,"Kilroy Realty Corp","REIT - Equity Trust Other",Finance,4750687000,8.6,0.82,1.99%,3.92%,0.82,8.04,9182767000,1054310000,694650000,118294000,210970000,1.22,1.57%,94.22%,N/L,N/L,N/L,N/L,N/L,2025-07-28
KREF,"KKR Real Estate Finance Trust Inc","REIT - Mortgage Trusts",Finance,625892000,0,0.46,0.33%,1.61%,3.81,5.4,5419722000,-25800000.,-23960000.,65676000,35590000,0.92,1.90%,70.23%,N/L,N/L,N/L,N/L,N/L,2025-07-22
KRG,"Kite Realty Group Trust","REIT - Equity Trust Retail",Finance,5006167000,10.51,1.45,2.49%,5.21%,0.91,12.64,8105037000,960290000,584420000,219858000,4070000,1.16,2.50%,90.81%,N/L,N/L,N/L,N/L,N/L,2025-07-30
KRMD,"Koru Medical Systems Inc","Medical Information Systems",Medical,202509000,0,11.48,-16.81%,-26.77%,0,N/A,192929000,-3100000.,-3990000.,46235000,-6070000.,0.47,20.60%,58.60%,N/L,N/L,N/L,N/L,N/L,2025-08-06
KRMN,"Karman Holdings Inc","Aerospace - Defense Equipment",Aerospace,6912502000,0,19.120001,0.00%,0.00%,1.1,N/A,7252892000,122360000,87260000,132322000,12700000,N/A,N/A,N/A,N/L,N/L,N/L,N/L,N/L,2025-08-07
KRNT,"Kornit Digital Ord","Printing - Commercial","Industrial Products",698802000,0,1.03,-0.68%,-0.74%,0,518.869995,663802000,-18220000.,-31270000.,44795000,-16800000.,1.9,0.21%,92.76%,N/L,N/L,N/L,N/L,N/L,2025-08-06
KRNY,"Kearny Financial","Finance - Savings & Loan",Finance,418478000,14.4,0.52,0.34%,3.49%,1.65,2.98,2064409000,183150000,61170000,64580000,26080000,0.73,8.56%,71.01%,N/L,N/L,N/L,N/L,N/L,2025-07-24
KRO,"Kronos Worldwide Inc","Chemical - Diversified","Basic Materials",744393000,10.47,0.82,3.50%,8.04%,0.7,4.64,1141793000,177700000,113300000,115053000,86200000,1.09,0.11%,15.11%,N/L,N/L,N/L,N/L,N/L,2025-08-06
KROS,"Keros Therapeutics Inc","Medical - Biomedical",Medical,631969000,48.94,0.87,2.74%,2.96%,0,N/A,72039000,1540000,310000,40615000,-187350000.,1.33,20.60%,71.56%,N/L,N/L,N/L,N/L,N/L,2025-08-06
KRP,"Kimbell Royalty Partners","Oil - US Royalty Trusts",Oils-Energy,1506117000,40.06,2.29,6.36%,12.56%,0.72,6.54,2027107000,330000000,192400000,107888000,12320000,0.52,5.60%,25.78%,N/L,N/L,N/L,N/L,N/L,2025-08-07
KRYS,"Krystal Biotech Inc","Medical - Biomedical",Medical,4355488000,29.61,4.05,13.81%,15.21%,0,31.42,4010618000,146010000,139300000,28943000,89160000,0.7,13.70%,86.29%,N/L,N/L,N/L,N/L,N/L,2025-08-04
KSPI,"Joint Stock Company Kaspi.Kz ADR","Financial Transaction Services","Business Services",18461730000,8.38,4.49,11.57%,60.53%,0.03,9.21,17171570000,4160660000,4160660000,199500000,2183450000,1.06,N/A,32.20%,N/L,N/L,N/L,N/L,N/L,2025-08-04
KSS,"Kohl's Corp","Retail - Regional Dept Stores",Retail-Wholesale,1556263000,8.27,0.39,1.27%,4.71%,1.19,1.63,5695263000,1999000000,1256000000,112042000,109000000,1.73,1.00%,98.04%,N/L,N/L,N/L,N/L,N/L,2025-08-27
KT,"Korea Telecom Corp ADR","Wireless Non-US","Computers and Technology",10670289000,22.26,0.82,1.52%,3.47%,0.61,3.24,15433099000,3442180000,524980000,515722000,321900000,0.69,1.00%,18.86%,N/L,N/L,N/L,N/L,N/L,2025-08-25
KTB,"Kontoor Brands Inc","Textile - Apparel","Consumer Staples",4301984000,13.95,8.03,15.02%,68.76%,2.74,12.47,4708234000,377090000,334450000,55574000,245800000,1.11,1.70%,93.06%,N/L,N/L,N/L,N/L,N/L,2025-08-07
KTCC,"Key Tronic Corp","Electronics Products - Misc","Computers and Technology",31425000,0,0.25,-0.70%,-1.97%,0.95,2.03,146395000,14450000,2980000,10762000,-2790000.,0.98,6.10%,40.69%,N/L,N/L,N/L,N/L,N/L,2025-08-27
KTOS,"Kratos Defns","Aerospace - Defense Equipment",Aerospace,11260248000,208.97,5.07,2.22%,3.10%,0.09,101.209999,11105548000,72400000,19800000,168794000,16300000,1.04,2.37%,75.92%,N/L,N/L,N/L,N/L,N/L,2025-08-07
KULR,"Kulr Technology Group Inc","Electronics - Semiconductors","Computers and Technology",204723000,0,1.32,-27.79%,-29.89%,0,N/A,174903000,-21190000.,-24140000.,41109000,-17520000.,2.12,11.21%,21.23%,N/L,N/L,N/L,N/L,N/L,2025-08-14
KURA,"Kura Oncology","Medical - Biomedical",Medical,663997000,0,2.11,-29.59%,-52.32%,0.03,N/A,449067000,-285880000.,-273590000.,86797000,-173980000.,0.41,6.40%,N/A,N/L,N/L,N/L,N/L,N/L,2025-08-07
KVUE,"Kenvue Inc","Consumer Prdts - Misc Staple","Consumer Staples",41471104000,20.04,3.83,7.78%,20.06%,0.66,14.57,47456104000,3009000000,2387000000,1919070000,1030000000,0.83,1.68%,97.64%,N/L,N/L,N/L,N/L,N/L,2025-08-07
KVYO,"Klaviyo Inc Series A","Internet - Software","Computers and Technology",9830476000,0,8.74,-0.90%,-1.12%,0,82.589996,8948626000,-12650000.,-103020000.,299984000,-46140000.,1.36,49.92%,45.43%,N/L,N/L,N/L,N/L,N/L,2025-08-05
KW,"Kennedy-Wilson Holdings Inc","Real Estate Operations",Finance,1172150000,17.39,1.37,1.51%,12.90%,1.4,3.83,3932050000,427200000,278100000,137900000,-33000000.,1.1,20.30%,87.72%,N/L,N/L,N/L,N/L,N/L,2025-08-06
KWR,"Quaker Chemical Corp","Chemical - Specialty","Basic Materials",2517405000,21.03,1.77,4.25%,8.35%,0.7,11.12,3035685000,141370000,55840000,17395000,116640000,1.38,1.10%,77.46%,N/L,N/L,N/L,N/L,N/L,2025-07-31
KYIV,"Kyivstar Group Ltd","Wireline Non-US",Utilities,3105121000,0,N/A,0.00%,0.00%,0,N/A,3105121000,0,0,230864000,283000000,N/A,N/A,N/A,N/L,N/L,N/L,N/L,N/L,N/A
KYMR,"Kymera Therapeutics Inc","Medical - Biomedical",Medical,3153062000,0,2.85,-27.12%,-31.60%,0,N/A,3032802000,-318480000.,-311870000.,71498000,-223860000.,2.18,16.01%,N/A,N/L,N/L,N/L,N/L,N/L,2025-08-11
KYN,"Kayne Anderson MLP Investment Company",N/A,N/A,N/A,N/A,N/A,N/A,N/A,0.186871,N/A,N/A,N/A,N/A,N/A,929673000,N/A,N/A,N/A,N/L,N/L,N/L,N/L,N/L,N/A
KYTX,"Kyverna Therapeutics Inc","Medical - Biomedical",Medical,166497000,0,0.84,-56.17%,-64.98%,0,N/A,69877000,-169500000.,-171630000.,43246000,-127480000.,3.05,22.00%,18.08%,N/L,N/L,N/L,N/L,N/L,2025-08-11
KZIA,"Kazia Therapeutics Ltd ADR","Medical - Biomedical",Medical,7766000,0,N/A,0.00%,0.00%,-0.04,N/A,7096000,-17430000.,0,1007000,-17560000.,2.64,1.00%,30.89%,N/L,N/L,N/L,N/L,N/L,2025-02-21
KZR,"Kezar Life Sciences Inc","Medical - Biomedical",Medical,29732000,0,0.31,-52.13%,-63.52%,0.09,N/A,-1688000.,-79480000.,-75740000.,7323000,-83740000.,0.65,10.40%,67.90%,N/L,N/L,N/L,N/L,N/L,2025-08-12
L,"Loews Corp","Insurance - Multi Line",Finance,19975124000,15.32,1.1,1.62%,7.43%,0.49,11.68,28378124000,2610000000,2227000000,207426000,1414000000,0.69,19.00%,58.33%,N/L,N/L,N/L,N/L,N/L,2025-08-04
LAB,"Standard Biotools Inc","Medical Information Systems",Medical,485134000,0,1.07,-15.32%,-20.23%,0,N/A,318404000,-113780000.,-123210000.,381995000,-138890000.,1.32,23.16%,53.74%,N/L,N/L,N/L,N/L,N/L,2025-08-11
LAC,"Lithium Americas Corp","Mining - Misc","Basic Materials",623082000,0,1,-4.74%,-7.66%,0,N/A,29192000,-34630000.,-34680000.,223327000,-42530000.,0.68,1.11%,0.00%,N/L,N/L,N/L,N/L,N/L,2025-08-12
LAD,"Lithia Motors","Retail - Wsale Auto & Trucks",Retail-Wholesale,8376048000,9.09,1.13,3.81%,13.21%,1.26,6.78,16336447000,2316600000,1926800000,25636000,802000000,1.3,0.87%,N/A,N/L,N/L,N/L,N/L,N/L,2025-07-29
LADR,"Ladder Capital Corp","REIT - Mortgage Trusts",Finance,1467076000,12.83,0.95,2.24%,7.07%,1.86,7.94,3266606000,129680000,86150000,127461000,108260000,1.03,12.00%,62.25%,N/L,N/L,N/L,N/L,N/L,2025-07-24
LAES,"Sealsq Corp","Electronics - Semiconductors","Computers and Technology",342738000,0,3.14,0.00%,0.00%,0.1,N/A,266058000,-16560000.,0,123732000,-21200000.,-13.11,N/A,1.25%,N/L,N/L,N/L,N/L,N/L,2025-07-03
LAKE,"Lakeland Inds Inc","Protection - Safety","Industrial Products",147476000,0,0.99,-4.47%,-6.88%,0.18,14,147366000,-2240000.,-16090000.,9515000,-18080000.,1.01,1.91%,71.69%,N/L,N/L,N/L,N/L,N/L,2025-09-03
LAMR,"Lamar Advertis A","REIT - Equity Trust Other",Finance,12832545000,14.97,13.66,6.68%,41.85%,3.71,15.08,15993955000,1547900000,1078600000,101219000,361870000,1.36,14.99%,93.78%,N/L,N/L,N/L,N/L,N/L,2025-08-08
LAND,"Gladstone Land Corp","REIT - Equity Trust Other",Finance,330731000,49.5,0.48,0.60%,1.14%,0.74,6.27,899921000,90040000,51880000,36185000,13290000,1.11,7.20%,53.60%,N/L,N/L,N/L,N/L,N/L,2025-08-14
LAR,"Lithium Argentina Ag","Mining - Misc","Basic Materials",521318000,0,N/A,-1.64%,-2.08%,0,N/A,438088000,-38540000.,-39300000.,161900000,-15230000.,N/A,19.80%,49.17%,N/L,N/L,N/L,N/L,N/L,2025-08-11
LASE,"Laser Photonics Corp","Machinery - General Industrial","Industrial Products",72379000,0,13.5,-30.59%,-57.82%,0.79,N/A,71849000,-3320000.,-4290000.,14276000,-2520000.,3.23,2.50%,1.90%,N/L,N/L,N/L,N/L,N/L,2025-08-27
LASR,"Nlight Inc","Electronics - Semiconductors","Computers and Technology",1399667000,0,6.19,-14.68%,-19.12%,0.09,N/A,1333837000,-30190000.,-47790000.,49899000,-60790000.,2.35,4.70%,83.88%,N/L,N/L,N/L,N/L,N/L,2025-08-07
LAUR,"Laureate Education Inc",Schools,"Consumer Discretionary",3967012000,14.17,3.69,14.61%,29.46%,0.11,12.67,3970852000,481620000,376410000,147363000,296470000,0.54,1.20%,96.27%,N/L,N/L,N/L,N/L,N/L,2025-07-31
LAW,"CS Disco Inc","Internet - Software","Computers and Technology",320441000,0,2.16,-21.89%,-26.04%,0,N/A,267671000,-28140000.,-46220000.,61742000,-55770000.,2.05,16.10%,58.05%,N/L,N/L,N/L,N/L,N/L,2025-08-06
LAZ,"Lazard Inc","Finance - Misc Services",Finance,6313768000,23.76,7.63,5.24%,34.33%,2.15,8.24,6471078000,900620000,415850000,112766000,279910000,1.35,3.86%,54.80%,N/L,N/L,N/L,N/L,N/L,2025-07-24
LAZR,"Luminar Technologies Inc","Auto - Truck Original Parts",Auto-Tires-Trucks,93758000,0,N/A,-91.91%,0.00%,-1.73,N/A,509558000,-252060000.,-286650000.,46879000,-273140000.,1.96,11.22%,30.99%,N/L,N/L,N/L,N/L,N/L,2025-08-12
LB,"Landbridge Company Llc Cl A","Oil - US Integrated",Oils-Energy,4140644000,0,5.91,3.46%,5.63%,0.54,165.149994,4484854000,97540000,86980000,76551000,-41770000.,0.32,70.42%,N/A,N/L,N/L,N/L,N/L,N/L,2025-08-06
LBRDA,"Liberty Broadband Corp Sr A","Cable TV","Consumer Discretionary",9088592000,8.09,0.85,6.51%,10.89%,0.29,8.17,12882592000,544000000,337000000,143489000,869000000,0.95,11.59%,10.29%,N/L,N/L,N/L,N/L,N/L,2025-08-07
LBRDK,"Liberty Broadband Corp Sr C","Cable TV","Consumer Discretionary",9128769000,8.11,0.85,6.51%,10.89%,0.29,8.19,12922769000,544000000,337000000,143489000,869000000,0.96,10.80%,80.22%,N/L,N/L,N/L,N/L,N/L,2025-08-07
LBRT,"Liberty Energy Inc","Oil - Field Services",Oils-Energy,1846298000,14.96,0.85,3.58%,6.01%,0.08,2.2,2016818000,1208160000,703110000,161956000,316010000,0.67,1.90%,98.22%,N/L,N/L,N/L,N/L,N/L,2025-10-15
LBTYA,"Liberty Global Ltd Ord A","Diversified Comm Services",Utilities,3979762000,0,0.3,-10.77%,-22.64%,0.74,1.39,11264461000,1528200000,461400000,340733000,1588000000,1.13,13.29%,37.20%,N/L,N/L,N/L,N/L,N/L,2025-08-01
LBTYK,"Liberty Global Ltd Ord C","Broadcast - Radio & TV","Consumer Discretionary",4020650000,0,0.3,-10.77%,-22.64%,0.74,1.4,11305349000,1528200000,461400000,340733000,1588000000,1.08,9.86%,46.10%,N/L,N/L,N/L,N/L,N/L,2025-08-01
LC,"Lendingclub Corp","Finance - Misc Services",Finance,1871409000,22.93,1.25,0.72%,5.66%,0,15.23,894009000,223380000,164550000,114740000,51330000,2.46,3.19%,74.08%,N/L,N/L,N/L,N/L,N/L,2025-07-29
LCID,"Lucid Group Inc","Auto - Domestic",Auto-Tires-Trucks,6237165000,0,2.67,-26.63%,-79.40%,0.85,N/A,7932285000,-2669800000.,-2998470000.,3072495000,-2713940000.,0.79,64.00%,75.17%,N/L,N/L,N/L,N/L,N/L,2025-08-05
LCII,"Lci Industries","Auto - Truck Original Parts",Auto-Tires-Trucks,2604047000,16.03,1.85,5.27%,11.57%,0.68,9.63,3195537000,364830000,239140000,24244000,142870000,1.25,3.50%,99.71%,N/L,N/L,N/L,N/L,N/L,2025-08-05
LCTX,"Lineage Cell Therapeutics Inc","Medical - Biomedical",Medical,274027000,0,5.67,-12.93%,-20.00%,0,N/A,228237000,-19830000.,-20400000.,228356000,-18610000.,1.66,26.80%,62.47%,N/L,N/L,N/L,N/L,N/L,2025-08-12
LCUT,"Lifetime Brands Inc","Consumer Prdts - Misc Discr","Consumer Discretionary",89880000,381,0.46,0.04%,0.12%,0.92,2.23,265480000,46380000,21210000,22414000,-15170000.,1.63,43.60%,40.62%,N/L,N/L,N/L,N/L,N/L,2025-08-07
LDI,"Loandepot Inc Cl A","Finance - Mortgage & Rel Svs",Finance,668471000,0,1.44,-1.53%,-19.41%,12.2,N/A,5540981000,113960000,49050000,330926000,-98330000.,3.35,78.05%,39.39%,N/L,N/L,N/L,N/L,N/L,2025-08-07
LDOS,"Leidos Holdings Inc","IT Services","Computers and Technology",23316698000,15.72,4.92,11.45%,33.57%,1.08,14.35,27043698000,2328000000,2038000000,128297000,1254000000,0.65,0.96%,76.12%,N/L,N/L,N/L,N/L,N/L,2025-08-05
LE,"Lands' End Inc","Retail - Catalog Shopping",N/A,417175000,30.56,1.76,1.68%,5.80%,1.2,7.69,636255000,119720000,79410000,30473000,6230000,2.51,1.70%,37.46%,N/L,N/L,N/L,N/L,N/L,2025-09-04
LEA,"Lear Corp","Auto - Truck Original Parts",Auto-Tires-Trucks,5776576000,8.3,1.05,4.63%,13.95%,0.53,4.2,7459176000,1512000000,891300000,53206000,506600000,1.3,0.91%,97.04%,N/L,N/L,N/L,N/L,N/L,2025-07-25
LECO,"Lincoln Elec Holdings","Machinery - Tools & Related","Industrial Products",13534366000,25.14,9.53,14.74%,39.79%,0.91,21.690001,14407656000,767880000,679640000,55186000,466110000,1.21,2.63%,79.61%,N/L,N/L,N/L,N/L,N/L,2025-07-31
LEG,"Leggett & Platt Inc",Furniture,"Consumer Discretionary",1307491000,8.52,1.44,3.96%,19.42%,2.1,1.28,2821391000,1143800000,331800000,135351000,-511500000.,0.7,1.57%,64.23%,N/L,N/L,N/L,N/L,N/L,2025-07-31
LEGH,"Legacy Housing Corp","Real Estate Operations",Finance,665945000,12.37,1.3,10.28%,11.11%,0,10.88,664795000,59140000,59240000,23869000,61640000,0.86,30.60%,89.35%,N/L,N/L,N/L,N/L,N/L,2025-08-07
LEGN,"Legend Biotech Corp ADR","Medical - Biomedical",Medical,6534613000,0,6.3,-20.07%,-32.00%,0.3,N/A,6549063000,-327190000.,-350550000.,183763000,-177030000.,0.26,0.02%,70.89%,N/L,N/L,N/L,N/L,N/L,2025-08-11
LEN,"Lennar Corp","Building - Residential & Comm",Construction,35160196000,10.79,1.47,8.57%,12.74%,0.12,8.82,32744036000,4171610000,4055930000,259007000,3932530000,1.29,10.00%,81.10%,N/L,N/L,N/L,N/L,N/L,2025-09-18
LENZ,"Lenz Therapeutics Inc","Medical - Biomedical",Medical,1140880000,0,5.51,-24.43%,-25.63%,0,N/A,1120610000,-65930000.,-61970000.,28522000,-49770000.,0.42,6.90%,54.32%,N/L,N/L,N/L,N/L,N/L,2025-08-13
LESL,"Leslie's Inc","Consumer Prdts - Misc Staple","Consumer Staples",60174000,0,N/A,-4.96%,0.00%,-3.13,2.01,728834000,41930000,6660000,185608000,-23380000.,1.27,0.70%,N/A,N/L,N/L,N/L,N/L,N/L,2025-08-06
LEU,"Centrus Energy Corp","Mining - Non Ferrous","Basic Materials",3395246000,32.83,8.99,8.67%,45.88%,1.2,35.380001,3268446000,112400000,101600000,18208000,73200000,1.35,1.00%,49.96%,N/L,N/L,N/L,N/L,N/L,2025-08-05
LEVI,"Levi Strauss & Company Cl A","Retail - Apparel & Shoes",Retail-Wholesale,8431386000,14.51,3.93,9.03%,28.74%,0.49,10.09,8735386000,969200000,659100000,395654000,210600000,1.21,1.25%,69.14%,N/L,N/L,N/L,N/L,N/L,2025-10-01
LFCR,"Lifecore Biomedical Inc","Medical - Biomedical",Medical,284301000,0,200.089996,-13.03%,-846.51%,3.2,N/A,474121000,-9210000.,-17240000.,37408000,-38720000.,0.65,32.20%,83.36%,N/L,N/L,N/L,N/L,N/L,2025-10-03
LFMD,"Lifemd Inc","Medical Services",Medical,300150000,0,N/A,-8.11%,0.00%,40.74,N/A,283480000,7850000,-2040000.,47417000,-18880000.,1.72,18.40%,35.52%,N/L,N/L,N/L,N/L,N/L,2025-08-05
LFST,"Lifestance Health Group Inc","Medical - Outpatient & Hm Care",Medical,2158595000,0,1.45,-0.76%,-1.11%,0.19,138.699997,2283815000,129930000,57310000,388936000,-57440000.,1.13,3.20%,85.50%,N/L,N/L,N/L,N/L,N/L,2025-08-07
LFUS,"Littelfuse Inc","Electronics - Misc Components","Computers and Technology",6516176000,25.55,2.38,6.15%,9.74%,0.31,18.1,6647366000,391460000,261010000,24782000,100190000,1.41,2.50%,96.14%,N/L,N/L,N/L,N/L,N/L,2025-07-30
LFVN,"Lifevantage Corp","Medical - Dental Suppliers",Medical,164651000,16.32,4.64,15.24%,34.67%,0,14.25,147761000,16550000,12960000,12588000,2940000,0.45,20.65%,35.32%,N/L,N/L,N/L,N/L,N/L,2025-09-04
LFWD,"Lifeward Ltd","Internet - Software","Computers and Technology",9659000,0,0.64,-90.28%,-137.92%,0,N/A,2719000,-25510000.,-13450000.,15705000,-28940000.,0.09,2.70%,26.76%,N/L,N/L,N/L,N/L,N/L,2025-08-14
LGIH,"LGI Homes Inc","Real Estate Developers",Finance,1555655000,8.96,0.71,4.21%,8.00%,0.85,7.32,2983175000,168790000,165680000,23057000,196070000,1.69,12.30%,84.89%,N/L,N/L,N/L,N/L,N/L,2025-08-05
LGND,"Ligand Pharm","Medical - Biomedical",Medical,3117491000,0,3.66,-8.09%,-9.21%,0,97.900002,3045181000,33150000,-1240000.,19597000,-4030000.,0.85,7.00%,91.28%,N/L,N/L,N/L,N/L,N/L,2025-08-07
LGO,"Largo Inc","Mining - Misc","Basic Materials",96841000,0,0.53,-12.94%,-24.16%,0.56,N/A,166481000,-17030000.,-45710000.,64133000,-49830000.,1.51,0.26%,64.08%,N/L,N/L,N/L,N/L,N/L,2025-08-14
LH,"Laboratory Corp of America Holdings","Medical Services",Medical,23116756000,18.27,2.73,7.02%,15.45%,0.6,12.35,26943556000,2109400000,1465900000,83100000,746000000,0.78,0.84%,95.94%,N/L,N/L,N/L,N/L,N/L,2025-07-24
LHX,"L3Harris Technologies Inc","Aerospace - Defense",Aerospace,51595184000,23.01,2.68,5.47%,11.82%,0.58,13.69,62701184000,3525000000,2198000000,187095000,1502000000,0.77,0.72%,84.76%,N/L,N/L,N/L,N/L,N/L,2025-07-24
LI,"Li Auto Inc ADR","Auto - Foreign",Auto-Tires-Trucks,25193464000,22.34,2.46,5.19%,11.83%,0.12,16.18,17319374000,1498990000,1080060000,1047110000,1100430000,0.94,48.50%,9.88%,N/L,N/L,N/L,N/L,N/L,2025-08-28
LIF,"Life360 Inc","Protection - Safety","Industrial Products",6996471000,269.28,17.99,5.31%,7.65%,0,943.130005,6837231000,16330000,4950000,77549000,-4560000.,3.46,8.00%,20.00%,N/L,N/L,N/L,N/L,N/L,2025-08-11
LII,"Lennox International","Building Prdcts - Air Heating",Construction,20790598000,24.31,22.26,24.12%,99.81%,1.28,22.5,21523098000,1152600000,1057500000,35124000,806900000,1.1,9.73%,67.07%,N/L,N/L,N/L,N/L,N/L,2025-07-23
LILA,"Liberty Latin America Cl A","Wireless National",Utilities,1588794000,0,1.39,-9.37%,-77.72%,6.78,4.6,8548994000,1464800000,473300000,200100000,-657000000.,0.98,11.96%,18.48%,N/L,N/L,N/L,N/L,N/L,2025-08-07
LILAK,"Liberty Latin America Cl C","Wireless National",Utilities,1626813000,0,1.05,-9.23%,-71.59%,5.36,4.71,9052713000,1911500000,588800000,200100000,-657000000.,0.95,9.66%,52.98%,N/L,N/L,N/L,N/L,N/L,2025-08-07
LIN,"Linde Plc","Chemical - Specialty","Basic Materials",225859872000,30.14,5.64,9.19%,19.09%,0.65,20.34,242645872000,16399000000,12619000000,468910000,6565000000,0.92,0.70%,82.80%,N/L,N/L,N/L,N/L,N/L,2025-08-01
LINC,"Lincoln Educational",Schools,"Consumer Discretionary",636470000,31.2,3.49,4.61%,11.20%,0.07,20.690001,577200000,36130000,23040000,31618000,9890000,1.5,13.60%,72.23%,N/L,N/L,N/L,N/L,N/L,2025-08-11
LIND,"Lindblad Expd Holdings","Leisure & Recreation Services","Consumer Discretionary",813069000,0,N/A,-0.92%,0.00%,-3.82,29.02,1570479000,151660000,94510000,54789000,-31180000.,2.71,34.00%,75.94%,N/L,N/L,N/L,N/L,N/L,2025-08-04
LINE,"Lineage Inc","REIT - Equity Trust Other",Finance,9214775000,11.5,0.93,-2.95%,-5.76%,0.6,38.580002,14044775000,1320100000,425100000,228768000,-686000000.,N/A,71.90%,N/A,N/L,N/L,N/L,N/L,N/L,2025-08-06
LION,"Lionsgate Studios Corp","Media Conglomerates","Consumer Discretionary",1826859000,0,N/A,-1.83%,0.00%,-1.9,N/A,3333159000,1589800000,23400000,289518000,-128500000.,-0.25,9.40%,N/A,N/L,N/L,N/L,N/L,N/L,2025-08-07
LITE,"Lumentum Holdings","Communications Components","Computers and Technology",8341866000,0,7.18,-0.71%,-3.02%,2.27,35.599998,10394366000,133100000,-180100000.,69900000,25900000,1.33,0.19%,94.05%,N/L,N/L,N/L,N/L,N/L,2025-08-12
LIVN,"Livanova Plc OR Sh","Medical Instruments",Medical,3052196000,16.52,2.57,6.91%,14.57%,0.38,12.47,2956256000,248180000,175440000,54601000,63230000,0.92,0.29%,97.64%,N/L,N/L,N/L,N/L,N/L,2025-08-06
LKFN,"Lakeland Finl Corp","Banks - Midwest",Finance,1724807000,17.47,2.31,1.39%,13.57%,0,16.34,1653077000,126600000,115850000,25530000,93480000,0.63,3.00%,81.15%,N/L,N/L,N/L,N/L,N/L,2025-07-25
LKQ,"LKQ Corp","Auto - Truck Replacement Parts",Auto-Tires-Trucks,8192210000,9.16,1.2,5.60%,13.85%,0.19,6.01,12123210000,1955000000,1549000000,257293000,690000000,0.92,0.55%,95.63%,N/L,N/L,N/L,N/L,N/L,2025-07-24
LLY,"Eli Lilly and Company","Large Cap Pharma",Medical,673574464000,43.95,36.66,16.89%,92.72%,2.24,49.869999,698833152000,18568900000,16802300000,946457000,10590000000,0.44,0.13%,82.53%,N/L,N/L,N/L,N/L,N/L,2025-08-07
LLYVA,"Liberty Live Series A","Diversified Comm Services",Utilities,8496421000,0,N/A,0.00%,0.00%,0,N/A,8496421000,0,0,91883000,-31000000.,1.38,N/A,25.07%,N/L,N/L,N/L,N/L,N/L,2025-08-07
LLYVK,"Liberty Live Series C","Media Conglomerates","Consumer Discretionary",8734398000,0,N/A,0.00%,0.00%,0,N/A,8734398000,0,0,91883000,-31000000.,1.4,N/A,60.36%,N/L,N/L,N/L,N/L,N/L,2025-08-07
LMAT,"Lemaitre Vascular","Medical Products",Medical,2271271000,46.82,6.01,9.14%,13.67%,0,40.380001,2245661000,64440000,54770000,22638000,44040000,0.79,9.50%,84.64%,N/L,N/L,N/L,N/L,N/L,2025-08-05
LMB,"Limbach Holdings Inc","Building - Maint & Service",Construction,1390239000,31.34,8.16,13.59%,29.38%,0.19,24.469999,1372099000,60610000,48680000,11627000,30880000,1.22,9.70%,55.85%,N/L,N/L,N/L,N/L,N/L,2025-08-05
LMND,"Lemonade Inc","Insurance - Multi Line",Finance,4198203000,0,7.8,-10.93%,-36.12%,0.23,N/A,3895903000,-193700000.,-207600000.,73886000,-202200000.,2.19,14.70%,80.30%,N/L,N/L,N/L,N/L,N/L,2025-08-05
LMNR,"Limoneira Company","Agriculture Operations","Consumer Staples",298500000,0,1.58,-0.57%,-0.90%,0.28,17.23,346900000,7210000,-1810000.,18069000,7720000,0.46,8.85%,64.35%,N/L,N/L,N/L,N/L,N/L,2025-09-08
LMT,"Lockheed Martin Corp","Aerospace - Defense",Aerospace,104172080000,15.38,19.57,12.13%,107.60%,4.06,12.58,121959080000,7515000000,5956000000,233465000,5336000000,0.27,0.14%,74.19%,N/L,N/L,N/L,N/L,N/L,2025-07-22
LNC,"Lincoln National Corp","Insurance - Life",Finance,7950985000,5.13,0.9,0.38%,19.14%,0.6,5.28,9291985000,1495000000,1533000000,189580000,3275000000,1.42,0.51%,72.81%,N/L,N/L,N/L,N/L,N/L,2025-07-31
LNG,"Cheniere Energy","Oil - US Exploration & Product",Oils-Energy,52208084000,14.05,4.74,8.79%,37.83%,2.01,11.96,71930080000,9394000000,8132000000,219768000,3252000000,0.43,0.26%,87.26%,N/L,N/L,N/L,N/L,N/L,2025-08-07
LNN,"Lindsay Corp","Machinery - Farm","Industrial Products",1554027000,19.86,2.84,9.54%,15.09%,0.22,18.200001,1478367000,111490000,90290000,10862000,66260000,0.81,1.70%,89.94%,N/L,N/L,N/L,N/L,N/L,2025-06-26
LNSR,"Lensar Inc","Medical Instruments",Medical,153962000,0,N/A,-72.60%,-737.30%,0,N/A,137702000,-10010000.,-13690000.,11935000,-31400000.,0.5,38.52%,40.15%,N/L,N/L,N/L,N/L,N/L,2025-08-14
LNT,"Alliant Energy Corp","Utility - Electric Power",Utilities,17209214000,19.68,2.38,3.75%,12.25%,1.58,10.92,27534214000,2600000000,1828000000,256969000,690000000,0.53,0.33%,79.90%,N/L,N/L,N/L,N/L,N/L,2025-08-07
LNTH,"Lantheus Holdings","Medical Products",Medical,3957931000,10.88,3.51,19.10%,34.06%,0.49,8.34,3611371000,506570000,437650000,67994000,312440000,0.14,1.50%,99.06%,N/L,N/L,N/L,N/L,N/L,2025-08-06
LNW,"Light & Wonder Inc",Gaming,"Consumer Discretionary",7738234000,15.82,10.82,8.73%,71.16%,6.92,9.45,11302234000,1439000000,1078000000,83947000,336000000,1.21,2.20%,88.08%,N/L,N/L,N/L,N/L,N/L,2025-08-06
LNZA,"Lanzatech Global Inc","Technology Services","Business Services",51542000,0,N/A,-86.03%,-562.88%,0,N/A,8042000,-104270000.,-109010000.,2320000,-137730000.,1.78,4.50%,17.76%,N/L,N/L,N/L,N/L,N/L,2025-08-21
LOAR,"Loar Holdings Inc","Aerospace - Defense Equipment",Aerospace,6780105000,123.75,6.05,3.82%,5.50%,0.25,86.989998,7003325000,143070000,97550000,93622000,22230000,0.11,22.60%,N/A,N/L,N/L,N/L,N/L,N/L,2025-08-13
LOB,"Live Oak Bancsh","Banks - Southeast",Finance,1726345000,28.71,1.5,0.42%,5.46%,0,15.88,1117295000,106390000,83830000,45731000,77470000,1.82,23.40%,63.95%,N/L,N/L,N/L,N/L,N/L,2025-07-23
LOCO,"El Pollo Loco","Retail - Restaurants",Retail-Wholesale,320347000,11.68,1.12,4.38%,9.83%,0.25,7.21,388867000,71170000,55260000,29995000,25680000,1.01,3.10%,81.28%,N/L,N/L,N/L,N/L,N/L,2025-07-31
LODE,"Comstock Inc","Mining - Gold","Basic Materials",88750000,0,0.87,-40.25%,-65.51%,0.24,N/A,96290000,-29120000.,-33090000.,35931000,-53320000.,1.64,4.50%,7.96%,N/L,N/L,N/L,N/L,N/L,2025-08-14
LOGC,"Contextlogic Holdings Inc","Internet Commerce",Retail-Wholesale,197195000,0,N/A,-8.94%,-10.69%,0,N/A,131195000,-82000000.,-13000000.,26612000,-75000000.,1.96,0.49%,46.05%,N/L,N/L,N/L,N/L,N/L,2025-08-07
LOGI,"Logitech Int S.A.","Computers - Peripheral Equpt","Computers and Technology",16303682000,22.97,7.21,17.93%,30.81%,0,21.049999,14800472000,753840000,674080000,158150000,631530000,0.94,0.19%,45.76%,N/L,N/L,N/L,N/L,N/L,2025-07-29
LOMA,"Loma Negra Comp Indu Argentina Sociedad ADR","Building - Residential & Comm",Construction,1189142000,18.73,1.43,4.44%,7.88%,0.29,5.06,1368362000,191900000,123010000,116697000,169190000,1.01,N/A,19.32%,N/L,N/L,N/L,N/L,N/L,2025-08-07
LOOP,"Loop Industries Inc","Technology Services","Business Services",70145000,0,N/A,-36.84%,-354.97%,-1.18,N/A,70905000,-2310000.,-2830000.,47718000,-15060000.,1.76,45.90%,4.89%,N/L,N/L,N/L,N/L,N/L,2025-07-21
LOPE,"Grand Canyon Educati",Schools,"Consumer Discretionary",5712613000,24.06,7.49,24.08%,31.50%,0,22.01,5387993000,334880000,298330000,28087000,226230000,0.79,2.00%,94.17%,N/L,N/L,N/L,N/L,N/L,2025-08-06
LOVE,"The Lovesac Company","Retail - Home Furniture",Retail-Wholesale,278031000,26,1.34,2.74%,6.70%,0,10.64,194301000,46200000,31360000,14549000,11560000,2.2,12.46%,91.32%,N/L,N/L,N/L,N/L,N/L,2025-09-11
LOW,"Lowe's Companies","Retail - Home Furniture",Retail-Wholesale,147804320000,21.18,N/A,15.13%,-52.02%,-2.62,16.41,181530320000,14026000000,12054000000,560438000,6957000000,0.89,0.27%,74.06%,N/L,N/L,N/L,N/L,N/L,2025-08-20
LPG,"Dorian Lpg Ltd","Transportation - Ship",Transportation,1368574000,24.05,1.29,3.08%,5.24%,0.52,8.03,1604964000,214390000,143570000,42648000,90170000,0.77,13.60%,62.50%,N/L,N/L,N/L,N/L,N/L,2025-08-01
LPL,"Lg Display Company Ltd ADR","Computers - Peripheral Equpt","Computers and Technology",4290000000,0,0.79,-1.92%,-7.60%,1.79,2.29,13108060000,3578850000,-9100000.,1000000000,-1793820000.,1.44,0.03%,0.00%,N/L,N/L,N/L,N/L,N/L,2025-08-13
LPLA,"Lpl Financial Holdings","Finance - Investment Brokers",Finance,28996648000,19.99,5.7,9.76%,39.80%,1.41,15.91,31807318000,2794680000,2339600000,80004000,1058620000,0.66,1.30%,95.66%,N/L,N/L,N/L,N/L,N/L,2025-07-31
LPRO,"Open Lending Corp Cl A","Finance - Consumer Loans",Finance,252888000,0,3.05,-17.09%,-48.33%,1.63,N/A,131188000,-72650000.,-74750000.,118172000,-135010000.,1.92,13.20%,78.06%,N/L,N/L,N/L,N/L,N/L,2025-08-06
LPSN,"Liveperson Inc","Internet - Services","Computers and Technology",107254000,0,N/A,-7.86%,0.00%,0,0.82,-75986000.,119770000,-34440000.,96625000,-134270000.,1.61,2.00%,79.83%,N/L,N/L,N/L,N/L,N/L,2025-08-11
LPTX,"Leap Therapeutics Inc","Medical - Biomedical",Medical,12341000,0,1.99,-155.38%,-237.65%,0,N/A,-34909000.,-66780000.,-66790000.,41440000,-67560000.,-0.27,7.50%,30.46%,N/L,N/L,N/L,N/L,N/L,2025-08-18
LPX,"Louisiana-Pacific Corp","Building Products - Wood",Construction,6927886000,20.49,3.69,12.19%,18.67%,0.2,11.91,6935886000,536000000,410000000,69641000,420000000,1.8,1.42%,94.73%,N/L,N/L,N/L,N/L,N/L,2025-08-06
LQDA,"Liquidia Corp","Medical - Biomedical",Medical,2310683000,0,153.649994,-60.81%,-232.96%,12.75,N/A,2249593000,-136040000.,-138240000.,86091000,-130390000.,0.14,26.50%,64.54%,N/L,N/L,N/L,N/L,N/L,2025-08-12
LQDT,"Liquidity Services","Auction Valuation Services","Business Services",849646000,20.96,3.92,11.42%,20.76%,0,17.91,696416000,54060000,41940000,31237000,19990000,1.21,28.40%,71.15%,N/L,N/L,N/L,N/L,N/L,2025-08-07
LRCX,"Lam Research Corp","Electronics - Semiconductors","Computers and Technology",126663352000,23.77,12.76,26.43%,58.17%,0.45,22.02,124757192000,6287250000,5900970000,1265621000,5358220000,1.65,0.29%,84.61%,N/L,N/L,N/L,N/L,N/L,2025-07-30
LRMR,"Larimar Therapeutics Inc","Medical - Drugs",Medical,323662000,0,2.55,-53.98%,-62.92%,0,N/A,290442000,-113470000.,-108530000.,82778000,-80600000.,0.93,4.50%,91.92%,N/L,N/L,N/L,N/L,N/L,2025-08-20
LRN,"Stride Inc",Schools,"Consumer Discretionary",7205870000,23.05,4.93,16.21%,25.51%,0.28,14.93,6839690000,535890000,419570000,43627000,287940000,0.1,3.00%,98.24%,N/L,N/L,N/L,N/L,N/L,2025-08-05
LSAK,"Lesaka Technologies Inc","Technology Services","Business Services",385933000,0,1.92,-14.35%,-46.20%,1.14,44.299999,479293000,54840000,30730000,81249000,-17440000.,0.67,4.00%,24.19%,N/L,N/L,N/L,N/L,N/L,2025-09-03
LSCC,"Lattice Semicond","Electronics - Semiconductors","Computers and Technology",8783248000,186.45,12.31,5.58%,6.61%,0,67.25,8646958000,55020000,8750000,136896000,61130000,1.52,1.80%,98.08%,N/L,N/L,N/L,N/L,N/L,2025-08-04
LSPD,"Lightspeed Commerce Inc","Internet - Software","Computers and Technology",1656739000,293,1.03,0.31%,0.33%,0,15.06,1098269000,-480750000.,-581740000.,135244000,-667200000.,2.48,N/A,68.68%,N/L,N/L,N/L,N/L,N/L,2025-07-31
LSTR,"Landstar System","Transportation - Truck",Transportation,4704626000,27.23,4.88,9.61%,17.49%,0.09,18.15,4291916000,325810000,269070000,34654000,195950000,0.86,0.81%,97.95%,N/L,N/L,N/L,N/L,N/L,2025-07-29
LTBR,"Lightbridge Corp","Other Alt Energy",Oils-Energy,397795000,0,3.34,-26.36%,-26.81%,0,N/A,357805000,-16460000.,-16460000.,25915000,-11790000.,1.67,6.50%,9.14%,N/L,N/L,N/L,N/L,N/L,2025-08-11
LTC,"Ltc Properties","REIT - Equity Trust Other",Finance,1695192000,12.91,1.61,4.61%,7.95%,0.67,12.79,2370382000,158060000,119820000,46065000,91040000,0.66,2.10%,69.25%,N/L,N/L,N/L,N/L,N/L,2025-08-04
LTH,"Life Time Group Holdings Inc","Leisure & Recreation Services","Consumer Discretionary",6397484000,25.74,2.16,3.33%,9.05%,0.53,13.2,7905344000,961450000,679770000,219996000,156240000,1.73,8.70%,79.40%,N/L,N/L,N/L,N/L,N/L,2025-08-05
LTM,"Latam Airlines Group S.A. ADR","Transportation - Airline",Transportation,14518601000,11.83,15.38,7.44%,143.14%,0,14.23,12560811000,1876200000,1876200000,302219000,976970000,3.58,7.81%,0.00%,N/L,N/L,N/L,N/L,N/L,2025-07-28
LTRN,"Lantern Pharma Inc","Medical - Biomedical",Medical,48703000,0,3.61,-81.58%,-99.89%,0,N/A,41193000,-20720000.,-20500000.,10799000,-20780000.,1.6,8.50%,28.62%,N/L,N/L,N/L,N/L,N/L,2025-08-14
LTRX,"Lantronix Inc","Computer - Networks","Computers and Technology",134948000,0,1.77,-4.14%,-7.03%,0.17,8.4,124928000,5800000,-2610000.,38890000,-4520000.,1.52,1.60%,39.38%,N/L,N/L,N/L,N/L,N/L,2025-08-27
LU,"Lufax Holding Ltd ADR","Finance - Misc Services",Finance,2660735000,0,0.2,0.00%,0.00%,0.48,7.89,976245000,1620910000,1535260000,866689000,125310000,0.69,N/A,69.14%,N/L,N/L,N/L,N/L,N/L,2025-08-27
LUCK,"Lucky Strike Entertainment Corp","Leisure & Recreation Services","Consumer Discretionary",1490379000,50.5,N/A,1.36%,-23.31%,-14.85,11.19,2689499000,353040000,204170000,140205000,-83580000.,0.75,79.90%,68.11%,N/L,N/L,N/L,N/L,N/L,2025-08-28
LULU,"Lululemon Athletica","Textile - Apparel","Consumer Staples",24878622000,13.43,5.54,25.05%,43.48%,0,10.63,22894282000,2962580000,2516060000,119845000,1814620000,1.16,0.54%,85.20%,N/L,N/L,N/L,N/L,N/L,2025-09-04
LUMN,"Lumen Technologies Inc","Diversified Comm Services",Utilities,4730510000,0,N/A,-0.59%,-158.40%,-30.08,1.59,20747510000,5606000000,2650000000,1026141000,-55000000.,1.43,2.30%,66.19%,N/L,N/L,N/L,N/L,N/L,2025-07-31
LUNG,"Pulmonx Corp","Medical Information Systems",Medical,68862000,0,0.9,-36.26%,-69.76%,0.54,N/A,34882000,-56980000.,-56910000.,40747000,-56390000.,0.43,6.80%,91.04%,N/L,N/L,N/L,N/L,N/L,2025-07-30
LUNR,"Intuitive Machines Inc","Aerospace - Defense",Aerospace,1602216000,0,N/A,-7.36%,0.00%,0,93.599998,1392566000,-58280000.,-60140000.,178719000,-283410000.,1.4,39.75%,72.21%,N/L,N/L,N/L,N/L,N/L,2025-08-07
LUV,"Southwest Airlines Company","Transportation - Airline",Transportation,17210410000,30.76,2.04,1.83%,6.27%,0.51,8.27,16400410000,3616000000,1959000000,525188000,465000000,1.26,0.79%,80.82%,N/L,N/L,N/L,N/L,N/L,2025-07-23
LUXE,"Luxexperience B.V. ADR","Textile - Apparel","Consumer Staples",723299000,0,1.59,-2.67%,-4.41%,0.06,N/A,706949000,-7260000.,-23710000.,85699000,-26950000.,1.09,1.90%,10.07%,N/L,N/L,N/L,N/L,N/L,2025-09-11
LVLU,"Lulu's Fashion Lounge Holdings Inc","Retail - Apparel & Shoes",Retail-Wholesale,11408000,0,2.73,-17.92%,-125.82%,0,1.66,6948000,9890000,-24120000.,2749000,-55290000.,0.31,6.80%,73.79%,N/L,N/L,N/L,N/L,N/L,2025-08-13
LVO,"Liveone Inc","Audio & Video Products","Consumer Discretionary",69303000,0,N/A,-20.69%,0.00%,-0.01,N/A,82253000,-12820000.,-19810000.,115351000,-18710000.,1.69,24.60%,21.25%,N/L,N/L,N/L,N/L,N/L,2025-08-13
LVS,"Las Vegas Sands",Gaming,"Consumer Discretionary",37789288000,22.67,16.1,7.89%,55.37%,6.93,12.52,47891288000,5381000000,3956000000,686454000,1446000000,1.08,1.20%,39.16%,N/L,N/L,N/L,N/L,N/L,2025-07-23
LVTX,"Lava Therapeutics N.V.","Medical - Biomedical",Medical,40247000,0,2.05,-38.24%,-106.29%,0,N/A,10117000,-37510000.,-35340000.,26305000,-25110000.,0.5,9.50%,0.00%,N/L,N/L,N/L,N/L,N/L,2025-08-19
LVWR,"Livewire Group Inc","Auto - Domestic",Auto-Tires-Trucks,827172000,0,9.64,-59.24%,-77.81%,0,N/A,762732000,-80660000.,-90700000.,203737000,-93930000.,1.69,2.05%,0.88%,N/L,N/L,N/L,N/L,N/L,2025-07-30
LW,"Lamb Weston Holdings Inc","Food - Misc & Diversified","Consumer Staples",7941841000,16.27,4.44,6.43%,27.99%,2.38,8.7,12002541000,1072600000,665100000,139355000,357200000,0.49,0.29%,89.56%,N/L,N/L,N/L,N/L,N/L,2025-10-07
LWLG,"Lightwave Logic Inc","Chemical - Plastics","Basic Materials",309362000,0,9.58,-59.26%,-66.64%,0,N/A,281692000,-19200000.,-21520000.,129440000,-22540000.,2.43,4.20%,27.04%,N/L,N/L,N/L,N/L,N/L,2025-08-15
LX,"Lexinfintech Holdings Ltd ADR","Finance - Consumer Loans",Finance,1135782000,5.17,0.68,7.17%,14.67%,0.42,6.66,1310632000,291630000,276560000,168264000,150760000,0.47,27.80%,0.00%,N/L,N/L,N/L,N/L,N/L,2025-08-07
LXEO,"Lexeo Therapeutics Inc","Medical - Drugs",Medical,264605000,0,1.87,-73.36%,-94.65%,0,N/A,229595000,-123120000.,-123420000.,54001000,-98330000.,1.36,5.30%,60.67%,N/L,N/L,N/L,N/L,N/L,2025-08-18
LXFR,"Luxfer Holdings Plc","Machinery - General Industrial","Industrial Products",351946000,12.66,1.41,6.80%,11.75%,0.22,8.94,390746000,50400000,36700000,26764000,18400000,1.15,1.24%,90.82%,N/L,N/L,N/L,N/L,N/L,2025-07-30
LXP,"Lxp Industrial Trust","REIT - Equity Trust Resident",Finance,2602917000,13.39,1.27,2.30%,4.34%,0.17,10.29,3020577000,459630000,258830000,295786000,44530000,1.01,2.60%,93.52%,N/L,N/L,N/L,N/L,N/L,2025-07-30
LXRX,"Lexicon Pharmaceutcl","Medical - Biomedical",Medical,432445000,0,3.27,-42.22%,-83.63%,0.43,N/A,466085000,-115990000.,-118370000.,363399000,-200400000.,1.17,13.90%,74.70%,N/L,N/L,N/L,N/L,N/L,2025-08-06
LXU,"Lsb Industries Inc","Chemical - Diversified","Basic Materials",589156000,0,1.13,-0.14%,-0.34%,0.92,5.79,1066346000,63740000,-16200000.,71936000,-19350000.,1.27,4.30%,73.67%,N/L,N/L,N/L,N/L,N/L,2025-07-29
LYB,"Lyondellbasell Industries NV","Chemical - Diversified","Basic Materials",18903254000,15.49,1.5,3.28%,9.35%,0.99,4.96,26778254000,2075000000,542000000,321648000,1367000000,0.85,0.14%,71.20%,N/L,N/L,N/L,N/L,N/L,2025-08-01
LYEL,"Lyell Immunopharma Inc","Medical - Drugs",Medical,206710000,0,0.55,-68.85%,-85.58%,0,N/A,101110000,-264030000.,-268980000.,19211000,-342990000.,-0.19,22.30%,66.05%,N/L,N/L,N/L,N/L,N/L,2025-08-13
LYFT,"Lyft Inc Cl A","Internet - Services","Computers and Technology",6913562000,56.46,8.87,1.97%,14.32%,0.72,60.48,6720212000,8330000,-55160000.,406441000,22780000,2.26,3.07%,83.07%,N/L,N/L,N/L,N/L,N/L,2025-08-06
LYG,"Lloyds Banking Group Plc ADR","Banks - Foreign",Finance,68843928000,11.38,1.09,0.48%,9.28%,1.68,7.34,92124712000,23618160000,-1734330000.,14966072000,5649600000,1.05,0.01%,2.15%,N/L,N/L,N/L,N/L,N/L,2025-07-24
LYTS,"L S I Industries","Building Products - Ltg FX",Construction,707931000,25.82,2.75,6.78%,11.25%,0.25,16.99,758051000,42830000,32830000,29921000,24980000,0.32,8.20%,73.91%,N/L,N/L,N/L,N/L,N/L,2025-08-21
LYV,"Live Nation Entertainment","Movie & TV Production & Dist","Consumer Discretionary",38856868000,70.33,40.580002,4.36%,105.85%,6.98,24.309999,40315128000,2241130000,1584700000,234473000,896290000,1.46,3.01%,74.52%,N/L,N/L,N/L,N/L,N/L,2025-08-07
LZ,"Legalzoom.com Inc","Industrial Services","Industrial Products",1979134000,71.27,9.98,6.05%,20.36%,0,24.1,1837074000,72540000,35250000,180249000,29960000,1.23,5.90%,81.99%,N/L,N/L,N/L,N/L,N/L,2025-08-07
LZB,"La-Z-Boy Inc",Furniture,"Consumer Discretionary",1507352000,12.52,1.39,6.03%,11.34%,0,5.36,1178902000,300630000,156420000,41207000,99560000,1.26,2.66%,99.62%,N/L,N/L,N/L,N/L,N/L,2025-08-19
M,"Macy's Inc","Retail - Regional Dept Stores",Retail-Wholesale,3687514000,5.11,0.81,4.35%,16.34%,0.62,2.19,5160514000,1770000000,878000000,271540000,582000000,1.79,1.09%,87.36%,N/L,N/L,N/L,N/L,N/L,2025-09-03
MA,"Mastercard Inc","Financial Transaction Services","Business Services",541467072000,37.97,67.959999,29.26%,200.01%,2.41,33.259998,550759040000,18321000000,15594000000,904012000,12874000000,1.03,0.09%,97.28%,N/L,N/L,N/L,N/L,N/L,2025-07-31
MAA,"Mid-America Apartment Communities","REIT - Equity Trust Resident",Finance,16744664000,16.04,2.72,4.84%,9.35%,0.83,14.72,21668874000,1831930000,1239490000,117071000,527540000,0.75,1.20%,93.60%,N/L,N/L,N/L,N/L,N/L,2025-07-30
MAC,"Macerich Company","REIT - Equity Trust Retail",Finance,4579849000,11.39,1.62,-4.89%,-15.15%,2,31,9395219000,838690000,507620000,252751000,-194120000.,2.22,0.24%,87.38%,N/L,N/L,N/L,N/L,N/L,2025-08-11
MAG,"MAG Silver Corp","Mining - Silver","Basic Materials",2455777000,23.58,3.9,16.66%,17.35%,0,31.41,2293427000,-32990000.,-32020000.,103663000,77780000,0.69,8.74%,52.50%,N/L,N/L,N/L,N/L,N/L,2025-08-07
MAGN,"Magnera Corporation","Engineering & R&D Services","Industrial Products",473480000,0,0.39,-3.49%,-9.57%,1.77,1.44,1319430000,89220000,38970000,35600000,-15250000.,1.67,2.26%,76.92%,N/L,N/L,N/L,N/L,N/L,2025-08-06
MAIN,"Main Street Capital Corp","Finance - SBIC & Commercial",Finance,5820998000,16.33,2.03,6.85%,12.70%,0.17,16.07,6126748000,366260000,361100000,89430000,508080000,0.85,4.00%,20.31%,N/L,N/L,N/L,N/L,N/L,2025-08-07
MAMA,"Mama's Creations Inc","Food - Misc & Diversified","Consumer Staples",323455000,75.73,11.85,9.22%,18.19%,0.09,59.330002,319175000,7250000,5680000,37611000,3710000,0.75,6.50%,45.18%,N/L,N/L,N/L,N/L,N/L,2025-09-09
MAN,"Manpower Inc",Staffing,"Business Services",2056246000,11.81,0.97,2.02%,7.98%,0.24,6.39,2476246000,317200000,230600000,46291000,145100000,1.08,3.10%,98.03%,N/L,N/L,N/L,N/L,N/L,2025-10-16
MANH,"Manhattan Assoc","Computer - Software","Computers and Technology",13077026000,57.41,46.080002,31.38%,82.91%,0,56.41,12810796000,285480000,279180000,60469000,218360000,1.1,0.88%,98.45%,N/L,N/L,N/L,N/L,N/L,2025-07-22
MANU,"Manchester United Ltd","Leisure & Recreation Services","Consumer Discretionary",2964758000,0,11.71,-2.49%,-22.40%,3.61,15.25,3560538000,216200000,-44050000.,169318000,-142510000.,0.71,68.63%,23.34%,N/L,N/L,N/L,N/L,N/L,2025-09-10
MAPS,"Wm Technology Inc","Technology Services","Business Services",175332000,12.88,1.26,4.82%,7.20%,0,6.4,123362000,45360000,28310000,156546000,7640000,1.02,23.64%,22.02%,N/L,N/L,N/L,N/L,N/L,2025-08-07
MAR,"Marriot Int Cl A","Hotels & Motels","Consumer Discretionary",74330632000,27.09,N/A,10.14%,-93.44%,-5.28,23.120001,88381632000,3568000000,3076000000,271458000,2375000000,1.44,10.68%,70.70%,N/L,N/L,N/L,N/L,N/L,2025-08-05
MARA,"Mara Holdings Inc","Finance - Misc Services",Finance,6034761000,0,1.2,-1.33%,-2.11%,0.54,6.91,8073241000,1056980000,627640000,370458000,541250000,6.24,0.80%,44.53%,N/L,N/L,N/L,N/L,N/L,2025-07-29
MAS,"Masco Corp","Building & Construction - Misc",Construction,15823730000,17.47,100.940002,17.10%,"1,519.31%",19.63,14.9,18134730000,1496000000,1346000000,209364000,822000000,1.16,0.50%,93.91%,N/L,N/L,N/L,N/L,N/L,2025-07-31
MASI,"Masimo Corp","Medical Instruments",Medical,8074325000,26.37,7.51,11.49%,26.54%,0.57,22.58,8624625000,222900000,118000000,54325000,-304900000.,1.21,9.70%,85.96%,N/L,N/L,N/L,N/L,N/L,2025-08-05
MASS,"908 Devices Inc","Medical Instruments",Medical,231303000,0,1.45,-18.55%,-24.30%,0,N/A,187273000,9350000,-36000000.,35861000,-72210000.,0.37,23.70%,88.06%,N/L,N/L,N/L,N/L,N/L,2025-08-05
MAT,"Mattel Inc","Toys & Game & Hobby","Consumer Discretionary",5915593000,10.77,2.64,8.77%,25.20%,1.08,7.47,6862033000,918060000,672110000,322200000,541820000,0.62,1.70%,97.15%,N/L,N/L,N/L,N/L,N/L,2025-07-23
MATV,"Mativ Holdings Inc","Chemical - Specialty","Basic Materials",682866000,26.67,1.57,1.16%,4.12%,2.62,3.51,1677866000,256800000,105200000,54673000,-48700000.,0.73,2.01%,94.95%,N/L,N/L,N/L,N/L,N/L,2025-08-06
MATW,"Matthews Intl Corp","Funeral Services & Related","Consumer Staples",768543000,18.11,1.42,2.27%,9.15%,1.37,4.49,1504183000,174130000,79360000,30791000,-59660000.,1.24,4.10%,83.08%,N/L,N/L,N/L,N/L,N/L,2025-08-05
MATX,"Matson Inc","Transportation - Services",Transportation,3379488000,6.96,1.25,10.95%,18.90%,0.14,4.48,3503188000,871700000,584900000,31789000,476400000,1.22,2.05%,84.76%,N/L,N/L,N/L,N/L,N/L,2025-07-31
MAX,"Mediaalpha Inc Cl A","Technology Services","Business Services",706618000,17.86,N/A,12.91%,-62.53%,-2.77,28.379999,825798000,21380000,13940000,67944000,16630000,1.19,13.44%,64.39%,N/L,N/L,N/L,N/L,N/L,2025-08-06
MAXN,"Maxeon Solar Tech Ltd",Solar,Oils-Energy,2305000,0,N/A,0.00%,0.00%,0,N/A,-25405000.,-533190000.,-576650000.,549000,-614300000.,1.42,0.93%,47.67%,N/L,N/L,N/L,N/L,N/L,2025-09-02
MBC,"Masterbrand Inc",Furniture,"Consumer Discretionary",1675384000,10.31,1.14,5.28%,11.88%,0.73,6.09,2562584000,302400000,225100000,126731000,125900000,1.42,2.04%,87.32%,N/L,N/L,N/L,N/L,N/L,2025-08-06
MBI,"MBIA Inc","Insurance - Multi Line",Finance,387755000,0,N/A,-1.75%,0.00%,-1.51,N/A,3527756000,-16000000.,-16000000.,50489000,-444000000.,1.85,12.58%,60.95%,N/L,N/L,N/L,N/L,N/L,2025-08-06
MBIN,"Merchants Bancorp","Banks - Northeast",Finance,1527511000,6.96,0.89,1.34%,16.06%,1.84,4.48,6107602000,506090000,503080000,45885000,320390000,1.3,34.80%,24.57%,N/L,N/L,N/L,N/L,N/L,2025-07-28
MBLY,"Mobileye Global Inc Cl A","Auto - Truck Original Parts",Auto-Tires-Trucks,11533382000,126.27,0.94,0.70%,0.73%,0,25.49,10107382000,117000000,-389000000.,815080000,-3090000000.,0.52,2.80%,13.25%,N/L,N/L,N/L,N/L,N/L,2025-07-24
MBOT,"Microbot Medical Inc","Medical Instruments",Medical,175352000,0,4.27,-67.54%,-76.27%,0,N/A,172192000,-13380000.,-13470000.,45546000,-11440000.,1.15,4.74%,16.30%,N/L,N/L,N/L,N/L,N/L,2025-08-13
MBUU,"Malibu Boats Inc","Leisure & Recreational Prdcts","Consumer Discretionary",752095000,81.68,1.34,1.16%,1.66%,0.05,4.67,725145000,127460000,6080000,19191000,-55910000.,1.12,1.16%,91.35%,N/L,N/L,N/L,N/L,N/L,2025-08-28
MBWM,"Mercantile Bank Corp","Banks - Midwest",Finance,804326000,9.31,1.21,1.34%,13.52%,0.79,8.41,938046000,138940000,128430000,16249000,79590000,0.92,3.20%,58.63%,N/L,N/L,N/L,N/L,N/L,2025-07-22
MBX,"Mbx Biosciences Inc","Medical - Biomedical",Medical,481402000,0,2.16,-29.96%,-31.33%,0,N/A,432052000,-86320000.,-86560000.,33594000,-61920000.,N/A,52.19%,N/A,N/L,N/L,N/L,N/L,N/L,2025-08-11
MC,Moelis,"Finance - Investment Brokers",Finance,5695320000,27,9.14,17.12%,42.72%,0,32.32,5282140000,266230000,255790000,78502000,136020000,1.7,6.40%,91.53%,N/L,N/L,N/L,N/L,N/L,2025-07-24
MCB,"Metropolitan Bank Holding Corp","Banks - Northeast",Finance,801583000,10.46,1.05,1.03%,10.69%,0.23,12.71,869373000,103730000,115140000,10421000,66690000,1.13,6.09%,79.83%,N/L,N/L,N/L,N/L,N/L,2025-10-16
MCBS,"Metrocity Bankshares Inc","Banks - Southeast",Finance,768438000,11.13,1.66,1.83%,15.61%,0.97,10.7,893558000,108450000,105490000,25538000,64500000,0.64,27.49%,25.33%,N/L,N/L,N/L,N/L,N/L,2025-10-17
MCD,"McDonald's Corp","Retail - Restaurants",Retail-Wholesale,224121616000,26.28,N/A,15.07%,-225.52%,-15.,21.26,261460608000,14593000000,12496000000,713604000,8224000000,0.52,0.25%,70.29%,N/L,N/L,N/L,N/L,N/L,2025-08-06
MCFT,"Mastercraft Boat Holdings Inc","Leisure & Recreational Prdcts","Consumer Discretionary",355347000,54.38,1.85,2.11%,3.34%,0,11.6,397217000,16170000,4990000,16605000,7800000,1,4.00%,97.64%,N/L,N/L,N/L,N/L,N/L,2025-08-27
MCHP,"Microchip Technology","Semi Analog & Mixed","Computers and Technology",37313476000,91.81,5.2,2.66%,6.24%,0.8,26.01,42172176000,1407500000,584800000,539680000,-500000.,1.55,1.94%,91.51%,N/L,N/L,N/L,N/L,N/L,2025-08-07
MCK,"Mckesson Corp","Medical - Dental Suppliers",Medical,85756552000,21.09,N/A,5.66%,-196.66%,-8.42,18.17,91320552000,5065000000,4429000000,124384000,3295000000,0.5,0.08%,85.07%,N/L,N/L,N/L,N/L,N/L,2025-08-06
MCO,"Moody's Corp","Finance - Misc Services",Finance,92365792000,38.54,22.200001,15.47%,60.73%,1.7,34.060001,97385792000,3848000000,3417000000,179000000,2058000000,1.4,0.14%,92.11%,N/L,N/L,N/L,N/L,N/L,2025-07-23
MCRB,"Seres Therapeutics Inc","Medical - Biomedical",Medical,170189000,0,4.86,-67.69%,-350.16%,0,N/A,139399000,-95620000.,-102500000.,8755000,140000,2.9,4.70%,59.34%,N/L,N/L,N/L,N/L,N/L,2025-08-06
MCRI,"Monarch Casino",Gaming,"Consumer Discretionary",1917852000,19.24,3.47,14.38%,18.99%,0,12.98,1859092000,203590000,152650000,18267000,72770000,1.56,25.52%,62.37%,N/L,N/L,N/L,N/L,N/L,2025-07-16
MCS,"Marcus Corp","Leisure & Recreation Services","Consumer Discretionary",493148000,25.25,1.06,1.88%,4.28%,0.4,6.15,607708000,162930000,93890000,31311000,-7790000.,1.24,5.00%,81.57%,N/L,N/L,N/L,N/L,N/L,2025-08-01
MCVT,"Mill City Ventures III Ltd","Finance - Misc Services",Finance,527974000,27.71,1.74,6.87%,7.01%,0,28.030001,521944000,1390000,1390000,82111000,1170000,1.03,26.52%,11.61%,N/L,N/L,N/L,N/L,N/L,2025-08-13
MCW,"Mister Car Wash Inc","Auto - Truck Replacement Parts",Auto-Tires-Trucks,1970196000,17.94,1.75,3.59%,10.86%,0.79,10.11,2818746000,271130000,188510000,327275000,70240000,1.48,69.00%,N/A,N/L,N/L,N/L,N/L,N/L,2025-07-30
MCY,"Mercury General Corp","Insurance - Proprty & Casualty",Finance,4233935000,13.33,2.14,3.65%,16.61%,0.29,8.92,4087805000,578070000,504640000,55389000,467950000,0.96,35.50%,42.39%,N/L,N/L,N/L,N/L,N/L,2025-07-29
MD,"Pediatrix Medical Group Inc","Medical Services",Medical,1481299000,9.39,1.66,7.10%,18.94%,0.73,9.16,1869029000,218440000,185260000,87084000,-99070000.,1.21,0.90%,97.71%,N/L,N/L,N/L,N/L,N/L,2025-08-05
MDB,"Mongodb Inc Cl A","Internet - Software","Computers and Technology",17900266000,0,5.71,-2.05%,-3.16%,0,N/A,17410136000,-142040000.,-171430000.,81714000,-129070000.,1.44,3.10%,89.29%,N/L,N/L,N/L,N/L,N/L,2025-08-26
MDGL,"Madrigal Pharmaceuticals Inc","Medical - Drugs",Medical,9207136000,0,12.99,-27.32%,-38.38%,0.17,N/A,9219686000,-307020000.,-309810000.,22203000,-465890000.,-1.02,21.50%,98.50%,N/L,N/L,N/L,N/L,N/L,2025-08-05
MDLZ,"Mondelez Intl Inc","Food - Misc & Diversified","Consumer Staples",82049048000,20.24,3.1,5.85%,15.35%,0.73,14.24,98376048000,6067000000,4765000000,1293945000,4611000000,0.46,0.41%,78.32%,N/L,N/L,N/L,N/L,N/L,2025-07-29
MDT,"Medtronic Inc","Medical Products",Medical,118836152000,16.47,2.42,7.85%,14.56%,0.59,11.75,145134144000,10624000000,7763000000,1281805000,4662000000,0.8,0.20%,82.06%,N/L,N/L,N/L,N/L,N/L,2025-08-19
MDU,"Mdu Res Group Inc","Utility - Gas Distribution",Utilities,3408241000,14.47,1.22,3.20%,8.29%,0.8,8.63,5633951000,576610000,374700000,204331000,281110000,0.73,0.94%,71.44%,N/L,N/L,N/L,N/L,N/L,2025-08-07
MDWD,"Mediwound Ltd Ord Sh","Medical - Drugs",Medical,190275000,0,9.34,-39.73%,-96.71%,0.04,N/A,181115000,-20630000.,-22110000.,10808000,-30220000.,0.21,9.20%,46.83%,N/L,N/L,N/L,N/L,N/L,2025-08-14
MDXG,"Mimedx Group Inc","Medical - Biomedical",Medical,1081580000,23.43,4.8,17.09%,23.03%,0.01,21.219999,978160000,49460000,43420000,147959000,42420000,1.79,1.70%,79.15%,N/L,N/L,N/L,N/L,N/L,2025-07-30
MEC,"Mayville Engineering Company","Engineering & R&D Services","Industrial Products",293189000,14.36,1.15,4.52%,8.21%,0.28,4.52,372709000,74950000,37360000,20318000,25970000,1.19,7.20%,45.44%,N/L,N/L,N/L,N/L,N/L,2025-08-05
MED,"Medifast Inc","Food - Misc & Diversified","Consumer Staples",157061000,35.71,0.69,1.50%,2.00%,0,4.62,66131000,12400000,490000,10991000,2090000,0.8,2.90%,95.51%,N/L,N/L,N/L,N/L,N/L,2025-08-04
MEDP,"Medpace Holdings Inc","Medical Services",Medical,13025039000,33.71,73.889999,21.86%,67.66%,0,32.490002,12355599000,535720000,506470000,28093000,404390000,1.42,20.30%,77.98%,N/L,N/L,N/L,N/L,N/L,2025-07-21
MEG,"Montrose Environmental Group Inc","Waste Removal Svcs","Business Services",1060344000,0,2.06,0.21%,0.46%,0.56,17.290001,1369274000,99340000,35010000,35286000,-62310000.,1.9,11.90%,87.87%,N/L,N/L,N/L,N/L,N/L,2025-08-06
MEHCQ,"23Andme Holding Co.","Medical - Biomedical",Medical,109131000,0,N/A,-87.31%,-827.24%,-0.58,N/A,63141000,-176040000.,-199390000.,27541000,-280890000.,2.14,26.32%,36.10%,N/L,N/L,N/L,N/L,N/L,2025-08-14
MEI,"Methode Electronics","Electronics - Connectors","Computers and Technology",264053000,0,0.36,-3.01%,-5.60%,0.46,12.43,478053000,59100000,-500000.,35207000,-62600000.,1.04,1.20%,95.49%,N/L,N/L,N/L,N/L,N/L,2025-09-03
MEIP,"Mei Pharma Inc","Medical - Drugs",Medical,160864000,0,1.58,-64.79%,-77.00%,0,0.77,157154000,-15280000.,-26560000.,32367000,17780000,0.37,3.12%,52.38%,N/L,N/L,N/L,N/L,N/L,2025-09-18
MELI,"Mercadolibre Inc","Internet Commerce",Retail-Wholesale,123225128000,57.73,20.74,7.57%,43.06%,1.28,46.880001,124241128000,3582000000,2965000000,50697000,1911000000,1.46,0.25%,87.62%,N/L,N/L,N/L,N/L,N/L,2025-08-04
MEOH,"Methanex Corp","Chemical - Diversified","Basic Materials",2787333000,7.17,0.9,4.66%,12.61%,1.01,3.58,4310363000,1337360000,951660000,77340000,163990000,0.93,1.00%,73.49%,N/L,N/L,N/L,N/L,N/L,2025-07-30
MERC,"Mercer Intl Inc","Paper & Related Products","Basic Materials",217695000,0,0.48,-4.61%,-23.88%,3.42,1.22,1506755000,212630000,7560000,66983000,-85140000.,1.08,1.00%,85.79%,N/L,N/L,N/L,N/L,N/L,2025-07-31
MESA,"Mesa Air Group Inc","Transportation - Airline",Transportation,49612000,0,N/A,-2.14%,"-1,171.23%",-2.74,1.99,341262000,-124300000.,-171610000.,41867000,-91020000.,3.05,4.61%,13.34%,N/L,N/L,N/L,N/L,N/L,2025-06-17
MESO,"Mesoblast Ltd ADR","Medical - Biomedical",Medical,2023633000,0,4.17,0.00%,0.00%,0.26,N/A,2075013000,-57310000.,-61980000.,127997000,-87960000.,2.4,18.80%,1.43%,N/L,N/L,N/L,N/L,N/L,2025-08-27
MET,"Metlife Inc","Insurance - Multi Line",Finance,54192964000,9.92,1.9,0.82%,19.88%,0.73,11.03,53315964000,4911000000,5709000000,665026000,4426000000,0.85,0.35%,94.99%,N/L,N/L,N/L,N/L,N/L,2025-08-06
META,"Meta Platforms Inc","Internet - Software","Computers and Technology",1896139648000,26.76,9.52,25.83%,39.33%,0.15,24.049999,1881076608000,94209000000,78711000000,2512142000,62360000000,1.27,13.61%,79.91%,N/L,N/L,N/L,N/L,N/L,2025-07-30
METC,"Ramaco Resources Inc",Coal,Oils-Energy,1299562000,0,3.47,-2.96%,-5.55%,0.33,15.01,1355102000,117720000,51170000,55230000,11190000,1.35,36.20%,74.49%,N/L,N/L,N/L,N/L,N/L,2025-07-31
MFA,"MFA Financial Inc","REIT - Mortgage Trusts",Finance,1035930000,8.34,0.55,1.39%,8.61%,5.22,5.42,9590270000,563990000,569480000,102669000,119250000,1.64,0.80%,65.28%,N/L,N/L,N/L,N/L,N/L,2025-08-06
MFC,"Manulife Financial Corp","Insurance - Life",Finance,52212996000,10.55,1.59,0.74%,15.77%,0.12,9.9,43090496000,6397400000,6422210000,1698536000,4109500000,1.01,0.04%,52.56%,N/L,N/L,N/L,N/L,N/L,2025-08-06
MFG,"Mizuho Financial Group ADR","Banks - Foreign",Finance,83136848000,13.5,1.11,0.32%,8.48%,1.21,11.27,-507464320000.,9166440000,7591470000,12596492000,3916390000,0.39,0.01%,3.26%,N/L,N/L,N/L,N/L,N/L,2025-07-30
MFH,"Mercurity Fintech Holding Inc ADR","Financial Transaction Services","Business Services",314614000,0,11.59,0.00%,0.00%,0.31,N/A,298194000,-3940000.,0,63687000,-4530000.,3.55,62.80%,30.82%,N/L,N/L,N/L,N/L,N/L,2025-04-22
MFIC,"Midcap Financial Investment Corp","Finance - Misc Services",Finance,1225082000,8.09,0.88,4.41%,10.44%,1.49,12.65,2902342000,232920000,270310000,93304000,98820000,0.99,0.80%,28.45%,N/L,N/L,N/L,N/L,N/L,2025-08-11
MFIN,"Medallion Fin Corp","Finance - SBIC & Commercial",Finance,248743000,5.77,0.44,1.46%,9.04%,0.38,4.57,311333000,107010000,91620000,23247000,35880000,1.28,24.60%,40.56%,N/L,N/L,N/L,N/L,N/L,2025-07-30
MG,"Mistras Group Inc","Electronics Products - Misc","Computers and Technology",303080000,14.89,1.34,3.54%,9.37%,0.88,5.14,454410000,71610000,38600000,31538000,18960000,1.43,4.80%,74.92%,N/L,N/L,N/L,N/L,N/L,2025-08-06
MGA,"Magna International","Auto - Truck Original Parts",Auto-Tires-Trucks,12984376000,8.52,0.97,4.58%,11.89%,0.47,3.93,16850376000,5261000000,3627000000,281779000,1009000000,1.51,0.50%,67.49%,N/L,N/L,N/L,N/L,N/L,2025-08-01
MGEE,"Mge Energy Inc","Utility - Electric Power",Utilities,3206194000,23.59,2.44,4.65%,10.58%,0.61,13.42,3953884000,382530000,273950000,36542000,120570000,0.76,0.19%,52.58%,N/L,N/L,N/L,N/L,N/L,2025-08-06
MGIC,"Magic Software Enterprises","Computer - Software","Computers and Technology",1001128000,20.26,3.22,8.89%,15.85%,0.23,14.68,947648000,83890000,63150000,49099000,36880000,1.04,4.49%,24.70%,N/L,N/L,N/L,N/L,N/L,2025-08-13
MGM,"MGM Resorts International",Gaming,"Consumer Discretionary",10359590000,14.66,2.66,1.70%,19.39%,1.67,6.48,14340970000,3175340000,2317020000,272191000,746560000,1.81,3.06%,68.11%,N/L,N/L,N/L,N/L,N/L,2025-07-30
MGNI,"Magnite Inc","Internet - Software","Computers and Technology",3440360000,54.93,4.14,2.17%,8.07%,0.45,29.120001,3507240000,138570000,75940000,142399000,22790000,3.05,3.80%,73.40%,N/L,N/L,N/L,N/L,N/L,2025-08-06
MGNX,Macrogenics,"Medical Products",Medical,106818000,0,1.95,-14.62%,-40.24%,0,N/A,-76022000.,-73300000.,-78030000.,63206000,-66970000.,1.65,13.00%,96.89%,N/L,N/L,N/L,N/L,N/L,2025-08-19
MGPI,"MGP Ingredients Inc","Beverages - Alcohol","Consumer Staples",642197000,6.91,0.73,6.49%,10.66%,0.12,2.89,744607000,191180000,95440000,21293000,34660000,0.33,34.40%,77.11%,N/L,N/L,N/L,N/L,N/L,2025-07-31
MGTX,"Meiragtx Holdings Plc","Medical - Biomedical",Medical,629900000,0,213.130005,-63.28%,-314.44%,24.92,N/A,599460000,-143780000.,-157920000.,80447000,-147790000.,1.25,7.50%,67.48%,N/L,N/L,N/L,N/L,N/L,2025-08-18
MGY,"Magnolia Oil & Gas Corp","Oil - US Exploration & Product",Oils-Energy,4627264000,11.74,2.23,13.47%,19.34%,0.2,5.55,4759724000,1341280000,922330000,190815000,366030000,1.31,1.20%,94.73%,N/L,N/L,N/L,N/L,N/L,2025-07-30
MHK,"Mohawk Industries","Textile - Home Furnishings","Consumer Discretionary",8276603000,13.59,0.93,4.32%,7.30%,0.27,6.2,9846803000,1273500000,627000000,62132000,517700000,1.28,17.40%,78.98%,N/L,N/L,N/L,N/L,N/L,2025-07-24
MHO,"M/I Homes","Building - Residential & Comm",Construction,3935105000,7.62,1.21,11.16%,17.23%,0.32,6.61,4094715000,661320000,642620000,26784000,563730000,1.6,3.50%,95.14%,N/L,N/L,N/L,N/L,N/L,2025-07-23
MIAX,"Miami International Holdings Inc","Technology Services","Business Services",0,0,N/A,0.00%,0.00%,0,N/A,0,0,0,0,102123000,N/A,N/A,N/A,N/L,N/L,N/L,N/L,N/L,N/A
MIDD,"Middleby Corp","Machinery - General Industrial","Industrial Products",6959145000,13.5,1.93,7.06%,14.14%,0.66,10.98,8664685000,804010000,676840000,50682000,428430000,1.58,6.18%,98.55%,N/L,N/L,N/L,N/L,N/L,2025-08-06
MIR,"Mirion Technologies Inc","Technology Services","Business Services",4871172000,50.53,3.12,3.83%,6.57%,0.29,20.719999,5382072000,199500000,46000000,233966000,-36100000.,0.83,6.30%,78.51%,N/L,N/L,N/L,N/L,N/L,2025-07-31
MIRM,"Mirum Pharmaceuticals Inc","Medical - Biomedical",Medical,3593021000,0,13.41,-8.50%,-24.76%,0,N/A,3370521000,-31780000.,-57070000.,50238000,-87940000.,0.94,14.36%,N/A,N/L,N/L,N/L,N/L,N/L,2025-08-06
MIST,"Milestone Pharmaceuticals Inc","Medical - Biomedical",Medical,144490000,0,N/A,-83.09%,"-1,672.29%",0,N/A,119180000,-54910000.,-55020000.,84994000,-41520000.,0.52,19.50%,86.18%,N/L,N/L,N/L,N/L,N/L,2025-08-14
MITK,"Mitek Systems Inc","Computer - Optical",N/A,481576000,13.06,1.99,8.96%,17.26%,0,8.08,388116000,43850000,19820000,45647000,3280000,1.13,2.10%,83.64%,N/L,N/L,N/L,N/L,N/L,2025-08-07
MITT,"Ag Mortgage Investment Trust","REIT - Mortgage Trusts",Finance,236721000,9.95,0.68,0.59%,13.21%,12.82,4.07,6648421000,452060000,441340000,31732000,55740000,1.62,3.20%,27.32%,N/L,N/L,N/L,N/L,N/L,2025-08-01
MKC,"Mccormick & Company","Food - Misc & Diversified","Consumer Staples",19392344000,24.34,3.39,6.02%,14.43%,0.68,18.959999,23065044000,1272500000,1063700000,268369000,788500000,0.66,23.80%,79.74%,N/L,N/L,N/L,N/L,N/L,2025-10-07
MKL,"Markel Corp","Conglomerates - Div Operations",Conglomerates,25206832000,22.12,1.44,1.88%,7.18%,0.25,19.129999,26476842000,3766610000,3547770000,12652000,2747020000,0.82,1.66%,77.12%,N/L,N/L,N/L,N/L,N/L,2025-07-30
MKSI,"Mks Inc","Electronics Products - Misc","Computers and Technology",7068484000,13.53,2.62,5.68%,20.65%,1.73,8.14,10892484000,1133000000,755000000,67159000,190000000,1.86,0.57%,99.79%,N/L,N/L,N/L,N/L,N/L,2025-08-06
MKTX,"Marketaxess Holdings","Finance - Investment Brokers",Finance,7051706000,24.91,5.05,15.04%,20.41%,0,19.860001,6294856000,502440000,421980000,37364000,274180000,0.84,0.65%,99.01%,N/L,N/L,N/L,N/L,N/L,2025-08-06
MLCO,"Melco Resorts & Entertainment ADR",Gaming,"Consumer Discretionary",3852966000,21.24,N/A,2.24%,-18.47%,-6.67,5.81,9862836000,1601950000,1039640000,419713000,43540000,0.83,57.09%,39.62%,N/L,N/L,N/L,N/L,N/L,2025-07-31
MLGO,"Microalgo Inc","Technology Services","Business Services",6988000,0,0.05,0.00%,0.00%,0.01,0.89,-135032000.,2990000,-6810000.,770000,5370000,-1.49,22.70%,1.10%,N/L,N/L,N/L,N/L,N/L,2025-07-28
MLI,"Mueller Industries","Metal Production & Fabrication","Basic Materials",10444638000,15.01,3.41,20.63%,24.47%,0,15.66,9408498000,1009740000,956360000,110701000,604880000,1.02,2.70%,94.50%,N/L,N/L,N/L,N/L,N/L,2025-07-22
MLKN,"Millerknoll Inc",Furniture,"Consumer Discretionary",1504637000,10.69,1.11,3.40%,10.45%,1.04,5.04,2696837000,325600000,180500000,67807000,-36900000.,1.22,3.91%,87.50%,N/L,N/L,N/L,N/L,N/L,2025-09-23
MLM,"Martin Marietta Materials","Building - CMT & CNT & AG",Construction,36659408000,33.32,3.87,6.25%,11.88%,0.58,14.3,41402408000,2113000000,1540000000,60306000,1995000000,0.89,0.69%,95.04%,N/L,N/L,N/L,N/L,N/L,2025-08-07
MLNK,"Meridianlink Inc","Technology Services","Business Services",1472989000,0,3.9,-1.95%,-4.50%,1.19,36.790001,1848819000,74120000,11160000,74094000,-29770000.,0.91,6.00%,82.65%,N/L,N/L,N/L,N/L,N/L,2025-08-11
MLR,"Miller Industries","Auto - Truck Original Parts",Auto-Tires-Trucks,514006000,11.72,1.17,6.33%,10.48%,0.13,6.33,554666000,69410000,55340000,11458000,63490000,1.25,4.40%,79.24%,N/L,N/L,N/L,N/L,N/L,2025-08-06
MLSS,"Milestone Scientific","Medical - Dental Suppliers",Medical,47135000,0,13.95,-73.21%,-133.77%,0.24,N/A,43875000,-6810000.,-6940000.,78559000,-4710000.,0.8,24.75%,5.79%,N/L,N/L,N/L,N/L,N/L,2025-08-13
MLTX,"Moonlake Immunotherapeutics","Medical - Biomedical",Medical,3589871000,0,9.72,-35.81%,-40.98%,0.21,N/A,3409441000,-199500000.,-200880000.,64231000,-118940000.,1.27,12.02%,93.85%,N/L,N/L,N/L,N/L,N/L,2025-08-06
MLYS,"Mineralys Therapeutics Inc","Medical - Biomedical",Medical,986801000,0,3.04,-65.51%,-70.44%,0,N/A,872711000,-203040000.,-203080000.,66295000,-177810000.,-0.29,25.56%,84.46%,N/L,N/L,N/L,N/L,N/L,2025-08-12
MMC,"Marsh & Mclennan Companies","Insurance - Brokers",Finance,103511432000,22.75,6.5,8.29%,31.90%,1.19,20.27,109265432000,6830000000,6084000000,491624000,4060000000,0.77,0.35%,87.99%,N/L,N/L,N/L,N/L,N/L,2025-10-16
MMI,"Marcus & Millichap","Real Estate Developers",Finance,1264673000,0,1.97,-1.49%,-1.99%,0,282.519989,921563000,920000,-15670000.,38997000,-12360000.,1.27,39.20%,62.78%,N/L,N/L,N/L,N/L,N/L,2025-08-07
MMLP,"Martin Midstrm LP","Transportation - Ship",Transportation,134740000,0,N/A,-2.76%,0.00%,-5.77,2.6,572320000,155930000,99660000,39055000,-5210000.,0.55,17.00%,34.90%,N/L,N/L,N/L,N/L,N/L,2025-10-15
MMM,"3M Company","Conglomerates - Div Operations",Conglomerates,84539040000,20.05,18.9,10.62%,96.48%,3.02,15.43,91983040000,5798000000,4435000000,532630000,4173000000,1.05,0.34%,65.25%,N/L,N/L,N/L,N/L,N/L,2025-07-18
MMS,"Maximus Inc","Government Services","Business Services",4902449000,11.8,2.71,10.05%,24.44%,0.93,10.19,5851419000,738310000,609250000,56350000,306910000,0.6,1.60%,97.21%,N/L,N/L,N/L,N/L,N/L,2025-08-07
MMSI,"Merit Medical Sys","Medical - Dental Suppliers",Medical,5297140000,24.75,3.45,8.60%,15.07%,0.49,15.45,5649970000,283130000,161730000,59219000,120360000,0.66,3.20%,99.66%,N/L,N/L,N/L,N/L,N/L,2025-07-30
MMYT,"Makemytrip Ltd","Internet Services - Delivery","Computers and Technology",11483351000,76.99,181.75,5.86%,16.62%,22.02,66.269997,11210491000,187150000,160030000,111262000,95100000,0.86,10.30%,51.89%,N/L,N/L,N/L,N/L,N/L,2025-07-22
MNDO,"Mind C.T.I. Ltd","Internet - Software","Computers and Technology",23625000,8.07,1.07,10.25%,14.03%,0,4.72,19175000,2890000,2700000,20366000,4630000,0.71,N/A,24.32%,N/L,N/L,N/L,N/L,N/L,2025-08-12
MNDY,"Monday.com Ltd","Internet - Software","Computers and Technology",9032008000,132.91,7.3,3.84%,6.32%,0,127.629997,7620408000,-7920000.,-19550000.,50773000,32370000,1.27,22.30%,73.70%,N/L,N/L,N/L,N/L,N/L,2025-08-11
MNKD,"Mannkind Corp","Medical - Biomedical",Medical,1261063000,35.82,N/A,7.81%,-32.60%,-2.54,28.389999,1308603000,77530000,66840000,306828000,27590000,1.02,2.70%,49.55%,N/L,N/L,N/L,N/L,N/L,2025-08-06
MNMD,"Mind Medicine Mindmed Inc","Medical - Biomedical",Medical,775337000,0,4.03,-39.41%,-50.24%,0.22,N/A,523447000,-129060000.,-130310000.,76088000,-108680000.,2.49,2.45%,27.91%,N/L,N/L,N/L,N/L,N/L,2025-07-31
MNOV,"Medicinova Inc","Medical - Biomedical",Medical,64373000,0,1.35,-21.85%,-23.12%,0,N/A,24013000,-13280000.,-13300000.,49050000,-11040000.,0.35,13.60%,9.90%,N/L,N/L,N/L,N/L,N/L,2025-08-14
MNRO,"Monro Muffler Brak","Consumer Services - Misc","Consumer Discretionary",518337000,32.06,0.78,0.95%,2.49%,0.12,5.54,558857000,62610000,-6760000.,29979000,-5180000.,0.97,2.20%,N/A,N/L,N/L,N/L,N/L,N/L,2025-07-30
MNSO,"Miniso Group Holding Ltd ADR","Retail - Apparel & Shoes",Retail-Wholesale,8272849000,20.72,4.71,11.66%,22.99%,0.6,14.7,7471929000,568580000,456090000,310659000,364100000,0.16,73.50%,17.16%,N/L,N/L,N/L,N/L,N/L,2025-08-21
MNST,"Monster Beverage Corp","Beverages - Soft","Consumer Staples",61358736000,36.36,8.73,21.35%,27.46%,0,36.34,60199396000,2142930000,2062500000,976428000,1509050000,0.55,8.30%,72.36%,N/L,N/L,N/L,N/L,N/L,2025-08-07
MNTK,"Montauk Renewables Inc","Other Alt Energy",Oils-Energy,320078000,104,1.16,0.72%,1.01%,0.27,8.87,330058000,60370000,36490000,142257000,9730000,0.07,54.70%,16.35%,N/L,N/L,N/L,N/L,N/L,2025-08-06
MNTN,"Mntn Inc Cl A","Technology Services","Business Services",1003283000,0,N/A,0.00%,0.00%,0,N/A,1003283000,0,0,43621000,-32877000.,N/A,60.30%,72.90%,N/L,N/L,N/L,N/L,N/L,2025-08-05
MNY,"Moneyhero Limited Cl A","Finance - Misc Services",Finance,76273000,0,1.63,-31.97%,-52.74%,0,N/A,33753000,-26900000.,-30940000.,41908000,-37790000.,1.3,19.20%,30.86%,N/L,N/L,N/L,N/L,N/L,2025-09-18
MO,"Altria Group",Tobacco,"Consumer Staples",113678224000,12.67,N/A,26.36%,-295.26%,-7.71,12.6,135477216000,12211000000,11925000000,1679891000,11264000000,0.59,0.08%,57.41%,N/L,N/L,N/L,N/L,N/L,2025-07-30
MOD,"Modine Manufacturing Company","Auto - Truck Original Parts",Auto-Tires-Trucks,7368021000,33.14,6.95,11.11%,23.90%,0.52,23.99,7647221000,362500000,284800000,52490000,184000000,2.12,2.48%,95.23%,N/L,N/L,N/L,N/L,N/L,2025-07-30
MODG,"Topgolf Callaway Brands Corp","Leisure & Recreational Prdcts","Consumer Discretionary",1794532000,232.25,0.69,0.13%,0.37%,0.6,0.97,2832132000,1923300000,197200000,183866000,-1447700000.,1.26,2.40%,84.69%,N/L,N/L,N/L,N/L,N/L,2025-08-06
MODV,"Modivcare Inc","Medical Services",Medical,15359000,0,N/A,-1.19%,0.00%,-15.54,0.04,1162929000,338790000,117350000,14354000,-201280000.,1.27,15.50%,N/A,N/L,N/L,N/L,N/L,N/L,2025-08-27
MOFG,"Midwestone Fnl Gp","Banks - Midwest",Finance,627184000,11.1,1.01,0.81%,8.86%,0.19,12.98,535664000,-50980000.,-58680000.,20706000,-60290000.,1.05,2.50%,65.42%,N/L,N/L,N/L,N/L,N/L,2025-07-24
MOG.A,"Moog Inc Cl A","Aerospace - Defense Equipment",Aerospace,6258304000,23.41,3.14,6.23%,14.20%,0.56,17.84,7070624000,461990000,368880000,31678000,207220000,1.07,0.86%,87.95%,N/L,N/L,N/L,N/L,N/L,2025-07-25
MOGO,"Mogo Inc","Technology Services","Business Services",42869000,6.04,0.69,4.88%,11.71%,0.4,23.459999,60559000,10070000,3930000,23949000,-9980000.,3.28,12.30%,14.79%,N/L,N/L,N/L,N/L,N/L,2025-08-07
MOH,"Molina Healthcare Inc","Medical - HMO",Medical,9454648000,7.64,2.04,7.88%,27.72%,0.73,6.62,7715648000,2040000000,1854000000,54200000,1179000000,0.52,1.10%,98.50%,N/L,N/L,N/L,N/L,N/L,2025-07-23
MOMO,"Hello Group Inc ADR","Internet - Software","Computers and Technology",996428000,6.25,0.63,9.95%,15.51%,0.23,7.83,395657000,195560000,187510000,120487000,142420000,0.41,61.40%,50.96%,N/L,N/L,N/L,N/L,N/L,2025-09-09
MORN,"Morningstar Inc","Business Information","Business Services",11127401000,29.49,6.76,10.53%,23.54%,0.52,20.91,11323301000,839200000,648800000,42178000,369900000,0.96,36.20%,57.02%,N/L,N/L,N/L,N/L,N/L,2025-07-30
MOS,"Mosaic Company",Fertilizers,"Basic Materials",10330653000,18.22,0.82,2.43%,4.74%,0.35,5.72,14282553000,1971400000,798200000,317378000,174900000,1.12,0.50%,77.54%,N/L,N/L,N/L,N/L,N/L,2025-08-05
MOV,"Movado Group Inc","Retail - Jewelry",Retail-Wholesale,386034000,14.86,0.75,3.39%,5.10%,0,17.07,177534000,26300000,16990000,22237000,18360000,1.24,30.80%,72.08%,N/L,N/L,N/L,N/L,N/L,2025-08-28
MP,"MP Materials Corp","Mining - Misc","Basic Materials",12021412000,0,11.05,-4.17%,-9.34%,0.9,N/A,12647702000,3420000,-78540000.,177098000,-65420000.,2.3,9.50%,52.55%,N/L,N/L,N/L,N/L,N/L,2025-08-07
MPAA,"Motorcar Parts Amer","Auto - Truck Replacement Parts",Auto-Tires-Trucks,279636000,14.85,1.04,1.98%,7.34%,0.33,8.16,360996000,90560000,66450000,19352000,-19470000.,1.39,7.40%,83.48%,N/L,N/L,N/L,N/L,N/L,2025-08-11
MPB,"Mid Penn Bancorp Inc","Banks - Northeast",Finance,687670000,9.88,0.71,0.95%,8.13%,0.08,8.68,686450000,79160000,72110000,22999000,49440000,0.63,8.10%,43.11%,N/L,N/L,N/L,N/L,N/L,2025-07-23
MPC,"Marathon Petroleum Corp","Oil - Refining and Marketing",Oils-Energy,51950936000,25.93,2.18,2.53%,8.38%,1.23,8,76424936000,11934000000,8628000000,304020000,3445000000,0.9,0.21%,76.77%,N/L,N/L,N/L,N/L,N/L,2025-08-05
MPLX,"Mplx LP","Oil - Production & Pipeline",Oils-Energy,51697216000,11.99,3.66,11.28%,30.95%,1.51,9.08,71329216000,7910000000,6573000000,1019066000,4317000000,0.73,N/A,24.25%,N/L,N/L,N/L,N/L,N/L,2025-08-05
MPW,"Medical Properties Trust","REIT - Equity Trust Other",Finance,2590741000,6.98,0.54,-9.61%,-28.80%,2,N/A,11106511000,773820000,302720000,601100000,-2410270000.,1.28,1.26%,71.79%,N/L,N/L,N/L,N/L,N/L,2025-07-31
MPWR,"Monolithic Power Sys","Semi Analog & Mixed","Computers and Technology",40420840000,68.22,11.55,16.34%,19.14%,0,74.470001,39729020000,677150000,660860000,47892000,1786700000,1.18,3.40%,93.46%,N/L,N/L,N/L,N/L,N/L,2025-07-31
MPX,"Marine Products Corp","Leisure & Recreational Prdcts","Consumer Discretionary",313564000,22.02,2.42,7.98%,10.98%,0,14.82,261184000,17480000,14690000,34996000,17850000,0.93,75.20%,13.86%,N/L,N/L,N/L,N/L,N/L,2025-07-24
MQ,"Marqeta Inc Cl A","Financial Transaction Services","Business Services",2770080000,0,3.17,-4.73%,-6.45%,0.24,72.150002,2031960000,-71250000.,-85480000.,448233000,27290000,1.54,12.61%,78.64%,N/L,N/L,N/L,N/L,N/L,2025-08-06
MRAM,"Everspin Technologies Inc","Technology Services","Business Services",145705000,87.14,2.14,2.13%,2.65%,0,53.360001,103605000,-5840000.,-7570000.,22625000,780000,0.13,6.90%,44.68%,N/L,N/L,N/L,N/L,N/L,2025-08-06
MRC,"Mrc Global Inc","Steel - Pipe & Tube","Basic Materials",1273707000,26.75,2.28,3.67%,11.81%,0.84,9.59,1597707000,129000000,89000000,85084000,55000000,1.65,2.00%,94.97%,N/L,N/L,N/L,N/L,N/L,2025-08-06
MRCC,"Monroe Capital Corp","Finance - Investment Mgmt",Finance,157512000,7.62,0.86,4.38%,10.71%,1.16,6.21,440452000,19890000,19890000,21666000,9700000,0.92,3.80%,0.00%,N/L,N/L,N/L,N/L,N/L,2025-08-13
MRCY,"Mercury Sys Inc","Aerospace - Defense Equipment",Aerospace,4004187000,504.92,2.66,0.35%,0.58%,0.4,43.040001,4286587000,105250000,23220000,59916000,-37900000.,0.72,1.60%,95.99%,N/L,N/L,N/L,N/L,N/L,2025-08-11
MREO,"Mereo Biopharma Group Plc ADR","Medical - Biomedical",Medical,270300000,0,4.84,-66.94%,-80.00%,0,N/A,200500000,-45770000.,-46350000.,159000000,-43250000.,0.47,5.50%,62.83%,N/L,N/L,N/L,N/L,N/L,2025-08-12
MRK,"Merck & Company","Large Cap Pharma",Medical,218231296000,11.27,4.41,16.55%,41.05%,0.69,9.09,239451296000,24321000000,19822000000,2497783000,17117000000,0.38,0.13%,76.07%,N/L,N/L,N/L,N/L,N/L,2025-07-29
MRNA,"Moderna Inc","Medical - Biomedical",Medical,10551850000,0,1.09,-20.09%,-25.96%,0,N/A,8624850000,-3179000000.,-3273000000.,389080000,-3561000000.,1.83,11.00%,75.33%,N/L,N/L,N/L,N/L,N/L,2025-08-01
MRP,"Millrose Properties Inc","Real Estate Operations",Finance,5693936000,0,0.94,0.00%,0.00%,0.31,N/A,5718126000,55730000,55740000,166004000,-246220000.,N/A,N/A,N/A,N/L,N/L,N/L,N/L,N/L,2025-07-31
MRSN,"Mersana Therapeutics Inc","Medical - Biomedical",Medical,38678000,0,N/A,-54.85%,0.00%,-0.33,N/A,-45622000.,-78200000.,-75910000.,4991000,-69190000.,0.83,13.00%,93.92%,N/L,N/L,N/L,N/L,N/L,2025-08-13
MRTN,"Marten Transport L","Transportation - Truck",Transportation,1010033000,45.15,1.24,2.12%,2.72%,0,6.9,992763000,247940000,136290000,81520000,26920000,0.98,22.90%,69.12%,N/L,N/L,N/L,N/L,N/L,2025-10-16
MRUS,"Merus N.V. CS","Medical - Biomedical",Medical,5104539000,0,5.99,-42.00%,-50.28%,0,N/A,4811249000,-346270000.,-348740000.,75634000,-215330000.,1.09,3.70%,96.14%,N/L,N/L,N/L,N/L,N/L,2025-08-07
MRVI,"Maravai Lifesciences Holdings Inc Cl A","Medical Products",Medical,623917000,0,1.3,-9.30%,-17.60%,0.63,3.87,597447000,112250000,-113660000.,254660000,-144850000.,0.28,2.11%,50.25%,N/L,N/L,N/L,N/L,N/L,2025-08-11
MRVL,"Marvell Technology Inc","Electronics - Semiconductors","Computers and Technology",63059664000,54.36,4.62,5.70%,8.42%,0.32,28.459999,66175164000,1059500000,-297400000.,863831000,-885000000.,1.83,0.19%,83.51%,N/L,N/L,N/L,N/L,N/L,2025-08-28
MRX,"Marex Group Plc","Finance - Misc Services",Finance,2621139000,10.46,2.36,1.05%,25.45%,6.81,10.19,5525639000,337100000,186300000,72769000,218000000,-0.37,3.79%,N/A,N/L,N/L,N/L,N/L,N/L,2025-08-13
MS,"Morgan Stanley","Finance - Investment Brokers",Finance,236289680000,16.31,2.32,1.15%,15.20%,3.01,12.51,429472672000,24454000000,19293000000,1596336000,13390000000,1.32,0.19%,84.19%,N/L,N/L,N/L,N/L,N/L,2025-10-15
MSA,"Msa Safety Inc","Protection - Safety","Industrial Products",6887603000,22.2,5.35,13.16%,26.03%,0.54,18.190001,7208233000,437070000,372740000,39143000,284970000,0.96,0.70%,92.51%,N/L,N/L,N/L,N/L,N/L,2025-08-04
MSB,"Mesabi Trust","Mining - Iron","Basic Materials",419971000,4.55,21.67,145.93%,233.00%,0,4.56,319771000,97070000,97070000,13120000,93270000,0.57,0.26%,0.00%,N/L,N/L,N/L,N/L,N/L,2025-09-04
MSBI,"Midland Sts BNC","Banks - Northeast",Finance,397967000,0,0.8,-0.10%,-1.23%,1.1,N/A,780697000,94240000,72900000,21535000,38040000,0.77,5.27%,60.93%,N/L,N/L,N/L,N/L,N/L,2025-07-24
MSCI,"MSCI Inc","Finance - Investment Mgmt",Finance,44471720000,35,N/A,23.46%,-143.13%,-5.09,31.49,48573188000,2011300000,1799880000,77365000,1109130000,1.29,3.31%,89.97%,N/L,N/L,N/L,N/L,N/L,2025-07-22
MSDL,"MS Direct Lending Fund","Finance - SBIC & Commercial",Finance,1551741000,7.84,0.87,5.28%,11.24%,1.15,7.23,3452851000,188600000,192810000,86835000,215560000,0.34,0.21%,0.00%,N/L,N/L,N/L,N/L,N/L,2025-08-07
MSEX,"Middlesex Water Company","Utility - Water Supply",Utilities,983008000,21.82,2.08,3.42%,9.67%,0.78,13.03,1340948000,107500000,79460000,18017000,44350000,0.81,1.32%,79.52%,N/L,N/L,N/L,N/L,N/L,2025-07-31
MSFT,"Microsoft Corp","Computer - Software","Computers and Technology",3770325440000,36.97,10.91,18.20%,32.44%,0.13,27.559999,3899415360000,162681000000,128528000000,7433167000,101832000000,1.06,0.03%,71.13%,N/L,N/L,N/L,N/L,N/L,2025-07-30
MSFW,"Roundhill Msft Weeklypay ETF",N/A,N/A,N/A,N/A,N/A,N/A,N/A,N/A,N/A,N/A,N/A,N/A,N/A,0,N/A,N/A,N/A,N/L,N/L,N/L,N/L,N/L,N/A
MSGE,"Madison Square Garden Entmt Corp","Media Conglomerates","Consumer Discretionary",1866602000,38.04,N/A,2.92%,-458.14%,-45.06,15.75,2422312000,240970000,179860000,47460000,37430000,0.44,15.32%,96.86%,N/L,N/L,N/L,N/L,N/L,2025-08-13
MSGS,"Madison Square Garden Sports Corp","Leisure & Recreation Services","Consumer Discretionary",4769586000,0,N/A,-1.56%,-1.76%,-1.03,N/A,4907396000,21260000,18040000,24010000,-22440000.,0.79,18.05%,68.94%,N/L,N/L,N/L,N/L,N/L,2025-08-12
MSI,"Motorola Solutions","Wireless Equipment","Computers and Technology",76956056000,34.98,38.900002,15.17%,134.30%,3.9,30.76,80851056000,3135000000,2799000000,166604000,1577000000,0.97,1.44%,84.17%,N/L,N/L,N/L,N/L,N/L,2025-08-07
MSM,"Msc Industrial Direct Company","Industrial Services","Industrial Products",5057051000,23.55,3.52,8.39%,14.99%,0.38,13.72,5536221000,391000000,308130000,55676000,258590000,0.92,18.30%,79.26%,N/L,N/L,N/L,N/L,N/L,2025-07-01
MSTR,"Strategy Inc","Finance - Misc Services",Finance,101548840000,29.74,2,13.40%,18.83%,0.17,N/A,108700624000,6694720000,6661580000,283553000,-1166660000.,3.76,8.46%,59.84%,N/L,N/L,N/L,N/L,N/L,2025-07-31
MSTW,"Roundhill Mstr Weeklypay ETF",N/A,N/A,N/A,N/A,N/A,N/A,N/A,N/A,N/A,N/A,N/A,N/A,N/A,0,N/A,N/A,N/A,N/L,N/L,N/L,N/L,N/L,N/A
MT,"Arcelormittal ADR","Steel - Producers","Basic Materials",27855248000,9.47,0.48,2.90%,4.99%,0.24,5.49,32934248000,9025000000,6393000000,819272000,1339000000,1.65,0.06%,9.29%,N/L,N/L,N/L,N/L,N/L,2025-07-31
MTA,"Metalla Royalty and Streaming Ltd","Mining - Misc","Basic Materials",414566000,0,1.57,-1.76%,-1.87%,0.05,N/A,417536000,600000,-1910000.,92537000,-5480000.,1.44,3.89%,17.82%,N/L,N/L,N/L,N/L,N/L,2025-08-13
MTB,"M&T Bank Corp","Banks - Major Regional",Finance,31213170000,12.29,1.18,1.30%,10.35%,0.43,10.18,25430170000,4843000000,4335000000,156269000,2588000000,0.63,0.53%,84.68%,N/L,N/L,N/L,N/L,N/L,2025-10-16
MTCH,"Match Group Inc","Internet - Software","Computers and Technology",8975200000,17.35,N/A,13.52%,-398.05%,-14.86,11.99,11858190000,1121740000,960070000,240622000,551280000,1.36,0.64%,94.05%,N/L,N/L,N/L,N/L,N/L,2025-08-05
MTD,"Mettler-Toledo International","Medical Instruments",Medical,27220550000,31.25,N/A,26.05%,-476.07%,-8.44,26.74,29175080000,1291730000,1168510000,20599000,863140000,1.34,1.94%,95.07%,N/L,N/L,N/L,N/L,N/L,2025-07-31
MTDR,"Matador Resources Company","Oil - US Exploration & Product",Oils-Energy,6020530000,6.4,1.01,8.27%,16.53%,0.57,3.01,9251200000,3548230000,2557400000,124494000,885320000,1.49,5.80%,91.98%,N/L,N/L,N/L,N/L,N/L,2025-07-22
MTG,"Mgic Investment Corp","Insurance - Multi Line",Finance,6489223000,9,1.23,11.63%,14.73%,0.13,8.87,6899263000,1023820000,1005380000,230523000,762990000,0.9,1.05%,95.58%,N/L,N/L,N/L,N/L,N/L,2025-07-30
MTH,"Meritage Corp","Building - Residential & Comm",Construction,5698172000,6.73,1.01,8.59%,12.37%,0,6.67,6382492000,805690000,779730000,71156000,786190000,1.29,2.20%,98.44%,N/L,N/L,N/L,N/L,N/L,2025-07-23
MTLS,"Materialise NV ADR","Internet - Software","Computers and Technology",310118000,50.1,1.13,1.41%,2.25%,0.19,9.49,235738000,23790000,7160000,59070000,14540000,1.59,1.23%,19.30%,N/L,N/L,N/L,N/L,N/L,2025-07-24
MTN,"Vail Resorts","Leisure & Recreation Services","Consumer Discretionary",6055033000,20.09,4.72,5.13%,30.25%,2.18,11.62,8496723000,1132580000,856090000,37152000,230410000,0.9,1.20%,94.90%,N/L,N/L,N/L,N/L,N/L,2025-09-25
MTRN,"Materion Corp","Mining - Misc","Basic Materials",2351684000,20.07,2.49,6.48%,12.69%,0.47,12.5,2776974000,183070000,112990000,20727000,5890000,0.85,2.60%,93.56%,N/L,N/L,N/L,N/L,N/L,2025-07-30
MTRX,"Matrix Service Company","Oil Field Machinery & Equip",Oils-Energy,424105000,0,2.73,-4.28%,-14.08%,0,N/A,308485000,-15990000.,-27010000.,27611000,-24980000.,1.12,4.10%,78.38%,N/L,N/L,N/L,N/L,N/L,2025-09-08
MTSI,"Macom Technology S","Semi Analog & Mixed","Computers and Technology",9394517000,55.92,7.27,8.84%,14.02%,0.43,44.860001,9704997000,178420000,117590000,74471000,76860000,1.38,16.30%,76.14%,N/L,N/L,N/L,N/L,N/L,2025-08-07
MTSR,"Metsera Inc","Medical - Biomedical",Medical,3472100000,0,7.67,0.00%,0.00%,0,N/A,3660510000,-178930000.,-178940000.,105056000,-209130000.,N/A,N/A,N/A,N/L,N/L,N/L,N/L,N/L,2025-08-11
MTUS,"Metallus Inc","Steel - Specialty","Basic Materials",694312000,159.4,0.97,0.35%,0.56%,0,8.5,459012000,25900000,-28700000.,41826000,1300000,1.42,3.60%,77.58%,N/L,N/L,N/L,N/L,N/L,2025-08-07
MTW,"Manitowoc Company","Machinery - Construct & Mining","Industrial Products",358490000,0,0.49,-0.12%,-0.33%,0.69,4.15,700690000,106100000,41800000,35459000,55800000,2.07,2.52%,78.66%,N/L,N/L,N/L,N/L,N/L,2025-08-07
MTX,"Minerals Technologies Inc","Chemical - Specialty","Basic Materials",2001788000,10.72,1.14,5.34%,10.64%,0.57,6.64,2634788000,170100000,75200000,31376000,167100000,1.22,3.30%,97.29%,N/L,N/L,N/L,N/L,N/L,2025-07-24
MTZ,"Mastec Inc","Building - Heavy Construction",Construction,13964348000,36.56,4.55,4.19%,12.71%,0.75,17.35,15788568000,1458210000,951590000,78908000,162790000,1.83,21.30%,78.10%,N/L,N/L,N/L,N/L,N/L,2025-07-31
MU,"Micron Technology","Computer - Integrated Systems","Computers and Technology",131698632000,20.14,2.55,8.90%,13.60%,0.31,15.23,138054624000,15419000000,7639000000,1119125000,778000000,1.37,0.30%,80.84%,N/L,N/L,N/L,N/L,N/L,2025-09-24
MUFG,"Mitsubishi Ufj Financial Group ADR","Banks - Foreign",Finance,188256304000,13.42,1.26,0.48%,9.35%,1.86,12.38,-379571072000.,12566620000,10663000000,12067711000,8361760000,0.42,0.01%,13.59%,N/L,N/L,N/L,N/L,N/L,2025-08-07
MUR,"Murphy Oil Corp","Oil - US Exploration & Product",Oils-Energy,3434132000,11.78,0.6,2.88%,5.25%,0.28,2.55,4285932000,2268220000,1392880000,142732000,407170000,1.13,6.52%,78.31%,N/L,N/L,N/L,N/L,N/L,2025-08-06
MURA,"Mural Oncology Plc","Medical - Drugs",Medical,36034000,0,0.61,-87.57%,-107.76%,0,N/A,-79426000.,-149660000.,-153170000.,17324000,-128510000.,3,2.20%,80.21%,N/L,N/L,N/L,N/L,N/L,2025-08-12
MUSA,"Murphy USA Inc","Retail - Convenience Stores",Retail-Wholesale,7303369000,15.93,11.48,10.86%,64.63%,3.22,10.38,9104769000,441700000,193900000,19292000,502500000,0.42,9.04%,80.81%,N/L,N/L,N/L,N/L,N/L,2025-07-30
MUX,"Mcewen Inc","Mining - Misc","Basic Materials",587591000,0,1.22,-1.94%,-2.76%,0.26,N/A,613901000,5190000,-25670000.,54106000,-43690000.,0.88,16.10%,17.03%,N/L,N/L,N/L,N/L,N/L,2025-08-07
MVBF,"Mvb Financial Corp","Banks - Northeast",Finance,305544000,17.65,0.99,0.53%,5.60%,0.24,10.73,61424000,37950000,30380000,12731000,20090000,1.01,11.66%,52.72%,N/L,N/L,N/L,N/L,N/L,2025-08-04
MVIS,Microvision,"Lasers - Systems & Components","Computers and Technology",331062000,0,3.39,-76.85%,-146.46%,0,N/A,285062000,-46990000.,-62880000.,300965000,-96920000.,1.43,1.02%,30.90%,N/L,N/L,N/L,N/L,N/L,2025-08-07
MVO,"Mv Oil Trust","Oil - US Royalty Trusts",Oils-Energy,67850000,4.62,N/A,401.81%,0.00%,0,3.79,66570000,14440000,14440000,11500000,17650000,-0.1,N/A,3.54%,N/L,N/L,N/L,N/L,N/L,2025-08-15
MVST,"Microvast Hldgs Inc","Technology Services","Business Services",881709000,21.83,2.39,4.41%,10.32%,0.96,N/A,927019000,48630000,17800000,325354000,-195460000.,3.02,29.80%,20.72%,N/L,N/L,N/L,N/L,N/L,2025-08-11
MWA,"Mueller Water Products","Steel - Pipe & Tube","Basic Materials",4254323000,22.58,4.38,10.82%,20.89%,0.49,18.700001,4393923000,279500000,213300000,156294000,115900000,1.18,1.10%,91.68%,N/L,N/L,N/L,N/L,N/L,2025-08-04
MX,"Magnachip Semiconductor Corp","Semi Analog & Mixed","Computers and Technology",102024000,0,0.36,-5.74%,-7.90%,0.14,N/A,-9376000.,-17660000.,-33820000.,35924000,-54310000.,0.84,5.70%,74.26%,N/L,N/L,N/L,N/L,N/L,2025-07-31
MXCT,"Maxcyte Inc","Medical - Biomedical",Medical,151382000,0,0.79,-19.10%,-22.12%,0,N/A,123502000,-51220000.,-49290000.,106607000,-41060000.,1.23,3.30%,68.81%,N/L,N/L,N/L,N/L,N/L,2025-08-06
MXL,"Maxlinear Inc","Semi Analog & Mixed","Computers and Technology",1423758000,0,2.7,-10.73%,-18.16%,0.25,N/A,1427178000,-121940000.,-178620000.,87080000,-245200000.,1.69,7.80%,90.79%,N/L,N/L,N/L,N/L,N/L,2025-07-23
MYE,"Myers Industries","Rubber & Plastics","Industrial Products",621006000,16.48,2.1,4.13%,13.02%,1.3,7.1,963746000,100390000,55420000,37410000,7200000,1.15,1.85%,90.82%,N/L,N/L,N/L,N/L,N/L,2025-07-31
MYGN,"Myriad Genetics Inc","Medical - Biomedical",Medical,560131000,0,1.38,-3.44%,-5.17%,0.15,5.83,497331000,41100000,-76700000.,93045000,-127300000.,1.89,2.40%,99.02%,N/L,N/L,N/L,N/L,N/L,2025-08-05
MYO,"Myomo Inc","Medical Products",Medical,44605000,0,2.29,-27.00%,-50.87%,0.23,N/A,20235000,-8620000.,-9320000.,37801000,-6180000.,1.4,4.79%,44.99%,N/L,N/L,N/L,N/L,N/L,2025-08-11
MYPS,"Playstudios Inc",Gaming,"Consumer Discretionary",124619000,0,0.48,-4.73%,-6.07%,0,3.15,15439000,53560000,7960000,125346000,-28690000.,0.89,14.67%,37.52%,N/L,N/L,N/L,N/L,N/L,2025-08-04
MYRG,"MYR Group Inc","Electrical Construction",Utilities,2880757000,38.21,4.87,4.87%,13.16%,0.15,30.91,2951677000,194610000,129420000,15523000,30260000,1.17,1.80%,88.90%,N/L,N/L,N/L,N/L,N/L,2025-07-30
MZTI,"The Marzetti Company","Food - Misc & Diversified","Consumer Staples",5215503000,26.52,4.92,14.86%,18.99%,0,21.09,5052063000,278990000,223090000,27569000,158610000,0.47,29.50%,66.44%,N/L,N/L,N/L,N/L,N/L,2025-08-21
NA,"Nano Labs Ltd ADR","Electronics - Semiconductors","Computers and Technology",147768000,0,1.54,0.00%,0.00%,0.76,N/A,167678000,-12080000.,7030000,29524000,-15750000.,3.17,N/A,50.68%,N/L,N/L,N/L,N/L,N/L,2025-08-15
NABL,"N-Able Inc","Technology Services","Business Services",1493026000,44.94,1.78,2.42%,4.13%,0.41,20.09,1740936000,80410000,53090000,187096000,30960000,0.62,1.50%,96.35%,N/L,N/L,N/L,N/L,N/L,2025-08-07
NAGE,"Niagen Bioscience Inc","Medical - Biomedical",Medical,795935000,75.15,11.99,15.53%,23.12%,0,165.179993,751275000,17480000,16670000,79753000,8550000,2.12,9.39%,15.41%,N/L,N/L,N/L,N/L,N/L,2025-08-06
NAK,"Northern Dynasty Minerals","Mining - Gold","Basic Materials",498119000,0,16.360001,-20.61%,-35.26%,0,N/A,486339000,-13730000.,-13850000.,551749000,-26380000.,-0.77,2.23%,10.55%,N/L,N/L,N/L,N/L,N/L,2025-08-13
NAMS,"Newamsterdam Pharma Company N.V.","Medical - Drugs",Medical,2815700000,0,3.53,-25.00%,-27.27%,0,N/A,2043960000,-172690000.,-172800000.,112628000,-241600000.,-0.02,20.84%,89.89%,N/L,N/L,N/L,N/L,N/L,2025-08-06
NAN,"Nuveen New York Divadv Fund",N/A,N/A,N/A,N/A,N/A,N/A,N/A,0.004613,N/A,N/A,N/A,N/A,N/A,25942758,N/A,N/A,N/A,N/L,N/L,N/L,N/L,N/L,N/A
NAT,"Nordic American Tanker Shipping Ltd","Transportation - Ship",Transportation,645841000,17.82,1.28,4.23%,7.01%,0.68,6.19,871161000,177360000,120360000,211751000,46640000,-0.22,2.85%,44.29%,N/L,N/L,N/L,N/L,N/L,2025-09-04
NATL,"NCR Atleos Corporation","Internet - Software","Computers and Technology",2924308000,12.04,7.83,4.08%,80.62%,8,5.55,5360308000,773000000,486000000,73586000,91000000,1.02,0.60%,88.66%,N/L,N/L,N/L,N/L,N/L,2025-08-06
NATR,"Nature S Sunshine","Medical - Drugs",Medical,289230000,19.13,1.79,6.71%,10.18%,0,13.32,204530000,34490000,20270000,17636000,7700000,1.14,4.70%,79.40%,N/L,N/L,N/L,N/L,N/L,2025-07-31
NAUT,"Nautilus Biotechnology Inc","Medical - Biomedical",Medical,88540000,0,0.47,-27.85%,-32.53%,0,N/A,60890000,-71470000.,-75020000.,126305000,-70780000.,1.42,41.10%,50.71%,N/L,N/L,N/L,N/L,N/L,2025-07-31
NAVI,"Navient Corp","Finance - Consumer Loans",Finance,1348284000,12.8,0.51,0.21%,4.08%,16.52,4.28,42429284000,3241000000,3095000000,99431000,131000000,1.37,31.17%,97.14%,N/L,N/L,N/L,N/L,N/L,2025-07-30
NB,"Niocorp Developments Ltd","Mining - Misc","Basic Materials",243428000,0,29.9,-91.68%,-298.16%,0,N/A,250608000,-13760000.,-6900000.,58799000,-16700000.,-0.35,19.10%,4.03%,N/L,N/L,N/L,N/L,N/L,2025-05-08
NBBK,"Nb Bancorp Inc","Banks - Northeast",Finance,749924000,12.76,1,1.07%,7.37%,0.17,16.309999,506904000,78580000,75950000,39826000,42150000,0.44,1.90%,0.00%,N/L,N/L,N/L,N/L,N/L,2025-07-23
NBHC,"National Bank Holdings Corp","Banks - Southeast",Finance,1495589000,11.67,1.06,1.25%,9.44%,0.18,9.78,1472249000,183020000,160180000,38046000,118820000,0.77,2.90%,92.65%,N/L,N/L,N/L,N/L,N/L,2025-07-22
NBIS,"Nebius Group N.V. Cl A","Internet Software Services","Computers and Technology",16262310000,74.36,4.13,-0.50%,-0.58%,0.26,N/A,13818810000,-470900000.,-548200000.,235754000,-641400000.,3.36,N/A,21.90%,N/L,N/L,N/L,N/L,N/L,2025-08-26
NBIX,"Neurocrine Bioscienc","Medical - Drugs",Medical,13432216000,40.02,4.98,9.39%,13.22%,0,40.029999,13199216000,495900000,495000000,99182000,341300000,0.25,4.80%,92.59%,N/L,N/L,N/L,N/L,N/L,2025-07-30
NBR,"Nabors Industries","Oil & Gas - Drilling",Oils-Energy,567319000,0,0.82,-4.08%,-35.99%,4.17,0.66,2682889000,1339950000,697730000,15737000,-176080000.,1.52,5.41%,81.92%,N/L,N/L,N/L,N/L,N/L,2025-07-29
NBTB,"NBT Bancorp Inc","Banks - Northeast",Finance,2351443000,13.08,1.11,1.10%,9.81%,0.17,11.79,2319423000,251920000,221490000,52394000,140640000,0.59,3.03%,58.46%,N/L,N/L,N/L,N/L,N/L,2025-07-28
NCLH,"Norwegian Cruise Ord","Leisure & Recreation Services","Consumer Discretionary",11321021000,14.16,6.65,4.02%,59.89%,8.77,5.65,24230740000,3424210000,2450700000,451937000,910260000,2.24,0.41%,69.58%,N/L,N/L,N/L,N/L,N/L,2025-07-31
NCMI,"National Cinemedia","Advertising Marketing Services","Business Services",425443000,0,1.16,-2.58%,-3.51%,0,10.98,357343000,73700000,30500000,93710000,-22300000.,2.14,0.25%,69.49%,N/L,N/L,N/L,N/L,N/L,2025-08-05
NCNO,"Ncino Inc","Internet - Software","Computers and Technology",3371594000,0,3.01,0.13%,0.19%,0.24,59.380001,3477804000,32500000,-15980000.,115942000,-37880000.,0.77,5.70%,94.76%,N/L,N/L,N/L,N/L,N/L,2025-08-26
NDAQ,"Nasdaq Inc","Securities Exchanges",Finance,54367076000,29.92,4.56,5.95%,15.90%,0.73,24.07,62825076000,3298000000,2685000000,573795000,1117000000,1,0.70%,72.47%,N/L,N/L,N/L,N/L,N/L,2025-07-24
NDLS,"Noodles & Company","Retail - Restaurants",Retail-Wholesale,33717000,0,N/A,-8.42%,0.00%,-3.46,3.63,133307000,24900000,-4770000.,46442000,-36210000.,1.64,2.70%,65.67%,N/L,N/L,N/L,N/L,N/L,2025-08-06
NDSN,"Nordson Corp","Machinery - General Industrial","Industrial Products",12837148000,22.01,4.17,9.55%,19.45%,0.75,18.049999,14926328000,791830000,655650000,56509000,467280000,0.89,0.80%,72.11%,N/L,N/L,N/L,N/L,N/L,2025-08-20
NE,"Noble Corp Plc","Oil & Gas - Drilling",Oils-Energy,4556690000,17.46,0.92,3.08%,5.22%,0.43,5.97,6289580000,1519040000,1150450000,158825000,448350000,1.11,1.20%,68.14%,N/L,N/L,N/L,N/L,N/L,2025-08-05
NECB,"Northeast Community Bancorp","Banks - Northeast",Finance,325824000,6.45,0.9,2.30%,14.04%,0.4,6.2,248074000,64380000,63340000,14026000,47070000,0.45,6.30%,53.25%,N/L,N/L,N/L,N/L,N/L,2025-07-28
NEE,"Nextera Energy","Utility - Electric Power",Utilities,157165152000,21.13,2.57,3.86%,12.31%,1.53,12.2,238412160000,19747000000,13986000000,2059292000,6946000000,0.63,0.20%,78.72%,N/L,N/L,N/L,N/L,N/L,2025-07-23
NEGG,"Newegg Commerce Inc","Internet Commerce",Retail-Wholesale,3832631000,0,41.509998,0.00%,0.00%,0,N/A,3732891000,-2580000.,-13280000.,38041000,-43330000.,3.12,22.90%,0.45%,N/L,N/L,N/L,N/L,N/L,2025-07-28
NEM,"Newmont Mining Corp","Mining - Gold","Basic Materials",77737296000,14.33,2.38,9.90%,17.86%,0.22,12.03,82594296000,13665000000,11089000000,1098450000,3348000000,0.3,0.05%,68.85%,N/L,N/L,N/L,N/L,N/L,2025-07-24
NEO,"Neogenomics Inc","Medical - Biomedical",Medical,853227000,0,0.93,-1.54%,-2.72%,0,14.09,686997000,-39600000.,-115060000.,129179000,-78730000.,1.54,2.40%,98.50%,N/L,N/L,N/L,N/L,N/L,2025-07-29
NEOG,"Neogen Corp","Medical Products",Medical,1225036000,19.31,0.59,1.57%,2.39%,0.43,0.97,1990146000,1195970000,-1670000.,217205000,-1092040000.,1.79,1.13%,96.73%,N/L,N/L,N/L,N/L,N/L,2025-10-09
NEON,"Neonode Inc","Computer - Software","Computers and Technology",419575000,0,33.380001,-35.78%,-40.64%,0,N/A,403145000,-6430000.,-6570000.,16783000,-6470000.,0.77,23.93%,11.63%,N/L,N/L,N/L,N/L,N/L,2025-08-14
NET,"Cloudflare Inc Cl A","Internet - Software","Computers and Technology",68361712000,0,54.189999,-2.52%,-8.42%,0,416.290009,68209752000,23480000,-186020000.,348482000,-78800000.,1.84,10.89%,82.68%,N/L,N/L,N/L,N/L,N/L,2025-07-31
NEU,"Newmarket Corp","Chemical - Specialty","Basic Materials",7486076000,15.87,4.67,15.10%,32.25%,0.52,13.26,8379876000,722260000,605300000,9397000,462410000,0.45,19.10%,61.09%,N/L,N/L,N/L,N/L,N/L,2025-07-30
NEWP,"New Pacific Metals Corp","Mining - Misc","Basic Materials",292380000,0,2.04,-3.19%,-3.22%,0,N/A,270430000,-5670000.,-5880000.,171988000,-6020000.,0.7,2.90%,22.95%,N/L,N/L,N/L,N/L,N/L,2025-09-08
NEWT,"Newtekone Inc","Finance - Misc Services",Finance,328499000,5.99,1.08,2.67%,19.16%,5.58,8.44,1994159000,262990000,274730000,26322000,50850000,1.22,6.70%,38.35%,N/L,N/L,N/L,N/L,N/L,2025-07-28
NEXA,"Nexa Resources S.A.","Mining - Misc","Basic Materials",658222000,0,0.58,-1.60%,-6.54%,1.6,2.59,1800312000,606590000,263020000,132439000,-205030000.,0.98,N/A,0.00%,N/L,N/L,N/L,N/L,N/L,2025-08-07
NEXN,"Nexxen International Ltd ADR","Advertising Marketing Services","Business Services",644951000,10.41,1.26,8.84%,13.64%,0,5.4,457881000,170030000,111350000,63417000,35440000,1.74,N/A,54.24%,N/L,N/L,N/L,N/L,N/L,2025-08-13
NEXT,"Nextdecade Corp","Oil Gas Prod Pipeline MLP",Oils-Energy,2682757000,0,1.45,-6.45%,-26.59%,2.77,N/A,6210427000,-122250000.,-194260000.,261988000,-61750000.,1.22,1.80%,66.74%,N/L,N/L,N/L,N/L,N/L,2025-08-13
NFBK,"Northfield Bncrp Del","Finance - Savings & Loan",Finance,490861000,13.86,0.67,0.58%,4.64%,1.26,13.6,1050961000,87410000,81120000,41811000,29950000,0.84,5.95%,65.51%,N/L,N/L,N/L,N/L,N/L,2025-07-23
NFE,"New Fortress Energy Llc","Oil - International Integrated",Oils-Energy,723883000,0,0.35,-1.99%,-13.50%,4.81,2.15,8743703000,695940000,500240000,274198000,-249040000.,1.08,29.40%,58.61%,N/L,N/L,N/L,N/L,N/L,2025-08-29
NFG,"National Fuel Gas Company","Oil - US Integrated",Oils-Energy,7881548000,13.53,2.65,7.03%,20.81%,0.9,8.68,10531567000,1340060000,883030000,90364000,77510000,0.65,1.41%,73.96%,N/L,N/L,N/L,N/L,N/L,2025-07-30
NFGC,"New Found Gold Corp","Mining - Gold","Basic Materials",376103000,0,5.48,-63.04%,-72.29%,0,N/A,359813000,-36800000.,-37390000.,230738000,-36690000.,1.3,N/A,3.43%,N/L,N/L,N/L,N/L,N/L,2025-08-08
NFLX,"Netflix Inc","Broadcast - Radio & TV","Consumer Discretionary",511887104000,51.39,20.540001,19.42%,42.50%,0.58,21.200001,517880736000,27934370000,12303940000,424926000,8711630000,1.59,1.37%,80.93%,N/L,N/L,N/L,N/L,N/L,2025-10-16
NG,"Novagold Resources Inc","Mining - Gold","Basic Materials",2478009000,0,14.65,-27.68%,-758.79%,0.96,N/A,2587309000,-36420000.,-36420000.,406898000,-45620000.,0.7,2.88%,57.56%,N/L,N/L,N/L,N/L,N/L,2025-10-01
NGD,"New Gold Inc","Mining - Gold","Basic Materials",4386018000,19.43,3.91,9.49%,19.43%,0.59,10.72,4677818000,764400000,516300000,791700000,102600000,0.38,0.20%,42.82%,N/L,N/L,N/L,N/L,N/L,2025-07-28
NGG,"National Grid Transco Plc ADR","Utility - Electric Power",Utilities,70855504000,0,1.45,0.00%,0.00%,1.26,10.71,130002872000,9457500000,0,992235000,3702370000,0.63,N/A,4.68%,N/L,N/L,N/L,N/L,N/L,2025-05-29
NGL,"Ngl Energy Partners LP","Oil Refining & Marketing MLP",Oils-Energy,626450000,0,N/A,1.79%,-43.75%,20.21,1.77,4491191000,878210000,610960000,127847000,39370000,0.39,N/A,40.62%,N/L,N/L,N/L,N/L,N/L,2025-08-07
NGNE,"Neurogene Inc","Medical - Biomedical",Medical,285297000,0,1.03,-30.34%,-33.33%,0,N/A,148707000,-94860000.,-95690000.,14272000,-75140000.,1.69,11.64%,52.37%,N/L,N/L,N/L,N/L,N/L,2025-08-08
NGS,"Natural Gas Services Group","Oil Field Machinery & Equip",Oils-Energy,334620000,17.48,1.22,3.69%,7.21%,0.68,6.46,502480000,102010000,69920000,12542000,17230000,0.66,5.08%,65.62%,N/L,N/L,N/L,N/L,N/L,2025-08-11
NGVC,"Natural Grocers By Vitamin Cottage Inc","Food Items - Wholesale",Retail-Wholesale,930326000,21.16,4.5,6.63%,23.47%,0,13.98,921456000,89490000,58560000,22954000,33940000,1.44,58.80%,31.99%,N/L,N/L,N/L,N/L,N/L,2025-08-07
NGVT,"Ingevity Corp","Chemical - Specialty","Basic Materials",2107370000,12.31,16.48,7.95%,84.92%,10.24,3.38,3379070000,600900000,143500000,36466000,-430300000.,1.36,1.10%,91.59%,N/L,N/L,N/L,N/L,N/L,2025-08-04
NHC,"National Healthcare Corp","Medical - Nursing Homes",Medical,1779825000,18.69,1.66,5.95%,9.22%,0.01,12.84,1821135000,220540000,160610000,15501000,101930000,0.58,14.97%,56.44%,N/L,N/L,N/L,N/L,N/L,2025-08-08
NHI,"National Health Investors","REIT - Equity Trust Other",Finance,3696722000,17.06,2.43,5.41%,10.32%,0.75,16.059999,4828262000,345470000,264670000,47473000,137990000,0.73,7.26%,62.51%,N/L,N/L,N/L,N/L,N/L,2025-08-06
NHTC,"Natural Hlth Trd","Consumer Prdts - Misc Discr","Consumer Discretionary",50197000,144,1.72,0.66%,1.09%,0,70.75,36667000,-1240000.,-1370000.,11513000,570000,0.66,13.30%,10.13%,N/L,N/L,N/L,N/L,N/L,2025-07-30
NI,"NiSource Inc","Utility - Electric Power",Utilities,20218514000,22.38,1.81,2.73%,8.25%,1.43,10.6,33980216000,3793500000,2750300000,470855000,760400000,0.53,0.24%,91.64%,N/L,N/L,N/L,N/L,N/L,2025-08-06
NIC,"Nicolet Bankshares Inc","Banks - Northeast",Finance,2023375000,14.98,1.64,1.52%,11.48%,0.11,14.34,1647735000,200700000,183750000,14857000,124060000,0.77,16.40%,43.06%,N/L,N/L,N/L,N/L,N/L,2025-07-15
NICE,"Nice Ltd ADR","Internet - Software","Computers and Technology",9013125000,14.06,2.33,11.95%,17.43%,0.12,11.6,8990205000,801440000,604450000,63250000,442590000,0.98,0.02%,63.34%,N/L,N/L,N/L,N/L,N/L,2025-08-14
NINE,"Nine Energy Service Inc","Oil - Field Services",Oils-Energy,24557000,0,N/A,-10.17%,0.00%,-3.97,1.43,317517000,107670000,50030000,43341000,-41080000.,2.7,4.10%,57.61%,N/L,N/L,N/L,N/L,N/L,2025-08-05
NIO,"Nio Inc ADR","Auto - Foreign",Auto-Tires-Trucks,13232651000,0,N/A,-23.51%,-286.45%,-37.11,N/A,12497061000,-2079120000.,-3134110000.,2087169000,-3056480000.,1.42,1.00%,48.55%,N/L,N/L,N/L,N/L,N/L,2025-09-02
NIU,"Niu Technologies ADR","Auto - Truck Original Parts",Auto-Tires-Trucks,352212000,0,2.87,-5.28%,-15.68%,0.24,N/A,263652000,-11750000.,-28480000.,77923000,-26470000.,-0.35,10.20%,75.06%,N/L,N/L,N/L,N/L,N/L,2025-08-11
NJR,"Newjersey Resources Corp","Utility - Gas Distribution",Utilities,4812607000,11.75,1.95,5.60%,17.08%,1.4,10.19,8171857000,966770000,800200000,100451000,289780000,0.64,0.72%,70.98%,N/L,N/L,N/L,N/L,N/L,2025-08-04
NKE,"Nike Inc","Shoes and Related Apparel","Consumer Staples",115759744000,35.27,8.51,8.57%,23.33%,0.6,27.92,116256744000,4510000000,3702000000,1476904000,3219000000,1.27,0.80%,64.25%,N/L,N/L,N/L,N/L,N/L,2025-10-07
NKLAQ,"Nikola Corp","Auto - Domestic",Auto-Tires-Trucks,1893000,0,0,0.00%,0.00%,0.71,N/A,-464047000.,-489950000.,-525840000.,60867000,-966280000.,2.26,0.74%,37.38%,N/L,N/L,N/L,N/L,N/L,2025-08-29
NKTR,"Nektar Therapeutics","Medical - Drugs",Medical,514083000,0,N/A,-58.21%,-631.43%,0,N/A,469833000,-136770000.,-141160000.,19019000,-118960000.,0.95,5.25%,75.88%,N/L,N/L,N/L,N/L,N/L,2025-08-07
NKTX,"Nkarta Inc","Medical - Biomedical",Medical,168329000,0,0.46,-22.38%,-27.74%,0,N/A,140459000,-126220000.,-128460000.,71025000,-108790000.,0.72,8.40%,80.54%,N/L,N/L,N/L,N/L,N/L,2025-08-12
NL,"NL Industries","Chemical - Specialty","Basic Materials",329337000,5.84,0.75,9.69%,12.93%,0,4.42,146137000,45370000,41680000,48863000,67230000,0.25,0.26%,10.67%,N/L,N/L,N/L,N/L,N/L,2025-08-06
NLOP,"Net Lease Office Properties","REIT - Equity Trust Other",Finance,444124000,7.72,0.87,-19.78%,-27.31%,0.23,N/A,544914000,-1640000.,-80580000.,14814000,-91470000.,0.84,0.65%,58.33%,N/L,N/L,N/L,N/L,N/L,2025-08-14
NLY,"Annaly Capital Management Inc","REIT - Mortgage Trusts",Finance,13567065000,7.26,1.1,1.68%,15.53%,0.19,6.73,13615605000,5516430000,5369450000,642076000,1001910000,1.2,0.22%,51.56%,N/L,N/L,N/L,N/L,N/L,2025-07-23
NMAX,"Newsmax Inc Cl B","Broadcast - Radio & TV","Consumer Discretionary",1953631000,0,17.360001,0.00%,0.00%,0,N/A,2144901000,-56240000.,-62410000.,128191000,-72170000.,N/A,N/A,N/A,N/L,N/L,N/L,N/L,N/L,2025-08-21
NMFC,"New Mountain Finance Corp","Finance - SBIC & Commercial",Finance,1105091000,7.98,0.85,4.32%,10.43%,1.35,8.13,2861481000,73390000,82450000,106361000,113440000,0.82,11.71%,32.08%,N/L,N/L,N/L,N/L,N/L,2025-08-04
NMG,"Nouveau Monde Graphite Inc","Mining - Misc","Basic Materials",215026000,0,2.34,-35.20%,-47.42%,0.14,N/A,147856000,-43040000.,-49680000.,112579000,-53480000.,0.74,22.72%,41.09%,N/L,N/L,N/L,N/L,N/L,2025-08-13
NMIH,"Nmi Holdings Inc","Insurance - Proprty & Casualty",Finance,3129723000,8.31,1.26,11.02%,16.52%,0.17,8.2,3490563000,526650000,513580000,77574000,360110000,0.57,3.00%,94.12%,N/L,N/L,N/L,N/L,N/L,2025-07-29
NMM,"Navios Maritime Partners LP","Transportation - Ship",Transportation,1389976000,4.92,0.44,5.09%,9.32%,0.68,2.17,3219126000,989410000,692460000,29694000,367310000,1.49,N/A,62.74%,N/L,N/L,N/L,N/L,N/L,2025-08-21
NMR,"Nomura Holdings Inc ADR","Finance - Investment Brokers",Finance,21787276000,8.69,0.86,0.65%,10.58%,7.58,8.06,148756784000,3123220000,2716310000,2956211000,2248860000,0.78,0.04%,15.14%,N/L,N/L,N/L,N/L,N/L,2025-07-29
NMRA,"Neumora Therapeutics Inc","Medical - Biomedical",Medical,262351000,0,1.45,-87.68%,-98.95%,0.11,N/A,118991000,-269640000.,-264550000.,161945000,-243790000.,2.91,26.80%,47.65%,N/L,N/L,N/L,N/L,N/L,2025-08-06
NMRK,"Newmark Group Inc Cl A","Real Estate Operations",Finance,3205483000,12.26,1.99,6.91%,22.73%,0.58,4.78,3585183000,646730000,348570000,176708000,61230000,2.04,32.40%,58.42%,N/L,N/L,N/L,N/L,N/L,2025-07-30
NMTC,"Neuroone Medical Technologies Corp","Medical Services",Medical,39230000,0,4.69,-78.67%,-163.49%,0,N/A,37770000,-5330000.,-5680000.,50000000,-12320000.,0.68,8.90%,16.07%,N/L,N/L,N/L,N/L,N/L,2025-08-14
NN,"Nextnav Inc","Technology Services","Business Services",2068190000,0,N/A,-48.66%,-556.83%,-5.22,N/A,2083480000,-46020000.,-57430000.,133131000,-101880000.,1.04,7.70%,79.16%,N/L,N/L,N/L,N/L,N/L,2025-08-06
NNBR,"NN Inc","Metal Production & Fabrication","Basic Materials",121073000,0,1.98,-0.88%,-5.29%,0.99,2.96,345073000,59400000,11810000,50447000,-38270000.,2.03,7.94%,53.92%,N/L,N/L,N/L,N/L,N/L,2025-08-06
NNDM,"Nano Dimension ADR",Nanotechnology,N/A,308542000,0,0.36,-9.38%,-9.90%,0,N/A,-8208000.,-100870000.,-107550000.,217283000,-95890000.,1.13,13.09%,33.89%,N/L,N/L,N/L,N/L,N/L,2025-08-26
NNE,"Nano Nuclear Energy Inc","Other Alt Energy",Oils-Energy,1302317000,0,5.34,-25.52%,-26.49%,0,N/A,1273807000,-38880000.,-38990000.,41581000,-10150000.,7.15,32.77%,N/A,N/L,N/L,N/L,N/L,N/L,2025-08-14
NNI,"Nelnet Inc","Finance - Consumer Loans",Finance,4712386000,13.54,1.3,2.42%,10.09%,2.27,14.67,12091165000,1217120000,1084590000,36174000,184050000,0.9,50.90%,33.51%,N/L,N/L,N/L,N/L,N/L,2025-08-06
NNN,"NNN REIT Inc","REIT - Equity Trust Other",Finance,8006244000,12.46,1.82,4.37%,9.00%,1.06,12.01,12370984000,1101220000,840470000,188782000,396840000,0.92,0.82%,89.96%,N/L,N/L,N/L,N/L,N/L,2025-08-05
NNOX,"Nano-X Imaging Ltd","Technology Services","Business Services",234583000,0,1.42,-28.73%,-32.09%,0.02,N/A,198343000,-46230000.,-57700000.,57779000,-53520000.,1.95,7.74%,21.49%,N/L,N/L,N/L,N/L,N/L,2025-08-12
NNVC,"Nanoviricides Inc","Medical - Drugs",Medical,23144000,0,2.43,-84.28%,-95.38%,0,N/A,18344000,-9110000.,-9870000.,16072000,-8290000.,0.96,4.60%,10.30%,N/L,N/L,N/L,N/L,N/L,2025-09-26
NOA,"North American Construction Group Ltd","Oil Field Machinery & Equip",Oils-Energy,409200000,7.19,1.21,4.16%,17.15%,1.9,1.93,938830000,217630000,93800000,30177000,32170000,1.26,9.70%,74.99%,N/L,N/L,N/L,N/L,N/L,2025-08-13
NOAH,"Noah Holdings Ltd ADR","Finance - Investment Mgmt",Finance,830258000,10.79,0.57,4.68%,5.62%,0,8.21,305408000,117120000,95650000,66156000,65140000,0.84,47.20%,42.67%,N/L,N/L,N/L,N/L,N/L,2025-08-27
NOC,"Northrop Grumman Corp","Aerospace - Defense",Aerospace,84827328000,22.49,5.53,7.89%,25.52%,0.98,16.59,95166328000,5577000000,4207000000,143183000,4174000000,0.15,0.23%,83.40%,N/L,N/L,N/L,N/L,N/L,2025-07-22
NOG,"Northern Oil and Gas","Oil - US Exploration & Product",Oils-Energy,2449635000,4.55,0.96,9.49%,22.12%,0.98,1.85,4809995000,2522960000,1773790000,97595000,520310000,1.55,2.90%,98.80%,N/L,N/L,N/L,N/L,N/L,2025-07-31
NOK,"Nokia Corp ADR","Wireless Equipment","Computers and Technology",23191382000,12.47,1.01,4.49%,8.36%,0.16,6.71,20230762000,2402200000,1304950000,5380831000,1381840000,0.88,0.00%,5.28%,N/L,N/L,N/L,N/L,N/L,2025-10-16
NOMD,"Nomad Foods Ltd","Food - Misc & Diversified","Consumer Staples",2391553000,8.27,0.82,4.20%,10.26%,0.81,6.04,4311303000,513670000,408810000,153403000,245740000,0.72,17.27%,75.26%,N/L,N/L,N/L,N/L,N/L,2025-08-06
NOTE,"Fiscalnote Hldgs Inc","Technology Services","Business Services",81371000,0,0.83,-19.10%,-61.31%,1.23,N/A,199001000,-1070000.,-24650000.,158217000,9520000,0.59,37.20%,54.31%,N/L,N/L,N/L,N/L,N/L,2025-08-07
NOTV,"Inotiv Inc","Medical - Drugs",Medical,64929000,0,0.42,-3.28%,-15.74%,2.76,1.13,436839000,80160000,19300000,34354000,-108450000.,3.99,7.80%,18.17%,N/L,N/L,N/L,N/L,N/L,2025-08-06
NOV,"Nov Inc","Oil Field Machinery & Equip",Oils-Energy,4864882000,10.17,0.7,4.15%,7.25%,0.26,4.94,5374882000,1039000000,696000000,371365000,635000000,1.32,2.08%,93.27%,N/L,N/L,N/L,N/L,N/L,2025-07-28
NOVT,"Novanta Inc","Electronics - Misc Components","Computers and Technology",4423722000,37.16,5.19,7.88%,14.70%,0.57,24.879999,4726372000,187710000,132150000,35974000,64090000,1.48,1.20%,98.35%,N/L,N/L,N/L,N/L,N/L,2025-08-05
NOW,"Servicenow Inc","IT Services","Computers and Technology",184444000000,101.85,16.690001,8.81%,18.04%,0.14,68.970001,183628992000,2715000000,1601000000,208000000,1425000000,0.93,0.38%,87.18%,N/L,N/L,N/L,N/L,N/L,2025-07-23
NPCE,"Neuropace Inc","Medical Instruments",Medical,297398000,0,14.55,-25.48%,-168.61%,3.02,N/A,343498000,-19420000.,-19860000.,33081000,-27140000.,1.89,20.50%,78.83%,N/L,N/L,N/L,N/L,N/L,2025-08-12
NPKI,"Npk International Inc","Internet - Software","Computers and Technology",877259000,32.26,2.57,6.87%,8.29%,0.03,17.73,867229000,60860000,32350000,84433000,-150260000.,2.19,4.90%,80.81%,N/L,N/L,N/L,N/L,N/L,2025-08-05
NPO,"Enpro Inc","Technology Services","Business Services",4789575000,30.36,3.09,6.19%,10.49%,0.31,18.67,5193375000,254100000,153800000,21054000,72900000,1.62,1.60%,98.31%,N/L,N/L,N/L,N/L,N/L,2025-08-05
NPWR,"Net Power Inc.","Other Alt Energy",Oils-Energy,554634000,0,0.82,-8.77%,-27.05%,0,15.42,1731984000,-80410000.,-162030000.,219223000,-49190000.,0.72,2.10%,53.62%,N/L,N/L,N/L,N/L,N/L,2025-08-11
NRC,"National Research Corp","Business Information","Business Services",354494000,13.82,15.72,18.05%,83.52%,3.61,10.87,408164000,40130000,34110000,23064000,24780000,0.44,8.10%,47.26%,N/L,N/L,N/L,N/L,N/L,2025-08-05
NRDS,"Nerdwallet Inc Cl A","Finance - Misc Services",Finance,791920000,83.5,1.93,2.05%,2.54%,0,18.16,725620000,75100000,26700000,76000000,30400000,1.45,46.54%,38.81%,N/L,N/L,N/L,N/L,N/L,2025-08-07
NRDY,"Nerdy Inc",Schools,"Consumer Discretionary",254545000,0,4.83,-49.93%,-77.11%,0,N/A,202005000,-63330000.,-70900000.,185799000,-42590000.,1.87,50.94%,39.10%,N/L,N/L,N/L,N/L,N/L,2025-08-07
NREF,"Nexpoint Real Estate Finance Inc","REIT - Mortgage Trusts",Finance,271856000,6.49,0.76,1.34%,21.49%,1.58,3.65,903216000,38340000,23420000,17722000,29190000,1.22,55.70%,67.79%,N/L,N/L,N/L,N/L,N/L,2025-07-31
NRG,"NRG Energy","Utility - Electric Power",Utilities,28064900000,19.02,17.41,6.80%,88.22%,4.78,9.36,38349900000,4479000000,2796000000,193431000,1125000000,1.14,0.86%,97.72%,N/L,N/L,N/L,N/L,N/L,2025-08-06
NRGV,"Energy Vault Hldgs Inc","Other Alt Energy",Oils-Energy,265442000,0,2.87,-54.64%,-96.64%,0.26,N/A,238352000,-124210000.,-125270000.,161855000,-135750000.,0.77,15.40%,40.03%,N/L,N/L,N/L,N/L,N/L,2025-08-07
NRIX,"Nurix Therapeutics Inc","Medical - Biomedical",Medical,775193000,0,1.64,-34.70%,-45.26%,0,N/A,665193000,-225310000.,-230450000.,76449000,-193570000.,2.14,7.40%,0.00%,N/L,N/L,N/L,N/L,N/L,2025-10-10
NRP,"Natural Resource Partners LP",Coal,Oils-Energy,1342656000,9.52,2.22,19.93%,27.76%,0.17,7.92,1454286000,197930000,183900000,12960000,183640000,0.35,35.30%,31.77%,N/L,N/L,N/L,N/L,N/L,2025-08-06
NRT,"North European Oil Royality Trust","Oil - US Royalty Trusts",Oils-Energy,47056000,10,26.299999,215.62%,379.51%,0,2.21,45426000,6110000,6110000,9191000,5060000,0.08,3.20%,6.97%,N/L,N/L,N/L,N/L,N/L,2025-08-29
NRXP,"Nrx Pharmaceuticals Inc","Medical - Drugs",Medical,52298000,0,N/A,-550.94%,0.00%,0,N/A,56188000,-17540000.,-17550000.,19810000,-25130000.,1.59,19.00%,4.27%,N/L,N/L,N/L,N/L,N/L,2025-08-19
NSA,"National Storage Affiliates Tru","REIT - Equity Trust Other",Finance,2468762000,13.45,1.83,1.28%,4.91%,2.08,7.71,6208003000,673310000,477580000,76765000,111520000,1.1,13.70%,99.97%,N/L,N/L,N/L,N/L,N/L,2025-08-04
NSC,"Norfolk Southern Corp","Transportation - Rail",Transportation,63925432000,23.17,4.32,6.35%,19.35%,1.17,15.93,79490432000,7774000000,6421000000,224615000,2622000000,1.31,0.06%,75.10%,N/L,N/L,N/L,N/L,N/L,2025-07-29
NSIT,"Insight Enterpr","Retail - Mail Order",Retail-Wholesale,4212708000,13.72,2.52,4.01%,18.68%,0.83,9.23,4817588000,407880000,304150000,31471000,249690000,1.21,1.05%,N/A,N/L,N/L,N/L,N/L,N/L,2025-07-31
NSP,"Insperity Inc",Staffing,"Business Services",2094674000,50.75,18.1,1.84%,35.32%,3.29,14.9,1355674000,135000000,91000000,37674000,91000000,0.47,5.29%,93.44%,N/L,N/L,N/L,N/L,N/L,2025-08-01
NSPR,"Inspiremd Inc","Medical Instruments",Medical,99087000,0,3.81,-97.77%,-131.34%,0,N/A,80167000,-42030000.,-42310000.,41721000,-32010000.,0.6,34.06%,44.78%,N/L,N/L,N/L,N/L,N/L,2025-08-05
NSSC,"Napco Sec Tech Inc","Protection - Safety","Industrial Products",1130295000,24.91,6.85,22.34%,26.14%,0,21.530001,1064955000,50300000,48140000,35656000,49820000,1.42,5.24%,85.07%,N/L,N/L,N/L,N/L,N/L,2025-08-25
NTAP,"Netapp Inc","Computer - Storage Devices","Computers and Technology",22144450000,18.36,20.76,12.84%,126.96%,3.11,14.85,22637450000,1580000000,1337000000,200366000,1186000000,1.44,0.28%,92.17%,N/L,N/L,N/L,N/L,N/L,2025-08-27
NTB,"Bank of Butterfield Ltd","Banks - Foreign",Finance,2163995000,8.73,1.96,1.57%,21.16%,0,8.04,-940765000.,317940000,275780000,47529000,216320000,0.64,1.19%,62.73%,N/L,N/L,N/L,N/L,N/L,2025-07-28
NTCT,"Netscout Systems","Computer - Networks","Computers and Technology",1689422000,14.58,1.06,5.30%,7.47%,0,2.76,1232002000,625850000,135100000,71875000,-366920000.,0.65,3.82%,91.64%,N/L,N/L,N/L,N/L,N/L,2025-08-07
NTES,"Netease Inc ADR","Internet Software Services","Computers and Technology",83564448000,17.84,3.89,17.29%,23.56%,0.07,18.99,77789608000,5069930000,4738680000,633592000,4069090000,0.67,54.70%,11.07%,N/L,N/L,N/L,N/L,N/L,2025-08-14
NTGR,"Netgear Inc","Computer - Networks","Computers and Technology",797167000,0,1.36,-2.09%,-3.24%,0,N/A,510727000,64890000,58380000,29009000,12360000,1.07,2.30%,82.97%,N/L,N/L,N/L,N/L,N/L,2025-07-30
NTLA,"Intellia Thera CS","Medical - Biomedical",Medical,1129291000,0,1.47,-45.04%,-57.48%,0,N/A,940111000,-501740000.,-512030000.,107347000,-519020000.,2.31,3.10%,88.77%,N/L,N/L,N/L,N/L,N/L,2025-08-07
NTNX,"Nutanix Inc","IT Services","Computers and Technology",18441016000,138.65,N/A,6.00%,-21.32%,0,108.849998,17785746000,243940000,129140000,268077000,-124780000.,0.71,6.80%,85.25%,N/L,N/L,N/L,N/L,N/L,2025-08-27
NTR,"Nutrien Ltd",Fertilizers,"Basic Materials",28141660000,17.51,1.12,3.06%,6.51%,0.49,7.02,38740660000,4940000000,2601000000,486039000,674000000,0.81,3.09%,63.10%,N/L,N/L,N/L,N/L,N/L,2025-08-06
NTRA,"Natera Inc","Medical Services",Medical,22728270000,0,17.75,-15.03%,-22.21%,0.06,N/A,21863040000,-262290000.,-293630000.,137248000,-190430000.,1.76,5.63%,99.90%,N/L,N/L,N/L,N/L,N/L,2025-08-07
NTRS,"Northern Trust Corp","Banks - Major Regional",Finance,24871762000,15.43,2.03,1.04%,14.06%,0.54,11.1,-13240639000.,6762600000,6080900000,191233000,2031100000,1.28,0.77%,83.19%,N/L,N/L,N/L,N/L,N/L,2025-07-23
NTST,"Netstreit Corp","REIT - Equity Trust Other",Finance,1545828000,14.64,1.19,-0.25%,-0.43%,0.7,24.26,2393118000,186350000,110920000,83468000,-11940000.,0.89,0.58%,N/A,N/L,N/L,N/L,N/L,N/L,2025-07-23
NTWK,"Netsol Tech Inc","Computer - Software","Computers and Technology",47543000,199.5,1.2,0.43%,0.68%,0,18.91,28413000,2820000,1100000,11710000,680000,1.01,14.95%,16.02%,N/L,N/L,N/L,N/L,N/L,2025-09-29
NU,"Nu Holdings Ltd Cl A","Banks - Foreign",Finance,67172104000,27.34,6.88,4.65%,29.91%,0.2,28.83,59716724000,3364960000,1588080000,4818659000,1972110000,1.05,1.20%,84.02%,N/L,N/L,N/L,N/L,N/L,2025-08-14
NUE,"Nucor Corp","Steel - Producers","Basic Materials",33955112000,23.56,1.53,4.15%,6.65%,0.32,9.65,37347112000,3376390000,2020390000,229535000,2027000000,1.74,0.46%,76.48%,N/L,N/L,N/L,N/L,N/L,2025-07-28
NUS,"Nu Skin Enterprises","Cosmetics & Toiletries","Consumer Staples",600411000,9.4,0.72,4.05%,8.23%,0.32,5.07,807141000,55840000,-13970000.,49498000,-146590000.,0.91,2.00%,82.84%,N/L,N/L,N/L,N/L,N/L,2025-08-07
NUVB,"Nuvation Bio Inc","Medical - Biomedical",Medical,992592000,0,2.51,-36.04%,-46.14%,0.14,N/A,963152000,-223950000.,-224630000.,342273000,-567940000.,1.35,29.93%,61.67%,N/L,N/L,N/L,N/L,N/L,2025-08-07
NUVL,"Nuvalent Inc Cl A","Medical - Biomedical",Medical,5485749000,0,5.64,-30.14%,-32.58%,0,N/A,5340059000,-376680000.,-362010000.,72105000,-260760000.,1.3,10.20%,97.26%,N/L,N/L,N/L,N/L,N/L,2025-08-14
NVAX,"Novavax Inc","Medical - Biomedical",Medical,1273389000,3.35,32.849998,28.65%,-142.33%,0,N/A,732529000,399980000,351480000,162422000,-187500000.,2.5,1.00%,53.04%,N/L,N/L,N/L,N/L,N/L,2025-08-06
NVCR,"Novocure Ltd Ord Sh","Medical - Biomedical",Medical,1389662000,0,3.81,-13.79%,-47.74%,0.28,N/A,1320872000,-187190000.,-172780000.,111799000,-168630000.,0.61,5.52%,84.61%,N/L,N/L,N/L,N/L,N/L,2025-07-24
NVCT,"Nuvectis Pharma Inc","Medical - Biomedical",Medical,174890000,0,7.85,-94.84%,-150.81%,0,N/A,156360000,-22980000.,-22980000.,25457000,-19000000.,-0.26,30.52%,96.77%,N/L,N/L,N/L,N/L,N/L,2025-08-05
NVDA,"Nvidia Corp","Semi General","Computers and Technology",4342956160000,57.37,50.919998,72.19%,105.09%,0.1,57.23,4341696000000,88046000000,86182000000,24400000000,72880000000,2.14,4.17%,65.27%,N/L,N/L,N/L,N/L,N/L,2025-08-27
NVGS,"Navigator Holdings","Transportation - Ship",Transportation,1138127000,13.85,0.9,3.67%,6.56%,0.82,5.06,1851857000,403840000,267030000,69398000,85570000,0.74,0.40%,18.95%,N/L,N/L,N/L,N/L,N/L,2025-08-12
NVMI,"Nova Ltd","Electronics - Semiconductors","Computers and Technology",7432318000,33.14,6.63,16.66%,24.36%,0.14,35.349998,7455098000,245050000,233570000,29400000,183760000,1.67,1.00%,82.99%,N/L,N/L,N/L,N/L,N/L,2025-08-07
NVNO,"Envveno Medical Corp","Medical Instruments",Medical,19247000,0,0.56,-53.49%,-57.35%,0,N/A,17497000,-24340000.,-24870000.,19247000,-21820000.,1.01,16.00%,34.71%,N/L,N/L,N/L,N/L,N/L,2025-07-30
NVO,"Novo Nordisk A/S ADR","Large Cap Pharma",Medical,254415696000,14.99,9.69,24.51%,78.64%,0.59,14.21,267049840000,23561620000,20791100000,4465000000,14643260000,0.63,0.07%,11.54%,N/L,N/L,N/L,N/L,N/L,2025-08-06
NVRI,"Enviri Corporation","Waste Removal Svcs","Business Services",896806000,0,2.02,-1.33%,-7.86%,3.61,4.84,2238366000,193800000,14000000,80648000,-127970000.,1.77,2.50%,93.43%,N/L,N/L,N/L,N/L,N/L,2025-08-05
NVS,"Novartis Ag ADR","Large Cap Pharma",Medical,268235360000,14.51,6.37,16.83%,41.08%,0.73,11.85,286374368000,22798000000,16684000000,2112422000,11941000000,0.62,0.01%,13.12%,N/L,N/L,N/L,N/L,N/L,2025-07-17
NVST,"Envista Holdings Corp","Medical Products",Medical,3609473000,23.79,1.08,2.68%,4.84%,0.46,12.32,3934673000,311700000,152300000,166182000,-1118600000.,1,0.66%,N/A,N/L,N/L,N/L,N/L,N/L,2025-07-31
NVT,"Nvent Electric Plc","Electronics - Misc Components","Computers and Technology",14498106000,29.74,4.03,6.73%,13.37%,0.5,25.629999,16521906000,635000000,486800000,160947000,331800000,1.35,1.80%,90.05%,N/L,N/L,N/L,N/L,N/L,2025-08-01
NVTS,"Navitas Semiconductor Corp","Electronics - Semiconductors","Computers and Technology",1370278000,0,3.4,-16.26%,-18.16%,0,N/A,1283538000,-72970000.,-94860000.,213107000,-84600000.,3.02,29.90%,46.14%,N/L,N/L,N/L,N/L,N/L,2025-08-04
NVX,"Novonix Ltd ADR","Electronics Products - Misc","Computers and Technology",228159000,0,1.45,0.00%,0.00%,0.47,N/A,250049000,-48840000.,0,159552000,-74820000.,2.61,23.70%,0.06%,N/L,N/L,N/L,N/L,N/L,2025-01-29
NWBI,"Northwest Bancshares","Finance - Savings & Loan",Finance,1848120000,10.19,0.94,1.05%,9.34%,0.27,9.9,2004440000,229990000,207970000,146212000,100280000,0.72,1.10%,66.32%,N/L,N/L,N/L,N/L,N/L,2025-07-29
NWE,"Northwestern Energy Group Inc","Utility - Electric Power",Utilities,3590263000,16.79,1.22,2.61%,7.30%,1.07,7.93,6556533000,816170000,583890000,61393000,224110000,0.35,0.94%,96.07%,N/L,N/L,N/L,N/L,N/L,2025-07-30
NWG,"Natwest Group Plc ADR","Banks - Foreign",Finance,62188676000,9.97,1.1,0.68%,11.99%,0.14,8.74,-48807136000.,16249780000,14424210000,4048742000,6136480000,1.07,N/A,1.27%,N/L,N/L,N/L,N/L,N/L,2025-07-25
NWL,"Newell Rubbermaid Inc","Consumer Prdts - Misc Staple","Consumer Staples",2418207000,9.98,0.85,2.05%,8.48%,1.89,2.37,6815207000,1103000000,427000000,419100000,-216000000.,0.96,0.71%,92.50%,N/L,N/L,N/L,N/L,N/L,2025-08-01
NWN,"Northwest Natural Gas Company","Utility - Gas Distribution",Utilities,1695842000,13.62,1.12,2.25%,8.60%,1.63,6.57,3537612000,558310000,400250000,40310000,78870000,0.55,0.93%,75.13%,N/L,N/L,N/L,N/L,N/L,2025-08-05
NWPX,"Nwpx Infrastructure Inc","Building & Construction - Misc",Construction,508664000,15.32,1.29,5.61%,8.93%,0.11,9.47,542794000,63820000,44750000,9654000,34210000,0.93,3.20%,80.63%,N/L,N/L,N/L,N/L,N/L,2025-08-07
NWS,"News Corp Cl B","Movie & TV Production & Dist","Consumer Discretionary",19870064000,38.3,2.08,3.19%,5.66%,0.21,20.110001,19429064000,1874000000,1415000000,564972000,1180000000,1.23,13.68%,14.63%,N/L,N/L,N/L,N/L,N/L,2025-08-05
NWSA,"News Corp Cl A","Movie & TV Production & Dist","Consumer Discretionary",17231644000,33.04,1.79,3.19%,5.66%,0.21,17.35,16790644000,1874000000,1415000000,564972000,1180000000,1.23,13.60%,66.97%,N/L,N/L,N/L,N/L,N/L,2025-08-05
NX,"Quanex Building Products Corp","Building & Construction - Misc",Construction,1033013000,9.78,0.96,4.64%,10.02%,0.77,7,1692963000,202760000,142430000,45973000,33060000,1.04,2.15%,97.48%,N/L,N/L,N/L,N/L,N/L,2025-09-04
NXDR,"Nextdoor Holdings Inc.","Internet - Software","Computers and Technology",797756000,0,1.7,-12.76%,-14.50%,0,N/A,752206000,-81270000.,-85170000.,387260000,-98060000.,1.19,33.39%,35.66%,N/L,N/L,N/L,N/L,N/L,2025-08-07
NXDT,"Nexpoint Diversified Real Estate Trust",N/A,N/A,N/A,N/A,N/A,N/A,N/A,0.42787,N/A,N/A,N/A,N/A,N/A,-46730000.,N/A,N/A,N/A,N/L,N/L,N/L,N/L,N/L,N/A
NXE,"Nexgen Energy Ltd","Mining - Misc","Basic Materials",4055641000,0,5.07,-13.23%,-18.88%,0.48,N/A,4040461000,-50130000.,-51770000.,571217000,-56600000.,1.45,5.60%,42.43%,N/L,N/L,N/L,N/L,N/L,2025-08-05
NXPI,"Nxp Semiconductors","Semi Analog & Mixed","Computers and Technology",59204164000,21.66,5.9,10.75%,27.99%,1.2,14.58,67114160000,4109000000,3184000000,252115000,2510000000,1.41,0.12%,90.54%,N/L,N/L,N/L,N/L,N/L,2025-07-21
NXRT,"Nexpoint Residential Trust Inc","REIT - Equity Trust Resident",Finance,850455000,10.05,2.35,-2.62%,-12.54%,4.22,6.5,2265965000,254790000,129820000,25364000,1110000,1.04,15.36%,76.61%,N/L,N/L,N/L,N/L,N/L,2025-07-29
NXST,"Nexstar Media Group Inc","Media Conglomerates","Consumer Discretionary",6277229000,10.64,2.79,5.52%,28.40%,2.85,4.06,12682229000,2866000000,2022000000,30316000,722000000,1.05,6.70%,95.30%,N/L,N/L,N/L,N/L,N/L,2025-08-07
NXT,"Nextracker Inc Cl A",Solar,Oils-Energy,10175484000,16.81,5.24,18.44%,37.02%,0,17.469999,9409384000,680490000,665260000,147964000,509170000,2.25,0.56%,67.41%,N/L,N/L,N/L,N/L,N/L,2025-07-29
NYMT,"New York Mtge Trust","REIT - Mortgage Trusts",Finance,644842000,18.65,0.74,0.69%,7.59%,6.18,62.259998,8220102000,156240000,96200000,90314000,-62030000.,1.28,1.70%,54.89%,N/L,N/L,N/L,N/L,N/L,2025-07-30
NYT,"New York Times Company","Publishing - Newspapers","Consumer Staples",9734948000,26.63,5.02,13.34%,19.55%,0,22.950001,9535498000,569490000,477470000,162819000,293830000,1.09,1.90%,95.37%,N/L,N/L,N/L,N/L,N/L,2025-08-06
O,"Realty Income Corp","REIT - Equity Trust Retail",Finance,53870912000,14.15,1.37,1.32%,2.34%,0.72,15.64,79652944000,5767490000,3293690000,914306000,860770000,0.76,0.10%,70.81%,N/L,N/L,N/L,N/L,N/L,2025-08-06
OABI,"Omniab Inc","Medical - Drugs",Medical,226997000,0,0.84,-20.18%,-22.79%,0,N/A,199397000,-32710000.,-54800000.,122701000,-62030000.,0.16,8.60%,72.08%,N/L,N/L,N/L,N/L,N/L,2025-08-06
OBDC,"Blue Owl Capital Corp","Finance - Misc Services",Finance,7287545000,8.13,0.94,4.82%,11.24%,1.2,7.8,14239555000,759650000,797190000,511048000,741060000,0.74,0.11%,42.83%,N/L,N/L,N/L,N/L,N/L,2025-08-06
OBE,"Obsidian Energy Ltd","Oil - C$ Exploration & Product",Oils-Energy,403954000,0,0.39,-10.22%,-14.77%,0.16,1.27,648734000,780760000,297340000,67102000,-147860000.,0.59,7.00%,13.51%,N/L,N/L,N/L,N/L,N/L,2025-08-13
OBIO,"Orchestra Biomed Hldgs Inc","Medical - Biomedical",Medical,98542000,0,N/A,-110.04%,-289.42%,47.93,N/A,90572000,-70930000.,-71270000.,38644000,-61020000.,0.62,8.10%,53.20%,N/L,N/L,N/L,N/L,N/L,2025-08-11
OBK,"Origin Bancorp Inc","Banks - Southeast",Finance,1207783000,16.56,0.96,0.72%,5.98%,0.18,11.58,909933000,128510000,105150000,31225000,76490000,0.81,6.39%,54.68%,N/L,N/L,N/L,N/L,N/L,2025-07-23
OC,"Owens Corning Inc","Building & Construction - Misc",Construction,13025895000,10.05,2.43,8.85%,24.49%,0.98,6.14,17818896000,1856000000,1179000000,83628000,647000000,1.32,0.82%,88.40%,N/L,N/L,N/L,N/L,N/L,2025-08-06
OCEA,"Ocean Biomediacal Inc","Medical - Biomedical",Medical,1411000,0,N/A,-555.12%,0.00%,-0.17,N/A,17491000,-3800000.,-3800000.,166011000,-9480000.,1.63,17.95%,24.55%,N/L,N/L,N/L,N/L,N/L,N/A
OCFC,"Oceanfirst Financial Corp","Finance - Savings & Loan",Finance,1047276000,12.03,0.6,0.66%,5.22%,0.7,9.44,2216846000,195630000,182640000,57385000,100070000,1.04,5.10%,70.98%,N/L,N/L,N/L,N/L,N/L,2025-10-16
OCFT,"Oneconnect Financial Technology Ltd America","Technology Services","Business Services",288600000,0,0.86,-5.39%,-8.37%,0.01,0.02,13090000,14828830000,-40680000.,39000000,-63940000.,0.4,N/A,4.05%,N/L,N/L,N/L,N/L,N/L,2025-08-21
OCGN,"Ocugen Inc","Medical - Biomedical",Medical,295228000,0,96.730003,-86.79%,-255.25%,9.19,N/A,265398000,-53420000.,-55390000.,292305000,-54050000.,3.84,4.42%,10.27%,N/L,N/L,N/L,N/L,N/L,2025-08-01
OCSL,"Oaktree Specialty Lending Corp","Finance - Misc Services",Finance,1211182000,7.14,0.81,5.23%,10.95%,0.63,6.09,2061332000,278550000,273510000,88086000,57910000,0.69,0.28%,36.79%,N/L,N/L,N/L,N/L,N/L,2025-08-05
OCUL,"Ocular Therapeut","Medical - Drugs",Medical,2140139000,0,6.32,-49.36%,-71.92%,0.23,N/A,1816549000,-224350000.,-228140000.,173995000,-193510000.,1.49,2.30%,59.21%,N/L,N/L,N/L,N/L,N/L,2025-08-05
ODD,"Oddity Tech Ltd Cl A","Internet - Software","Computers and Technology",3378152000,34.57,9.56,16.52%,32.17%,1.66,31.639999,3327812000,133150000,123320000,55828000,101490000,3.27,N/A,35.88%,N/L,N/L,N/L,N/L,N/L,2025-08-04
ODFL,"Old Dominion Freight Line Inc","Transportation - Truck",Transportation,33442980000,29.25,7.48,19.95%,25.94%,0.04,20.889999,33394290000,2131690000,1787110000,210168000,1186070000,1.24,10.00%,77.82%,N/L,N/L,N/L,N/L,N/L,2025-07-30
ODP,"Office Depot","Retail - Misc & Diversified",Retail-Wholesale,641692000,6.83,0.76,2.58%,11.22%,0.3,2.84,745692000,221000000,122000000,30084000,-3000000.,1.38,3.60%,99.56%,N/L,N/L,N/L,N/L,N/L,2025-08-06
ODV,"Osisko Dev Corp","Mining - Gold","Basic Materials",360297000,0,0.95,-13.40%,-20.03%,0.09,N/A,315897000,-45460000.,-58220000.,138045000,-63010000.,0.61,0.90%,15.16%,N/L,N/L,N/L,N/L,N/L,2025-08-11
OEC,"Orion S.A.","Chemical - Specialty","Basic Materials",605859000,7.49,1.23,4.00%,16.67%,2.19,2.56,1467459000,198400000,71600000,56150000,44200000,1.1,2.70%,94.33%,N/L,N/L,N/L,N/L,N/L,2025-08-06
OESX,"Orion Energy Systems Inc","Building Products - Ltg FX",Construction,20683000,0,1.83,-15.85%,-62.99%,0.78,N/A,25033000,-5550000.,-8170000.,3331000,-11800000.,1.16,4.20%,52.59%,N/L,N/L,N/L,N/L,N/L,2025-08-06
OFG,"OFG Bancorp","Banks - Northeast",Finance,1994897000,10.08,1.44,1.66%,14.97%,0.34,8.88,1736377000,277530000,254800000,44519000,198170000,0.77,3.11%,92.73%,N/L,N/L,N/L,N/L,N/L,2025-10-15
OFIX,"Orthofix Intl NV","Medical Instruments",Medical,574638000,0,1.25,-14.46%,-25.43%,0.34,N/A,645918000,-7100000.,-95250000.,39494000,-126000000.,0.82,1.30%,89.76%,N/L,N/L,N/L,N/L,N/L,2025-08-05
OFS,"Ofs Capital Corp","Finance - SBIC & Commercial",Finance,111488000,7.75,0.65,3.49%,9.16%,0.43,14.01,175568000,6790000,15500000,13400000,28440000,1.35,0.50%,10.81%,N/L,N/L,N/L,N/L,N/L,2025-07-31
OGE,"Oge Energy Corp","Utility - Electric Power",Utilities,9173542000,18.43,1.95,3.55%,10.60%,1.27,9.21,14695542000,1907600000,1368100000,201395000,441500000,0.57,0.55%,71.84%,N/L,N/L,N/L,N/L,N/L,2025-07-30
OGI,"Organigram Global Inc","Medical Products",Medical,214482000,0,0.75,-5.79%,-8.19%,0,N/A,139882000,-4220000.,-13100000.,134051000,-33390000.,1.45,0.09%,34.63%,N/L,N/L,N/L,N/L,N/L,2025-08-13
OGN,"Organon & Co.","Medical Services",Medical,2451480000,2.63,3.29,6.99%,163.88%,12.14,1.88,10656480000,1461000000,1184000000,259966000,864000000,0.6,1.96%,77.43%,N/L,N/L,N/L,N/L,N/L,2025-08-05
OGS,"One Gas Inc","Utility - Gas Distribution",Utilities,4619246000,17.95,1.42,2.99%,8.07%,0.68,8.2,6672436000,1041410000,744710000,59998000,222850000,0.82,1.20%,88.71%,N/L,N/L,N/L,N/L,N/L,2025-08-05
OHI,"Omega Healthcare Investors","REIT - Equity Trust Other",Finance,12466700000,14.12,2.41,4.74%,9.78%,0.96,15.85,16756820000,1288910000,973800000,295000000,406330000,0.66,1.50%,65.25%,N/L,N/L,N/L,N/L,N/L,2025-07-31
OI,"O-I Glass Inc","Glass Products","Industrial Products",2066119000,15.5,1.47,1.97%,13.70%,3.58,3.23,6191119000,1009000000,513000000,154073000,-106000000.,0.92,0.93%,97.24%,N/L,N/L,N/L,N/L,N/L,2025-07-29
OII,"Oceaneering International","Oil - Field Services",Oils-Energy,2403990000,13.92,2.71,7.25%,22.09%,0.57,10.52,2388480000,405310000,301870000,100208000,147470000,1.55,2.10%,93.93%,N/L,N/L,N/L,N/L,N/L,2025-07-23
OIS,"Oil States International","Oil Field Machinery & Equip",Oils-Energy,330232000,18.43,0.45,1.76%,2.56%,0.16,4.86,390152000,124300000,68090000,60593000,-11260000.,1.87,5.40%,97.44%,N/L,N/L,N/L,N/L,N/L,2025-07-31
OKE,"Oneok Inc","Oil Gas Prod Pipeline MLP",Oils-Energy,47130936000,14.43,2.13,5.07%,14.90%,1.43,10.37,78474936000,7847000000,6713000000,629756000,3035000000,0.99,0.21%,69.13%,N/L,N/L,N/L,N/L,N/L,2025-08-04
OKLO,"Oklo Inc","Other Alt Energy",Oils-Energy,10388721000,0,13.46,-13.61%,-14.80%,0,N/A,10291591000,-81170000.,-80920000.,147609000,-73620000.,0.6,18.90%,85.03%,N/L,N/L,N/L,N/L,N/L,2025-08-11
OKTA,"Okta Inc Cl A",Security,"Computers and Technology",16115469000,94.51,2.39,1.92%,2.79%,0.08,51.080002,16215469000,241000000,23000000,175073000,28000000,0.8,5.68%,86.64%,N/L,N/L,N/L,N/L,N/L,2025-08-26
OLED,"Universal Display","Electronics - Misc Components","Computers and Technology",6886251000,26.08,3.89,13.99%,15.82%,0,24.23,6787271000,312640000,275900000,47534000,222080000,1.47,2.00%,78.19%,N/L,N/L,N/L,N/L,N/L,2025-07-31
OLLI,"Ollies Bargain CS","Consumer Prdts - Misc Staple","Consumer Staples",8108666000,40.65,4.76,8.05%,12.27%,0,33.349998,7905146000,328060000,284050000,61341000,199760000,0.4,0.75%,N/A,N/L,N/L,N/L,N/L,N/L,2025-08-28
OLMA,"Olema Pharmaceuticals Inc","Medical - Biomedical",Medical,395332000,0,1.1,-38.65%,-42.59%,0.01,N/A,255852000,-156730000.,-157120000.,68634000,-129470000.,1.92,16.36%,91.78%,N/L,N/L,N/L,N/L,N/L,2025-08-12
OLN,"Olin Corp","Chemical - Diversified","Basic Materials",2656255000,0,1.21,-0.04%,-0.13%,1.51,3.91,5322855000,659900000,141800000,114642000,108600000,1.55,1.60%,88.67%,N/L,N/L,N/L,N/L,N/L,2025-07-28
OLO,"Olo Inc Cl A","Internet - Software","Computers and Technology",1732972000,146.14,2.44,1.93%,2.13%,0,87.379997,1446212000,-3640000.,-18080000.,169401000,-900000.,1.58,38.41%,93.40%,N/L,N/L,N/L,N/L,N/L,2025-08-04
OLP,"One Liberty Properties","REIT - Equity Trust Other",Finance,506736000,11.82,1.62,3.60%,9.26%,1.5,8.21,884976000,105170000,76160000,21600000,30420000,1.13,25.80%,36.24%,N/L,N/L,N/L,N/L,N/L,2025-08-05
OLPX,"Olaplex Holdings Inc","Consumer Prdts - Misc Discr","Consumer Discretionary",933913000,33.5,1.02,1.71%,3.32%,0.4,6.78,998403000,137100000,81790000,667081000,19520000,2.33,4.30%,87.37%,N/L,N/L,N/L,N/L,N/L,2025-08-07
OM,"Outset Medical Inc","Medical Information Systems",Medical,252277000,0,1.61,-32.84%,-97.17%,0.61,N/A,325647000,-77960000.,-78970000.,17766000,-127980000.,2.14,2.40%,N/A,N/L,N/L,N/L,N/L,N/L,2025-08-06
OMAB,"Grupo Aeroportuario ADR","Transportation - Services",Transportation,4561460000,19.94,11.16,19.28%,52.90%,1.33,14.93,4995660000,465490000,429070000,42543000,237120000,0.94,N/A,9.53%,N/L,N/L,N/L,N/L,N/L,2025-07-31
OMC,"Omnicom Group Inc","Advertising Marketing Services","Business Services",15435849000,9.46,2.98,5.61%,33.62%,1.25,8.26,17582048000,2600500000,2358800000,193723000,1480600000,0.94,1.00%,91.97%,N/L,N/L,N/L,N/L,N/L,2025-07-15
OMCL,"Omnicell Inc","Medical Information Systems",Medical,1544301000,28.22,1.16,2.44%,4.27%,0.14,10.42,1349421000,109000000,15460000,45934000,12530000,0.78,2.52%,97.70%,N/L,N/L,N/L,N/L,N/L,2025-07-31
OMDA,"Omada Health Inc","Medical Services",Medical,1227211000,0,N/A,0.00%,0.00%,0,N/A,1227211000,0,0,57575000,-47137000.,N/A,N/A,N/A,N/L,N/L,N/L,N/L,N/L,2025-08-07
OMER,"Omeros Corp","Medical Products",Medical,299446000,0,N/A,-55.49%,0.00%,-0.73,N/A,483626000,-135740000.,-138390000.,68056000,-156820000.,2.26,12.90%,48.79%,N/L,N/L,N/L,N/L,N/L,2025-08-14
OMEX,"Odyssey Marine Expl","Transportation - Ship",Transportation,44497000,0,N/A,-6.05%,-14.85%,-0.17,1.95,52787000,-5370000.,-9520000.,31336000,15660000,-0.74,8.00%,49.96%,N/L,N/L,N/L,N/L,N/L,2025-08-22
OMF,"Onemain Holdings Inc","Finance - Consumer Loans",Finance,7152408000,10.26,2.07,2.57%,20.65%,6.69,7.92,28132408000,2377000000,2100000000,118870000,509000000,1.29,0.40%,85.82%,N/L,N/L,N/L,N/L,N/L,2025-07-25
OMI,"Owens & Minor","Medical Products",Medical,390082000,3.48,N/A,2.45%,26.60%,-7.04,0.57,2194302000,601640000,29750000,77244000,-362690000.,1.04,3.69%,98.04%,N/L,N/L,N/L,N/L,N/L,2025-08-11
ON,"On Semiconductor","Semi Analog & Mixed","Computers and Technology",21205300000,16.16,2.51,9.42%,15.33%,0.42,8.81,21859900000,1176600000,522600000,408974000,1572800000,1.45,0.31%,97.70%,N/L,N/L,N/L,N/L,N/L,2025-08-04
ONB,"Old National Bncp","Banks - Midwest",Finance,8902946000,11.12,1.07,1.13%,9.92%,0.83,10.69,13881176000,1045950000,1000060000,391855000,539190000,0.86,0.87%,83.66%,N/L,N/L,N/L,N/L,N/L,2025-07-22
ONC,"Beone Medicines Ltd","Medical - Drugs",Medical,34378232000,0,9.13,-0.72%,-1.22%,0.04,N/A,31917302000,71060000,-100700000.,109600000,-644790000.,0.27,6.62%,48.55%,N/L,N/L,N/L,N/L,N/L,2025-08-06
ONDS,"Ondas Holdings Inc","Communication Network Software","Computers and Technology",984109000,0,7.51,-43.38%,-130.48%,0,N/A,973769000,-28550000.,-36740000.,219178000,-38010000.,2.29,8.00%,37.73%,N/L,N/L,N/L,N/L,N/L,2025-08-12
ONEW,"Onewater Marine Inc Cl A","Leisure & Recreational Prdcts","Consumer Discretionary",282874000,836,0.7,0.11%,0.45%,1.07,7.33,678334000,93000000,70810000,16370000,-5710000.,1.99,20.30%,94.32%,N/L,N/L,N/L,N/L,N/L,2025-07-31
ONIT,"Onity Group Inc","Finance - Mortgage & Rel Svs",Finance,334129000,3.8,0.66,0.56%,18.99%,23.99,2.34,12324830000,454600000,411400000,8055000,33900000,1.41,8.80%,70.16%,N/L,N/L,N/L,N/L,N/L,2025-08-05
ONL,"Orion Properties Inc","REIT - Equity Trust Other",Finance,157119000,3.5,0.21,-5.82%,-10.15%,0.66,102.230003,647339000,127470000,22960000,56315000,-103010000.,1.42,0.16%,79.95%,N/L,N/L,N/L,N/L,N/L,2025-08-06
ONON,"On Holding Ag Cl A","Retail - Apparel & Shoes",Retail-Wholesale,29316644000,99.07,16.58,5.10%,8.75%,0,77,28266734000,460900000,342080000,629653000,275230000,2.24,68.57%,36.39%,N/L,N/L,N/L,N/L,N/L,2025-08-12
ONTF,"On24 Inc","Internet - Software","Computers and Technology",235221000,0,1.49,-13.44%,-21.03%,0,N/A,220291000,-25080000.,-44770000.,42306000,-42160000.,0.65,33.00%,83.93%,N/L,N/L,N/L,N/L,N/L,2025-08-07
ONTO,"Onto Innovation Inc",Nanotechnology,N/A,5316935000,18.8,2.63,13.13%,14.38%,0,15.91,5103985000,293330000,231020000,49004000,201670000,1.44,0.63%,98.35%,N/L,N/L,N/L,N/L,N/L,2025-08-07
OOMA,"Ooma Inc","Communications Components","Computers and Technology",332304000,145.5,3.66,1.54%,2.72%,0,24.290001,314434000,8870000,-4270000.,27600000,-6900000.,1.21,9.90%,80.42%,N/L,N/L,N/L,N/L,N/L,2025-08-26
OPAD,"Offerpad Solutions Inc","Real Estate Operations",Finance,47099000,0,1.67,-19.03%,-132.77%,8.8,N/A,210709000,-39520000.,-41920000.,30584000,-62160000.,2.16,40.60%,39.44%,N/L,N/L,N/L,N/L,N/L,2025-08-04
OPAL,"Opal Fuels Inc.","Other Alt Energy",Oils-Energy,397075000,38,N/A,-0.28%,-1.84%,-14.41,10.7,1282275000,49530000,30310000,173395000,11030000,1.08,84.57%,12.16%,N/L,N/L,N/L,N/L,N/L,2025-08-07
OPBK,"Open Bank","Banks - Southwest",Finance,212870000,9.17,0.94,0.91%,10.72%,0.23,7.82,172930000,38140000,33490000,14886000,21070000,0.7,20.35%,53.63%,N/L,N/L,N/L,N/L,N/L,2025-07-24
OPCH,"Option Care Health Inc","Medical - Outpatient & Hm Care",Medical,4664358000,19.33,3.32,7.17%,17.53%,0.82,16.92,5362938000,465410000,397280000,162295000,211820000,0.79,0.64%,98.05%,N/L,N/L,N/L,N/L,N/L,2025-07-30
OPEN,"Opendoor Technologies Inc","Internet - Software","Computers and Technology",3687130000,0,4.2,-9.24%,-42.15%,2.76,N/A,4848130000,-160000000.,-213000000.,735954000,-392000000.,3.02,1.96%,62.36%,N/L,N/L,N/L,N/L,N/L,2025-08-05
OPFI,"Oppfi Inc","Financial Transaction Services","Business Services",853853000,6.94,3.86,19.01%,53.83%,1.41,8.79,1084323000,166760000,154730000,87306000,7260000,1.71,72.00%,7.10%,N/L,N/L,N/L,N/L,N/L,2025-08-06
OPI,"Office Properties Income Trust","REIT - Equity Trust Resident",Finance,16541000,0.22,0.02,-8.02%,-25.56%,2.22,0.17,2276001000,399040000,189240000,73976000,-136110000.,1.57,1.77%,64.41%,N/L,N/L,N/L,N/L,N/L,2025-07-30
OPK,"Opko Health Inc","Medical Instruments",Medical,1119234000,0,0.84,-8.28%,-13.17%,0.19,20.059999,947894000,34160000,-65990000.,793783000,-53220000.,1.19,49.69%,64.63%,N/L,N/L,N/L,N/L,N/L,2025-07-31
OPRA,"Opera Ltd ADR","Internet - Content","Computers and Technology",1435596000,17.63,1.5,7.91%,8.85%,0,14.73,1308796000,126290000,110710000,89501000,80770000,0.96,84.36%,10.21%,N/L,N/L,N/L,N/L,N/L,2025-08-19
OPRT,"Oportun Financial Corp","Finance - Misc Services",Finance,264054000,5.71,0.68,1.45%,13.15%,6.79,2.99,2649914000,285270000,234110000,44009000,-78680000.,1.23,9.30%,82.70%,N/L,N/L,N/L,N/L,N/L,2025-08-06
OPRX,"Optimizerx Corp","Computer - Software","Computers and Technology",320246000,57.64,2.51,3.12%,4.50%,0.24,N/A,339686000,13150000,7990000,18565000,-18660000.,1.33,5.60%,76.47%,N/L,N/L,N/L,N/L,N/L,2025-08-07
OPTT,"Ocean Power Tech Inc","Other Alt Energy",Oils-Energy,90883000,0,3.09,-68.16%,-82.70%,0,N/A,84163000,-19930000.,-21690000.,180646000,-21510000.,2.62,1.00%,11.93%,N/L,N/L,N/L,N/L,N/L,2025-09-15
OPY,"Oppenheimer Holdings","Finance - Investment Brokers",Finance,758458000,9.1,0.82,2.50%,10.13%,0,5.7,725308000,388440000,332860000,10521000,71560000,1.24,34.25%,32.26%,N/L,N/L,N/L,N/L,N/L,2025-08-01
OR,"OR Royalties Inc","Mining - Misc","Basic Materials",5809025000,54.73,4.47,7.54%,8.56%,0.03,43.73,5843825000,179860000,146290000,188177000,16270000,0.71,0.60%,68.52%,N/L,N/L,N/L,N/L,N/L,2025-08-05
ORA,"Ormat Technologies","Other Alt Energy",Oils-Energy,5759576000,40.26,2.14,2.43%,5.47%,0.91,14.12,7765456000,433860000,171000000,60723000,123730000,0.68,0.56%,95.49%,N/L,N/L,N/L,N/L,N/L,2025-08-06
ORC,"Orchid Island Capital Inc","REIT - Mortgage Trusts",Finance,903578000,22.03,0.98,0.51%,4.34%,0,N/A,568528000,268090000,268090000,126729000,37660000,1.47,0.38%,32.74%,N/L,N/L,N/L,N/L,N/L,2025-07-24
ORCL,"Oracle Corp","Computer - Software","Computers and Technology",663923840000,47.98,31.23,8.94%,87.34%,4.07,34.869999,738434816000,26159000000,19985000000,2808833000,12443000000,1.43,42.20%,42.44%,N/L,N/L,N/L,N/L,N/L,2025-09-08
ORGN,"Origin Materials Inc",Biofuels,Oils-Energy,86983000,0,0.27,-24.26%,-27.05%,0.01,N/A,32403000,-74580000.,-85110000.,149945000,-83700000.,0.88,17.49%,29.91%,N/L,N/L,N/L,N/L,N/L,2025-08-14
ORGO,"Organogenesis Holdings Inc","Medical - Drugs",Medical,620336000,0,2.43,-0.20%,-0.37%,0,21.42,484186000,2500000,-22870000.,126858000,860000,1.76,33.00%,49.57%,N/L,N/L,N/L,N/L,N/L,2025-08-07
ORI,"Old Republic International Corp","Insurance - Multi Line",Finance,9921408000,10.21,1.58,4.45%,20.95%,0.26,12.53,11308208000,1220300000,1220300000,248470000,852800000,0.74,1.10%,70.92%,N/L,N/L,N/L,N/L,N/L,2025-07-24
ORIC,"Oric Pharmaceuticals Inc","Medical - Biomedical",Medical,945978000,0,2.55,-47.09%,-51.75%,0,N/A,886568000,-156670000.,-149670000.,97123000,-127850000.,1.69,6.82%,95.05%,N/L,N/L,N/L,N/L,N/L,2025-08-11
ORKA,"Oruka Therapeutics Inc","Medical - Drugs",Medical,578056000,0,1.63,-24.16%,-26.26%,0,N/A,519406000,-138260000.,-136040000.,37451000,-83720000.,-0.35,24.69%,56.44%,N/L,N/L,N/L,N/L,N/L,2025-08-07
ORLA,"Orla Mining","Mining - Gold","Basic Materials",3396123000,23.04,6.78,11.77%,29.83%,0.78,27.290001,3235273000,366970000,325880000,325611000,88980000,0.34,3.70%,43.04%,N/L,N/L,N/L,N/L,N/L,2025-08-12
ORLY,"O'Reilly Automotive","Retail - Wholesale Auto Parts",Retail-Wholesale,86809728000,36.38,N/A,16.18%,-181.53%,-4.73,30.91,92200408000,3759830000,3291320000,848497000,2386680000,0.56,1.01%,85.00%,N/L,N/L,N/L,N/L,N/L,2025-07-23
ORMP,"Oramed Pharma","Medical Products",Medical,87749000,0,0.55,-18.29%,-19.37%,0,N/A,33329000,-14140000.,-14330000.,41004000,-19060000.,1.6,17.80%,12.73%,N/L,N/L,N/L,N/L,N/L,2025-08-13
ORN,"Orion Group Holdings Inc","Building - Heavy Construction",Construction,276953000,17.81,1.71,3.25%,9.23%,0.22,6.42,271813000,56410000,21670000,39735000,-1640000.,1.03,5.90%,70.25%,N/L,N/L,N/L,N/L,N/L,2025-07-29
OS,"Onestream Inc Cl A","Internet - Software","Computers and Technology",4956467000,0,8.81,-16.50%,-27.54%,0,123.43,4412297000,-350590000.,-374690000.,242845000,-216200000.,N/A,12.77%,N/A,N/L,N/L,N/L,N/L,N/L,2025-08-07
OSBC,"Old Second Bancorp","Banks - Midwest",Finance,968234000,9.36,1.1,1.51%,12.53%,0.12,8.13,954144000,135490000,124340000,52650000,85260000,0.8,3.80%,67.76%,N/L,N/L,N/L,N/L,N/L,2025-10-15
OSCR,"Oscar Health Inc Cl A","Insurance - Multi Line",Finance,4343775000,0,3.43,-2.99%,-13.78%,0.26,122.75,3116145000,-92980000.,-99030000.,258558000,25430000,1.86,24.39%,75.70%,N/L,N/L,N/L,N/L,N/L,2025-08-06
OSIS,"O S I Systems Inc","Electronics - Misc Components","Computers and Technology",3839642000,23.3,3.85,7.51%,18.69%,0.54,20.26,3881842000,249540000,207330000,16789000,128150000,1.31,5.20%,89.21%,N/L,N/L,N/L,N/L,N/L,2025-08-21
OSK,"Oshkosh Truck Corp","Machinery - General Industrial","Industrial Products",9096320000,12.66,1.97,7.24%,16.70%,0.25,8.71,9490920000,1263800000,1012100000,64000000,681400000,1.43,0.55%,92.36%,N/L,N/L,N/L,N/L,N/L,2025-08-01
OSPN,"Onespan Inc","Internet - Software","Computers and Technology",558012000,12.95,2.21,13.19%,19.75%,0.02,10.1,474682000,61520000,53160000,38325000,57080000,1.12,1.30%,95.52%,N/L,N/L,N/L,N/L,N/L,2025-08-05
OSS,"One Stop Systems Inc","Electronics Products - Misc","Computers and Technology",125849000,0,4.66,-35.62%,-50.85%,0,N/A,119059000,-12180000.,-13600000.,21925000,-13630000.,1.27,10.80%,32.67%,N/L,N/L,N/L,N/L,N/L,2025-08-07
OSUR,"Orasure Tech Inc","Medical Products",Medical,219411000,0,0.56,-9.44%,-10.81%,0,73.669998,-48349000.,-43330000.,-54200000.,73137000,-19500000.,0.27,3.90%,93.50%,N/L,N/L,N/L,N/L,N/L,2025-08-05
OSW,"Onespaworld Holdings Ltd","Leisure & Recreation Services","Consumer Discretionary",2358437000,26.45,4.11,11.85%,15.93%,0.18,21.719999,2398357000,123200000,98140000,102697000,72860000,1.38,3.90%,95.98%,N/L,N/L,N/L,N/L,N/L,2025-07-30
OTEX,"Open Text Corp","Computer - Software","Computers and Technology",8298364000,9.07,2.07,6.72%,22.52%,1.62,5.12,13519784000,2008380000,1345160000,254317000,435870000,1.12,10.58%,70.37%,N/L,N/L,N/L,N/L,N/L,2025-08-07
OTIS,"Otis Worldwide Corp","Machinery - General Industrial","Industrial Products",34765436000,22.69,N/A,14.27%,-30.95%,-1.47,20.08,40846436000,2033000000,1852000000,392475000,1645000000,0.95,0.23%,88.03%,N/L,N/L,N/L,N/L,N/L,2025-07-23
OTLK,"Outlook Therapeutics Inc","Medical - Biomedical",Medical,119046000,0,N/A,-332.30%,0.00%,-0.38,N/A,133556000,-72520000.,-72630000.,44420000,-75370000.,0.26,4.80%,11.20%,N/L,N/L,N/L,N/L,N/L,2025-08-13
OTLY,"Oatly Group Ab ADR","Food - Dairy Products","Consumer Staples",532419000,0,5.35,-17.19%,-102.71%,1.25,N/A,549719000,-109400000.,-159370000.,29928000,-201950000.,1.95,1.70%,68.15%,N/L,N/L,N/L,N/L,N/L,2025-07-23
OTTR,"Otter Tail Corp","Utility - Electric Power",Utilities,3602658000,12.22,1.96,7.80%,16.85%,0.59,8.5,4321358000,576350000,469230000,41906000,301660000,0.56,1.90%,61.32%,N/L,N/L,N/L,N/L,N/L,2025-08-04
OUST,"Ouster Inc","Electronics - Misc Components","Computers and Technology",1647928000,0,7.23,-32.79%,-49.60%,0,N/A,1601668000,-94110000.,-103760000.,53766000,-97050000.,2.74,6.63%,31.45%,N/L,N/L,N/L,N/L,N/L,2025-08-07
OUT,"Outfront Media Inc","REIT - Equity Trust Other",Finance,3207376000,10.3,5.83,2.08%,18.07%,3.87,7.36,5786376000,571500000,413900000,167225000,258200000,1.89,0.47%,N/A,N/L,N/L,N/L,N/L,N/L,2025-08-05
OVID,"Ovid Therapeutics Inc","Medical - Biomedical",Medical,73243000,0,1.22,-43.18%,-58.87%,0,N/A,46943000,-40970000.,-41580000.,71110000,-26430000.,0.2,13.10%,72.24%,N/L,N/L,N/L,N/L,N/L,2025-08-12
OVV,"Ovintiv Inc","Oil - C$ Exploration & Product",Oils-Energy,10520524000,6.96,0.97,7.52%,14.24%,0.51,2.65,15931524000,6666000000,4376000000,257037000,1125000000,1.1,1.70%,83.81%,N/L,N/L,N/L,N/L,N/L,2025-07-24
OWL,"Blue Owl Capital Inc","Finance - Investment Mgmt",Finance,29130676000,23.49,4.52,10.38%,19.64%,0.51,20.040001,31567086000,1038450000,779440000,1549504000,109580000,1.16,27.20%,35.85%,N/L,N/L,N/L,N/L,N/L,2025-07-31
OXM,"Oxford Industries","Textile - Apparel","Consumer Staples",701945000,7.62,1.12,7.29%,14.97%,0.2,4.02,723585000,171050000,102790000,14935000,92970000,1.38,6.00%,91.16%,N/L,N/L,N/L,N/L,N/L,2025-09-10
OXSQ,"Oxford Square Capital Corp","Finance - SBIC & Commercial",Finance,173238000,6.17,1.07,8.11%,15.19%,0,5.94,138308000,30840000,31910000,78035000,5880000,0.66,8.60%,6.44%,N/L,N/L,N/L,N/L,N/L,2025-08-07
OXY,"Occidental Petroleum Corp","Oil - US Integrated",Oils-Energy,45116884000,14.56,1.57,4.35%,13.78%,0.66,3.72,77387888000,18515000000,11144000000,984440000,3056000000,0.91,0.31%,88.70%,N/L,N/L,N/L,N/L,N/L,2025-08-06
OZK,"Bank Ozk","Banks - Northeast",Finance,5938824000,8.1,1.02,1.84%,13.24%,0.21,6.9,4379744000,1069610000,965350000,113727000,716460000,0.86,6.70%,86.18%,N/L,N/L,N/L,N/L,N/L,2025-10-16
PAA,"Plains All American Pipeline LP","Oil Gas Prod Pipeline MLP",Oils-Energy,12392218000,11.42,1.13,4.68%,11.55%,0.67,5.28,21966218000,3244000000,2218000000,703304000,772000000,0.73,0.94%,41.78%,N/L,N/L,N/L,N/L,N/L,2025-08-08
PAAS,"Pan Amer Silver Corp","Mining - Silver","Basic Materials",11809086000,21.08,2.33,7.61%,11.49%,0.14,13.55,11655086000,1996100000,1424400000,361798000,111500000,0.6,12.88%,55.43%,N/L,N/L,N/L,N/L,N/L,2025-08-06
PACB,"Pacific Biosciences","Medical Instruments",Medical,414512000,0,6.15,-16.89%,-66.75%,0,N/A,358452000,11370000,-213440000.,300371000,-309850000.,2.17,2.50%,N/A,N/L,N/L,N/L,N/L,N/L,2025-08-07
PACK,"Ranpak Holdings Corp","Containers - Paper Products","Industrial Products",378785000,0,0.67,-3.07%,-6.29%,0.75,7.45,709085000,82600000,15700000,84362000,-21500000.,2.7,8.70%,85.94%,N/L,N/L,N/L,N/L,N/L,2025-08-05
PACS,"Pacs Group Inc","Medical Services",Medical,1836420000,0,3.09,0.00%,0.00%,0.85,N/A,2495530000,249870000,218170000,152400000,112870000,0.88,N/A,N/A,N/L,N/L,N/L,N/L,N/L,2025-08-25
PAG,"Penske Automotive Group","Retail - Wsale Auto & Trucks",Retail-Wholesale,12370700000,12.86,2.12,5.50%,17.43%,0.32,11.22,14150300000,1636500000,1478500000,66044000,918900000,0.87,51.70%,77.08%,N/L,N/L,N/L,N/L,N/L,2025-07-30
PAGP,"Plains Gp Holdings LP","Oil - Production & Pipeline",Oils-Energy,3749226000,32.05,0.26,0.41%,0.81%,0.61,3.31,11021226000,3238000000,2212000000,197744000,103000000,0.7,6.77%,88.30%,N/L,N/L,N/L,N/L,N/L,2025-08-08
PAGS,"Pagseguro Digital Ltd Cl A","Financial Transaction Services","Business Services",2877478000,6.4,1.07,3.24%,15.52%,0.24,4.03,3543778000,1556940000,1260130000,329608000,392370000,1.57,N/A,45.88%,N/L,N/L,N/L,N/L,N/L,2025-08-19
PAHC,"Phibro Anl Htlh A","Medical Products",Medical,1315734000,16.35,4.8,6.89%,30.51%,2.73,14.93,1733214000,132390000,95170000,40534000,2420000,0.8,50.07%,99.34%,N/L,N/L,N/L,N/L,N/L,2025-08-27
PAL,"Proficient Auto Logistics Inc","Transportation - Services",Transportation,231204000,0,0.63,-0.68%,-1.02%,0.27,16.27,298194000,50210000,28710000,27789000,-8480000.,2.65,13.90%,N/A,N/L,N/L,N/L,N/L,N/L,2025-08-11
PAM,"Pampa Energia S.A. ADR","Utility - Electric Power",Utilities,3844595000,8.78,1.11,7.14%,13.01%,0.46,4.04,5185595000,601740000,259740000,54541000,619000000,1.15,55.52%,12.77%,N/L,N/L,N/L,N/L,N/L,2025-08-06
PANL,"Pangaea Logistics So","Transportation - Ship",Transportation,345130000,14.4,0.72,1.71%,3.38%,0.26,5.33,388800000,103920000,72390000,65242000,28900000,0.77,17.19%,60.23%,N/L,N/L,N/L,N/L,N/L,2025-08-07
PANW,"Palo Alto Networks Inc",Security,"Computers and Technology",123944784000,108.15,15.62,5.56%,17.66%,0.05,67.889999,123373488000,1712100000,984100000,666800000,2577600000,0.94,2.50%,79.82%,N/L,N/L,N/L,N/L,N/L,2025-08-18
PAR,"Par Technology Corp","Financial Transaction Services","Business Services",2216129000,0,2.41,-1.90%,-3.16%,0.46,N/A,2462939000,-16130000.,-54520000.,40581000,-4990000.,1.7,3.70%,N/A,N/L,N/L,N/L,N/L,N/L,2025-08-08
PARR,"Par Pacific Holdings Inc","Oil - Refining and Marketing",Oils-Energy,1585428000,0,1.35,-0.55%,-1.79%,0.97,11.03,2506128000,340130000,208540000,50815000,-33320000.,1.83,4.40%,92.15%,N/L,N/L,N/L,N/L,N/L,2025-08-05
PASG,"Passage Bio Inc","Medical - Biomedical",Medical,23967000,0,0.6,-59.95%,-103.87%,0,N/A,-13603000.,-60210000.,-61760000.,3179000,-64770000.,1.81,5.00%,53.48%,N/L,N/L,N/L,N/L,N/L,2025-08-14
PATH,"Uipath Inc Cl A","Internet - Software","Computers and Technology",5976386000,0,3.43,-1.99%,-3.05%,0,359.01001,5096756000,-51970000.,-129510000.,535039000,-73690000.,1.03,23.19%,62.50%,N/L,N/L,N/L,N/L,N/L,2025-09-04
PATK,"Patrick Inds Inc","Building - Mobile Homes & RV",Construction,3861695000,25.66,3.25,4.77%,13.04%,1.11,11.81,5146065000,534440000,364620000,33279000,138400000,1.23,4.40%,93.29%,N/L,N/L,N/L,N/L,N/L,2025-07-31
PAVM,"Pavmed Inc","Medical Instruments",Medical,10278000,0,2.4,-20.96%,0.00%,0,N/A,12408000,-25660000.,-26860000.,21933000,39790000,1.08,7.30%,19.93%,N/L,N/L,N/L,N/L,N/L,2025-08-14
PAX,"Patria Investments Ltd Cl A","Finance - Investment Mgmt",Finance,892725000,10.32,1.44,15.41%,39.12%,0.35,3.53,1087275000,144460000,107710000,66522000,71880000,0.69,58.10%,96.27%,N/L,N/L,N/L,N/L,N/L,2025-08-01
PAY,"Paymentus Holdings Inc Cl A","Financial Transaction Services","Business Services",4827675000,75.82,9.01,10.69%,12.63%,0,50.139999,4618265000,98130000,57890000,125264000,44170000,1.54,75.43%,78.38%,N/L,N/L,N/L,N/L,N/L,2025-08-04
PAYC,"Paycom Software Inc","Internet - Software","Computers and Technology",13536850000,30.45,7.24,9.28%,25.40%,0,20.559999,13134850000,784160000,637160000,57877000,502000000,0.81,10.90%,87.77%,N/L,N/L,N/L,N/L,N/L,2025-08-06
PAYO,"Payoneer Global Inc","Financial Transaction Services","Business Services",2525815000,25.58,3.12,1.30%,13.42%,0,14.22,2021715000,228160000,180860000,360316000,121160000,0.97,2.58%,82.22%,N/L,N/L,N/L,N/L,N/L,2025-08-06
PAYS,"Paysign Inc","Financial Transaction Services","Business Services",294041000,43.42,6.69,3.64%,19.32%,0,28.440001,171701000,18270000,12280000,54452000,3820000,0.78,22.40%,25.89%,N/L,N/L,N/L,N/L,N/L,2025-08-05
PAYX,"Paychex Inc","Internet - Software","Computers and Technology",50725956000,27.79,12.08,14.77%,45.01%,1.2,21.940001,54016256000,2677100000,2207700000,360244000,1657300000,0.91,11.40%,83.47%,N/L,N/L,N/L,N/L,N/L,2025-10-07
PB,"Prosperity Bancshares","Banks - Southwest",Finance,6619600000,12.26,0.85,1.33%,6.99%,0,11.87,4647130000,911780000,854370000,95000000,479390000,0.71,4.20%,80.69%,N/L,N/L,N/L,N/L,N/L,2025-07-23
PBA,"Pembina Pipeline Cor","Oil - Production & Pipeline",Oils-Energy,22121856000,17.77,2.02,5.22%,12.27%,0.75,11.04,32834596000,2782250000,2153160000,580931000,1360350000,0.78,0.07%,55.37%,N/L,N/L,N/L,N/L,N/L,2025-08-07
PBF,"PBF Energy Inc","Oil - Refining and Marketing",Oils-Energy,2813800000,0,0.49,-7.46%,-17.46%,0.46,13.69,3735000000,-580800000.,-1223800000.,115699000,-533800000.,0.92,5.30%,96.29%,N/L,N/L,N/L,N/L,N/L,2025-07-31
PBH,"Prestige Brand Holdings","Medical Products",Medical,3283066000,14.29,1.74,6.79%,12.69%,0.54,12.55,4177546000,401660000,369730000,49214000,214610000,0.43,1.40%,99.95%,N/L,N/L,N/L,N/L,N/L,2025-08-07
PBI,"Pitney Bowes Inc","Office Automation & Equipment","Computers and Technology",2034494000,10,N/A,6.09%,-38.01%,-3.53,7.15,3484474000,435000000,297610000,172123000,-203600000.,1.54,9.00%,67.88%,N/L,N/L,N/L,N/L,N/L,2025-07-30
PBPB,"Potbelly Corp","Retail - Restaurants",Retail-Wholesale,385525000,41.27,6.13,3.56%,16.31%,0,16.799999,377865000,37900000,25000000,30261000,40290000,1.55,10.20%,72.60%,N/L,N/L,N/L,N/L,N/L,2025-08-06
PBR,"Petroleo Brasileiro S.A. Petrobras ADR","Oil - International Integrated",Oils-Energy,79459032000,4.46,1.11,8.63%,34.11%,0,2.42,99350032000,36291000000,23812000000,6444366000,7528000000,0.85,N/A,0.00%,N/L,N/L,N/L,N/L,N/L,2025-08-14
PBT,"Permian Basin Royalty Trust","Oil - US Royalty Trusts",Oils-Energy,766718000,43.56,N/A,647.25%,"9,737.65%",0,28.76,764598000,16370000,16370000,46609000,25420000,0.59,N/A,28.86%,N/L,N/L,N/L,N/L,N/L,2025-08-14
PBYI,"Puma Biotechnology","Medical - Biomedical",Medical,264448000,5.33,2.47,23.51%,53.15%,0.43,6.13,262278000,57590000,46070000,50371000,30280000,1.3,23.30%,61.29%,N/L,N/L,N/L,N/L,N/L,2025-08-07
PCAR,"Paccar Inc","Auto - Domestic",Auto-Tires-Trucks,53297956000,15.38,2.7,7.69%,18.25%,0.84,10.93,62132156000,5914800000,5396300000,525103000,4162000000,0.91,2.02%,64.90%,N/L,N/L,N/L,N/L,N/L,2025-07-22
PCB,"Pcb Bancorp","Banks - Southwest",Finance,321297000,10.06,1,1.02%,10.58%,0.12,10.19,206647000,49950000,45770000,14350000,25810000,0.61,25.86%,33.04%,N/L,N/L,N/L,N/L,N/L,2025-07-24
PCG,"Pacific Gas & Electric Company","Utility - Electric Power",Utilities,40642076000,11.11,1.31,2.17%,10.13%,1.88,5.36,98246080000,12838000000,8649000000,2675581000,2512000000,0.54,0.14%,78.56%,N/L,N/L,N/L,N/L,N/L,2025-07-31
PCH,"Potlatch Corp","Building Products - Wood",Construction,3384354000,79.6,1.7,1.29%,2.10%,0.54,22.799999,4267454000,185720000,61860000,77286000,21880000,1.12,1.00%,86.06%,N/L,N/L,N/L,N/L,N/L,2025-07-28
PCOR,"Procore Technologies Inc","Internet - Software","Computers and Technology",10184586000,0,7.98,-4.72%,-7.66%,0,357.73999,9746866000,-79510000.,-169260000.,150193000,-105960000.,0.9,21.50%,81.10%,N/L,N/L,N/L,N/L,N/L,2025-07-31
PCRX,"Pacira Pharm Inc","Medical - Biomedical",Medical,1161069000,12.09,1.55,6.61%,13.29%,0.4,5.88,1190289000,198210000,116200000,44933000,-99560000.,0.48,6.40%,99.73%,N/L,N/L,N/L,N/L,N/L,2025-08-05
PCT,"Purecycle Technologies Inc","Waste Removal Svcs","Business Services",2343911000,0,22.860001,-23.78%,-107.05%,1.15,N/A,2686761000,-98800000.,-149800000.,180093000,-289140000.,1.94,21.67%,63.01%,N/L,N/L,N/L,N/L,N/L,2025-08-07
PCTY,"Paylocity Holdings Corp","Internet - Software","Computers and Technology",10056582000,38.62,7.96,5.52%,22.08%,0.13,27.68,9821012000,401630000,304020000,55162000,227130000,0.54,21.91%,94.76%,N/L,N/L,N/L,N/L,N/L,2025-08-05
PCVX,"Vaxcyte Inc","Medical - Biomedical",Medical,4191985000,0,1.34,-15.92%,-16.85%,0,N/A,3804105000,-731960000.,-709100000.,129823000,-463930000.,1.21,3.10%,96.78%,N/L,N/L,N/L,N/L,N/L,2025-08-05
PD,"Pagerduty Inc","Internet - Software","Computers and Technology",1522924000,0,9.87,-1.32%,-8.73%,0.39,96.830002,1233894000,-3130000.,-48370000.,91084000,-54460000.,0.89,8.00%,97.26%,N/L,N/L,N/L,N/L,N/L,2025-09-03
PDD,"Pdd Holdings Inc","Internet Commerce",Retail-Wholesale,176955680000,13.24,3.77,20.50%,33.76%,0.02,10.86,160394528000,13835020000,13473220000,1392146000,15403460000,0.42,3.70%,39.83%,N/L,N/L,N/L,N/L,N/L,2025-08-25
PDFS,"Pdf Solutions Inc","Computer - Services","Computers and Technology",800918000,71.19,2.92,2.98%,4.22%,0.26,33.330002,710328000,11550000,2020000,39493000,4060000,1.4,11.09%,79.51%,N/L,N/L,N/L,N/L,N/L,2025-08-07
PDLB,"Ponce Financial Group Inc","Finance - Misc Services",Finance,358335000,19.94,1.16,0.57%,6.09%,1.03,21.950001,1039595000,52650000,48030000,24001000,10970000,0.7,7.20%,64.35%,N/L,N/L,N/L,N/L,N/L,2025-07-29
PDM,"Piedmont Realty Trust Inc","REIT - Equity Trust Other",Finance,1017198000,5.42,0.63,-1.69%,-4.32%,1.41,6.56,3125668000,513220000,285480000,124504000,-79060000.,1.46,1.29%,84.48%,N/L,N/L,N/L,N/L,N/L,2025-07-28
PDS,"Precision Drilling Corp","Oil & Gas - Drilling",Oils-Energy,756145000,11.46,0.6,3.62%,6.21%,0.41,2.44,1295245000,600220000,374480000,13217000,81150000,1.15,0.95%,48.86%,N/L,N/L,N/L,N/L,N/L,2025-07-29
PDSB,"Pds Biotechnology Corp","Medical - Biomedical",Medical,55493000,0,3.29,-79.00%,-184.56%,0.81,N/A,23003000,-33050000.,-34270000.,46633000,-37610000.,0.95,9.20%,26.84%,N/L,N/L,N/L,N/L,N/L,2025-08-13
PDYN,"Palladyne Ai Corp","Technology Services","Business Services",321749000,0,5.8,-75.73%,-186.60%,0,N/A,290559000,-28050000.,-28800000.,41949000,-72620000.,3.76,13.40%,26.02%,N/L,N/L,N/L,N/L,N/L,2025-08-20
PEB,"Pebblebrook Hotel Trust","REIT - Equity Trust Other",Finance,1265185000,6.25,0.43,-0.57%,-1.17%,0.82,5,3294605000,543660000,299800000,118574000,-4240000.,1.85,3.10%,N/A,N/L,N/L,N/L,N/L,N/L,2025-07-29
PEBO,"Peoples Bancorp Inc","Banks - Midwest",Finance,1103661000,9.84,0.91,1.15%,9.46%,0.2,8.47,1124071000,170980000,167470000,35671000,117210000,0.67,3.41%,60.68%,N/L,N/L,N/L,N/L,N/L,2025-07-22
PECO,"Phillips Edison & Company Inc","REIT - Equity Trust Retail",Finance,4376532000,13.36,1.64,1.35%,2.64%,0.92,13.08,6477422000,701390000,447300000,125600000,62690000,0.54,7.95%,80.70%,N/L,N/L,N/L,N/L,N/L,2025-07-24
PEG,"Public Service Enterprise Group Inc","Utility - Electric Power",Utilities,41772992000,21.14,2.49,3.58%,12.08%,1.4,12.44,64354992000,5434000000,3936000000,499080000,1772000000,0.45,0.19%,73.34%,N/L,N/L,N/L,N/L,N/L,2025-08-05
PEGA,"Pegasystems Inc","Computer - Software","Computers and Technology",9055317000,39.47,14,16.24%,42.42%,0,36.279999,9185687000,358030000,275600000,171081000,99190000,1.1,49.70%,46.89%,N/L,N/L,N/L,N/L,N/L,2025-07-22
PEN,"Penumbra Inc","Medical Instruments",Medical,10324595000,71.62,7.58,8.76%,11.55%,0,87.080002,10000195000,183020000,159320000,38999000,14010000,0.4,4.20%,88.88%,N/L,N/L,N/L,N/L,N/L,2025-07-29
PENG,"Penguin Solutions Inc","Internet - Software","Computers and Technology",1275964000,20.21,2.1,4.01%,13.27%,1.11,11.89,1550164000,135300000,65860000,52401000,-52470000.,2.02,2.60%,N/A,N/L,N/L,N/L,N/L,N/L,2025-07-08
PENN,"Penn Entertainment Inc",Gaming,"Consumer Discretionary",2845638000,0,0.96,-0.85%,-4.36%,1.73,15.01,7296338000,1105400000,663100000,146005000,-311500000.,1.6,2.67%,91.69%,N/L,N/L,N/L,N/L,N/L,2025-08-07
PEO,"Adams Natural Resources Fund Inc","Finance - Investment Funds",Finance,564167000,0,N/A,0.00%,0.00%,0,N/A,564167000,0,0,26277000,30852482,0.75,0.13%,33.54%,N/L,N/L,N/L,N/L,N/L,2011-07-20
PEP,"Pepsico Inc","Beverages - Soft","Consumer Staples",204868672000,18.93,10.99,10.63%,57.81%,2.12,13.57,233587680000,14342000000,10527000000,1369077000,9578000000,0.45,0.14%,73.07%,N/L,N/L,N/L,N/L,N/L,2025-10-09
PEPG,"Pepgen Inc","Medical - Biomedical",Medical,43296000,0,0.57,-70.39%,-92.51%,0,N/A,-6124000.,-101440000.,-102770000.,32800000,-89980000.,1.19,5.20%,58.01%,N/L,N/L,N/L,N/L,N/L,2025-08-14
PERI,"Perion Network Ltd","Internet - Content","Computers and Technology",420010000,24.13,0.6,2.13%,2.68%,0,7.95,263950000,11030000,-4150000.,44825000,12610000,1.43,2.78%,68.12%,N/L,N/L,N/L,N/L,N/L,2025-08-11
PESI,"Perma-Fix Envir","Pollution Controls","Industrial Products",224595000,0,3.79,-13.38%,-21.73%,0.04,N/A,197935000,-11000000.,-12830000.,18470000,-19980000.,0.27,8.87%,25.52%,N/L,N/L,N/L,N/L,N/L,2025-08-07
PETS,"Petmed Express Inc","Internet Commerce",Retail-Wholesale,64860000,309,0.66,0.00%,0.00%,0,135.580002,9570000,15900000,8840000,20656000,-7460000.,0.82,1.10%,73.33%,N/L,N/L,N/L,N/L,N/L,2025-08-26
PEW,"Grabagun Digital Holdings Inc","Aerospace - Defense Equipment",Aerospace,178860000,0,N/A,0.00%,0.00%,0,N/A,178860000,0,0,31545000,0,0.07,N/A,4.80%,N/L,N/L,N/L,N/L,N/L,2025-08-14
PFE,"Pfizer Inc","Large Cap Pharma",Medical,147142048000,7.59,1.64,9.12%,21.42%,0.69,5.9,210450048000,26933000000,19920000000,5685551000,8031000000,0.52,0.06%,68.36%,N/L,N/L,N/L,N/L,N/L,2025-08-05
PFG,"Principal Financial Group Inc","Insurance - Multi Line",Finance,17981834000,10.26,1.53,0.55%,15.63%,0.34,7.19,18215634000,2178800000,1350600000,222768000,1571000000,1,1.08%,75.08%,N/L,N/L,N/L,N/L,N/L,2025-07-28
PFGC,"Performance Food Group Company","Food Items - Wholesale",Retail-Wholesale,15950851000,22.26,3.48,4.22%,16.23%,1.2,10.88,21261150000,1546800000,816300000,156519000,340200000,1.2,2.80%,96.87%,N/L,N/L,N/L,N/L,N/L,2025-08-13
PFLT,"Pennantpark Fltng Rt","Finance - Investment Mgmt",Finance,1011031000,8.58,0.92,4.24%,10.04%,0.83,11.18,1448301000,80280000,97360000,99218000,91840000,0.97,1.00%,19.77%,N/L,N/L,N/L,N/L,N/L,2025-08-11
PFS,"Provident Financial Services","Finance - Savings & Loan",Finance,2581130000,10.56,0.91,0.96%,8.80%,1.04,14.06,4839511000,552760000,511010000,130624000,115530000,0.89,3.10%,71.97%,N/L,N/L,N/L,N/L,N/L,2025-07-24
PFSI,"Pennymac Financial Services IN","Finance - Mortgage & Rel Svs",Finance,5673621000,11.74,1.33,1.95%,12.18%,1.04,7.45,8599171000,587030000,488560000,51710000,311420000,1.5,15.80%,57.87%,N/L,N/L,N/L,N/L,N/L,2025-07-22
PG,"Procter & Gamble Company","Consumer Prdts - Misc Staple","Consumer Staples",371664160000,23.24,7.23,13.49%,32.69%,0.66,18.969999,397393152000,23298000000,20451000000,2342372000,15974000000,0.37,0.18%,65.77%,N/L,N/L,N/L,N/L,N/L,2025-10-17
PGC,"Peapack Gladstone FI","Banks - Northeast",Finance,502262000,14.78,0.76,0.46%,5.25%,0.16,10.83,245802000,61840000,50900000,17648000,32990000,0.91,7.63%,72.75%,N/L,N/L,N/L,N/L,N/L,2025-07-22
PGEN,"Precigen Inc","Medical - Biomedical",Medical,1245527000,0,N/A,-78.98%,-842.82%,0,N/A,1244227000,-83410000.,-94460000.,297973000,-126240000.,1.87,47.10%,33.51%,N/L,N/L,N/L,N/L,N/L,2025-08-13
PGNY,"Progyny Inc","Medical Services",Medical,2023157000,42.05,3.85,7.12%,10.69%,0,67.029999,1860847000,77840000,76780000,85982000,54340000,1.32,9.40%,94.93%,N/L,N/L,N/L,N/L,N/L,2025-08-07
PGR,"Progressive Corp","Insurance - Proprty & Casualty",Finance,146088896000,14.48,4.48,9.23%,35.37%,0.21,17.110001,152827904000,14191100000,13937100000,586208000,8480000000,0.33,0.34%,85.34%,N/L,N/L,N/L,N/L,N/L,2025-07-16
PGRE,"Paramount Group Inc","REIT - Equity Trust Other",Finance,1498666000,9.19,0.36,-0.99%,-1.92%,0.9,7.28,4619846000,602720000,358750000,220392000,-46290000.,1.35,13.80%,65.64%,N/L,N/L,N/L,N/L,N/L,2025-07-30
PGY,"Pagaya Technologies Ltd Cl A","Finance - Misc Services",Finance,2586286000,26.11,4.84,6.79%,19.14%,1.24,64.459999,2877176000,165090000,136340000,76608000,-401410000.,5.95,47.59%,57.14%,N/L,N/L,N/L,N/L,N/L,2025-08-07
PH,"Parker-Hannifin Corp","Machinery - General Industrial","Industrial Products",96131216000,26.79,6.84,12.24%,26.80%,0.55,20.969999,103158216000,4967460000,4060460000,127778000,3531000000,1.37,0.39%,82.44%,N/L,N/L,N/L,N/L,N/L,2025-08-07
PHAT,"Phathom Pharmaceuticals Inc","Medical - Biomedical",Medical,844943000,0,N/A,-90.40%,0.00%,-0.51,N/A,749093000,-266010000.,-269000000.,70944000,-334330000.,0.45,23.00%,99.01%,N/L,N/L,N/L,N/L,N/L,2025-08-07
PHG,"Koninklijke Philips Electronics ADR","Medical Products",Medical,27289152000,17.48,2.24,4.94%,11.95%,0.69,8.86,32388012000,2494290000,990170000,962920000,-758550000.,0.75,N/A,13.67%,N/L,N/L,N/L,N/L,N/L,2025-07-29
PHIN,"Borgwarner Inc","Auto - Truck Original Parts",Auto-Tires-Trucks,2266547000,13.77,1.35,4.48%,10.74%,0.59,13.69,2745547000,268000000,268000000,38904000,79000000,1.51,2.00%,90.94%,N/L,N/L,N/L,N/L,N/L,2025-07-24
PHLT,"Performant Healthcare Inc","Medical Services",Medical,598797000,0,7.26,-0.03%,-0.04%,0.1,N/A,597507000,7110000,-50000.,78997000,-9900000.,0.41,9.10%,77.15%,N/L,N/L,N/L,N/L,N/L,2025-08-05
PHM,Pultegroup,"Building - Residential & Comm",Construction,26108444000,10.07,1.97,14.73%,21.01%,0.17,8.82,26600264000,3661330000,3572170000,197298000,3083260000,1.22,0.76%,89.90%,N/L,N/L,N/L,N/L,N/L,2025-07-22
PHR,"Phreesia Inc","Medical Information Systems",Medical,1770244000,0,6.06,-11.19%,-16.23%,0,N/A,1686024000,16060000,-13880000.,59504000,-58530000.,0.71,5.50%,92.10%,N/L,N/L,N/L,N/L,N/L,2025-09-04
PHUN,"Phunware Inc","Internet - Software","Computers and Technology",55108000,0,0.52,-11.77%,-12.99%,0,N/A,-57862000.,-16010000.,-17150000.,20186000,-10320000.,2.3,1.20%,7.57%,N/L,N/L,N/L,N/L,N/L,2025-08-14
PI,"Impinj Inc","Electronics - Semiconductors","Computers and Technology",5143694000,467.25,26.07,2.64%,8.14%,1.51,147.179993,5381134000,13040000,-1060000.,29090000,40840000,1.74,12.40%,N/A,N/L,N/L,N/L,N/L,N/L,2025-07-30
PII,"Polaris Inc","Auto - Domestic",Auto-Tires-Trucks,3213259000,46.34,2.52,1.19%,5.16%,0,6.31,4563559000,421800000,135500000,56225000,110800000,1.04,3.12%,88.06%,N/L,N/L,N/L,N/L,N/L,2025-07-29
PINC,"Premier Inc Cl A","Medical Services",Medical,2070078000,19.53,1.38,3.75%,7.04%,0,8.79,1945938000,225770000,96770000,82342000,119540000,0.56,0.96%,74.41%,N/L,N/L,N/L,N/L,N/L,2025-08-19
PINE,"Alpine Income Property Trust Inc","REIT - Equity Trust Other",Finance,215343000,8.47,0.84,-0.11%,-0.26%,1.4,7.9,508863000,65880000,40080000,14158000,2070000,0.63,0.46%,60.50%,N/L,N/L,N/L,N/L,N/L,2025-10-16
PINS,"Pinterest Inc","Internet - Software","Computers and Technology",24212308000,65.79,4.92,7.41%,8.44%,0,81.769997,23075848000,208110000,215860000,679930000,1862110000,0.78,7.06%,88.81%,N/L,N/L,N/L,N/L,N/L,2025-08-07
PIPR,"Piper Jaffray Companies","Finance - Investment Brokers",Finance,5952311000,22.21,4.05,12.85%,18.67%,0,20.92,5469481000,304970000,261260000,17691000,181110000,1.5,2.70%,72.79%,N/L,N/L,N/L,N/L,N/L,2025-08-01
PJT,"Pjt Partners Inc Cl A","Finance - Misc Services",Finance,4392643000,32.34,5.02,14.50%,25.61%,0,16.629999,3908763000,322680000,294010000,24305000,238470000,0.77,11.75%,89.23%,N/L,N/L,N/L,N/L,N/L,2025-07-29
PK,"Park Hotels & Resorts Inc","REIT - Equity Trust Other",Finance,2366970000,5.64,0.66,0.30%,0.76%,1.35,4.53,6492970000,835000000,569000000,199913000,212000000,1.8,1.90%,92.69%,N/L,N/L,N/L,N/L,N/L,2025-07-31
PKE,"Park Electrochemical Corp","Aerospace - Defense Equipment",Aerospace,378257000,45.9,3.49,6.64%,7.60%,0,37.16,356637000,11720000,9740000,19856000,5880000,0.45,11.30%,77.83%,N/L,N/L,N/L,N/L,N/L,2025-07-15
PKG,"Packaging Corp of America","Containers - Paper Products","Industrial Products",19142130000,21.23,4.09,10.04%,20.08%,0.53,14.07,20931330000,1771200000,1243300000,89979000,805100000,0.85,1.50%,89.78%,N/L,N/L,N/L,N/L,N/L,2025-07-23
PKOH,"Park Ohio Holdings Corp","Metal Products - Fasteners","Basic Materials",287252000,5.89,0.7,3.09%,12.27%,1.77,3.21,860852000,113100000,79500000,14395000,31800000,1.3,31.51%,51.38%,N/L,N/L,N/L,N/L,N/L,2025-08-06
PKST,"Peakstone Realty Trust","REIT - Equity Trust Other",Finance,470557000,4.91,0.59,-13.18%,-31.54%,1.61,5.17,1660967000,-135780000.,-234360000.,36791000,-10430000.,1.76,0.80%,38.98%,N/L,N/L,N/L,N/L,N/L,2025-08-07
PKX,"Posco Holdings Inc ADR","Steel - Producers","Basic Materials",16923438000,67.12,0.38,0.49%,0.81%,0.24,4.59,22603038000,3805400000,979110000,303505000,787770000,1.36,0.01%,0.00%,N/L,N/L,N/L,N/L,N/L,2025-07-31
PL,"Planet Labs Pbc","Satellite Communication","Computers and Technology",2063331000,0,4.42,-16.51%,-23.36%,0,N/A,1938681000,-58690000.,-104330000.,303431000,-123200000.,1.8,18.90%,41.71%,N/L,N/L,N/L,N/L,N/L,2025-09-08
PLAB,"Photronics Inc","Semi-Eqpt PhotoMask","Computers and Technology",1328134000,10.34,0.89,7.43%,8.54%,0,6.29,747644000,298690000,215880000,60151000,130690000,1.4,3.20%,88.38%,N/L,N/L,N/L,N/L,N/L,2025-08-27
PLAY,"Dave & Buster's Entertainment","Retail - Restaurants",Retail-Wholesale,876156000,11.31,5.64,2.06%,40.67%,10.74,2.72,2355356000,674900000,436700000,34576000,58300000,2.14,2.02%,91.45%,N/L,N/L,N/L,N/L,N/L,2025-09-09
PLBY,"Playboy Inc","Leisure & Recreational Prdcts","Consumer Discretionary",161684000,0,N/A,-21.66%,0.00%,108.2,N/A,330904000,-28110000.,-44860000.,95108000,-79400000.,2.51,38.30%,32.46%,N/L,N/L,N/L,N/L,N/L,2025-08-12
PLCE,"Children's Place Inc","Retail - Apparel & Shoes",Retail-Wholesale,99756000,63.14,68.919998,-1.49%,0.00%,257.49,1.25,506036000,65980000,26370000,22168000,-57820000.,1.87,0.62%,0.00%,N/L,N/L,N/L,N/L,N/L,2025-09-05
PLD,"Prologis Inc","REIT - Equity Trust Other",Finance,104225264000,18.66,1.76,3.58%,5.96%,0.6,17.469999,133849880000,9093140000,7078340000,928262000,3731640000,1.21,0.57%,93.50%,N/L,N/L,N/L,N/L,N/L,2025-10-15
PLG,"Platinum Group Metals Ltd","Mining - Misc","Basic Materials",169937000,0,2.97,-7.76%,-8.16%,0,N/A,166237000,-4120000.,-4190000.,112541000,-4610000.,1.57,0.04%,16.33%,N/L,N/L,N/L,N/L,N/L,2025-07-10
PLL,"Piedmont Lithium Inc ADR","Mining - Misc","Basic Materials",202123000,0,0.72,-16.06%,-18.57%,0.11,N/A,144403000,-47420000.,-47700000.,21946000,-64760000.,0.26,1.81%,52.23%,N/L,N/L,N/L,N/L,N/L,2025-08-14
PLMR,"Palomar Holdings Inc","Insurance - Proprty & Casualty",Finance,3349215000,22.1,4,6.38%,20.35%,0,27.389999,3268675000,201570000,197410000,26783000,117570000,0.44,3.70%,90.25%,N/L,N/L,N/L,N/L,N/L,2025-08-04
PLNT,"Planet Fitness","Leisure & Recreation Services","Consumer Discretionary",9058524000,38.33,N/A,7.69%,-110.18%,-13.66,23.25,10879384000,676160000,510450000,84234000,172040000,1.4,5.94%,95.53%,N/L,N/L,N/L,N/L,N/L,2025-08-06
PLOW,"Douglas Dynamics","Auto - Truck Replacement Parts",Auto-Tires-Trucks,779938000,19.41,2.77,6.29%,15.16%,0.53,15.4,921498000,123960000,105370000,23041000,56150000,1.32,2.50%,91.85%,N/L,N/L,N/L,N/L,N/L,2025-08-04
PLRX,"Pliant Therapeutics Inc","Medical - Biomedical",Medical,89013000,0,0.4,-55.66%,-73.45%,0.14,N/A,48033000,-215220000.,-219860000.,61388000,-210300000.,1.42,8.00%,97.30%,N/L,N/L,N/L,N/L,N/L,2025-08-06
PLSE,"Pulse Biosciences CS","Medical Instruments",Medical,1147090000,0,10.3,-54.98%,-63.19%,0,N/A,1029050000,-71060000.,-72240000.,67278000,-53590000.,1.6,71.50%,76.95%,N/L,N/L,N/L,N/L,N/L,2025-08-12
PLTK,"Playtika Holding Corp",Gaming,"Consumer Discretionary",1405481000,14.2,N/A,2.59%,-83.90%,-27.27,3.61,3237881000,503500000,330300000,375797000,162200000,0.85,5.10%,11.94%,N/L,N/L,N/L,N/L,N/L,2025-08-07
PLTR,"Palantir Technologies Inc Cl A","Internet - Software","Computers and Technology",376585760000,709.91,61.490002,8.71%,10.75%,0,1692.829956,374487232000,601140000,569550000,2372343000,462190000,2.6,9.23%,45.65%,N/L,N/L,N/L,N/L,N/L,2025-08-04
PLUG,"Plug Power Inc","Electronics Products - Misc","Computers and Technology",1940133000,0,1,-50.27%,-90.22%,0.29,N/A,1886763000,-1789440000.,-1871170000.,1154841000,-2104700000.,2.35,1.41%,43.48%,N/L,N/L,N/L,N/L,N/L,2025-08-11
PLUS,"Eplus Inc","Business Software Services","Computers and Technology",1961271000,17.42,1.84,6.03%,11.03%,0,13.68,1583211000,199750000,170150000,26626000,107980000,1.14,1.93%,93.80%,N/L,N/L,N/L,N/L,N/L,2025-08-07
PLX,"Protalix Biotherapeutics","Medical - Biomedical",Medical,132355000,22.57,2.52,8.73%,14.70%,0,27.469999,112595000,9520000,8220000,79732000,2930000,-0.21,6.50%,16.53%,N/L,N/L,N/L,N/L,N/L,2025-08-14
PLXS,"Plexus Corp","Electronic Manufacturing","Computers and Technology",3704234000,21.69,2.48,5.38%,12.33%,0.1,18.74,3604094000,280970000,203120000,26987000,111820000,0.8,1.76%,94.45%,N/L,N/L,N/L,N/L,N/L,2025-07-23
PLYM,"Plymouth Industrial REIT Inc","REIT - Equity Trust Other",Finance,940535000,11.62,1.75,8.90%,24.24%,1.54,4.23,1544185000,202190000,115760000,44554000,139340000,1.11,1.60%,92.67%,N/L,N/L,N/L,N/L,N/L,2025-08-06
PM,"Philip Morris International Inc",Tobacco,"Consumer Staples",267344160000,24.72,N/A,16.83%,-120.86%,-5.14,22.5,308823168000,16024000000,14210000000,1556589000,7057000000,0.48,0.13%,78.63%,N/L,N/L,N/L,N/L,N/L,2025-07-22
PMCB,"Pharmacyte Biotech Inc","Medical - Drugs",Medical,6592000,0,0.13,3.76%,4.60%,0,N/A,-8548000.,-4380000.,-4380000.,6796000,30660000,-0.29,10.20%,34.24%,N/L,N/L,N/L,N/L,N/L,2025-09-15
PMT,"Pennymac Mortgage Investment Trust","REIT - Mortgage Trusts",Finance,1075530000,16.51,0.78,0.71%,7.68%,6.37,5.61,10438090000,861010000,837910000,87017000,160980000,1.22,0.92%,67.38%,N/L,N/L,N/L,N/L,N/L,2025-07-22
PMVP,"Pmv Pharmaceuticals Inc","Medical - Drugs",Medical,78427000,0,0.54,-43.82%,-47.95%,0,N/A,37547000,-95730000.,-91500000.,52991000,-58710000.,1.52,7.57%,90.20%,N/L,N/L,N/L,N/L,N/L,2025-08-14
PNC,"PNC Bank","Finance - Investment Brokers",Finance,79426936000,13.27,1.33,1.11%,11.07%,0.99,12.39,91776936000,11755000000,11496000000,393807000,5889000000,1.09,0.41%,83.53%,N/L,N/L,N/L,N/L,N/L,2025-07-16
PNFP,"Pinnacle Finl Ptnrs","Banks - Southeast",Finance,7460882000,12.06,1.12,1.13%,9.60%,0.33,10.25,6542042000,1012020000,862410000,77564000,475060000,1.03,1.46%,87.40%,N/L,N/L,N/L,N/L,N/L,2025-07-15
PNNT,"Pennantpark Investme","Finance - SBIC & Commercial",Finance,466866000,9.09,0.96,3.81%,10.35%,1.31,7.37,1189016000,56350000,53570000,65296000,48850000,1.07,3.00%,26.62%,N/L,N/L,N/L,N/L,N/L,2025-08-11
PNR,"Pentair Ltd","Waste Removal Svcs","Business Services",17802904000,22.36,4.66,11.88%,21.62%,0.38,20.530001,19332204000,910400000,795800000,163931000,625400000,1.07,1.10%,92.37%,N/L,N/L,N/L,N/L,N/L,2025-07-22
PNTG,"The Pennant Group Inc","Medical - Outpatient & Hm Care",Medical,869926000,30.18,2.56,4.04%,9.85%,0.11,26.84,845676000,58860000,51640000,34562000,22560000,1.48,5.40%,85.88%,N/L,N/L,N/L,N/L,N/L,2025-08-06
PNW,"Pinnacle West Capital Corp","Utility - Electric Power",Utilities,10909656000,18.8,1.59,2.12%,8.45%,1.5,5.21,20332916000,3302230000,1920160000,119427000,608810000,0.38,0.23%,91.51%,N/L,N/L,N/L,N/L,N/L,2025-08-06
PODD,"Insulet Corp","Medical Products",Medical,23283888000,77.32,15.77,9.30%,23.78%,0.96,73.900002,23710388000,488100000,407300000,70393000,418300000,1.35,0.39%,N/A,N/L,N/L,N/L,N/L,N/L,2025-08-07
POET,"Poet Technologies Inc","Electronics - Semiconductors","Computers and Technology",484445000,0,9.3,-68.54%,-141.42%,0.13,N/A,453805000,-32680000.,-34700000.,90720000,-56700000.,0.32,0.46%,1.99%,N/L,N/L,N/L,N/L,N/L,2025-08-13
PONY,"Pony Ai Inc ADR","Transportation - Equip & Lease",Transportation,5180834000,0,5.82,0.00%,0.00%,0,N/A,4644834000,-143660000.,-152020000.,350293000,-274120000.,N/A,N/A,N/A,N/L,N/L,N/L,N/L,N/L,2025-08-12
POOL,"Pool Corp","Leisure & Recreational Prdcts","Consumer Discretionary",12080956000,28.79,8.87,11.51%,30.99%,0.95,24.940001,12953446000,632690000,587210000,37318000,434330000,1.07,3.00%,98.99%,N/L,N/L,N/L,N/L,N/L,2025-07-24
POR,"Portland General Electric Company","Utility - Electric Power",Utilities,4719931000,15.02,1.2,2.45%,8.07%,1.23,5.41,9231930000,1984000000,1488000000,109562000,313000000,0.55,0.40%,N/A,N/L,N/L,N/L,N/L,N/L,2025-07-25
POST,"Post Holdings Inc","Food - Misc & Diversified","Consumer Staples",6194651000,16.56,1.54,3.30%,10.80%,1.83,7.23,12216551000,1492400000,1015500000,54320000,366900000,0.49,11.40%,94.85%,N/L,N/L,N/L,N/L,N/L,2025-08-07
POWI,"Power Integratn","Semi Power","Computers and Technology",2660072000,60.88,3.6,5.28%,5.86%,0,38.73,2609102000,53820000,20870000,56096000,32230000,1.31,1.40%,N/A,N/L,N/L,N/L,N/L,N/L,2025-08-06
POWL,"Powell Inds Inc","Machinery - Electrical","Industrial Products",3173544000,17.43,5.09,18.23%,33.16%,0,19.190001,2858214000,217600000,210730000,12069000,149850000,0.81,2.20%,89.77%,N/L,N/L,N/L,N/L,N/L,2025-08-05
POWW,"Outdoor Holding Company","Aerospace - Defense Equipment",Aerospace,173324000,0,0.74,-15.41%,-18.60%,0.1,N/A,143094000,-28740000.,-42330000.,117111000,-130830000.,1.1,25.00%,26.40%,N/L,N/L,N/L,N/L,N/L,2025-08-14
PPBI,"Pacific Premier Bncp","Finance - Savings & Loan",Finance,2357366000,15.4,0.74,0.80%,4.85%,0.04,13.94,2019236000,218160000,219670000,96991000,158800000,1.19,2.29%,93.11%,N/L,N/L,N/L,N/L,N/L,2025-07-23
PPBT,"Purple Biotech Ltd ADR","Medical - Biomedical",Medical,5934000,0,0.18,-12.52%,-14.00%,0,N/A,-1466000.,-5540000.,-5730000.,2586000,-7240000.,0.49,2.98%,9.64%,N/L,N/L,N/L,N/L,N/L,2025-08-15
PPC,"Pilgrim's Pride","Food - Meat Products","Consumer Staples",10965169000,7.89,2.99,13.46%,37.15%,0.83,6.48,12128979000,2170480000,1731820000,237547000,1086440000,0.5,82.56%,16.64%,N/L,N/L,N/L,N/L,N/L,2025-07-30
PPG,"PPG Industries","Chemical - Specialty","Basic Materials",25790738000,14.53,3.25,8.40%,23.85%,0.95,11.06,30335738000,3093000000,2601000000,225700000,1116000000,1.17,0.33%,81.86%,N/L,N/L,N/L,N/L,N/L,2025-10-15
PPIH,"Perma-Pipe International Holdings Inc","Steel - Pipe & Tube","Basic Materials",242511000,17.23,2.81,7.81%,17.84%,0.1,16.76,242511000,28690000,25060000,7983000,8980000,0.46,6.00%,28.43%,N/L,N/L,N/L,N/L,N/L,2025-09-10
PPL,"PPL Corp","Utility - Electric Power",Utilities,27288104000,21.86,1.9,3.02%,8.81%,1.25,10.39,43788104000,4536000000,3179000000,739515000,888000000,0.64,0.28%,76.99%,N/L,N/L,N/L,N/L,N/L,2025-07-31
PPSI,"Pioneer Power Solutions","Machinery - Electrical","Industrial Products",41495000,0,1.22,-6.82%,-11.16%,0,N/A,-125000.,-4840000.,-5910000.,11095000,31860000,1.05,26.80%,10.92%,N/L,N/L,N/L,N/L,N/L,2025-08-14
PPTA,"Perpetua Resources Corp","Mining - Misc","Basic Materials",1907216000,0,3.77,-10.57%,-11.07%,0,N/A,1863116000,-58270000.,-58390000.,107570000,-14480000.,-0.02,1.50%,70.07%,N/L,N/L,N/L,N/L,N/L,2025-08-15
PR,"Permian Resources Corp","Oil - US Exploration & Product",Oils-Energy,11013945000,9.39,0.96,6.83%,10.92%,0.37,3.53,14718835000,5326230000,3542990000,800432000,984700000,1.32,6.44%,91.84%,N/L,N/L,N/L,N/L,N/L,2025-08-06
PRA,"Pro-Assurance Corp","Insurance - Proprty & Casualty",Finance,1233936000,17.73,0.96,1.24%,5.62%,0.33,18.43,1603926000,107870000,90120000,51414000,52740000,0.13,1.21%,85.58%,N/L,N/L,N/L,N/L,N/L,2025-08-14
PRAA,"Pra Group Inc","Finance - Misc Services",Finance,677543000,7.6,0.46,1.64%,6.52%,2.71,7.57,4061633000,376870000,355510000,39074000,70600000,1.54,2.00%,97.22%,N/L,N/L,N/L,N/L,N/L,2025-08-04
PRAX,"Praxis Precision Medicines Inc","Medical - Biomedical",Medical,1026623000,0,2.34,-54.84%,-60.07%,0,N/A,811253000,-237670000.,-233020000.,21046000,-182820000.,2.62,2.70%,67.84%,N/L,N/L,N/L,N/L,N/L,2025-08-12
PRCH,"Porch Group Inc","Internet - Software","Computers and Technology",2038522000,104.27,N/A,1.98%,-41.71%,-179.97,103.120003,2245682000,51880000,26360000,122581000,-32830000.,2.72,23.32%,48.48%,N/L,N/L,N/L,N/L,N/L,2025-08-05
PRCT,"Procept Biorobotics Corp","Medical Instruments",Medical,2293872000,0,5.64,-17.34%,-23.73%,0.13,N/A,2013612000,-86540000.,-91770000.,55636000,-91410000.,1.05,6.60%,89.46%,N/L,N/L,N/L,N/L,N/L,2025-08-06
PRDO,"Perdoceo Education Corp",Schools,"Consumer Discretionary",2167482000,13.33,2.16,13.41%,17.13%,0,12.75,2035732000,230260000,215610000,64953000,147590000,0.87,2.11%,93.46%,N/L,N/L,N/L,N/L,N/L,2025-07-31
PRG,"Prog Hldgs Inc","Finance - Consumer Loans",Finance,1372572000,9.37,1.93,9.98%,22.54%,0.89,0.74,1920472000,3520820000,1866720000,39544000,197250000,1.75,3.21%,97.92%,N/L,N/L,N/L,N/L,N/L,2025-07-23
PRGO,"Perrigo Company","Medical Products",Medical,3369408000,8.05,0.72,3.96%,9.09%,0.82,4.64,6428708000,621700000,286900000,137583000,-171800000.,0.47,0.70%,95.91%,N/L,N/L,N/L,N/L,N/L,2025-08-06
PRGS,"Progress Software","Computer - Software","Computers and Technology",2013144000,10.35,4.26,8.47%,43.72%,2.43,6.73,3421334000,322920000,216350000,43108000,68440000,0.7,3.40%,N/A,N/L,N/L,N/L,N/L,N/L,2025-09-23
PRI,"Primerica Inc","Insurance - Life",Finance,8740709000,12.51,3.8,4.83%,32.42%,0.8,7.06,9950959000,1550350000,978590000,32391000,470520000,0.99,0.61%,90.88%,N/L,N/L,N/L,N/L,N/L,2025-08-06
PRIM,"Primoris Services Corp","Building - Heavy Construction",Construction,6180168000,23.22,3.93,6.13%,18.33%,0.39,20.26,6459158000,479660000,384140000,54013000,180890000,1.44,1.40%,91.82%,N/L,N/L,N/L,N/L,N/L,2025-08-04
PRK,"Park National Corp","Banks - Midwest",Finance,2788156000,16.46,2.07,1.66%,12.96%,0.15,17.469999,2855446000,221370000,216460000,16071000,151420000,0.76,2.70%,62.65%,N/L,N/L,N/L,N/L,N/L,2025-07-28
PRKS,"United Parks & Resorts Inc","Leisure & Recreation Services","Consumer Discretionary",2941086000,13.6,N/A,8.15%,-47.59%,-5.67,7.05,5069367000,771180000,602760000,55025000,227500000,1.48,1.30%,N/A,N/L,N/L,N/L,N/L,N/L,2025-08-07
PRLB,"Proto Labs Inc","Rubber & Plastics","Industrial Products",1210224000,80.43,1.73,1.99%,2.22%,0,22.57,1121154000,57980000,22170000,23875000,16590000,1.33,1.70%,84.54%,N/L,N/L,N/L,N/L,N/L,2025-07-31
PRLD,"Prelude Therapeutics Inc","Medical - Drugs",Medical,70184000,0,0.82,-79.07%,-106.50%,0,N/A,57714000,-142850000.,-139980000.,56600000,-127170000.,1.22,63.90%,79.72%,N/L,N/L,N/L,N/L,N/L,2025-08-18
PRM,"Perimeter Solutions Inc","Chemical - Specialty","Basic Materials",2852885000,0,2.34,-0.52%,-1.11%,0.57,12.38,3322195000,201330000,133880000,146452000,-5910000.,1.96,10.00%,89.93%,N/L,N/L,N/L,N/L,N/L,2025-08-07
PRMB,"Primo Water Corp","Beverages - Soft","Consumer Staples",9233439000,23.95,2.86,2.91%,9.64%,1.57,15.85,13647139000,909200000,551500000,373521000,-16400000.,0.72,58.40%,87.71%,N/L,N/L,N/L,N/L,N/L,2025-08-07
PRME,"Prime Medicine Inc","Medical - Biomedical",Medical,477738000,0,7.12,-64.41%,-156.16%,0,N/A,295258000,-201190000.,-204220000.,134574000,-195880000.,2.39,22.74%,70.37%,N/L,N/L,N/L,N/L,N/L,2025-08-14
PRO,"Pros Holdings","Computer - Software","Computers and Technology",761518000,0,N/A,-1.82%,0.00%,0,N/A,599538000,-5870000.,-12970000.,48106000,-20480000.,1.08,4.00%,94.27%,N/L,N/L,N/L,N/L,N/L,2025-07-31
PROF,"Profound Medical Corp","Medical - Drugs",Medical,142451000,0,3.52,-73.06%,-89.74%,0.11,N/A,92201000,-41790000.,-42730000.,30053000,-27820000.,0.52,1.52%,47.86%,N/L,N/L,N/L,N/L,N/L,2025-08-14
PROK,"Prokidney Corp","Medical - Drugs",Medical,705402000,0,N/A,-17.11%,0.00%,0,N/A,2002872000,-176290000.,-181720000.,292698000,-61190000.,1.76,41.49%,51.59%,N/L,N/L,N/L,N/L,N/L,2025-08-15
PROP,"Prairie Operating CO","Oil - US Integrated",Oils-Energy,124187000,0,1.03,2.69%,21.04%,4.13,N/A,155767000,18050000,17590000,50278000,-40910000.,2.01,15.44%,34.28%,N/L,N/L,N/L,N/L,N/L,2025-08-12
PRPH,"Prophase Labs Inc","Medical - Drugs",Medical,13659000,0,1.22,-76.48%,-262.42%,0.25,N/A,16189000,-21930000.,-30060000.,41541000,-53360000.,-0.48,9.60%,9.45%,N/L,N/L,N/L,N/L,N/L,2025-08-13
PRPL,"Purple Innovation Inc","Consumer Prdts - Misc Staple","Consumer Staples",122502000,0,N/A,-13.20%,-472.12%,-6.07,N/A,148882000,-47860000.,-83220000.,108409000,-97900000.,1.42,53.90%,88.41%,N/L,N/L,N/L,N/L,N/L,2025-07-29
PRQR,"Proqr Therapeutics","Medical - Biomedical",Medical,237781000,0,3.06,-28.13%,-61.25%,0.07,N/A,81071000,-42640000.,-45630000.,105213000,-30040000.,0.43,8.40%,32.65%,N/L,N/L,N/L,N/L,N/L,2025-08-14
PRSU,"Pursuit Attractions and Hospitality Inc","Leisure & Recreation Services","Consumer Discretionary",1049568000,59.9,1.61,11.41%,21.30%,0.13,7.44,1073178000,-13450000.,-56410000.,28275000,368540000,1.91,0.71%,89.91%,N/L,N/L,N/L,N/L,N/L,2025-08-06
PRTA,"Prothena Corp","Medical - Biomedical",Medical,472089000,0,1.42,-54.43%,-62.17%,0,N/A,699000,-278020000.,-281610000.,53830000,-122310000.,-0.03,9.20%,97.08%,N/L,N/L,N/L,N/L,N/L,2025-08-04
PRTH,"Priority Techno Holdings Inc","Technology Services","Business Services",673709000,10.93,N/A,3.97%,-47.35%,-6.39,4.17,1534409000,258390000,197610000,79918000,23380000,1.51,66.20%,11.52%,N/L,N/L,N/L,N/L,N/L,2025-08-07
PRTS,"U.S. Auto Parts Netw","Auto - Truck Original Parts",Auto-Tires-Trucks,42701000,0,0.68,-25.32%,-67.30%,0.16,N/A,6301000,-33800000.,-52960000.,58963000,-40600000.,0.93,9.70%,75.30%,N/L,N/L,N/L,N/L,N/L,2025-08-12
PRU,"Prudential Financial Inc","Insurance - Multi Line",Finance,38681280000,8.05,1.22,0.64%,15.80%,0.65,7.68,42263280000,2447000000,2064000000,352000000,2727000000,1.07,0.25%,56.83%,N/L,N/L,N/L,N/L,N/L,2025-07-30
PRVA,"Privia Health Group Inc","Medical Information Systems",Medical,2698833000,193.91,3.55,1.25%,2.13%,0,118.209999,2207683000,35000000,27730000,122730000,14390000,0.8,10.70%,94.48%,N/L,N/L,N/L,N/L,N/L,2025-08-07
PSA,"Public Storage","REIT - Equity Trust Other",Finance,51532300000,17.06,9.81,9.09%,34.06%,1.1,15.71,64787912000,4468380000,3338610000,175453000,2072010000,0.86,11.10%,78.79%,N/L,N/L,N/L,N/L,N/L,2025-07-30
PSEC,"Prospect Capital Corp","Finance - Investment Mgmt",Finance,1279334000,3.34,0.39,5.83%,12.43%,0.42,2.2,5058044000,367220000,362720000,445761000,262830000,0.85,28.25%,9.06%,N/L,N/L,N/L,N/L,N/L,2025-08-26
PSFE,"Paysafe Ltd","Financial Transaction Services","Business Services",848014000,9.9,0.98,1.71%,9.64%,3.15,2.1,1902794000,643220000,368460000,59888000,22160000,1.78,N/A,54.39%,N/L,N/L,N/L,N/L,N/L,2025-08-12
PSIX,"Power Solutns Itl Cmn","Engines - Internal Combustion",Auto-Tires-Trucks,2101718000,17.02,13.98,30.25%,136.57%,0,26.92,2043318000,109810000,104100000,23030000,69280000,1.47,0.96%,22.28%,N/L,N/L,N/L,N/L,N/L,2025-08-11
PSKY,"Paramount Skydance Corporation Cl B","Media Conglomerates","Consumer Discretionary",10787600000,14.19,0.63,1.68%,4.51%,0.85,0.7,22627600000,16061000000,1781000000,674225000,-6190000000.,1.17,0.43%,73.00%,N/L,N/L,N/L,N/L,N/L,N/A
PSMT,"Pricesmart Inc","Retail - Discount",Retail-Wholesale,3405697000,22.69,2.72,6.97%,12.46%,0.1,14.88,3417307000,311570000,228960000,30754000,138880000,0.77,17.10%,80.46%,N/L,N/L,N/L,N/L,N/L,2025-07-10
PSN,"Parsons Corp","Technology Services","Business Services",8524296000,27.4,3.2,5.66%,12.36%,0.47,20.309999,8854846000,526740000,419690000,106794000,235050000,0.58,1.14%,98.02%,N/L,N/L,N/L,N/L,N/L,2025-08-06
PSNL,"Personalis Inc","Medical - Generic Drugs",Medical,428310000,0,2.17,-35.05%,-47.57%,0,N/A,336890000,-63720000.,-71990000.,88677000,-81280000.,1.86,3.80%,61.91%,N/L,N/L,N/L,N/L,N/L,2025-08-05
PSNY,"Gores Guggenheim Inc Unit Cl A","Auto - Foreign",Auto-Tires-Trucks,2327379000,0,N/A,0.00%,0.00%,-0.75,N/A,4088139000,-1424250000.,-1479970000.,2135210000,-2049900000.,1.41,0.02%,1.02%,N/L,N/L,N/L,N/L,N/L,2025-08-08
PSO,"Pearson Plc ADR","Media Conglomerates","Consumer Discretionary",9647730000,0,2,0.00%,0.00%,0.41,11.79,10834900000,989100000,0,648805000,554610000,0.58,0.14%,2.14%,N/L,N/L,N/L,N/L,N/L,2025-02-28
PSQH,"Psq Holdings Inc","Internet Commerce",Retail-Wholesale,70808000,0,3.21,-71.40%,-224.55%,0.18,N/A,38268000,-37600000.,-41590000.,42914000,-57690000.,-0.02,22.06%,17.32%,N/L,N/L,N/L,N/L,N/L,2025-08-12
PSTG,"Pure Storage Inc","Computer - Storage Devices","Computers and Technology",19064112000,103.2,14.6,4.91%,13.98%,0.08,63.5,18440532000,222520000,95870000,326832000,106740000,1.07,5.60%,83.42%,N/L,N/L,N/L,N/L,N/L,2025-08-27
PSTL,"Postal Realty Trust Cl A","REIT - Equity Trust Other",Finance,380990000,11.67,1.13,1.73%,3.56%,1.01,13.53,675900000,71710000,51940000,24580000,6600000,0.84,13.70%,57.89%,N/L,N/L,N/L,N/L,N/L,2025-08-04
PSX,"Phillips 66","Oil - Refining and Marketing",Oils-Energy,52511876000,36.93,1.76,1.90%,4.87%,0.73,10.27,70835872000,7392000000,4989000000,404124000,2117000000,1.09,0.22%,76.93%,N/L,N/L,N/L,N/L,N/L,2025-07-25
PTC,"Ptc Inc","Computer - Software","Computers and Technology",25761482000,44.9,7.23,9.18%,17.09%,0.35,43.68,27244252000,929100000,787690000,119793000,376330000,1.17,0.32%,95.14%,N/L,N/L,N/L,N/L,N/L,2025-07-30
PTCT,"Ptc Therapeutics","Medical - Biomedical",Medical,4017180000,6.45,N/A,30.61%,-106.31%,-11.53,N/A,5604660000,1116170000,892290000,79438000,-363300000.,0.54,5.50%,N/A,N/L,N/L,N/L,N/L,N/L,2025-08-07
PTEN,"Patterson-Uti Energy","Oil & Gas - Drilling",Oils-Energy,2237820000,0,0.62,-1.16%,-1.94%,0.36,1.01,3222690000,3030840000,973730000,385167000,-968030000.,1.3,2.40%,97.91%,N/L,N/L,N/L,N/L,N/L,2025-07-23
PTGX,"Protagonist Therapeutics Inc","Medical - Biomedical",Medical,3575888000,80.06,5.21,7.41%,8.12%,0,12.41,3478638000,18000000,23980000,62211000,275190000,2.33,4.90%,98.63%,N/L,N/L,N/L,N/L,N/L,2025-08-05
PTLO,"Portillo's Inc","Retail - Restaurants",Retail-Wholesale,549287000,15.84,1.1,2.03%,6.25%,0.51,9.2,813077000,113330000,85160000,75348000,29520000,1.81,6.14%,98.34%,N/L,N/L,N/L,N/L,N/L,2025-08-05
PTMN,"Portman Ridge Finance Corp","Finance - Investment Mgmt",Finance,161866000,5.5,0.68,4.54%,11.49%,1.54,4.41,387056000,39840000,38610000,13192000,-5930000.,0.6,2.11%,30.14%,N/L,N/L,N/L,N/L,N/L,2025-08-07
PTNTD,"Palatin Technologies Inc","Medical - Biomedical",Medical,9159000,0,N/A,-426.71%,0.00%,0,N/A,-371000.,-23180000.,-23520000.,973000,-29740000.,0.84,10.50%,11.50%,N/L,N/L,N/L,N/L,N/L,2025-10-07
PTON,"Peloton Interactive Inc","Leisure & Recreational Prdcts","Consumer Discretionary",3225413000,0,N/A,-5.63%,0.00%,-2.79,N/A,3341313000,62600000,-36200000.,407764000,-118900000.,2.08,1.34%,77.01%,N/L,N/L,N/L,N/L,N/L,2025-08-07
PUBM,"Pubmatic Inc Cl A","Internet - Software","Computers and Technology",440140000,0,1.7,-0.25%,-0.64%,0,7.07,339690000,41430000,-3920000.,48527000,12500000,1.54,26.42%,64.26%,N/L,N/L,N/L,N/L,N/L,2025-08-11
PUK,"Prudential Public Ltd Company ADR","Insurance - Multi Line",Finance,34859612000,0,1.92,0.00%,0.00%,0.25,14.68,33809612000,8117000000,0,1288234000,2285000000,1.06,0.07%,1.90%,N/L,N/L,N/L,N/L,N/L,2025-03-19
PUMP,"Propetro Holding Corp","Oil - Field Services",Oils-Energy,511523000,35.38,0.58,1.22%,1.84%,0.07,1.79,506083000,263010000,27210000,103968000,-137860000.,1.18,1.60%,84.70%,N/L,N/L,N/L,N/L,N/L,2025-07-30
PVBC,"Provident Bancorp CS","Banks - Northeast",Finance,228880000,19.98,0.94,0.67%,4.56%,0.04,26.35,210900000,20270000,19070000,17784000,7270000,0.32,4.64%,74.61%,N/L,N/L,N/L,N/L,N/L,2025-08-04
PVH,"Phillips-Van Heusen Corp","Textile - Apparel","Consumer Staples",3839591000,6.58,0.79,5.80%,12.66%,0.48,4.49,5182291000,1015300000,733100000,48073000,598500000,1.84,1.20%,97.25%,N/L,N/L,N/L,N/L,N/L,2025-08-26
PVL,"Permianville Royalty Trust","Oil - US Royalty Trusts",Oils-Energy,65340000,19.5,1.57,7.13%,7.18%,0,22.799999,63150000,9410000,9410000,33000000,5140000,0.46,N/A,6.78%,N/L,N/L,N/L,N/L,N/L,2025-08-13
PVLA,"Palvella Therapeutics Inc","Medical - Biomedical",Medical,590825000,0,11.87,-43.34%,-62.30%,0,N/A,507225000,-19790000.,-21690000.,11060000,-17430000.,-0.01,20.50%,40.11%,N/L,N/L,N/L,N/L,N/L,2025-08-14
PWP,"Perella Weinberg Partners","Finance - Misc Services",Finance,1959529000,21.74,N/A,12.99%,-26.14%,0,14.69,2277900000,118500000,98120000,87479000,-64730000.,1.66,31.82%,41.07%,N/L,N/L,N/L,N/L,N/L,2025-08-01
PWR,"Quanta Services","Engineering & R&D Services","Industrial Products",56598436000,41.56,7.16,7.15%,18.41%,0.6,28.27,60018916000,2684530000,1942210000,149006000,904820000,1.1,1.10%,90.49%,N/L,N/L,N/L,N/L,N/L,2025-07-31
PX,"P10 Inc Cl A","Finance - Misc Services",Finance,1400919000,12.62,3.53,13.15%,30.11%,0.96,9.27,1652579000,114360000,84840000,109876000,18700000,0.84,11.54%,48.05%,N/L,N/L,N/L,N/L,N/L,2025-08-07
PXLW,"Pixelworks Inc","Electronics - Semiconductors","Computers and Technology",44523000,0,96.110001,-43.46%,-300.58%,0.51,N/A,48653000,-26740000.,-30520000.,5335000,-28720000.,1.52,5.30%,21.37%,N/L,N/L,N/L,N/L,N/L,2025-08-12
PYPL,"Paypal Holdings","Financial Transaction Services","Business Services",66780924000,13.19,3.19,6.30%,25.35%,0.56,12.08,70098928000,6563000000,5866000000,955378000,4147000000,1.42,0.08%,68.32%,N/L,N/L,N/L,N/L,N/L,2025-07-29
PYXS,"Pyxis Oncology Inc","Medical - Drugs",Medical,83104000,0,0.93,-52.14%,-68.55%,0,N/A,62154000,-88650000.,-85520000.,62018000,-77330000.,1.13,10.60%,39.09%,N/L,N/L,N/L,N/L,N/L,2025-08-13
PZZA,"Papa John's Intl","Retail - Restaurants",Retail-Wholesale,1516368000,24.22,N/A,6.78%,-14.42%,-1.74,9.9,2220958000,45240000,-24170000.,32758000,83490000,1.13,1.30%,N/A,N/L,N/L,N/L,N/L,N/L,2025-08-07
QBTS,"D-Wave Quantum Inc","Internet - Software","Computers and Technology",5314960000,0,7.25,-79.38%,-118.87%,0.05,N/A,5167460000,-76730000.,-78660000.,342018000,-143880000.,1.41,3.20%,42.47%,N/L,N/L,N/L,N/L,N/L,2025-08-07
QCOM,"Qualcomm Inc","Electronics - Semiconductors","Computers and Technology",170492784000,15.79,6.11,19.74%,40.35%,0.54,15.23,177277792000,13732000000,12019000000,1079000000,10142000000,1.23,0.08%,74.35%,N/L,N/L,N/L,N/L,N/L,2025-07-30
QCRH,"Qcr Holdings Inc","Banks - Midwest",Finance,1337740000,10.82,1.22,1.30%,11.71%,0.48,9.26,1643150000,173870000,155700000,16942000,113850000,0.83,3.70%,70.01%,N/L,N/L,N/L,N/L,N/L,2025-07-23
QD,"Qudian Inc ADR","Technology Services","Business Services",796212000,10.95,0.49,4.21%,4.65%,0.06,50.77,203762000,-46120000.,-49200000.,168689000,12570000,0.69,25.70%,8.10%,N/L,N/L,N/L,N/L,N/L,2025-09-05
QDEL,"Quidelortho Corp","Medical Products",Medical,1894410000,10.97,0.62,2.43%,5.29%,0.93,0.72,4279210000,2316900000,40900000,67900000,-2052000000.,-0.04,0.79%,99.00%,N/L,N/L,N/L,N/L,N/L,2025-08-05
QFIN,"Qfin Holdings Inc ADR","Finance - Misc Services",Finance,4956929000,4.33,1.44,13.78%,30.74%,0.05,5.57,4212219000,1041670000,841470000,157613000,858210000,0.39,17.10%,74.81%,N/L,N/L,N/L,N/L,N/L,2025-08-14
QGEN,"Qiagen N.V.","Medical - Biomedical",Medical,11056755000,20.94,3.12,8.87%,14.77%,0.41,15.33,11784745000,690150000,468450000,222291000,83590000,0.64,9.00%,70.00%,N/L,N/L,N/L,N/L,N/L,2025-08-05
QIPT,"Quipt Home Medical Corp","Medical Products",Medical,93405000,0,0.9,-4.23%,-9.78%,0.74,2.09,157885000,100010000,49450000,43444000,-6760000.,0.59,13.40%,42.85%,N/L,N/L,N/L,N/L,N/L,2025-08-11
QLYS,"Qualys Inc",Security,"Computers and Technology",4856356000,26.88,9.28,18.54%,37.20%,0,25.77,4624176000,209310000,197530000,36096000,173680000,0.56,0.88%,99.31%,N/L,N/L,N/L,N/L,N/L,2025-08-05
QNCX,"Quince Therapeutics Inc","Medical - Biomedical",Medical,87554000,0,7.36,-42.47%,-187.49%,1.45,N/A,95664000,-28190000.,-43160000.,53714000,-56830000.,1.02,20.30%,30.75%,N/L,N/L,N/L,N/L,N/L,2025-08-12
QNST,"Quinstreet Inc","Internet Services - Delivery","Computers and Technology",879222000,83.72,3.49,2.54%,4.56%,0,16.610001,778142000,30700000,6190000,56469000,4710000,0.71,5.00%,97.83%,N/L,N/L,N/L,N/L,N/L,2025-08-07
QRHC,"Quest Resource","Waste Removal Svcs","Business Services",34796000,0,0.77,-3.98%,-13.12%,1.62,3.06,110666000,8480000,-2870000.,20712000,-15060000.,0.45,22.91%,48.16%,N/L,N/L,N/L,N/L,N/L,2025-08-11
QRVO,"Qorvo Inc","Semi Radio Frequency","Computers and Technology",8612188000,19.53,2.4,7.05%,12.63%,0.45,9.4,9140228000,802990000,313580000,92654000,55620000,1.35,0.41%,88.57%,N/L,N/L,N/L,N/L,N/L,2025-07-29
QS,"Quantumscape Corp","Auto - Truck Original Parts",Auto-Tires-Trucks,4618739000,0,4.35,-36.91%,-42.11%,0,N/A,4477869000,-469540000.,-506020000.,566022000,-477860000.,4.43,5.48%,29.87%,N/L,N/L,N/L,N/L,N/L,2025-07-23
QSI,"Quantum-Si Inc","Electronics - Semiconductors","Computers and Technology",230844000,0,0.93,-39.45%,-44.57%,0,N/A,181604000,-117810000.,-114000000.,202495000,-101010000.,2.87,30.04%,39.90%,N/L,N/L,N/L,N/L,N/L,2025-08-05
QSR,"Restaurant Brands International","Retail - Restaurants",Retail-Wholesale,20782648000,18.6,4.11,5.83%,29.54%,2.68,11.47,33125648000,2405000000,2116000000,327802000,1021000000,0.58,1.25%,82.29%,N/L,N/L,N/L,N/L,N/L,2025-08-07
QTRX,"Quanterix Corp","Medical Products",Medical,224431000,0,0.83,-14.80%,-18.41%,0,N/A,167721000,-82550000.,-89010000.,46466000,-38530000.,1.07,6.90%,86.48%,N/L,N/L,N/L,N/L,N/L,2025-08-07
QTWO,"Q2 Holdings Inc","Internet - Software","Computers and Technology",4965388000,124,8.08,3.06%,7.57%,0.84,42.849998,4794928000,101740000,5110000,62442000,-38540000.,1.47,0.31%,N/A,N/L,N/L,N/L,N/L,N/L,2025-07-30
QUAD,"Quad Graphics Inc","Printing - Commercial","Industrial Products",330093000,6.41,3.57,3.73%,70.06%,5.21,2.19,677993000,240100000,136000000,50473000,-50900000.,1.43,13.66%,39.52%,N/L,N/L,N/L,N/L,N/L,2025-07-29
QUBT,"Quantum Computing Inc","Internet - Software","Computers and Technology",2530948000,0,N/A,0.00%,0.00%,0,N/A,2530948000,0,0,159883000,-68542000.,4.09,19.30%,4.26%,N/L,N/L,N/L,N/L,N/L,2025-08-14
QUIK,"Quicklogic Corp","Electronics - Semiconductors","Computers and Technology",92813000,0,3.16,-13.58%,-27.35%,0.57,1980.060059,90133000,-2710000.,-6590000.,16427000,-3840000.,0.63,1.50%,31.54%,N/L,N/L,N/L,N/L,N/L,2025-08-12
QURE,"Uniqure N.V.","Medical - Biomedical",Medical,861412000,0,N/A,-33.27%,"-1,010.74%",-12.96,N/A,753802000,-156620000.,-169260000.,54867000,-239560000.,0.11,4.79%,78.83%,N/L,N/L,N/L,N/L,N/L,2025-07-29
QVCGA,"Qvc Group Inc Series A","Internet Commerce",Retail-Wholesale,38162000,0,N/A,-13.21%,0.00%,-1.7,N/A,5373162000,-2599000000.,-2982000000.,8068000,-1290000000.,2.83,12.35%,64.10%,N/L,N/L,N/L,N/L,N/L,2025-08-07
QXO,"Qxo Inc","Technology Services","Business Services",13733828000,376.4,1.23,1.49%,2.15%,0.33,241.860001,9163948000,-159460000.,-160580000.,673557000,27970000,2.34,51.30%,58.68%,N/L,N/L,N/L,N/L,N/L,2025-08-14
R,"Ryder System","Transportation - Equip & Lease",Transportation,7612009000,14.24,2.39,3.31%,17.83%,2.51,3.2,15237009000,2924000000,1070000000,40791000,489000000,1,5.20%,87.47%,N/L,N/L,N/L,N/L,N/L,2025-07-24
RACE,"Ferrari N.V.","Auto - Truck Original Parts",Auto-Tires-Trucks,114164400000,48.2,28.110001,16.72%,45.41%,0.89,47.790001,115906232000,2932180000,2210660000,242377000,1646820000,1.09,N/A,0.00%,N/L,N/L,N/L,N/L,N/L,2025-07-31
RAIL,"Freightcar America","Transportation - Equip & Lease",Transportation,171760000,22.41,N/A,6.92%,-14.89%,-1.29,5.17,235730000,37640000,31880000,19127000,-75820000.,1.85,28.70%,31.96%,N/L,N/L,N/L,N/L,N/L,2025-08-04
RAL,"Ralliant Corporation","Technology Services","Business Services",4932331000,0,1.56,0.00%,0.00%,0.38,N/A,4932331000,164100000,164100000,112739000,303000000,N/A,N/A,N/A,N/L,N/L,N/L,N/L,N/L,2025-08-11
RAMP,"Liveramp Holdings Inc","Technology Services","Business Services",1831036000,84.09,1.85,1.69%,2.21%,0,73.260002,1417106000,35080000,17870000,65605000,-810000.,1,3.31%,93.83%,N/L,N/L,N/L,N/L,N/L,2025-08-06
RANI,"Rani Therapeutics Holdings Inc Cl A","Medical - Biomedical",Medical,44875000,0,N/A,-97.97%,"-1,258.76%",-3.91,N/A,65725000,-48590000.,-48600000.,71869000,-30020000.,-0.02,45.08%,30.19%,N/L,N/L,N/L,N/L,N/L,2025-08-05
RAPP,"Rapport Therapeutics Inc","Medical - Biomedical",Medical,539076000,0,2.07,-28.64%,-29.99%,0,N/A,482166000,-104140000.,-101770000.,36498000,-78310000.,0.62,13.57%,N/A,N/L,N/L,N/L,N/L,N/L,2025-08-14
RAPT,"Rapt Therapeutics Inc","Medical - Biomedical",Medical,187127000,0,1.08,-59.59%,-67.92%,0,N/A,17387000,-114680000.,-113070000.,16538000,-129870000.,0.01,2.36%,99.09%,N/L,N/L,N/L,N/L,N/L,2025-08-14
RARE,"Ultragenyx Pharmaceu","Medical - Biomedical",Medical,2869958000,0,18.450001,-37.66%,-237.48%,0,N/A,2703228000,-482180000.,-505100000.,96372000,-569180000.,0.25,5.50%,97.67%,N/L,N/L,N/L,N/L,N/L,2025-08-05
RAVE,"Rave Restaurant Group","Retail - Restaurants",Retail-Wholesale,47610000,16.58,3.47,17.11%,20.59%,0,15.06,44720000,3840000,3260000,14212000,2470000,0.21,27.70%,15.12%,N/L,N/L,N/L,N/L,N/L,2025-09-25
RBA,"Rb Global Inc","Financial Transaction Services","Business Services",21590592000,47.22,3.93,4.18%,9.42%,0.49,21.120001,24017692000,1795900000,1197100000,185534000,413100000,0.75,4.32%,95.37%,N/L,N/L,N/L,N/L,N/L,2025-08-06
RBBN,"Ribbon Communications Inc","Communication Network Software","Computers and Technology",703016000,24.93,1.79,2.41%,7.08%,0.91,7.09,949396000,102850000,41800000,177082000,-54240000.,1.33,1.72%,70.92%,N/L,N/L,N/L,N/L,N/L,2025-07-23
RBC,"RBC Bearings Inc","Machinery - General Industrial","Industrial Products",12674434000,40.76,3.96,6.44%,10.14%,0.29,29.469999,13557734000,495900000,373500000,31563000,246200000,1.71,1.90%,N/A,N/L,N/L,N/L,N/L,N/L,2025-08-01
RBLX,"Roblox Corp Cl A",Gaming,"Consumer Discretionary",75804280000,0,219.399994,-13.06%,-372.96%,2.94,N/A,76098968000,-955240000.,-1100210000.,645033000,-935380000.,1.63,12.92%,94.46%,N/L,N/L,N/L,N/L,N/L,2025-07-31
RBRK,"Rubrik Inc Cl A","Internet - Software","Computers and Technology",17176372000,0,N/A,-38.72%,0.00%,-0.58,N/A,17312382000,-383120000.,-502290000.,193493000,-1154820000.,0.45,32.38%,49.54%,N/L,N/L,N/L,N/L,N/L,2025-09-09
RC,"Ready Capital Corp","REIT - Mortgage Trusts",Finance,660595000,10.91,0.35,0.72%,3.76%,2.53,2.67,3974265000,800580000,748040000,164327000,-435760000.,1.47,1.10%,55.87%,N/L,N/L,N/L,N/L,N/L,2025-08-07
RCAT,"Red Cat Holdings Inc","Technology Services","Business Services",979682000,0,9.37,-55.72%,-73.89%,0,N/A,970882000,-32830000.,-34250000.,99764000,-24052629.,1.44,15.30%,37.97%,N/L,N/L,N/L,N/L,N/L,2025-05-14
RCEL,"Avita Medical Inc","Medical - Drugs",Medical,129901000,0,N/A,-71.52%,-632.63%,-3.28,N/A,158101000,-46520000.,-47650000.,26619000,-61850000.,1.63,2.80%,27.66%,N/L,N/L,N/L,N/L,N/L,2025-08-07
RCI,"Rogers Communication","Diversified Comm Services",Utilities,19175888000,9.92,1.48,3.72%,21.59%,2.38,3.53,51255708000,16149340000,12734610000,538044000,1265470000,0.77,29.00%,45.49%,N/L,N/L,N/L,N/L,N/L,2025-07-23
RCKT,"Rocket Pharmaceuticals Inc","Medical - Biomedical",Medical,392771000,0,1.12,-55.99%,-65.11%,0,N/A,229131000,-258270000.,-267650000.,107904000,-258750000.,0.65,24.76%,98.39%,N/L,N/L,N/L,N/L,N/L,2025-08-11
RCL,"Royal Caribbean Cruises Ltd","Leisure & Recreation Services","Consumer Discretionary",93622016000,23.35,9.43,10.19%,47.15%,2.03,17.709999,113310016000,7882000000,6184000000,271628000,2878000000,2.22,6.95%,87.53%,N/L,N/L,N/L,N/L,N/L,2025-07-29
RCON,"Recon Technology Ltd","Oil Field Machinery & Equip",Oils-Energy,20769000,0,0.31,0.00%,0.00%,0.07,N/A,9989000,-9470000.,0,7988000,-6860000.,1.77,27.97%,9.47%,N/L,N/L,N/L,N/L,N/L,2025-01-29
RCUS,"Arcus Biosciences Inc","Medical - Biomedical",Medical,1120718000,0,2.02,-25.73%,-55.96%,0.18,N/A,1018718000,-353000000.,-338000000.,106431000,-283000000.,0.89,9.60%,92.89%,N/L,N/L,N/L,N/L,N/L,2025-08-06
RDDT,"Reddit Inc Cl A","Internet - Software","Computers and Technology",40670872000,198.77,17.139999,9.04%,9.93%,0,N/A,40108780000,146970000,131330000,187156000,-484280000.,2.3,34.25%,N/A,N/L,N/L,N/L,N/L,N/L,2025-07-31
RDI,"Reading Intl Cl A","Leisure & Recreation Services","Consumer Discretionary",32343000,0,N/A,-3.58%,0.00%,-20.43,N/A,219083000,41350000,8160000,22476000,-35300000.,1.37,25.66%,44.70%,N/L,N/L,N/L,N/L,N/L,2025-08-13
RDN,"Radian Group Inc","Insurance - Multi Line",Finance,4805766000,8.41,1.04,6.88%,13.25%,0.71,7.05,7071456000,927000000,848250000,135450000,604440000,0.74,2.01%,95.33%,N/L,N/L,N/L,N/L,N/L,2025-07-30
RDNT,"Radnet Inc","Medical - Outpatient & Hm Care",Medical,5391811000,190.58,4.37,0.82%,2.41%,0.91,19.700001,5643361000,418520000,207680000,76916000,2790000,1.43,5.60%,77.90%,N/L,N/L,N/L,N/L,N/L,2025-08-10
RDNW,"Ridenow Group Inc","Auto - Domestic",Auto-Tires-Trucks,143972000,0,N/A,-4.77%,-101.83%,-0.09,5.27,86372000,63800000,1000000,37788000,-78600000.,1.27,54.74%,66.14%,N/L,N/L,N/L,N/L,N/L,N/A
RDVT,"Red Violet Inc","Internet Software Services","Computers and Technology",666331000,73.07,6.57,9.05%,9.89%,0,36.119999,629831000,29500000,19940000,13978000,7000000,1.82,8.90%,63.56%,N/L,N/L,N/L,N/L,N/L,2025-08-06
RDW,"Redwire Corp","Aerospace - Defense",Aerospace,1310764000,0,1.37,-7.53%,-32.67%,0.21,N/A,1524234000,-125150000.,-137700000.,144040000,-114320000.,2.52,2.60%,8.10%,N/L,N/L,N/L,N/L,N/L,2025-08-06
RDWR,"Radware Ltd","Internet - Software","Computers and Technology",1073578000,51.79,2.79,3.50%,6.11%,0,44.369999,974868000,17190000,5350000,42687000,6040000,0.97,21.58%,73.12%,N/L,N/L,N/L,N/L,N/L,2025-07-30
RDY,"Dr. Reddy's Laboratories Ltd ADR","Medical - Generic Drugs",Medical,12114370000,21.85,2.92,11.63%,17.25%,0.14,13.97,12489370000,1032010000,832010000,834898000,663000000,0.29,2.00%,3.85%,N/L,N/L,N/L,N/L,N/L,2025-07-25
REAL,"The Realreal Inc","Consumer Prdts - Misc Discr","Consumer Discretionary",876954000,0,N/A,-8.90%,0.00%,-0.41,N/A,865864000,8020000,-42400000.,115237000,-134200000.,2.48,9.00%,64.73%,N/L,N/L,N/L,N/L,N/L,2025-08-07
REAX,"Real Brokerage Inc","Technology Services","Business Services",915601000,0,18.01,-11.56%,-35.33%,0,N/A,868131000,-11000000.,-12400000.,197754000,-26540000.,1.02,38.21%,53.28%,N/L,N/L,N/L,N/L,N/L,2025-08-07
REE,"Ree Automotive Ltd Cl A","Auto - Truck Original Parts",Auto-Tires-Trucks,15917000,0,0.67,0.00%,0.00%,0.78,N/A,-38333000.,-75470000.,-79130000.,22259000,-111750000.,2.67,6.00%,12.74%,N/L,N/L,N/L,N/L,N/L,2025-09-25
REFI,"Chicago Atlantic Real Estate Finance Inc","Finance - Misc Services",Finance,303902000,7.66,0.95,9.03%,12.32%,0,7.75,303902000,36600000,38040000,21075000,37050000,0.23,8.30%,25.48%,N/L,N/L,N/L,N/L,N/L,2025-08-07
REFR,"Research Frontiers","Electronics Products - Misc","Computers and Technology",47107000,0,25.540001,-50.27%,-72.81%,0,N/A,45117000,-1650000.,-1910000.,33648000,-1310000.,0.09,6.50%,11.91%,N/L,N/L,N/L,N/L,N/L,2025-08-07
REG,"Regency Centers Corp","REIT - Equity Trust Retail",Finance,13135359000,15.93,1.95,3.22%,6.05%,0.7,16.459999,17707180000,1329130000,944020000,181553000,400390000,1.05,1.00%,96.07%,N/L,N/L,N/L,N/L,N/L,2025-07-29
REGN,"Regeneron Pharmaceuticals","Medical - Biomedical",Medical,62477208000,15.42,2.12,11.77%,15.06%,0.07,13.09,61973408000,4323800000,3840900000,105987000,4412600000,0.33,7.02%,83.31%,N/L,N/L,N/L,N/L,N/L,2025-08-01
REI,"Ring Energy Inc","Oil - US Exploration & Product",Oils-Energy,197643000,3.58,0.21,3.74%,6.26%,0.5,1.09,580773000,302750000,199080000,206545000,67470000,0.8,3.00%,77.14%,N/L,N/L,N/L,N/L,N/L,2025-08-06
REKR,"Rekor Systems Inc","Internet - Software","Computers and Technology",147811000,0,3.67,-61.17%,-146.71%,0.42,N/A,157361000,-21030000.,-31060000.,126334000,-61410000.,2.26,13.10%,45.71%,N/L,N/L,N/L,N/L,N/L,2025-08-12
RELL,"Richardson Electrncs","Electronics - Parts Distrib","Computers and Technology",145355000,43.64,0.88,1.66%,2.07%,0,19.129999,109455000,1540000,-2460000.,14492000,-1140000.,1,32.84%,71.95%,N/L,N/L,N/L,N/L,N/L,2025-10-08
RELX,"Relx Plc ADR","Internet - Content","Computers and Technology",88861240000,0,30.209999,0.00%,0.00%,3.43,23.120001,97071752000,4656670000,0,1834460000,2471460000,0.88,0.03%,15.02%,N/L,N/L,N/L,N/L,N/L,2025-02-13
RELY,"Remitly Global Inc","Financial Transaction Services","Business Services",3927976000,266,4.96,1.51%,2.31%,0,N/A,3562346000,63750000,45700000,206193000,-36980000.,0.12,7.50%,74.25%,N/L,N/L,N/L,N/L,N/L,2025-08-06
RENB,"Renovaro Inc","Medical - Biomedical",Medical,41136000,0,0.42,-47.04%,-60.38%,0,N/A,40916000,35190000,-19760000.,172119000,-80650000.,0.54,0.50%,71.41%,N/L,N/L,N/L,N/L,N/L,2025-10-09
REPL,"Replimune Group Inc","Medical - Biomedical",Medical,442578000,0,1.29,-52.80%,-69.34%,0.14,N/A,377838000,-300140000.,-294690000.,78056000,-247300000.,0.67,5.20%,92.53%,N/L,N/L,N/L,N/L,N/L,2025-08-14
REPX,"Riley Exploration Permian Inc","Oil - US Exploration & Product",Oils-Energy,633487000,5.02,1.08,11.43%,21.80%,0.49,2.98,889857000,286330000,206130000,22042000,88900000,1.49,4.70%,58.91%,N/L,N/L,N/L,N/L,N/L,2025-08-06
RES,"RPC Inc","Oil - Field Services",Oils-Energy,1049890000,15.38,0.9,4.42%,5.65%,0.05,4.28,723910000,338430000,205850000,220565000,91440000,0.88,60.50%,41.06%,N/L,N/L,N/L,N/L,N/L,2025-07-24
REVG,"Rev Group Inc","Transportation - Services",Transportation,2552571000,26.86,6.89,7.73%,23.99%,0.36,26.309999,2612971000,167900000,142500000,48797000,257600000,1.18,1.70%,0.00%,N/L,N/L,N/L,N/L,N/L,2025-09-03
REX,"Rex American Resources Corp",Biofuels,Oils-Energy,986493000,17.74,1.53,8.07%,8.97%,0,12.56,790233000,86110000,64390000,16469000,58170000,0.58,13.91%,88.12%,N/L,N/L,N/L,N/L,N/L,2025-08-27
REXR,"Rexford Industrial Realty Inc","REIT - Equity Trust Other",Finance,9566282000,16.41,1.02,2.47%,3.62%,0.36,16.41,13011952000,939880000,682620000,236672000,273800000,1.1,1.20%,99.52%,N/L,N/L,N/L,N/L,N/L,2025-10-15
REYN,"Reynolds Consumer Products Inc","Consumer Prdts - Misc Discr","Consumer Discretionary",4921605000,14.34,2.26,6.98%,16.00%,0.76,10.08,6470605000,642000000,513000000,210325000,352000000,0.58,0.15%,26.81%,N/L,N/L,N/L,N/L,N/L,2025-07-30
REZI,"Resideo Technologies Inc","Protection - Safety","Industrial Products",5057942000,15.22,2.24,4.08%,12.55%,0.76,10.32,6830942000,845000000,701000000,148763000,116000000,2.16,1.50%,91.71%,N/L,N/L,N/L,N/L,N/L,2025-08-05
RF,"Regions Financial Corp","Banks - Southeast",Finance,23878162000,11.19,1.33,1.39%,13.08%,0.28,10.58,20874162000,3103000000,2959000000,892308000,1893000000,1.01,0.29%,79.39%,N/L,N/L,N/L,N/L,N/L,2025-10-17
RFIL,"RF Industries Ltd","Semi Radio Frequency","Computers and Technology",73978000,111.67,2.09,0.78%,1.63%,0.23,95.650002,81338000,2500000,-150000.,10675000,-6600000.,0.82,18.60%,23.49%,N/L,N/L,N/L,N/L,N/L,2025-09-15
RFL,"Rafael Holdings Inc","Medical - Drugs",Medical,54740000,0,0.55,-21.12%,-24.75%,0.01,N/A,52670000,-16660000.,-16890000.,35090000,-34410000.,0.99,10.20%,11.30%,N/L,N/L,N/L,N/L,N/L,2025-06-13
RGA,"Reinsurance Group of America Inc","Insurance - Life",Finance,12794478000,8.9,1.04,1.15%,12.56%,0.47,9.39,14510478000,1409000000,1577000000,66094000,717000000,0.61,0.64%,95.11%,N/L,N/L,N/L,N/L,N/L,2025-07-31
RGC,"Regencell Bioscience Holdings Ltd","Medical - Biomedical",Medical,6329472000,0,755.659973,0.00%,0.00%,0,N/A,6326512000,-4430000.,0,494490000,-4300000.,2.2,2.00%,0.13%,N/L,N/L,N/L,N/L,N/L,2025-01-24
RGCO,"Rgc Resources Inc","Oil - Refining and Marketing",Oils-Energy,238427000,16.76,1.95,4.17%,12.00%,1.23,10.07,388087000,40730000,30210000,10326000,11760000,0.46,6.60%,35.77%,N/L,N/L,N/L,N/L,N/L,2025-08-12
RGEN,"Repligen Corp","Medical - Biomedical",Medical,7020435000,73.4,3.26,3.24%,4.61%,0,38.509998,6263075000,70300000,-14960000.,56258000,-25510000.,1.05,1.20%,97.64%,N/L,N/L,N/L,N/L,N/L,2025-07-29
RGLD,"Royal Gold Inc","Mining - Gold","Basic Materials",11681052000,27.22,3.47,12.32%,13.30%,0,23.41,11485552000,795730000,651300000,65831000,332020000,0.4,0.49%,83.65%,N/L,N/L,N/L,N/L,N/L,2025-08-06
RGNX,"Regenxbio Inc","Medical - Biomedical",Medical,455131000,0,1.9,-34.14%,-66.95%,0,N/A,397601000,-152530000.,-164600000.,50514000,-227100000.,1.11,12.79%,88.08%,N/L,N/L,N/L,N/L,N/L,2025-08-07
RGP,"Resources Connection Inc",Staffing,"Business Services",166033000,0,0.75,0.23%,0.31%,0,0.76,79883000,207570000,5410000,33340000,-191780000.,0.66,3.39%,93.23%,N/L,N/L,N/L,N/L,N/L,2025-10-07
RGR,"Sturm Ruger & Company","Leisure & Recreational Prdcts","Consumer Discretionary",564215000,19.22,1.9,7.98%,9.53%,0,10.85,554185000,24960000,2900000,16162000,30560000,0.07,4.60%,64.00%,N/L,N/L,N/L,N/L,N/L,2025-07-30
RGTI,"Rigetti Computing Inc","Internet - Software","Computers and Technology",4302587000,0,7.49,-21.76%,-29.05%,0,N/A,4234917000,-73220000.,-77350000.,290323000,-200990000.,1.44,1.90%,35.38%,N/L,N/L,N/L,N/L,N/L,2025-08-12
RH,"Rh Common Stock","Consumer Prdts - Misc Staple","Consumer Staples",4564201000,37.21,N/A,2.60%,-67.71%,-23.04,12.19,7104951000,550440000,323840000,18728000,72410000,2.16,27.00%,90.17%,N/L,N/L,N/L,N/L,N/L,2025-09-11
RHI,"Robert Half Inc",Staffing,"Business Services",3859977000,20.55,2.8,6.27%,13.00%,0,10.89,3322397000,270180000,180860000,101739000,251600000,1.02,3.10%,92.41%,N/L,N/L,N/L,N/L,N/L,2025-07-23
RHP,"Ryman Hospitality Properties REIT","REIT - Equity Trust Other",Finance,6231330000,11.13,6.75,4.82%,41.65%,4.72,10.95,9415450000,978760000,732480000,63000000,271640000,1.62,5.00%,94.48%,N/L,N/L,N/L,N/L,N/L,2025-08-04
RICK,"RCI Hospitality Hold","Leisure & Recreation Services","Consumer Discretionary",330071000,19.5,1.18,2.81%,6.19%,0.9,17.16,535921000,65310000,49310000,8720000,3010000,1.39,9.64%,53.82%,N/L,N/L,N/L,N/L,N/L,2025-08-11
RIG,"Transocean Inc","Oil & Gas - Drilling",Oils-Energy,2867100000,0,0.29,0.24%,0.45%,0.7,3.34,8807100000,262000000,-534000000.,943125000,-512000000.,2.52,12.27%,67.73%,N/L,N/L,N/L,N/L,N/L,2025-08-04
RIGL,"Rigel Pharmaceuticals","Medical - Drugs",Medical,744386000,7.76,9.16,57.03%,438.89%,0.46,38.919998,740046000,106110000,104590000,17937000,17490000,1.21,9.48%,66.23%,N/L,N/L,N/L,N/L,N/L,2025-08-05
RILY,"B. Riley Financl","Auction Valuation Services","Business Services",168038000,0,N/A,0.00%,0.00%,-3.9,9.33,1692949000,-412570000.,-466240000.,30497000,-764270000.,1.45,32.90%,50.20%,N/L,N/L,N/L,N/L,N/L,2025-08-13
RIO,"Rio Tinto Plc ADR","Mining - Misc","Basic Materials",78623040000,0,1.24,0.00%,0.00%,0.36,4.58,82570040000,28027000000,0,1254156000,11552000000,0.64,N/A,19.33%,N/L,N/L,N/L,N/L,N/L,2025-01-15
RIOT,"Riot Platforms Inc","Finance - Misc Services",Finance,4886416000,0,1.38,-2.55%,-3.13%,0.25,13.12,5119736000,564680000,352470000,369623000,109400000,4.61,6.93%,40.27%,N/L,N/L,N/L,N/L,N/L,2025-07-31
RITM,"Rithm Capital Corp","Finance - Misc Services",Finance,6660468000,5.55,0.94,2.83%,18.89%,4.15,5.99,25055268000,2605170000,2692880000,530292000,931500000,1.25,0.44%,44.92%,N/L,N/L,N/L,N/L,N/L,2025-07-28
RIVN,"Rivian Automotive Inc Cl A","Auto - Domestic",Auto-Tires-Trucks,15883851000,0,2.42,-23.67%,-58.07%,0.73,N/A,15030851000,-2568000000.,-3599000000.,1213434000,-4747000000.,1.8,2.16%,66.25%,N/L,N/L,N/L,N/L,N/L,2025-08-05
RJF,"Raymond James Financial","Finance - Investment Brokers",Finance,32952196000,15.46,2.68,2.63%,18.38%,0.32,14.64,22934196000,4420000000,4277000000,199384000,2068000000,1.05,0.54%,83.83%,N/L,N/L,N/L,N/L,N/L,2025-07-23
RKLB,"Rocket Lab Corporation","Aerospace - Defense Equipment",Aerospace,21273820000,0,28.91,-17.98%,-48.14%,0.61,N/A,21404270000,-185530000.,-222280000.,479356000,-190180000.,2.17,11.90%,71.78%,N/L,N/L,N/L,N/L,N/L,2025-08-07
RKT,"Rocket Companies Inc Cl A","Finance - Mortgage & Rel Svs",Finance,40427828000,0,4.72,1.01%,3.18%,2.36,82.730003,49978568000,204050000,91130000,2104520000,29370000,2.28,92.64%,4.59%,N/L,N/L,N/L,N/L,N/L,2025-07-31
RL,"Ralph Lauren Corp","Textile - Apparel","Consumer Staples",17312048000,21.3,6.88,11.86%,33.72%,0.65,17.41,16532148000,1217600000,998000000,60574000,742900000,1.53,38.34%,67.91%,N/L,N/L,N/L,N/L,N/L,2025-08-07
RLAY,"Relay Therapeutics Inc","Medical - Drugs",Medical,636197000,0,0.88,-37.43%,-41.49%,0,N/A,511907000,-349920000.,-343070000.,172411000,-337710000.,1.62,4.87%,96.98%,N/L,N/L,N/L,N/L,N/L,2025-08-07
RLGT,"Radiant Logistics","Transportation - Air Freight",Transportation,302658000,9.29,1.32,8.39%,15.19%,0.07,6.99,277788000,58760000,40180000,47143000,7680000,0.88,24.60%,53.59%,N/L,N/L,N/L,N/L,N/L,2025-09-11
RLI,"Rli Corp","Insurance - Proprty & Casualty",Finance,6295796000,24.21,3.62,4.52%,15.82%,0.06,22.950001,6356006000,418630000,410970000,91829000,345780000,0.66,2.16%,77.89%,N/L,N/L,N/L,N/L,N/L,2025-07-21
RLJ,"Rlj Lodging Trust","REIT - Equity Trust Other",Finance,1166994000,4.84,0.6,1.19%,3.03%,0.99,4.02,3320684000,906110000,693740000,151165000,68020000,1.54,2.60%,92.35%,N/L,N/L,N/L,N/L,N/L,2025-08-07
RLMD,"Relmada Therapeutics Inc","Medical - Drugs",Medical,20811000,0,1.27,-180.41%,-223.17%,0,N/A,16951000,-70530000.,-70530000.,33192000,-79980000.,0.66,20.70%,45.24%,N/L,N/L,N/L,N/L,N/L,2025-08-07
RLX,"Rlx Technology Inc ADR","Consumer Prdts - Misc Discr","Consumer Discretionary",3769899000,37.33,1.57,3.85%,4.05%,0,43.380001,3002109000,8650000,3140000,1570791000,75600000,1.09,53.40%,22.68%,N/L,N/L,N/L,N/L,N/L,2025-08-22
RM,"Regional Managment Corp","Finance - Consumer Loans",Finance,397157000,9.53,1,2.05%,10.91%,4.14,8.57,1733517000,123380000,124920000,9799000,41230000,1.25,10.80%,98.89%,N/L,N/L,N/L,N/L,N/L,2025-07-30
RMAX,"Re/Max Holdings Inc","Real Estate Operations",Finance,185678000,11.19,N/A,4.88%,-51.38%,-10.08,2.83,457228000,95960000,66400000,20030000,7120000,1.17,6.80%,93.17%,N/L,N/L,N/L,N/L,N/L,2025-07-29
RMBS,"Rambus Inc","Electronics - Semiconductors","Computers and Technology",7937210000,36.5,6.17,15.36%,18.38%,0,33.25,7837430000,281500000,238810000,107594000,179820000,1.28,1.00%,88.54%,N/L,N/L,N/L,N/L,N/L,2025-07-28
RMD,"Resmed Inc","Medical Products",Medical,43006480000,30.19,7.08,18.69%,25.62%,0.11,25.74,42455420000,1968480000,1732670000,146415000,1400720000,0.77,0.71%,54.98%,N/L,N/L,N/L,N/L,N/L,2025-07-31
RMNI,"Rimini Street Inc","Internet - Software","Computers and Technology",391351000,12.61,N/A,7.96%,-48.44%,-2.71,8.82,387411000,24780000,15850000,92518000,-36270000.,1.34,41.20%,73.75%,N/L,N/L,N/L,N/L,N/L,2025-07-31
RMR,"The Rmr Grp A","Real Estate Operations",Finance,545933000,12.86,1.25,3.10%,5.01%,0.11,12.55,445443000,65240000,51490000,31870000,23130000,1.15,54.85%,42.31%,N/L,N/L,N/L,N/L,N/L,2025-08-05
RMTI,"Rockwell Medical IN","Medical Products",Medical,39250000,0,1.3,-3.77%,-6.79%,0.28,9.14,32060000,3280000,-1290000.,34430000,-480000.,1.63,3.60%,23.31%,N/L,N/L,N/L,N/L,N/L,2025-08-14
RNA,"Avidity Biosciences Inc","Medical - Biomedical",Medical,5963066000,0,4.82,-30.22%,-33.45%,0,N/A,5743196000,-540450000.,-521780000.,128653000,-322300000.,0.95,3.83%,N/A,N/L,N/L,N/L,N/L,N/L,2025-08-15
RNAC,"Cartesian Therapeutics Inc","Medical - Biomedical",Medical,292002000,0,N/A,-6.36%,0.00%,0,N/A,79392000,-79280000.,-80430000.,26002000,-77420000.,0.44,60.30%,86.95%,N/L,N/L,N/L,N/L,N/L,2025-08-14
RNG,"Ringcentral Inc","Internet Software Services","Computers and Technology",2795062000,26.73,N/A,6.10%,-19.63%,-2.59,5.8,4280833000,455660000,66230000,90543000,-58290000.,1.28,6.97%,98.61%,N/L,N/L,N/L,N/L,N/L,2025-08-05
RNGR,"Ranger Energy Services Inc Cl A","Oil - Field Services",Oils-Energy,296191000,12.95,1.03,6.03%,8.36%,0,4.66,255291000,118900000,74800000,21843000,18400000,0.43,2.80%,68.10%,N/L,N/L,N/L,N/L,N/L,2025-07-28
RNR,"Renaissancere Holdings Ltd","Insurance - Proprty & Casualty",Finance,11668602000,8.56,1.17,2.83%,15.00%,0.21,5.12,19606442000,3285710000,3027250000,47066000,1870360000,0.29,1.30%,99.97%,N/L,N/L,N/L,N/L,N/L,2025-07-23
RNST,"Renasant Corp","Banks - Southeast",Finance,3734246000,13.33,0.93,0.98%,6.67%,0.15,11.94,3072826000,314930000,282650000,95019000,195460000,0.94,2.81%,77.31%,N/L,N/L,N/L,N/L,N/L,2025-07-22
RNW,"Renew Energy Global Plc Cl A","Other Alt Energy",Oils-Energy,2825971000,23.97,1.75,1.14%,8.34%,5.32,9.4,10409970000,674000000,432000000,362769000,45000000,0.89,8.65%,43.56%,N/L,N/L,N/L,N/L,N/L,2025-08-13
ROAD,"Construction Partners Inc Cl A","Building & Construction - Misc",Construction,6764454000,67.43,7.61,3.81%,12.24%,1.68,37.400002,7201294000,263090000,169810000,56090000,68940000,1,16.36%,94.83%,N/L,N/L,N/L,N/L,N/L,2025-08-07
ROCK,"Gibraltar Ind Inc","Building & Construction - Misc",Construction,1938938000,14.03,1.73,9.18%,12.91%,0,11.74,1669458000,172450000,145140000,29512000,137340000,1.32,0.50%,98.39%,N/L,N/L,N/L,N/L,N/L,2025-08-06
ROG,"Rogers Corp","Electronics - Misc Components","Computers and Technology",1441423000,36.47,1.12,2.56%,3.04%,0,13.97,1281623000,-16400000.,-65800000.,18122000,26100000,0.46,1.35%,96.02%,N/L,N/L,N/L,N/L,N/L,2025-07-31
ROIV,"Roivant Sciences Ltd","Medical - Biomedical",Medical,8103288000,0,1.67,-14.95%,-15.90%,0,N/A,5387878000,-1153950000.,-1168020000.,679806000,-171980000.,1.15,10.80%,64.76%,N/L,N/L,N/L,N/L,N/L,2025-08-11
ROK,"Rockwell Automation Inc","Electronics Products - Misc","Computers and Technology",39485692000,35.48,10.52,9.83%,30.14%,0.72,26.85,41883392000,1445500000,1128100000,112434000,952500000,1.39,0.68%,75.75%,N/L,N/L,N/L,N/L,N/L,2025-08-06
ROKU,"Roku Inc","Broadcast - Radio & TV","Consumer Discretionary",13881526000,0,5.15,-1.44%,-2.44%,0,62.939999,11721286000,183480000,-155950000.,147331000,-129390000.,2.05,13.98%,86.30%,N/L,N/L,N/L,N/L,N/L,2025-07-31
ROL,"Rollins Inc","Building - Maint & Service",Construction,28104276000,55.77,19.469999,17.12%,36.96%,0.38,47.419998,28409956000,915770000,802550000,484640000,466380000,0.69,4.47%,51.79%,N/L,N/L,N/L,N/L,N/L,2025-07-23
ROOT,"Root Inc","Insurance - Proprty & Casualty",Finance,1405831000,17.58,5.57,5.27%,38.24%,0.56,30.16,1117631000,135200000,120300000,15447000,30900000,2.25,11.76%,59.82%,N/L,N/L,N/L,N/L,N/L,2025-08-06
ROP,"Roper Industries","IT Services","Computers and Technology",57771504000,27.62,2.89,6.47%,10.83%,0.45,20.17,65206304000,2918000000,2095400000,107614000,1549300000,0.99,0.78%,93.31%,N/L,N/L,N/L,N/L,N/L,2025-07-21
ROST,"Ross Stores Inc","Retail - Discount",Retail-Wholesale,48161204000,23.11,8.54,14.03%,37.85%,0.27,18.93,45645272000,3047730000,2600940000,327071000,2090730000,1.11,2.20%,86.86%,N/L,N/L,N/L,N/L,N/L,2025-08-21
RPAY,"Repay Holdings Corp Cl A","Financial Transaction Services","Business Services",563825000,7.8,0.85,4.31%,8.89%,0.78,2.75,835425000,97050000,-9690000.,99440000,-10160000.,1.64,12.00%,82.73%,N/L,N/L,N/L,N/L,N/L,2025-08-11
RPD,"Rapid7 Inc","Internet - Software","Computers and Technology",1343480000,25.79,14.29,3.54%,149.13%,0,12.17,1008790000,70320000,20980000,64746000,25530000,0.96,2.40%,95.66%,N/L,N/L,N/L,N/L,N/L,2025-08-07
RPM,"RPM International Inc","Chemical - Specialty","Basic Materials",16376928000,23.46,5.53,9.83%,24.94%,0.92,17.99,18721398000,1105140000,899950000,128376000,688690000,1.03,1.60%,80.95%,N/L,N/L,N/L,N/L,N/L,2025-10-01
RPRX,"Royalty Pharma Plc Cl A","Medical - Biomedical",Medical,21180880000,8.27,2.23,14.11%,25.54%,0.84,8.65,27864270000,1860120000,1840560000,583174000,858980000,0.55,18.90%,54.35%,N/L,N/L,N/L,N/L,N/L,2025-08-06
RPT,"Rithm Property Trust Inc","REIT - Equity Trust Resident",Finance,118095000,0,0.48,-0.26%,-1.04%,2.05,N/A,668765000,-2370000.,-7790000.,45421000,-91840000.,1.47,0.34%,58.60%,N/L,N/L,N/L,N/L,N/L,2025-07-24
RPTX,"Repare Therapeutics Inc","Medical - Biomedical",Medical,68305000,0,0.6,-66.85%,-78.25%,0,N/A,-16415000.,-119230000.,-115990000.,42959000,-84690000.,0.93,11.50%,85.09%,N/L,N/L,N/L,N/L,N/L,2025-08-12
RRC,"Range Resources Corp","Oil - US Exploration & Product",Oils-Energy,7943670000,12.67,1.92,8.71%,15.95%,0.29,9.03,9337060000,1401140000,1038260000,238191000,266340000,0.6,1.00%,98.93%,N/L,N/L,N/L,N/L,N/L,2025-07-22
RRGB,"Red Robin Gourmet Burgers Inc","Retail - Restaurants",Retail-Wholesale,111221000,0,N/A,-3.87%,0.00%,-2.07,20.43,253461000,83380000,25650000,17910000,-77540000.,2.5,2.64%,84.04%,N/L,N/L,N/L,N/L,N/L,2025-08-13
RRR,"Red Rock Resorts Inc",Gaming,"Consumer Discretionary",6481428000,20,21.23,4.50%,59.96%,11.45,18.51,9724528000,974280000,787170000,105492000,154050000,1.66,53.81%,47.84%,N/L,N/L,N/L,N/L,N/L,2025-07-29
RRX,"Regal Rexnord Corp","Machinery - General Industrial","Industrial Products",10237526000,15.19,1.42,4.46%,9.73%,0.72,8.4,15301726000,1169100000,644200000,66374000,196200000,1.18,0.82%,99.72%,N/L,N/L,N/L,N/L,N/L,2025-08-05
RS,"Reliance Inc","Mining - Misc","Basic Materials",15491038000,20.33,2.08,7.37%,10.48%,0.2,13.29,16315438000,1559100000,1290400000,52594000,875200000,0.89,0.35%,79.26%,N/L,N/L,N/L,N/L,N/L,2025-07-23
RSG,"Republic Services","Waste Removal Svcs","Business Services",73158456000,34.93,6.1,6.48%,18.27%,1.04,19.32,84935456000,6969900000,5185900000,312216000,2043000000,0.6,0.11%,57.73%,N/L,N/L,N/L,N/L,N/L,2025-07-29
RSI,"Rush Street Interactive Inc",Gaming,"Consumer Discretionary",4791519000,106.16,18.27,8.25%,16.53%,0,113.589996,4558759000,126550000,94350000,228494000,2390000,1.9,56.94%,24.78%,N/L,N/L,N/L,N/L,N/L,2025-07-30
RSKD,"Riskified Ltd Cl A","Internet - Software","Computers and Technology",738337000,0,2.07,-6.43%,-8.27%,0,N/A,367277000,-33330000.,-49000000.,161209000,-34920000.,1.37,17.40%,58.98%,N/L,N/L,N/L,N/L,N/L,2025-08-18
RSVR,"Reservoir Media Inc","Media Conglomerates","Consumer Discretionary",528406000,69.82,1.36,0.90%,2.07%,1.05,14.15,895146000,90410000,62770000,65559000,7750000,0.89,27.00%,44.38%,N/L,N/L,N/L,N/L,N/L,2025-08-05
RTO,"Rentokil Initial Plc ADR","Business Services","Business Services",12327075000,0,2.26,0.00%,0.00%,0.87,9.39,15827235000,1316240000,0,505208000,392320000,0.92,N/A,9.91%,N/L,N/L,N/L,N/L,N/L,2025-04-17
RTX,"Rtx Corp","Aerospace - Defense",Aerospace,209133792000,25.97,3.26,4.93%,12.89%,0.65,17.25,244851792000,12684000000,8320000000,1338542000,4774000000,0.69,0.15%,86.50%,N/L,N/L,N/L,N/L,N/L,2025-07-22
RUM,"Rumble Inc","Internet - Software","Computers and Technology",3352788000,0,10.46,-62.66%,-97.99%,0,N/A,3238768000,-91930000.,-105540000.,434299000,-338360000.,0.72,45.10%,26.15%,N/L,N/L,N/L,N/L,N/L,2025-08-11
RUN,"Sunrun Inc",Solar,Oils-Energy,3737875000,6.38,0.9,2.90%,14.19%,3.63,0.81,15836845000,3254030000,-489010000.,230733000,-2846170000.,2.37,3.37%,91.69%,N/L,N/L,N/L,N/L,N/L,2025-08-06
RUSHA,"Rush Enterprises  Cl A","Retail - Wsale Auto & Trucks",Retail-Wholesale,4583422000,16.02,2.01,6.14%,13.29%,0.19,8.25,4763732000,742360000,506260000,77817000,304150000,0.85,12.28%,84.43%,N/L,N/L,N/L,N/L,N/L,2025-07-30
RVLV,"Revolve Group Inc","Textile - Apparel","Consumer Staples",1605586000,34.18,3.22,6.53%,10.17%,0,27.57,1348986000,63510000,58340000,71296000,49560000,1.98,43.82%,67.60%,N/L,N/L,N/L,N/L,N/L,2025-08-05
RVMD,"Revolution Medicines Inc","Medical - Biomedical",Medical,6918390000,0,3.64,-35.63%,-41.78%,0.13,N/A,6375330000,-930230000.,-897490000.,186933000,-600090000.,1.16,8.20%,94.34%,N/L,N/L,N/L,N/L,N/L,2025-08-06
RVP,"Retractable Technologies","Medical - Dental Suppliers",Medical,24889000,0,0.29,-3.28%,-6.24%,0.01,N/A,22109000,-14600000.,-22170000.,29940000,-11890000.,1.15,57.10%,7.58%,N/L,N/L,N/L,N/L,N/L,2025-08-13
RVPH,"Reviva Pharmaceuticals Hldg Inc","Medical - Drugs",Medical,36620000,0,N/A,-259.17%,0.00%,0,N/A,23140000,-27350000.,-27350000.,68004000,-29920000.,-0.05,27.18%,63.18%,N/L,N/L,N/L,N/L,N/L,2025-08-13
RVSB,"Riverview Bancorp","Finance - Savings & Loan",Finance,107463000,20.46,0.64,0.34%,3.22%,0.81,12.51,183643000,16930000,13600000,20948000,4900000,0.5,3.30%,69.60%,N/L,N/L,N/L,N/L,N/L,2025-07-31
RVTY,"Revvity Inc","Medical Services",Medical,10928272000,18.34,1.4,4.73%,7.66%,0.43,10.53,12915592000,813810000,379890000,116073000,270390000,0.91,0.68%,86.65%,N/L,N/L,N/L,N/L,N/L,2025-07-28
RWAY,"Runway Growth Finance Corp","Finance - SBIC & Commercial",Finance,386435000,6.6,0.79,5.66%,11.86%,1.03,6.53,933015000,56660000,60050000,36217000,73610000,0.7,1.04%,64.61%,N/L,N/L,N/L,N/L,N/L,2025-08-07
RWT,"Redwood Trust","REIT - Mortgage Trusts",Finance,789553000,9.32,0.79,0.49%,8.70%,18.73,7.45,17276652000,-22940000.,-47010000.,129223000,54000000,1.31,2.70%,74.34%,N/L,N/L,N/L,N/L,N/L,2025-07-30
RXO,"Rxo Inc","Transportation - Services",Transportation,2782859000,122.5,1.52,0.57%,1.18%,0.25,22.73,3115859000,129000000,42000000,163987000,-290000000.,1.68,2.80%,92.73%,N/L,N/L,N/L,N/L,N/L,2025-08-07
RXRX,"Recursion Pharmaceuticals Inc Cl A","Medical - Biomedical",Medical,2144711000,0,2.26,-54.29%,-76.09%,0.02,N/A,1566331000,-613230000.,-649720000.,434152000,-463660000.,0.93,8.43%,89.06%,N/L,N/L,N/L,N/L,N/L,2025-08-05
RXST,"Rxsight Inc","Medical Instruments",Medical,379700000,0,1.28,-10.31%,-11.56%,0,N/A,362990000,-47880000.,-42530000.,40916000,-27460000.,1.16,9.57%,78.78%,N/L,N/L,N/L,N/L,N/L,2025-08-07
RXT,"Rackspace Technology Inc","Technology Services","Business Services",313563000,0,N/A,-1.47%,0.00%,-2.54,0.26,3010763000,955800000,-124300000.,239361000,-858200000.,2.06,2.90%,82.48%,N/L,N/L,N/L,N/L,N/L,2025-08-07
RY,"Royal Bank of Canada","Banks - Foreign",Finance,193752416000,14.52,2.24,0.87%,15.75%,0.1,13.06,-137574560000.,38965340000,36775200000,1405225000,11924180000,0.89,N/A,45.31%,N/L,N/L,N/L,N/L,N/L,2025-08-27
RYAAY,"Ryanair Hlds Plc ADR","Transportation - Airline",Transportation,35381616000,15.29,4.11,12.39%,27.91%,0.3,11.41,33928304000,4978410000,3673780000,530300000,1731340000,1.36,N/A,43.66%,N/L,N/L,N/L,N/L,N/L,2025-07-21
RYAM,"Rayonier Advanced Materials Inc","Paper & Related Products","Basic Materials",373196000,0,0.99,-3.68%,-12.11%,2.18,2.34,988296000,123510000,-22220000.,67001000,-38710000.,2.49,4.41%,68.64%,N/L,N/L,N/L,N/L,N/L,2025-08-05
RYAN,"Ryan Specialty Hldgs Inc","Insurance - Brokers",Finance,15569025000,31.32,13.35,5.59%,48.70%,2.94,22.639999,18311684000,925540000,727020000,263703000,94660000,0.64,52.21%,84.82%,N/L,N/L,N/L,N/L,N/L,2025-07-31
RYI,"Ryerson Holding Corp","Metal Products - Distribution","Basic Materials",734137000,0,0.85,-0.57%,-1.72%,0.62,9.7,1172237000,93600000,16000000,32199000,-8600000.,1.56,3.95%,94.81%,N/L,N/L,N/L,N/L,N/L,2025-07-29
RYN,"Rayonier Inc REIT","Building Products - Wood",Construction,4179332000,61.91,1.8,1.91%,3.39%,0.45,18.870001,4997862000,528680000,388430000,154162000,359150000,1,0.87%,89.12%,N/L,N/L,N/L,N/L,N/L,2025-08-06
RYTM,"Rhythm Pharmaceuticals Inc","Medical - Biomedical",Medical,6859193000,0,N/A,-48.33%,"-1,831.43%",0,N/A,6912873000,-175880000.,-177440000.,66420000,-260600000.,2.38,6.10%,N/A,N/L,N/L,N/L,N/L,N/L,2025-08-05
RZLT,"Rezolute Inc","Medical - Biomedical",Medical,608972000,0,5.1,-63.08%,-70.09%,0,N/A,538572000,-79940000.,-77140000.,86996000,-68460000.,0.18,18.39%,82.97%,N/L,N/L,N/L,N/L,N/L,2025-09-18
RZLV,"Rezolve Ai Plc","Technology Services","Business Services",637279000,0,N/A,0.00%,0.00%,-0.74,N/A,656129000,-2840000.,-3070000.,208261000,-172650000.,-0.33,68.71%,27.96%,N/L,N/L,N/L,N/L,N/L,N/A
S,"Sentinelone Inc Cl A",Security,"Computers and Technology",5638945000,0,3.58,-10.89%,-15.95%,0,N/A,5452375000,-226830000.,-336240000.,332485000,-288440000.,0.77,4.33%,90.87%,N/L,N/L,N/L,N/L,N/L,2025-08-28
SA,"Seabridge Gold","Mining - Gold","Basic Materials",1688635000,0,2.27,-3.00%,-4.94%,0.57,N/A,2062835000,-15160000.,-15160000.,102094000,-22800000.,0.64,12.75%,34.85%,N/L,N/L,N/L,N/L,N/L,2025-08-12
SABR,"Sabre Corp","Internet Software Services","Computers and Technology",706180000,0,N/A,-2.26%,0.00%,-2.79,10.31,5038580000,512670000,319750000,394514000,-278760000.,1.47,2.30%,89.42%,N/L,N/L,N/L,N/L,N/L,2025-08-07
SACH,"Sachem Capital Corp","Finance - Misc Services",Finance,58704000,0,0.31,-3.22%,-8.65%,0.23,N/A,115344000,11180000,8350000,47342000,-39570000.,1.1,4.87%,18.07%,N/L,N/L,N/L,N/L,N/L,2025-08-05
SAFE,"Safehold Inc","REIT - Equity Trust Resident",Finance,1163165000,0,0.46,1.61%,4.70%,1.85,8.38,5463485000,326760000,307080000,71756000,105760000,1.83,3.50%,70.38%,N/L,N/L,N/L,N/L,N/L,2025-08-05
SAFT,"Safety Ins Group Inc","Insurance - Proprty & Casualty",Finance,1128072000,15.53,1.26,3.09%,8.34%,0.03,15.33,1099102000,119050000,108870000,14894000,70730000,0.26,2.00%,81.04%,N/L,N/L,N/L,N/L,N/L,2025-08-06
SAH,"Sonic Automotive","Retail - Wsale Auto & Trucks",Retail-Wholesale,2807472000,12.15,2.6,3.83%,21.40%,1.48,8.04,4351472000,662300000,526100000,34150000,216000000,0.99,42.65%,46.92%,N/L,N/L,N/L,N/L,N/L,2025-07-24
SAIA,"Saia Inc","Transportation - Truck",Transportation,8530708000,27.14,3.21,8.88%,12.42%,0.13,13.66,8711528000,836650000,626540000,26636000,362070000,1.99,0.30%,N/A,N/L,N/L,N/L,N/L,N/L,2025-07-25
SAIC,"Science Applications International","IT Services","Computers and Technology",5586793000,12.92,3.68,8.64%,28.68%,1.52,9.62,7750793000,693000000,553000000,46873000,362000000,0.49,0.44%,76.00%,N/L,N/L,N/L,N/L,N/L,2025-09-04
SAIL,"Sailpoint Inc","Internet - Software","Computers and Technology",11410074000,0,1.6,0.00%,0.00%,0,N/A,12313254000,21670000,-253160000.,556589000,-315830000.,N/A,2.00%,N/A,N/L,N/L,N/L,N/L,N/L,2025-09-09
SAM,"Boston Beer Company","Beverages - Alcohol","Consumer Staples",2492689000,19.34,2.67,11.02%,15.15%,0,9.98,2280869000,250670000,114090000,11146000,59700000,0.84,26.10%,81.13%,N/L,N/L,N/L,N/L,N/L,2025-07-24
SAMG,"Silvercrest Ast Cm A","Finance - Investment Mgmt",Finance,210874000,16.35,2.01,7.99%,12.03%,0,11.05,142264000,19450000,15300000,12567000,9540000,0.85,20.40%,47.59%,N/L,N/L,N/L,N/L,N/L,2025-08-01
SAN,"Banco Santander ADR","Banks - Foreign",Finance,145727344000,11,1.15,0.71%,11.98%,0,8.82,345629024000,27583480000,24019040000,14885326000,13606330000,1.06,9.48%,9.19%,N/L,N/L,N/L,N/L,N/L,2025-07-30
SANA,"Sana Biotechnology Inc","Medical - Biomedical",Medical,851345000,0,6.62,-43.07%,-91.96%,0,N/A,723775000,-240850000.,-258240000.,237806000,-266760000.,1.9,30.10%,88.23%,N/L,N/L,N/L,N/L,N/L,2025-08-14
SAND,"Sandstorm Gold Ltd","Mining - Gold","Basic Materials",3218875000,90.17,2.18,1.87%,2.38%,0.22,28.76,3569475000,187390000,90150000,293158000,14290000,0.47,1.54%,51.97%,N/L,N/L,N/L,N/L,N/L,2025-08-07
SANM,"Sanmina Corp","Electronic Manufacturing","Computers and Technology",6153236000,22.57,2.39,5.50%,11.30%,0.12,16.58,5844696000,488120000,365700000,53284000,222540000,1.14,3.22%,92.71%,N/L,N/L,N/L,N/L,N/L,2025-07-28
SAP,"SAP Ag ADR","Computer - Software","Computers and Technology",333059712000,44.5,7.04,9.01%,14.84%,0.23,46.59,335047520000,11216360000,9831270000,1228504000,3380480000,1.27,7.35%,0.00%,N/L,N/L,N/L,N/L,N/L,2025-07-22
SAR,"Saratoga Investment Corp","Finance - SBIC & Commercial",Finance,402788000,7.38,0.99,4.04%,12.71%,0.18,9.35,250568000,34860000,48810000,15952000,28090000,0.64,10.00%,19.09%,N/L,N/L,N/L,N/L,N/L,2025-10-14
SARO,"Standardaero Inc","Aerospace - Defense",Aerospace,9107618000,47.14,3.58,2.98%,8.87%,0.92,25.27,11236468000,644290000,435440000,334470000,10970000,N/A,1.90%,N/A,N/L,N/L,N/L,N/L,N/L,2025-08-13
SATL,"Satellogic Inc Cl A","Satellite Communication","Computers and Technology",365426000,0,N/A,0.00%,0.00%,0,N/A,342936000,-10360000.,-23020000.,104110000,-116270000.,1.44,63.71%,17.58%,N/L,N/L,N/L,N/L,N/L,2025-08-12
SATS,"Echostar Corp","Satellite Communication","Computers and Technology",8522148000,0,0.4,-0.53%,-1.58%,1.34,4.35,30669178000,3323850000,1393660000,287716000,-119550000.,0.94,55.90%,33.62%,N/L,N/L,N/L,N/L,N/L,2025-08-01
SAVA,"Cassava Sciences Inc","Medical - Drugs",Medical,106278000,0,1.18,-53.11%,-66.16%,0,N/A,-22292000.,-128960000.,-130090000.,48308000,-24340000.,-2.05,2.40%,38.05%,N/L,N/L,N/L,N/L,N/L,2025-08-14
SB,"Safe Bulkers Inc","Transportation - Ship",Transportation,443046000,11.41,0.53,3.45%,5.80%,0.68,3.16,895646000,204960000,143870000,102320000,97380000,1.17,40.25%,21.69%,N/L,N/L,N/L,N/L,N/L,2025-07-29
SBAC,"SBA Communications","REIT - Equity Trust Other",Finance,23931556000,16.84,N/A,7.94%,-16.83%,-2.53,22.84,36180936000,1982010000,1691230000,107379000,749540000,0.77,0.92%,97.35%,N/L,N/L,N/L,N/L,N/L,2025-08-04
SBCF,"Seacoast Banking Corp","Banks - Southeast",Finance,2720870000,16.76,1.1,0.95%,6.65%,0.36,16.76,2593020000,251090000,234840000,87855000,120990000,0.98,1.60%,81.77%,N/L,N/L,N/L,N/L,N/L,2025-07-24
SBDS,"Solo Brands Inc Cl A","Internet Commerce",Retail-Wholesale,25836000,0,0.16,-0.83%,-2.36%,1.53,0.8,164546000,-137180000.,-164670000.,2475000,-113360000.,4.83,0.81%,84.48%,N/L,N/L,N/L,N/L,N/L,2025-08-06
SBET,"Sharplink Gaming Inc",Gaming,"Consumer Discretionary",3524255000,0,3.98,-15.81%,-15.93%,0,N/A,3522815000,-106110000.,-106190000.,168867000,10100000,9.63,10.50%,13.75%,N/L,N/L,N/L,N/L,N/L,2025-08-15
SBEV,"Splash Beverage Group Inc","Beverages - Alcohol","Consumer Staples",4073000,0,0.37,-288.85%,0.00%,-0.11,N/A,6223000,-10610000.,-14830000.,2144000,-23760000.,-1.32,8.11%,5.77%,N/L,N/L,N/L,N/L,N/L,2025-08-13
SBGI,"Sinclair Inc","Media Conglomerates","Consumer Discretionary",1000131000,17.41,3.31,0.83%,12.51%,14.01,1.47,4432131000,1122000000,798000000,69647000,310000000,1.28,41.90%,41.71%,N/L,N/L,N/L,N/L,N/L,2025-08-06
SBH,"Sally Beauty Holdings","Retail - Misc & Diversified",Retail-Wholesale,1342684000,7.09,1.74,7.05%,28.11%,1.16,4.63,2217114000,442310000,330130000,98945000,153410000,1.3,1.56%,N/A,N/L,N/L,N/L,N/L,N/L,2025-08-05
SBLK,"Star Bulk Carriers","Transportation - Ship",Transportation,2249086000,18.25,0.93,3.03%,4.97%,0.49,4.97,3069096000,527600000,363540000,117630000,304650000,0.94,0.90%,33.91%,N/L,N/L,N/L,N/L,N/L,2025-08-06
SBRA,"Sabra REIT","REIT - Equity Trust Other",Finance,4687934000,13.26,1.74,3.44%,6.69%,0.91,15.66,7039244000,609180000,439560000,239792000,126710000,0.86,1.20%,99.40%,N/L,N/L,N/L,N/L,N/L,2025-08-04
SBS,"Cia DE Saneamento Basico Do Estado ADR","Utility - Water Supply",Utilities,15003045000,7.16,2.04,13.76%,29.34%,0.77,10.02,19366986000,3298020000,2801770000,683510000,1776050000,0.7,1.00%,10.62%,N/L,N/L,N/L,N/L,N/L,2025-08-11
SBSI,"Southside Bancshares","Banks - Southwest",Finance,938797000,10.5,1.11,1.02%,10.59%,0.31,8.4,741397000,160090000,142360000,30080000,88490000,0.68,6.00%,55.70%,N/L,N/L,N/L,N/L,N/L,2025-07-25
SBSW,"Sibanye Gold Ltd ADR","Mining - Misc","Basic Materials",5894641000,0,2.2,0.00%,0.00%,0.86,10.02,7294471000,845210000,0,707640000,-398420000.,0.68,0.05%,34.93%,N/L,N/L,N/L,N/L,N/L,2025-07-04
SBUX,"Starbucks Corp","Retail - Restaurants",Retail-Wholesale,100461536000,36.9,N/A,8.51%,-36.23%,-2.26,18.75,112743736000,7206800000,5614400000,1136700000,3760900000,1.02,0.09%,72.29%,N/L,N/L,N/L,N/L,N/L,2025-07-29
SCCO,"Southern Copper Corp","Mining - Non Ferrous","Basic Materials",78428792000,20.51,7.5,18.88%,38.08%,0.67,17.440001,81428992000,7583300000,6737400000,804068000,3376800000,1,0.07%,7.94%,N/L,N/L,N/L,N/L,N/L,2025-08-01
SCHL,"Scholastic Corp","Publishing - Books","Consumer Staples",636520000,48.29,0.73,0.67%,1.39%,0.26,5.58,762520000,192300000,81500000,25050000,-1900000.,1.18,8.84%,82.57%,N/L,N/L,N/L,N/L,N/L,2025-09-25
SCHW,"The Charles Schwab Corp","Finance - Investment Brokers",Finance,173952448000,24.2,4.08,1.66%,19.30%,0.41,19.66,125267448000,14387000000,12146000000,1815219000,5942000000,0.96,6.30%,84.38%,N/L,N/L,N/L,N/L,N/L,2025-07-18
SCI,"Service Corp International","Funeral Services & Related","Consumer Staples",11429560000,22.01,7.41,3.05%,32.84%,3.23,13.77,16046090000,1297720000,962250000,140240000,518650000,0.9,4.40%,85.53%,N/L,N/L,N/L,N/L,N/L,2025-07-30
SCL,"Stepan Company","Chemical - Diversified","Basic Materials",1173544000,19.84,0.91,2.42%,4.78%,0.53,6.89,1699314000,190100000,77900000,22616000,50370000,0.98,6.90%,82.70%,N/L,N/L,N/L,N/L,N/L,2025-07-30
SCLX,"Scilex Holding Co.","Medical - Biomedical",Medical,131254000,0,N/A,-109.95%,0.00%,-0.16,N/A,162864000,-88340000.,-92700000.,6956000,-72810000.,1.32,7.94%,69.67%,N/L,N/L,N/L,N/L,N/L,2025-08-12
SCM,"Stellus Capital Investment Cor","Finance - SBIC & Commercial",Finance,412316000,9.75,1.1,4.12%,11.06%,1.7,8.49,985266000,74390000,71820000,28416000,45840000,0.86,3.99%,13.22%,N/L,N/L,N/L,N/L,N/L,2025-08-06
SCPH,"SC Pharmaceuticals Inc","Medical - Biomedical",Medical,258495000,0,N/A,-71.77%,"-1,647.86%",-2.4,N/A,234185000,-66520000.,-66540000.,53298000,-85150000.,0.4,4.78%,89.52%,N/L,N/L,N/L,N/L,N/L,2025-08-07
SCS,"Steelcase Inc","Business Office Products","Business Services",1891576000,14,1.88,6.00%,14.49%,0.46,8.58,1992376000,246800000,166000000,114641000,120700000,1.18,6.75%,92.42%,N/L,N/L,N/L,N/L,N/L,2025-09-17
SCSC,"Scansource Inc","Industrial Services","Industrial Products",1008460000,11.18,0.99,4.87%,9.38%,0.15,7.79,967060000,137580000,109180000,22596000,77060000,1.41,4.20%,97.91%,N/L,N/L,N/L,N/L,N/L,2025-08-21
SCVL,"Shoe Carnival Inc","Retail - Apparel & Shoes",Retail-Wholesale,606859000,8.68,0.88,5.92%,10.43%,0,5.39,498179000,111690000,80620000,27336000,73770000,1.46,35.50%,66.05%,N/L,N/L,N/L,N/L,N/L,2025-09-04
SCYX,"Scynexis Inc","Medical - Drugs",Medical,34211000,0,0.71,-28.21%,-43.04%,0,N/A,17721000,-34810000.,-36540000.,41925000,-21290000.,1.64,4.86%,54.37%,N/L,N/L,N/L,N/L,N/L,2025-08-14
SD,"Sandridge Energy Inc","Oil - US Integrated",Oils-Energy,432203000,9.22,0.88,7.96%,10.05%,0,6.4,332693000,122430000,89950000,36752000,62990000,0.95,1.50%,61.84%,N/L,N/L,N/L,N/L,N/L,2025-08-06
SDCCQ,"Smiledirectclub Inc","Medical - Dental Suppliers",Medical,40000,0,N/A,0.00%,0.00%,-1.76,N/A,756300000,-159360000.,-239650000.,402230000,-86400000.,1.47,64.70%,0.07%,N/L,N/L,N/L,N/L,N/L,2024-10-01
SDGR,"Schrodinger Inc","Medical Information Systems",Medical,1495306000,0,4.2,-24.81%,-45.70%,0,N/A,1332646000,-186760000.,-192920000.,73606000,-187120000.,1.67,21.00%,79.05%,N/L,N/L,N/L,N/L,N/L,2025-08-06
SDRL,"Seadrill 2021 Ltd","Oil & Gas - Drilling",Oils-Energy,1951998000,44.77,0.63,1.12%,1.58%,0.21,5.64,2056998000,434000000,266000000,62225000,446000000,1.61,0.20%,95.67%,N/L,N/L,N/L,N/L,N/L,2025-08-06
SE,"Sea Ltd ADR","Internet - Software","Computers and Technology",109297952000,93.06,10.81,5.16%,13.67%,0.05,144.910004,105617720000,1738080000,1452280000,589112000,444320000,1.58,0.22%,59.53%,N/L,N/L,N/L,N/L,N/L,2025-08-12
SEAT,"Vivid Seats Inc Cl A","Internet - Software","Computers and Technology",174962000,0,0.74,1.77%,8.93%,1.79,3.07,672142000,-228240000.,-275160000.,10304000,9430000,0.92,89.16%,39.92%,N/L,N/L,N/L,N/L,N/L,2025-08-05
SEDG,"Solaredge Tech",Solar,Oils-Energy,2036563000,0,3.48,-49.83%,-191.53%,1.31,N/A,2302943000,-1508090000.,-1592630000.,59375000,-1806360000.,1.56,0.71%,95.10%,N/L,N/L,N/L,N/L,N/L,2025-08-07
SEE,"Sealed Air Corp","Containers - Paper Products","Industrial Products",4817361000,9.79,4.89,6.66%,60.61%,4.56,6.6,8849461000,1029500000,788600000,147095000,264700000,1.33,0.41%,94.40%,N/L,N/L,N/L,N/L,N/L,2025-08-05
SEER,"Seer Inc Cl A","Medical - Biomedical",Medical,118875000,0,0.4,-22.48%,-25.10%,0,N/A,78125000,-79850000.,-89080000.,56339000,-86600000.,1.57,11.28%,75.20%,N/L,N/L,N/L,N/L,N/L,2025-08-06
SEG,"Seaport Entertainment Group Inc","Real Estate Operations",Finance,341982000,0,0.63,-11.41%,-15.34%,0.19,N/A,277902000,-4460000.,-39220000.,12732000,-152630000.,N/A,2.20%,N/A,N/L,N/L,N/L,N/L,N/L,2025-08-11
SEI,"Solaris Energy Infrastructure Inc","Oil Field Machinery & Equip",Oils-Energy,1936929000,37.95,2.43,4.29%,7.66%,0.59,26.139999,2166529000,202020000,154800000,67583000,15810000,1.14,21.20%,67.44%,N/L,N/L,N/L,N/L,N/L,2025-07-23
SEIC,"Sei Investments Company","Finance - Investment Mgmt",Finance,11144794000,16.54,4.66,26.11%,29.96%,0,17.309999,10312504000,744690000,669460000,123625000,581190000,0.95,14.60%,70.59%,N/L,N/L,N/L,N/L,N/L,2025-07-23
SELF,"Global Self Storage","REIT - Equity Trust Other",Finance,58504000,12.46,1.23,3.80%,5.23%,0,14.83,51294000,6620000,4860000,11338000,2120000,0.05,7.97%,28.88%,N/L,N/L,N/L,N/L,N/L,2025-08-08
SEM,"Select Medical Holdings Corp","Medical - HMO",Medical,1663932000,9.02,0.84,2.93%,8.87%,0.94,5.19,3352033000,427200000,220340000,123989000,214040000,1.25,11.60%,89.48%,N/L,N/L,N/L,N/L,N/L,2025-07-31
SEMR,"Semrush Holdings Inc Cl A","Internet - Software","Computers and Technology",1176264000,0,3.98,-0.32%,-0.47%,0,41.240002,1127384000,18280000,-970000.,148706000,8240000,1.65,55.61%,32.86%,N/L,N/L,N/L,N/L,N/L,2025-08-04
SENS,"Senseonics Holdings","Medical Information Systems",Medical,372635000,0,3,-62.85%,-283.78%,0.37,N/A,332425000,-63450000.,-64930000.,814681000,-78620000.,0.88,4.30%,12.36%,N/L,N/L,N/L,N/L,N/L,2025-08-06
SEPN,"Septerna Inc","Medical - Biomedical",Medical,534574000,0,1.38,-23.65%,-31.52%,0,N/A,296374000,-100760000.,-102160000.,44585000,-71800000.,N/A,4.30%,N/A,N/L,N/L,N/L,N/L,N/L,2025-08-21
SERA,"Sera Prognostics Inc Cl A","Medical Services",Medical,89662000,0,1.02,-34.31%,-45.86%,0,N/A,85622000,-36020000.,-36850000.,37673000,-32900000.,0.99,13.50%,54.64%,N/L,N/L,N/L,N/L,N/L,2025-08-06
SERV,"Serve Robotics Inc","IT Services","Computers and Technology",581454000,0,2.54,-34.93%,-36.47%,0,N/A,458184000,-57680000.,-59670000.,59882000,-39190000.,-0.11,5.50%,N/A,N/L,N/L,N/L,N/L,N/L,2025-08-07
SES,"Ses Ai Corp","Auto - Truck Original Parts",Auto-Tires-Trucks,409608000,0,1.54,-31.29%,-36.08%,0,N/A,280808000,-102610000.,-110920000.,365721000,-100190000.,0.42,15.07%,29.78%,N/L,N/L,N/L,N/L,N/L,2025-08-04
SEVN,"Seven Hills Realty Trust",N/A,N/A,N/A,N/A,N/A,N/A,N/A,1.551542,N/A,N/A,N/A,N/A,N/A,17636000,N/A,N/A,N/A,N/L,N/L,N/L,N/L,N/L,2025-07-28
SEZL,"Sezzle Inc","Financial Transaction Services","Business Services",3254980000,30.46,22.610001,34.75%,102.91%,1,44.060001,3280940000,139190000,137700000,34023000,78520000,9.09,49.49%,2.02%,N/L,N/L,N/L,N/L,N/L,2025-08-07
SF,"Stifel Financial Corp","Finance - Investment Brokers",Finance,11681438000,18.66,2.31,1.72%,13.93%,0.25,10.87,10945028000,1008920000,760040000,102173000,731380000,1.11,3.28%,82.01%,N/L,N/L,N/L,N/L,N/L,2025-07-30
SFBS,"Servisfirst Bancs","Finance - Savings & Loan",Finance,4825130000,17.77,2.63,1.46%,15.47%,0.04,18.370001,2513240000,410720000,393380000,54620000,227240000,0.85,6.70%,67.31%,N/L,N/L,N/L,N/L,N/L,2025-07-21
SFD,"Smithfield Foods Inc","Food - Meat Products","Consumer Staples",10197352000,0,N/A,0.00%,0.00%,0,N/A,10197352000,0,0,393113000,183800000,N/A,0.84%,N/A,N/L,N/L,N/L,N/L,N/L,2025-08-12
SFIX,"Stitch Fix Inc","Retail - Apparel & Shoes",Retail-Wholesale,666136000,0,3.33,-7.21%,-18.15%,0,N/A,503276000,-25110000.,-69600000.,130487000,-128840000.,2.01,16.95%,71.04%,N/L,N/L,N/L,N/L,N/L,2025-09-23
SFL,"Ship Finance International","Transportation - Ship",Transportation,1207928000,15.19,1.18,1.78%,6.67%,2.14,2.98,3912848000,721880000,475120000,145709000,130650000,0.56,N/A,28.59%,N/L,N/L,N/L,N/L,N/L,2025-08-19
SFM,"Sprouts Farmers Market","Food Items - Wholesale",Retail-Wholesale,14295358000,30.54,10.69,13.15%,36.53%,0,22.67,14037448000,1049420000,775330000,97726000,380600000,0.78,1.10%,N/A,N/L,N/L,N/L,N/L,N/L,2025-07-30
SFNC,"Simmons First Natl","Banks - Southeast",Finance,3018463000,13.68,0.8,0.69%,5.23%,0.28,10.42,3442653000,317420000,254550000,144701000,152690000,0.95,1.44%,27.58%,N/L,N/L,N/L,N/L,N/L,2025-10-17
SFST,"Southern First Bancs","Banks - Southeast",Finance,367641000,15.69,1,0.52%,6.52%,0.77,16.549999,469681000,44540000,39180000,8181000,15530000,0.83,7.06%,75.00%,N/L,N/L,N/L,N/L,N/L,2025-07-24
SG,"Sweetgreen Inc Cl A","Retail - Restaurants",Retail-Wholesale,1104100000,0,2.51,-11.60%,-22.21%,0,N/A,889310000,30140000,-38280000.,118212000,-90370000.,2.04,19.78%,95.75%,N/L,N/L,N/L,N/L,N/L,2025-08-07
SGHC,"Super Group [Sghc] Ltd",Gaming,"Consumer Discretionary",6116407000,27.71,9.13,19.33%,33.88%,0,22.23,5703537000,449220000,357520000,503408000,122380000,1.08,10.41%,5.09%,N/L,N/L,N/L,N/L,N/L,2025-08-06
SGHT,"Sight Sciences Inc","Medical Instruments",Medical,221512000,0,3.04,-36.43%,-59.38%,0.57,N/A,140512000,-47220000.,-48690000.,52367000,-51510000.,2.44,30.90%,55.51%,N/L,N/L,N/L,N/L,N/L,2025-08-07
SGI,"Somnigroup International Inc","Retail - Home Furniture",Retail-Wholesale,17586516000,32.99,5.91,5.58%,27.66%,1.73,21.15,21288316000,728300000,522500000,209888000,384300000,1.26,4.96%,99.86%,N/L,N/L,N/L,N/L,N/L,2025-08-07
SGML,"Sigma Lithium Corp","Electronics Products - Misc","Computers and Technology",681229000,0,7.2,-13.66%,-47.19%,1.06,N/A,633019000,10070000,-3130000.,111312000,-51070000.,0.07,48.60%,64.86%,N/L,N/L,N/L,N/L,N/L,2025-08-14
SGMO,"Sangamo Therapeutics","Medical - Biomedical",Medical,176892000,0,6.82,-63.85%,-293.05%,0,N/A,134972000,-53760000.,-62850000.,301709000,-97940000.,1.18,4.10%,56.93%,N/L,N/L,N/L,N/L,N/L,2025-08-07
SGMT,"Sagimet Biosciences Inc Series A","Medical - Biomedical",Medical,218099000,0,1.73,-38.40%,-39.88%,0,N/A,142259000,-68150000.,-66900000.,30675000,-45570000.,3.37,14.70%,87.86%,N/L,N/L,N/L,N/L,N/L,2025-08-13
SGRY,"Surgery Partners CS","Medical Services",Medical,3030860000,36.87,0.93,1.01%,2.51%,1.13,12.2,6570460000,627900000,475300000,128209000,-168100000.,1.82,2.70%,N/A,N/L,N/L,N/L,N/L,N/L,2025-08-05
SGU,"Star Gas Partners LP","Electronics Products - Misc","Computers and Technology",387813000,8.71,1.18,6.79%,21.24%,0.57,5.89,479293000,173460000,140980000,33606000,35220000,0.32,20.36%,40.36%,N/L,N/L,N/L,N/L,N/L,2025-08-06
SHAK,"Shake Shack Inc","Retail - Restaurants",Retail-Wholesale,4438697000,92.24,8.27,2.83%,9.78%,0.48,29.33,4364667000,227270000,122060000,42688000,10210000,1.82,8.50%,86.07%,N/L,N/L,N/L,N/L,N/L,2025-07-31
SHBI,"Shore Bancshares Inc","Banks - Northeast",Finance,561071000,8.81,0.94,0.99%,10.98%,0.22,9.55,224941000,90620000,89740000,33417000,43890000,1.04,8.69%,59.76%,N/L,N/L,N/L,N/L,N/L,2025-07-24
SHC,"Sotera Health Company","Medical Services",Medical,4666892000,25.29,8.85,5.66%,39.42%,4.34,13.26,6610922000,539520000,368640000,284047000,44340000,1.81,47.55%,91.03%,N/L,N/L,N/L,N/L,N/L,2025-08-08
SHCO,"Soho House & Co. Inc","Hotels & Motels","Consumer Discretionary",1716924000,125.71,N/A,0.51%,-4.02%,-2.11,284.209991,2252094000,272760000,165030000,195105000,-162970000.,0.66,74.70%,62.35%,N/L,N/L,N/L,N/L,N/L,2025-08-08
SHEL,"Shell Plc ADR","Oil - International Integrated",Oils-Energy,215427056000,11.36,1.17,5.02%,10.67%,0.41,4.38,253395056000,83409000000,56537000000,2938176000,16094000000,0.44,1.00%,28.60%,N/L,N/L,N/L,N/L,N/L,2025-08-07
SHEN,"Shenandoah Telecom","Diversified Comm Services",Utilities,723015000,0,0.77,-1.95%,-3.78%,0.57,8.57,1176085000,193710000,95260000,54857000,190390000,0.9,4.51%,61.96%,N/L,N/L,N/L,N/L,N/L,2025-07-31
SHG,"Shinhan Financial Group Ltd ADR","Banks - Foreign",Finance,23779544000,4.82,0.55,0.98%,12.27%,1.48,5.82,61047644000,16919040000,16022770000,485495000,3115120000,0.93,1.00%,7.76%,N/L,N/L,N/L,N/L,N/L,2025-07-25
SHIP,"Seanergy Maritime Hl","Transportation - Ship",Transportation,163245000,10.54,0.59,2.60%,5.70%,1.11,2.08,390915000,99590000,68170000,20902000,43470000,0.39,4.70%,29.36%,N/L,N/L,N/L,N/L,N/L,2025-08-05
SHLS,"Shoals Technologies Group Cl A",Solar,Oils-Energy,1084512000,23.04,1.68,5.32%,7.57%,0.23,15.1,1202752000,65600000,49880000,167363000,24130000,1.61,1.67%,N/A,N/L,N/L,N/L,N/L,N/L,2025-08-05
SHO,"Sunstone Hotel Investors","REIT - Equity Trust Other",Finance,1818003000,10.96,1.07,0.65%,1.12%,0.44,10.09,2760023000,341450000,203440000,189969000,43260000,1.3,1.10%,99.37%,N/L,N/L,N/L,N/L,N/L,2025-08-06
SHOO,"Steven Maddens Ltd","Shoes and Related Apparel","Consumer Staples",2073125000,12,2.28,10.36%,18.32%,0.34,8.79,1883205000,173540000,143190000,72652000,169390000,1.16,2.22%,99.88%,N/L,N/L,N/L,N/L,N/L,2025-07-30
SHOP,"Shopify Inc","Internet - Services","Computers and Technology",184694816000,131.42,14.65,10.17%,12.30%,0.08,139,184114816000,1278000000,1242000000,1299661000,2019000000,2.63,N/A,69.27%,N/L,N/L,N/L,N/L,N/L,2025-08-06
SHOT,"Safety Shot Inc","Medical Products",Medical,69753000,0,2.48,-208.23%,-517.46%,0.38,N/A,74703000,-27780000.,-28210000.,144867000,-49410000.,1.67,19.13%,12.55%,N/L,N/L,N/L,N/L,N/L,2025-08-13
SHW,"Sherwin-Williams Company","Chemical - Specialty","Basic Materials",92983752000,32.81,20.610001,11.47%,66.91%,2.43,25.610001,102661752000,4387100000,3688100000,249333000,2681400000,1.16,0.60%,77.67%,N/L,N/L,N/L,N/L,N/L,2025-07-22
SIBN,"Si-Bone Inc","Medical Instruments",Medical,707081000,0,3.91,-10.38%,-14.20%,0.21,N/A,707581000,-28510000.,-27600000.,43141000,-30910000.,0.91,4.00%,98.11%,N/L,N/L,N/L,N/L,N/L,2025-08-04
SID,"Companhia Siderurgica Nacional ADR","Steel - Producers","Basic Materials",1763705000,0,0.57,-2.21%,-13.90%,3.06,7.58,7993965000,1422030000,719100000,1326094000,-480530000.,1.64,0.01%,0.00%,N/L,N/L,N/L,N/L,N/L,2025-07-31
SIEB,"Siebert Fin Corp","Finance - Investment Brokers",Finance,127181000,11.83,1.28,1.73%,10.78%,0.05,7.77,-105809000.,14670000,13290000,41427000,13290000,0.73,47.00%,1.52%,N/L,N/L,N/L,N/L,N/L,2025-08-13
SIFY,"Sify Techs Ltd ADR","Internet - Services","Computers and Technology",613528000,0,2.53,-2.83%,-11.45%,0,10.53,963168000,161480000,95660000,72350000,-9170000.,0.92,77.00%,0.61%,N/L,N/L,N/L,N/L,N/L,2025-07-18
SIG,"Signet Jewelers Ltd","Retail - Jewelry",Retail-Wholesale,3593630000,8.87,1.91,7.32%,22.41%,0,5.35,2989630000,255400000,109000000,41150000,61200000,1.4,1.00%,N/A,N/L,N/L,N/L,N/L,N/L,2025-09-02
SIGA,"Siga Technologies Inc","Medical - Drugs",Medical,653763000,7.74,2.99,35.62%,40.52%,0,10.46,498363000,101590000,101050000,71606000,59210000,0.94,1.95%,55.40%,N/L,N/L,N/L,N/L,N/L,2025-08-05
SIGI,"Selective Ins Group","Insurance - Proprty & Casualty",Finance,4789503000,12.83,1.5,2.75%,12.61%,0.27,19.450001,5434423000,555480000,520680000,60850000,207010000,0.47,1.50%,82.88%,N/L,N/L,N/L,N/L,N/L,2025-07-23
SII,"Sprott Inc","Finance - Investment Mgmt",Finance,1684355000,33.01,4.76,12.25%,15.04%,0,31.92,1637525000,78260000,76040000,25802000,49290000,1.04,18.30%,28.30%,N/L,N/L,N/L,N/L,N/L,2025-08-06
SILA,"Sila Realty Trust Inc","REIT - Equity Trust Other",Finance,1374612000,11.4,1,1.93%,2.80%,0.43,11.27,1856692000,214190000,135340000,55161000,42660000,0.01,0.80%,N/A,N/L,N/L,N/L,N/L,N/L,2025-08-06
SIMO,"Silicon Motion Techn ADR","Computer - Integrated Systems","Computers and Technology",2597397000,31.31,3.2,7.76%,10.14%,0,21.530001,2321327000,99620000,74290000,33984000,89250000,0.92,5.34%,78.02%,N/L,N/L,N/L,N/L,N/L,2025-07-30
SIRI,"Siriusxm Holdings Inc","Broadcast - Radio & TV","Consumer Discretionary",7894869000,19.36,0.66,1.51%,3.73%,0.9,6.16,18107868000,-515000000.,-1137000000.,336740000,-1665000000.,0.92,3.32%,10.69%,N/L,N/L,N/L,N/L,N/L,2025-07-31
SITC,"Site Centers Corp","REIT - Equity Trust Retail",Finance,639829000,9.18,1.28,24.66%,36.67%,0.59,0.88,873529000,228570000,50210000,52445000,531820000,1.36,0.19%,88.70%,N/L,N/L,N/L,N/L,N/L,2025-08-05
SITE,"Siteone Landscape Supply","Industrial Services","Industrial Products",6567925000,50.38,3.78,3.88%,7.80%,0.29,23.6,6849025000,343200000,202900000,44613000,123600000,1.54,2.60%,N/A,N/L,N/L,N/L,N/L,N/L,2025-07-30
SITM,"Sitime Corp","Electronics Products - Misc","Computers and Technology",6266441000,0,4.83,-6.16%,-7.54%,0,N/A,6260331000,-70530000.,-100600000.,26004000,-93600000.,2.2,2.10%,84.31%,N/L,N/L,N/L,N/L,N/L,2025-08-06
SJM,"J.M. Smucker Company","Food - Misc & Diversified","Consumer Staples",12056706000,11.16,1.98,5.65%,15.20%,1.26,12.88,19664406000,3692000000,1527900000,106508000,-1230800000.,0.31,2.24%,81.66%,N/L,N/L,N/L,N/L,N/L,2025-08-27
SJT,"San Juan Basin Royalty Trust","Oil - US Royalty Trusts",Oils-Energy,269866000,0,106,-5.07%,-6.18%,0,51.689999,269106000,5160000,1070000,46609000,5160000,0.68,N/A,10.42%,N/L,N/L,N/L,N/L,N/L,2025-08-13
SKE,"Skeena Resources Ltd","Mining - Misc","Basic Materials",1754956000,0,21.26,-20.25%,-60.93%,0,N/A,1684206000,-76150000.,-82150000.,114778000,-110890000.,1.24,2.00%,45.15%,N/L,N/L,N/L,N/L,N/L,2025-08-14
SKIN,"The Beauty Health Co.","Medical Services",Medical,280283000,0,3.55,-2.96%,-32.82%,0,32.740002,-89777000.,-6400000.,-43400000.,126825000,-29100000.,1.2,41.00%,93.26%,N/L,N/L,N/L,N/L,N/L,2025-08-07
SKLZ,"Skillz Inc",Gaming,"Consumer Discretionary",149558000,0,0.74,-20.44%,-39.99%,0.63,N/A,-38532000.,-108110000.,-20990000.,17431000,-48230000.,2.8,30.42%,19.42%,N/L,N/L,N/L,N/L,N/L,2025-08-07
SKM,"Sk Telecom Corp ADR","Wireless Non-US","Computers and Technology",8767502000,11.3,1.04,3.59%,8.89%,0.73,9.1,13669712000,3675870000,2568620000,393868000,875110000,0.63,1.00%,0.00%,N/L,N/L,N/L,N/L,N/L,2025-08-05
SKT,"Tanger Inc","REIT - Equity Trust Retail",Finance,3791329000,14.94,5.6,4.18%,15.45%,2.31,14.96,5168099000,443390000,299930000,113174000,98600000,1.23,5.70%,85.23%,N/L,N/L,N/L,N/L,N/L,2025-08-04
SKWD,"Skyward Specialty Insurance Group Inc","Insurance - Proprty & Casualty",Finance,2006535000,14.98,2.22,3.49%,16.40%,0.11,15.25,1949005000,182160000,178800000,40487000,118830000,0.62,8.01%,94.83%,N/L,N/L,N/L,N/L,N/L,2025-07-30
SKX,"Skechers U.S.A.","Shoes and Related Apparel","Consumer Staples",9467388000,14.38,1.8,7.60%,13.44%,0.11,11.05,8895888000,1048630000,837130000,150276000,639470000,1.16,24.78%,79.96%,N/L,N/L,N/L,N/L,N/L,2025-04-24
SKY,"Champion Homes Inc","Building - Mobile Homes & RV",Construction,4300455000,18.76,2.61,10.58%,14.35%,0.02,16.58,3714885000,302490000,260170000,56518000,198410000,1.13,1.20%,N/A,N/L,N/L,N/L,N/L,N/L,2025-08-05
SKYE,"Skye Bioscience Inc","Medical - Biomedical",Medical,101951000,0,2.52,-69.20%,-76.03%,0,N/A,33531000,-44740000.,-45640000.,30988000,-26570000.,2.21,4.50%,21.09%,N/L,N/L,N/L,N/L,N/L,2025-08-07
SKYH,"Sky Harbour Group Corp","Aerospace - Defense Equipment",Aerospace,818008000,0,4.69,-2.57%,-9.49%,0,N/A,723648000,-17860000.,-20570000.,75882000,-45230000.,1.47,40.77%,14.75%,N/L,N/L,N/L,N/L,N/L,2025-08-12
SKYT,"Skywater Technology Inc","Electronics - Semiconductors","Computers and Technology",570404000,0,10.14,-3.68%,-19.49%,1.26,35.119999,619004000,17230000,-3140000.,48176000,-6790000.,3.38,37.85%,70.00%,N/L,N/L,N/L,N/L,N/L,2025-08-06
SKYW,"Skywest Inc","Transportation - Airline",Transportation,4808211000,11.65,1.79,5.75%,16.69%,0.97,6.53,7253231000,1339690000,955810000,40378000,322960000,1.98,2.00%,81.30%,N/L,N/L,N/L,N/L,N/L,2025-07-24
SLAB,"Silicon Labs Inc","Semi Analog & Mixed","Computers and Technology",4762111000,0,4.18,-6.28%,-7.21%,0,N/A,4480501000,-64700000.,-113290000.,32815000,-191010000.,1.48,1.60%,N/A,N/L,N/L,N/L,N/L,N/L,2025-08-05
SLB,"Schlumberger N.V.","Oil - Field Services",Oils-Energy,48117980000,10.34,2.12,9.34%,20.99%,0.51,6.39,55596980000,7776000000,5257000000,1351249000,4461000000,1.03,0.26%,81.99%,N/L,N/L,N/L,N/L,N/L,2025-10-17
SLDB,"Solid Biosciences Inc","Medical - Biomedical",Medical,461763000,0,1.7,-56.74%,-69.70%,0,N/A,381523000,-157960000.,-156820000.,77869000,-124700000.,2.44,1.90%,81.46%,N/L,N/L,N/L,N/L,N/L,2025-08-12
SLDE,"Slide Insurance Holdings Inc","Insurance - Multi Line",Finance,1778293000,0,N/A,0.00%,0.00%,0,N/A,1778293000,0,0,125497000,201125000,N/A,N/A,N/A,N/L,N/L,N/L,N/L,N/L,2025-08-12
SLDP,"Solid Power Inc Cl A","Auto - Truck Original Parts",Auto-Tires-Trucks,866538000,0,2.11,-21.54%,-23.13%,0,N/A,841128000,-92970000.,-102510000.,181284000,-96520000.,1.8,4.90%,33.66%,N/L,N/L,N/L,N/L,N/L,2025-08-06
SLF,"Sun Life Financial Inc","Insurance - Life",Finance,33175640000,11.63,1.99,1.10%,17.21%,0.25,12.84,29340530000,3648630000,3648630000,563158000,2314200000,0.9,N/A,52.26%,N/L,N/L,N/L,N/L,N/L,2025-08-07
SLG,"SL Green Realty Corp","REIT - Equity Trust Other",Finance,4051203000,9.77,0.99,-0.44%,-1.19%,0.88,195.080002,7851203000,620020000,405960000,71324000,30650000,1.69,5.04%,89.96%,N/L,N/L,N/L,N/L,N/L,2025-10-15
SLGL,"Sol-Gel Technologies Ltd","Medical - Generic Drugs",Medical,63154000,0,2.25,-9.39%,-11.80%,0,N/A,43664000,-11780000.,-16000000.,2786000,-10580000.,1.21,66.51%,26.18%,N/L,N/L,N/L,N/L,N/L,2025-08-15
SLGN,"Silgan Holdings","Containers - Metal & Glass","Industrial Products",5051139000,11.89,2.23,4.83%,19.98%,2.27,7.38,8365139000,840260000,558900000,106993000,276380000,0.69,1.13%,70.25%,N/L,N/L,N/L,N/L,N/L,2025-07-30
SLI,"Standard Lithium Ltd","Other Alt Energy",Oils-Energy,550784000,0,2.2,-5.23%,-5.93%,0,N/A,519084000,-16680000.,-17820000.,193938000,107650580.41907,1.69,3.74%,16.70%,N/L,N/L,N/L,N/L,N/L,2025-09-23
SLM,"SLM Corp","Finance - Consumer Loans",Finance,6615102000,15.5,3.03,1.49%,21.93%,2.7,9.99,8432262000,913110000,866130000,208481000,608330000,1.13,1.30%,98.94%,N/L,N/L,N/L,N/L,N/L,2025-07-24
SLN,"Silence Therapeutics Plc ADR","Medical - Drugs",Medical,160126000,0,1.22,-40.47%,-67.48%,0,N/A,38796000,-86700000.,-87290000.,29930000,-45310000.,1.39,4.10%,98.73%,N/L,N/L,N/L,N/L,N/L,2025-08-21
SLNO,"Soleno Therapeutics Inc","Medical - Drugs",Medical,3644153000,0,14.65,-56.67%,-73.74%,0.21,N/A,3556223000,-189600000.,-191590000.,53145000,-175850000.,-2.56,6.40%,97.42%,N/L,N/L,N/L,N/L,N/L,2025-08-06
SLP,"Simulations Plus Inc","Computer - Software","Computers and Technology",293250000,13.91,2.24,10.84%,11.62%,0,17.950001,282940000,-67990000.,-72540000.,20127000,9950000,0.76,19.40%,78.08%,N/L,N/L,N/L,N/L,N/L,2025-07-14
SLQT,"Selectquote Inc","Insurance - Multi Line",Finance,464620000,0,1.27,1.66%,6.35%,0.7,17.030001,1105260000,110770000,79630000,172721000,-34130000.,1.22,11.40%,34.59%,N/L,N/L,N/L,N/L,N/L,2025-08-21
SLRC,"Slr Investment Corp","Finance - SBIC & Commercial",Finance,896421000,9.7,0.91,3.70%,9.26%,1.18,9.34,1513841000,91770000,91770000,54560000,95760000,0.74,8.60%,35.32%,N/L,N/L,N/L,N/L,N/L,2025-08-05
SLS,"Sellas Life Sciences Group Inc","Medical - Biomedical",Medical,201117000,0,6.72,-92.79%,-132.51%,0,N/A,187127000,-27180000.,-27180000.,105297000,-30880000.,2.26,1.40%,17.38%,N/L,N/L,N/L,N/L,N/L,2025-08-12
SLSR,"Solaris Res Inc","Mining - Misc","Basic Materials",905625000,0,N/A,-104.40%,-968.51%,0,N/A,896115000,-39360000.,-40290000.,165260000,-77020000.,0.46,N/A,N/A,N/L,N/L,N/L,N/L,N/L,2025-08-14
SLVM,"Sylvamo Corp","Paper & Related Products","Basic Materials",1800636000,7.9,1.77,8.14%,23.99%,0.8,3.68,2377636000,674000000,515000000,40373000,302000000,1,0.74%,91.16%,N/L,N/L,N/L,N/L,N/L,2025-08-08
SM,"Sm Energy Company","Oil - US Exploration & Product",Oils-Energy,3193422000,3.82,0.65,9.08%,18.06%,0.59,1.85,5970162000,3032230000,2215470000,114954000,770290000,2.29,1.50%,94.56%,N/L,N/L,N/L,N/L,N/L,2025-07-31
SMBC,"Southern MO Bancorp","Finance - Savings & Loan",Finance,655400000,10.6,1.24,1.20%,11.35%,0.24,11.52,719210000,77850000,62850000,11300000,58580000,1.03,16.60%,49.49%,N/L,N/L,N/L,N/L,N/L,2025-08-04
SMBK,"Smartfinancial Inc","Banks - Northeast",Finance,624804000,14.19,1.15,0.79%,8.31%,0.09,12.81,285054000,68780000,57360000,17020000,36140000,0.76,7.62%,58.78%,N/L,N/L,N/L,N/L,N/L,2025-07-21
SMC,"Summit Midstream Corporation","Oil Gas Prod Pipeline MLP",Oils-Energy,385579000,0,0.3,0.00%,0.00%,1.13,1.96,2061159000,336050000,30820000,18645000,-113180000.,1.19,37.80%,42.97%,N/L,N/L,N/L,N/L,N/L,2025-08-11
SMCI,"Super Micro Computer","Computer - Storage Devices","Computers and Technology",26188376000,25.18,4.01,9.37%,17.14%,0.02,22.139999,21130946000,1321600000,1252990000,596818000,1048850000,1.46,16.30%,84.06%,N/L,N/L,N/L,N/L,N/L,2025-08-05
SMFG,"Sumitomo Mitsui Financial Group ADR","Banks - Foreign",Finance,108778840000,17.26,1.06,0.40%,7.88%,1.75,10.6,-364179040000.,10196180000,7972610000,6474931000,3364470000,0.41,0.05%,3.85%,N/L,N/L,N/L,N/L,N/L,2025-07-31
SMG,"Scotts Miracle-Gro Company","Agriculture Operations","Consumer Staples",3661807000,18.17,N/A,6.35%,-60.46%,-12.8,16.370001,5817007000,373200000,292600000,57739000,-34900000.,1.97,25.37%,74.07%,N/L,N/L,N/L,N/L,N/L,2025-07-30
SMHI,"Seacor Marine Holdings Inc","Transportation - Ship",Transportation,175883000,0,0.62,-5.63%,-13.47%,1.27,22.379999,444583000,116190000,55640000,26976000,-78120000.,1.45,16.40%,59.05%,N/L,N/L,N/L,N/L,N/L,2025-07-30
SMLR,"Semler Scientific","Medical Instruments",Medical,465321000,3.58,1.08,32.88%,43.84%,0.25,6.73,456371000,-23960000.,-24540000.,14805000,40900000,1.34,16.40%,49.37%,N/L,N/L,N/L,N/L,N/L,2025-08-04
SMMT,"Summit Therapeu ADR","Medical - Drugs",Medical,19462592000,0,74.470001,-181.28%,-208.64%,0,N/A,19357402000,-759190000.,-759280000.,742847000,-221320000.,-1.06,84.90%,4.61%,N/L,N/L,N/L,N/L,N/L,2025-08-12
SMP,"Standard Motor Products","Auto - Truck Replacement Parts",Auto-Tires-Trucks,854674000,9.73,1.17,4.83%,12.98%,0.89,7.84,1361764000,141640000,108320000,21988000,27500000,0.63,5.00%,81.26%,N/L,N/L,N/L,N/L,N/L,2025-08-05
SMPL,"The Simply Good Foods Company","Food - Confectionery","Consumer Staples",3033322000,16.23,1.61,7.58%,10.29%,0.14,14.48,3298282000,263200000,233180000,100541000,139310000,0.59,9.35%,88.45%,N/L,N/L,N/L,N/L,N/L,2025-07-10
SMR,"Nuscale Power Corp","Electrical Power","Computers and Technology",9982091000,186.06,19.110001,2.03%,2.61%,0,224.220001,9575431000,-129450000.,-131290000.,284877000,-136620000.,2.06,1.27%,78.37%,N/L,N/L,N/L,N/L,N/L,2025-08-07
SMRT,"Smartrent Inc","Technology Services","Business Services",278345000,0,1.1,-10.19%,-14.93%,0,N/A,135865000,-71180000.,-77680000.,188071000,-33640000.,1.82,1.90%,59.42%,N/L,N/L,N/L,N/L,N/L,2025-08-06
SMSI,"Smith Micro Software","Computer - Software","Computers and Technology",14697000,0,0.58,-37.14%,-45.16%,0,N/A,11887000,-8240000.,-14540000.,20995000,-48700000.,0.71,31.35%,20.80%,N/L,N/L,N/L,N/L,N/L,2025-08-06
SMTC,"Semtech Corp","Semi Analog & Mixed","Computers and Technology",4426234000,114.86,7.52,2.92%,19.66%,0.95,51.27,4826014000,156100000,90960000,86636000,-161900000.,1.94,0.48%,N/A,N/L,N/L,N/L,N/L,N/L,2025-08-25
SMUP,"T-Rex 2X Long Smr Daily Target ETF",N/A,N/A,N/A,N/A,N/A,N/A,N/A,N/A,N/A,N/A,N/A,N/A,N/A,0,N/A,N/A,N/A,N/L,N/L,N/L,N/L,N/L,N/A
SMWB,"Similarweb Ltd","Internet - Content","Computers and Technology",774836000,0,31.49,-9.36%,-88.03%,0,N/A,710966000,-11670000.,-22200000.,84867000,-11460000.,1.11,62.40%,57.59%,N/L,N/L,N/L,N/L,N/L,2025-08-12
SN,"Sharkninja Inc","Retail - Misc & Diversified",Retail-Wholesale,16501855000,28.53,7.4,13.24%,28.78%,0.34,24.07,16913666000,822090000,698980000,141138000,438710000,1.69,11.12%,34.77%,N/L,N/L,N/L,N/L,N/L,2025-08-07
SNA,"Snap-On Inc","Tools - Hand Held","Consumer Discretionary",17371842000,17.14,2.92,12.45%,18.02%,0.21,15.01,17196842000,1394700000,1296700000,52163000,1043900000,0.76,3.90%,84.88%,N/L,N/L,N/L,N/L,N/L,2025-10-16
SNAP,"Snap Inc","Internet - Software","Computers and Technology",12166798000,0,5.73,-6.91%,-23.32%,0,N/A,11156478000,-486160000.,-653620000.,1689833000,-697860000.,0.62,22.68%,47.52%,N/L,N/L,N/L,N/L,N/L,2025-08-05
SNBR,"Sleep Number Corp",Furniture,"Consumer Discretionary",251619000,0,N/A,-4.65%,0.00%,0,3.98,249669000,79330000,12980000,22771000,-20330000.,1.71,7.50%,85.67%,N/L,N/L,N/L,N/L,N/L,2025-07-30
SNCR,"Synchronoss Technologies Inc","Internet - Software","Computers and Technology",76028000,0,1.44,-0.48%,-3.77%,3.77,2.21,57028000,64420000,45080000,11502000,6170000,1.77,19.90%,51.71%,N/L,N/L,N/L,N/L,N/L,2025-08-11
SNCY,"Sun Country Airlines Holdings Inc","Transportation - Airline",Transportation,673381000,10.47,1.01,3.86%,10.53%,0.46,3.99,900031000,304980000,208280000,53316000,52900000,1.61,5.00%,N/A,N/L,N/L,N/L,N/L,N/L,2025-07-31
SND,"Smart Sand Inc","Oil - Field Services",Oils-Energy,87118000,0,0.36,-6.20%,-8.83%,0.09,2.59,98248000,24010000,-5960000.,43559000,2990000,0.83,34.00%,35.21%,N/L,N/L,N/L,N/L,N/L,2025-08-12
SNDK,"Sandisk Corp","Technology Services","Business Services",6737515000,0,0.72,0.00%,0.00%,0.2,N/A,7105515000,2155000000,162000000,145299000,-1641000000.,N/A,0.38%,N/A,N/L,N/L,N/L,N/L,N/L,2025-08-14
SNDL,"Sndl Inc","Medical Products",Medical,591246000,0,0.75,-7.23%,-8.58%,0,N/A,417426000,51120000,9730000,262776000,-69180000.,3.57,N/A,0.00%,N/L,N/L,N/L,N/L,N/L,2025-07-31
SNDR,"Schneider National Inc","Transportation - Services",Transportation,4441165000,32.57,1.42,2.70%,4.39%,0.17,7.99,4850365000,1030600000,616900000,175263000,117000000,1.11,32.68%,28.54%,N/L,N/L,N/L,N/L,N/L,2025-07-31
SNDX,"Syndax Pharma","Medical - Biomedical",Medical,1398946000,0,8.66,-56.12%,-130.47%,2.18,N/A,1588556000,-351660000.,-338230000.,86142000,-318760000.,0.74,4.10%,N/A,N/L,N/L,N/L,N/L,N/L,2025-08-04
SNEX,"Stonex Group Inc","Finance - Misc Services",Finance,5155989000,16.31,2.37,0.97%,16.20%,1.3,12,3204788000,880090000,762890000,52165000,260800000,0.57,11.70%,75.93%,N/L,N/L,N/L,N/L,N/L,2025-08-05
SNN,"Smith & Nephew Snats ADR","Medical Products",Medical,16419908000,0,2.92,0.00%,0.00%,0.6,11.71,19058908000,1302000000,0,437981000,412000000,0.68,1.00%,25.64%,N/L,N/L,N/L,N/L,N/L,2025-02-25
SNOW,"Snowflake Inc Cl A","Internet - Software","Computers and Technology",65707968000,0,26.92,-14.58%,-37.75%,0,N/A,63079168000,-1319740000.,-1554700000.,333865000,-1285640000.,1.22,6.80%,65.10%,N/L,N/L,N/L,N/L,N/L,2025-08-27
SNPS,"Synopsys Inc","Computer - Software","Computers and Technology",94108248000,60.79,9.36,9.98%,17.09%,1.01,46.740002,90257320000,1674010000,1305360000,155161000,2263380000,1.15,0.62%,85.47%,N/L,N/L,N/L,N/L,N/L,2025-09-09
SNV,"Synovus Financial Corp","Banks - Southeast",Finance,7022095000,9.34,1.34,1.31%,16.20%,0.69,9.34,6298365000,1169310000,1108900000,138804000,482460000,1.21,1.00%,83.85%,N/L,N/L,N/L,N/L,N/L,2025-10-15
SNX,"Synnex Corp","Electronics Products - Misc","Computers and Technology",12355208000,13,1.43,3.18%,11.58%,0.49,9.01,15203318000,1667830000,1260300000,82467000,689090000,1.32,1.00%,84.00%,N/L,N/L,N/L,N/L,N/L,2025-09-25
SNY,"Sanofi-Aventis S.A. ADR","Large Cap Pharma",Medical,126090544000,12.31,1.56,9.63%,16.86%,0.29,9.5,135352240000,15116750000,11236340000,2455512000,6016480000,0.48,1.00%,14.04%,N/L,N/L,N/L,N/L,N/L,2025-07-31
SO,"Southern Company","Utility - Electric Power",Utilities,103932440000,23.25,2.79,3.06%,12.09%,1.83,10.68,166348448000,17503000000,12237000000,1100047000,4401000000,0.38,0.16%,64.10%,N/L,N/L,N/L,N/L,N/L,2025-07-31
SOBO,"South Bow Corp","Oil - Production & Pipeline",Oils-Energy,5730242000,0,2.15,0.00%,0.00%,2.19,9.03,11049242000,944000000,698000000,208221000,316000000,N/A,N/A,N/A,N/L,N/L,N/L,N/L,N/L,2025-08-06
SOC,"Sable Offshore Corp","Oil - US Integrated",Oils-Energy,2574201000,0,5.46,-17.70%,-88.48%,1.96,N/A,3071971000,-267800000.,-282240000.,89413000,-629070000.,0.61,36.36%,26.19%,N/L,N/L,N/L,N/L,N/L,2025-08-12
SOFI,"Sofi Technologies Inc","Finance - Misc Services",Finance,29960198000,97.21,3.79,0.78%,4.44%,0.57,59.330002,30343528000,679530000,476030000,1197450000,498670000,1.93,2.60%,38.43%,N/L,N/L,N/L,N/L,N/L,2025-07-29
SOGP,"Sound Group Inc ADR","Audio & Video Products","Consumer Discretionary",17324000,0,0.55,0.00%,0.00%,0.03,N/A,-43766000.,-16850000.,-20800000.,4936000,-9530000.,2.72,25.20%,1.62%,N/L,N/L,N/L,N/L,N/L,2025-01-01
SOHU,"Sohu.com Inc ADR","Internet - Services","Computers and Technology",467811000,0,0.44,-3.74%,-6.37%,0,N/A,307881000,-54910000.,-79580000.,30065000,-100270000.,0.3,21.07%,33.02%,N/L,N/L,N/L,N/L,N/L,2025-08-04
SOL,"Emeren Group Ltd ADR",Solar,Oils-Energy,95972000,0,0.3,-0.87%,-1.16%,0.12,N/A,70662000,3530000,-3390000.,51322000,-12480000.,2.12,37.31%,44.08%,N/L,N/L,N/L,N/L,N/L,2025-08-19
SOLV,"Solventum Corporation","Medical Services",Medical,12752688000,12.88,3.42,6.65%,29.93%,2.14,7.24,20000688000,1332000000,777000000,173388000,478000000,0.52,0.05%,N/A,N/L,N/L,N/L,N/L,N/L,2025-08-07
SON,"Sonoco Products","Containers - Paper Products","Industrial Products",4689904000,8.61,1.41,4.64%,20.46%,1.53,5.76,9244393000,751140000,376280000,98631000,163950000,0.69,0.74%,77.69%,N/L,N/L,N/L,N/L,N/L,2025-07-23
SOND,"Sonder Holdings Inc","Leisure & Recreation Services","Consumer Discretionary",25418000,0,N/A,0.00%,0.00%,-0.36,N/A,334518000,8930000,-182610000.,13308000,-224090000.,1.85,8.80%,45.94%,N/L,N/L,N/L,N/L,N/L,2024-12-31
SONO,"Sonos Inc","Audio & Video Products","Consumer Discretionary",1602264000,0,3.9,-8.71%,-18.19%,0,110.199997,1432534000,-33050000.,-85430000.,120880000,-38150000.,2.04,1.80%,85.82%,N/L,N/L,N/L,N/L,N/L,2025-08-06
SONY,"Sony Group Corp ADR","Audio & Video Products","Consumer Discretionary",173023680000,21.42,2.82,3.32%,13.88%,0.19,11.06,181057792000,17456400000,9846690000,6047664000,7534560000,0.91,7.00%,14.05%,N/L,N/L,N/L,N/L,N/L,2025-08-06
SOPH,"Sophia Genetics Sa","Medical Information Systems",Medical,243964000,0,3.03,-17.39%,-30.69%,0.62,N/A,176974000,-58730000.,-67330000.,67580000,-62490000.,1,4.88%,31.59%,N/L,N/L,N/L,N/L,N/L,2025-08-05
SOUN,"Soundhound Ai Inc Cl A","IT Services","Computers and Technology",5045780000,0,13.66,-40.68%,-73.13%,0,N/A,4847540000,-207680000.,-227970000.,401734000,-350680000.,2.57,9.17%,19.28%,N/L,N/L,N/L,N/L,N/L,2025-08-07
SPB,"Spectrum Brands Holdings Inc","Consumer Prdts - Misc Discr","Consumer Discretionary",1387545000,13.93,0.71,2.88%,5.27%,0.35,5.56,1579445000,329300000,178400000,24207000,124800000,0.86,3.90%,N/A,N/L,N/L,N/L,N/L,N/L,2025-08-07
SPCE,"Virgin Galactic Holdings Inc","Aerospace - Defense",Aerospace,181412000,0,0.65,-32.03%,-98.94%,0,N/A,-29478000.,-287470000.,-305170000.,57591000,-346740000.,2.01,0.27%,46.62%,N/L,N/L,N/L,N/L,N/L,2025-08-06
SPFI,"South Plains Financial Inc","Banks - Southeast",Finance,670831000,12.37,1.41,1.26%,12.27%,0.24,10.98,422101000,85180000,75830000,16237000,49720000,0.72,24.58%,54.95%,N/L,N/L,N/L,N/L,N/L,2025-07-16
SPG,"Simon Property Group","REIT - Equity Trust Retail",Finance,57645604000,13.85,20.17,6.75%,72.38%,8.92,14.55,80735256000,5750260000,4390400000,326493000,2370900000,1.48,8.66%,93.01%,N/L,N/L,N/L,N/L,N/L,2025-08-04
SPGI,"S&P Global Inc","Securities Exchanges",Finance,169948288000,33.56,5.04,8.42%,15.11%,0.34,28.24,183932288000,8229000000,7056000000,305300000,3852000000,1.19,0.10%,87.17%,N/L,N/L,N/L,N/L,N/L,2025-07-31
SPH,"Suburban Propane Partners LP","Oil Refining & Marketing MLP",Oils-Energy,1223036000,12.51,1.86,4.14%,16.12%,1.9,8.41,2430146000,338410000,271430000,65473000,74170000,0.19,1.30%,30.94%,N/L,N/L,N/L,N/L,N/L,2025-08-07
SPHR,"Sphere Entertainment CO","Media Conglomerates","Consumer Discretionary",1519771000,0,0.63,-9.85%,-19.27%,0.39,5.27,2326921000,283760000,3660000,35793000,-200650000.,1.71,22.09%,92.03%,N/L,N/L,N/L,N/L,N/L,2025-08-11
SPIR,"Spire Global Inc","Aerospace - Defense",Aerospace,290259000,0,48.939999,-37.32%,-492.01%,18,N/A,369609000,-51210000.,-82280000.,31077000,-102820000.,2.38,14.68%,19.97%,N/L,N/L,N/L,N/L,N/L,2025-08-13
SPNS,"Sapiens Intl Corp NV","Computer - Software","Computers and Technology",2390287000,30.29,4.79,11.20%,16.59%,0.04,23.629999,2266187000,101520000,81450000,55887000,72180000,0.93,16.00%,30.73%,N/L,N/L,N/L,N/L,N/L,2025-08-13
SPNT,"Siriuspoint Ltd","Insurance - Multi Line",Finance,2183412000,17.62,1.13,1.05%,6.57%,0.32,16,2127912000,617500000,666800000,116760000,199900000,0.86,11.70%,52.79%,N/L,N/L,N/L,N/L,N/L,2025-08-04
SPOK,"Spok Holdings Inc","Wireless National",Utilities,368785000,21.3,2.41,8.05%,11.11%,0,18.75,339635000,28900000,24750000,20591000,14970000,0.57,7.37%,50.81%,N/L,N/L,N/L,N/L,N/L,2025-07-30
SPOT,"Spotify Technology S.A.","Internet - Software","Computers and Technology",141859904000,167.35,18.76,6.46%,13.67%,0,100.730003,136686384000,2136270000,2005340000,204707000,1231430000,1.69,0.40%,84.09%,N/L,N/L,N/L,N/L,N/L,2025-07-29
SPR,"Spirit Aerosystems Holdings","Aerospace - Defense Equipment",Aerospace,4807134000,0,N/A,-26.28%,0.00%,-1.28,N/A,9036334000,-1574200000.,-1895000000.,117419000,-2139000000.,1.7,0.76%,93.59%,N/L,N/L,N/L,N/L,N/L,2025-08-04
SPRBD,"Spruce Biosciences Inc","Medical - Biomedical",Medical,4606000,0,0.36,-118.06%,-177.45%,0.09,N/A,-32404000.,-57960000.,-58010000.,562000,-53040000.,2.43,6.90%,91.71%,N/L,N/L,N/L,N/L,N/L,2025-08-18
SPRO,"Spero Therapeutics Inc","Medical - Biomedical",Medical,105234000,0,3.17,-55.61%,-120.27%,0,N/A,52344000,-56240000.,-56610000.,56275000,-68570000.,1.39,5.50%,25.60%,N/L,N/L,N/L,N/L,N/L,2025-08-12
SPRU,"Spruce Power Holding Corp","Electronics Products - Misc","Computers and Technology",25493000,0,0.2,-5.68%,-35.23%,5.46,N/A,621673000,18650000,-7470000.,17827000,-70490000.,1.46,12.70%,20.76%,N/L,N/L,N/L,N/L,N/L,2025-08-11
SPRY,"Ars Pharmaceuticals Inc","Medical - Drugs",Medical,1334151000,0,7.59,-15.88%,-21.85%,0.37,1755.959961,1352711000,-66520000.,-59340000.,98826000,8000000,0.9,33.50%,68.16%,N/L,N/L,N/L,N/L,N/L,2025-08-13
SPSC,"Sps Commerce Inc","Business Services","Business Services",4390621000,40.04,4.52,10.08%,12.10%,0,31.26,4149601000,177400000,135170000,37909000,77050000,0.71,0.98%,98.96%,N/L,N/L,N/L,N/L,N/L,2025-07-30
SPT,"Sprout Social Inc Cl A","Internet - Services","Computers and Technology",893400000,0,4.99,-10.67%,-25.95%,0.08,N/A,831960000,-26050000.,-54070000.,58815000,-61970000.,0.99,10.12%,N/A,N/L,N/L,N/L,N/L,N/L,2025-08-06
SPTN,"Spartannash Company","Food Items - Wholesale",Retail-Wholesale,902993000,14.87,1.21,2.41%,8.19%,0.98,5.2,1635233000,183430000,80020000,33858000,300000,0.46,1.40%,84.59%,N/L,N/L,N/L,N/L,N/L,2025-08-14
SPWH,"Sportsman's Wareh","Retail - Apparel & Shoes",Retail-Wholesale,111505000,0,0.49,-1.96%,-7.65%,0.77,5.02,207395000,23630000,-17220000.,38318000,-33060000.,0.63,2.70%,83.04%,N/L,N/L,N/L,N/L,N/L,2025-09-02
SPXC,"SPX Corp","Technology Services","Business Services",8905995000,31.41,5.68,9.36%,19.59%,0.66,24.379999,9363795000,491100000,399500000,46758000,200500000,1.27,3.32%,92.82%,N/L,N/L,N/L,N/L,N/L,2025-07-31
SQFT,"Presidio Property Trust Inc","Industrial Services","Industrial Products",7241000,0,0.2,-5.45%,-21.64%,3.22,N/A,101301000,5410000,-460000.,1451000,-25630000.,1.32,24.00%,38.92%,N/L,N/L,N/L,N/L,N/L,2025-08-13
SQM,"Sociedad Quimica Y Minera S.A. ADR","Chemical - Specialty","Basic Materials",13245034000,27.1,2.44,4.18%,9.17%,0.88,18.65,16631234000,997000000,997000000,285638000,685120000,1.03,N/A,12.41%,N/L,N/L,N/L,N/L,N/L,2025-08-19
SQNS,"Sequans Communications S A ADR","Electronics - Semiconductors","Computers and Technology",26284000,0.46,0.6,47.45%,119.94%,0,0.18,20934000,130260000,66220000,25518000,57570000,0.41,9.40%,63.33%,N/L,N/L,N/L,N/L,N/L,2025-07-31
SR,"Spire Inc","Utility - Gas Distribution",Utilities,4595687000,17.23,1.39,2.42%,8.66%,1.12,8.35,8588186000,1115400000,837000000,59025000,250900000,0.66,2.33%,87.36%,N/L,N/L,N/L,N/L,N/L,2025-08-05
SRAD,"Sportradar Group Ag Cl A","Leisure & Recreational Prdcts","Consumer Discretionary",35196724000,86.58,32.110001,4.67%,11.74%,0.06,100.519997,34870316000,354790000,46690000,1112764000,36950000,2.07,85.02%,0.00%,N/L,N/L,N/L,N/L,N/L,2025-08-05
SRCE,"1st Source Corp","Banks - Midwest",Finance,1572272000,10.47,1.19,1.61%,11.94%,0.08,10.01,1545362000,211430000,197360000,24538000,132620000,0.71,19.55%,74.45%,N/L,N/L,N/L,N/L,N/L,2025-07-24
SRDX,"Surmodics Inc","Medical Products",Medical,531743000,0,4.64,-1.99%,-2.99%,0.27,116.650002,525173000,160000,-8840000.,14298000,-11540000.,1.31,8.90%,96.63%,N/L,N/L,N/L,N/L,N/L,2025-08-08
SRE,Sempra,"Utility - Gas Distribution",Utilities,54089928000,17.19,1.41,3.17%,8.42%,1.01,9.43,89260928000,8005000000,5568000000,652472000,2862000000,0.62,0.27%,89.65%,N/L,N/L,N/L,N/L,N/L,2025-08-07
SRG,"Seritage Growth Properties","REIT - Equity Trust Other",Finance,202770000,0,0.55,-12.74%,-21.55%,0.57,N/A,345090000,-28970000.,-42280000.,56325000,-153540000.,2.48,0.55%,78.93%,N/L,N/L,N/L,N/L,N/L,2025-08-13
SRI,"Stoneridge Inc","Electronics - Misc Components","Computers and Technology",238331000,0,0.87,-3.69%,-9.24%,0.63,10.27,368081000,25040000,-9950000.,28006000,-16520000.,1.44,2.90%,98.07%,N/L,N/L,N/L,N/L,N/L,2025-08-06
SRL,"Scully Royalty Ltd","Conglomerates - Div Operations",Conglomerates,79446000,0,0.35,0.00%,0.00%,0.12,20.77,92066000,7390000,0,14822000,-15030000.,0.68,1.87%,41.96%,N/L,N/L,N/L,N/L,N/L,2025-07-30
SRPT,"Sarepta Therapeutics","Medical - Biomedical",Medical,1975757000,0,1.45,-0.37%,-1.03%,0.84,8.23,2009867000,-1020000.,1530000,97713000,235240000,0.46,7.60%,86.68%,N/L,N/L,N/L,N/L,N/L,2025-08-06
SRRK,"Scholar Rock Holding Corp","Medical - Biomedical",Medical,3411547000,0,14.08,-90.09%,-127.11%,0.21,N/A,3283817000,-326440000.,-323340000.,96127000,-246290000.,0.48,13.30%,91.08%,N/L,N/L,N/L,N/L,N/L,2025-08-06
SRTS,"Sensus Healthcare Inc","Medical Instruments",Medical,53430000,0,1.03,-1.41%,-1.58%,0,7.57,31370000,-930000.,-1360000.,16440000,6650000,1.34,8.90%,25.30%,N/L,N/L,N/L,N/L,N/L,2025-08-07
SSB,"Southstate Corp","Finance - Misc Services",Finance,10163407000,11.65,1.11,1.34%,10.23%,0.04,11.7,9031527000,996600000,920560000,101209000,534780000,0.79,1.70%,89.76%,N/L,N/L,N/L,N/L,N/L,2025-07-24
SSD,"Simpson Manufacturing Company","Building & Construction - Misc",Construction,8201879000,24.07,4.09,11.57%,17.71%,0.19,19.52,8347569000,529650000,444250000,41617000,322220000,1.26,0.42%,93.68%,N/L,N/L,N/L,N/L,N/L,2025-07-28
SSL,"Sasol Ltd ADR","Oil - International Integrated",Oils-Energy,4078908000,0,0.46,0.00%,0.00%,0.78,2.7,8063488000,213090000,0,648475000,-2368500000.,0.76,1.00%,1.21%,N/L,N/L,N/L,N/L,N/L,2025-08-26
SSNC,"SS&C Technologies","Computer - Software","Computers and Technology",22028732000,17.39,3.09,6.74%,18.92%,0.97,11.56,28467532000,2073900000,1385400000,244221000,760500000,1.25,16.40%,96.95%,N/L,N/L,N/L,N/L,N/L,2025-07-23
SSP,"E.W. Scripps Company","Broadcast - Radio & TV","Consumer Discretionary",292382000,3.02,0.32,2.98%,17.68%,2.03,1.09,3261552000,726440000,571210000,88333000,87600000,1.01,3.62%,67.81%,N/L,N/L,N/L,N/L,N/L,2025-08-07
SSRM,"Ssr Mining Inc","Mining - Misc","Basic Materials",3469566000,18.19,0.84,3.66%,4.99%,0.07,18.23,3339046000,475020000,344830000,202780000,-261280000.,-0.16,0.54%,68.30%,N/L,N/L,N/L,N/L,N/L,2025-08-05
SSSS,"Sutter Rock Capital Corp","Finance - Investment Funds",Finance,208542000,0,0.95,-4.25%,-6.10%,0.18,37.23,232702000,5060000,-14450000.,23888000,-38120000.,1.8,6.69%,12.95%,N/L,N/L,N/L,N/L,N/L,2025-08-06
SST,"System1 Inc","Advertising Marketing Services","Business Services",74364000,0,1.24,-15.92%,-92.07%,4.93,N/A,278314000,61620000,-22400000.,9915000,-74670000.,1.38,13.20%,87.50%,N/L,N/L,N/L,N/L,N/L,2025-08-07
SSTI,"Soundthinking Inc","Protection - Safety","Industrial Products",165388000,0,2.12,-7.36%,-13.76%,0,225.979996,152208000,1070000,-9000000.,12791000,-9180000.,1.26,10.40%,60.74%,N/L,N/L,N/L,N/L,N/L,2025-08-12
SSTK,"Shutterstock Inc","Internet - Content","Computers and Technology",777945000,7.6,1.3,7.48%,18.42%,0.47,4.14,944405000,163860000,76230000,35474000,35930000,0.99,32.00%,82.79%,N/L,N/L,N/L,N/L,N/L,2025-08-05
SSUP,"Superior Industries International","Auto - Truck Original Parts",Auto-Tires-Trucks,2517000,0,N/A,-22.00%,0.00%,-4.39,0.07,740267000,-1710000.,-93910000.,29474000,-78200000.,2.8,12.60%,56.20%,N/L,N/L,N/L,N/L,N/L,2025-08-14
SSYS,"Stratasys Ltd","Printing - Commercial","Industrial Products",940958000,0,1.01,-0.82%,-1.06%,0,32.240002,870758000,-18850000.,-64190000.,84924000,-120280000.,1.57,4.30%,75.77%,N/L,N/L,N/L,N/L,N/L,2025-08-13
ST,"Sensata Technologies Holding N.V.","Industrial Controls","Computers and Technology",4868712000,9.54,1.58,6.76%,16.88%,1.1,4.72,7453552000,863520000,394810000,145639000,128480000,1.14,0.89%,99.42%,N/L,N/L,N/L,N/L,N/L,2025-07-29
STAA,"Staar Surgical Company","Medical - Dental Suppliers",Medical,1380051000,0,4.09,-12.54%,-16.11%,0,N/A,1235891000,-103790000.,-109590000.,49553000,-20210000.,0.61,0.59%,96.70%,N/L,N/L,N/L,N/L,N/L,2025-08-06
STAG,"Stag Industrial Inc","REIT - Equity Trust Other",Finance,6861115000,14.52,1.89,3.46%,6.71%,0.86,13.46,9852865000,880150000,587670000,186697000,189220000,0.91,1.10%,88.67%,N/L,N/L,N/L,N/L,N/L,2025-07-29
STBA,"S&T Bancorp Inc","Banks - Northeast",Finance,1503547000,10.94,0.99,1.35%,9.32%,0.07,9.85,1359037000,193120000,179420000,38346000,131270000,0.93,1.23%,65.22%,N/L,N/L,N/L,N/L,N/L,2025-10-16
STC,"Stewart Information Services Corp","Insurance - Proprty & Casualty",Finance,2057367000,18.19,1.37,4.00%,7.71%,0.31,12.62,2286907000,354210000,293390000,27999000,73310000,0.91,1.50%,96.90%,N/L,N/L,N/L,N/L,N/L,2025-07-23
STE,"Steris Corp","Medical Instruments",Medical,24806924000,25.94,3.49,9.25%,14.17%,0.27,17.360001,26678924000,1451480000,975260000,98491000,614640000,0.92,1.07%,94.69%,N/L,N/L,N/L,N/L,N/L,2025-08-06
STEM,"Stem Inc","IT Services","Computers and Technology",139930000,0,N/A,-21.90%,0.00%,-0.66,0.29,100150000,368360000,-226080000.,8359000,-854010000.,1.31,5.10%,61.63%,N/L,N/L,N/L,N/L,N/L,2025-08-07
STEP,"Stepstone Group Inc Cl A","Finance - Misc Services",Finance,7184155000,29.8,5.55,5.30%,16.07%,0.22,23.540001,7547845000,-326660000.,-373000000.,116418000,-179560000.,1.37,16.47%,55.54%,N/L,N/L,N/L,N/L,N/L,2025-08-07
STGW,"Stagwell Inc","Advertising Marketing Services","Business Services",1487542000,11.77,1.85,2.79%,14.54%,1.9,7.18,2718232000,459610000,284950000,258703000,2260000,1.41,5.60%,35.61%,N/L,N/L,N/L,N/L,N/L,2025-07-31
STHO,"Star Holdings","Real Estate Operations",Finance,113364000,0,0.32,-18.41%,-32.44%,0.83,N/A,295754000,28770000,17560000,13290000,-86750000.,1.32,3.70%,89.31%,N/L,N/L,N/L,N/L,N/L,2025-08-05
STIM,"Neuronetics Inc","Medical Instruments",Medical,224825000,0,7.09,-35.69%,-156.36%,1.76,N/A,260515000,-36200000.,-38270000.,66125000,-43710000.,1.78,8.70%,53.59%,N/L,N/L,N/L,N/L,N/L,2025-08-05
STKL,"Sunopta Inc","Food - Misc & Diversified","Consumer Staples",759321000,38.56,4.54,2.90%,12.82%,1.65,14.52,1038011000,63110000,25700000,117542000,-17390000.,1.32,1.90%,85.39%,N/L,N/L,N/L,N/L,N/L,2025-08-06
STKS,"The One Group","Retail - Restaurants",Retail-Wholesale,87915000,0,4.27,2.77%,69.82%,1.73,1.79,552665000,99370000,62640000,30956000,-15820000.,2.11,25.10%,29.14%,N/L,N/L,N/L,N/L,N/L,2025-08-05
STLA,"Stellantis N.V.","Auto - Foreign",Auto-Tires-Trucks,30624692000,0,0.35,0.00%,0.00%,0.55,1.85,34008424000,13700470000,0,3023168000,5922330000,1.45,0.02%,59.48%,N/L,N/L,N/L,N/L,N/L,2025-07-29
STLD,"Steel Dynamics Inc","Steel - Producers","Basic Materials",19531158000,18.33,2.15,6.71%,11.88%,0.43,9.5,22343918000,1798860000,1319950000,147205000,1537130000,1.38,6.30%,82.41%,N/L,N/L,N/L,N/L,N/L,2025-10-15
STM,"Stmicroelectronics N.V. ADR","Semi General","Computers and Technology",24717776000,29.75,1.29,3.23%,4.55%,0.16,7.01,25388776000,2381000000,620000000,898175000,1557000000,1.61,N/A,5.05%,N/L,N/L,N/L,N/L,N/L,2025-07-24
STN,"Stantec Inc",Consulting,"Business Services",12637484000,30.63,5.61,8.04%,19.03%,0.5,20.540001,13480404000,930410000,697900000,114067000,263820000,1.03,0.46%,63.86%,N/L,N/L,N/L,N/L,N/L,2025-08-13
STNE,"Stoneco Ltd Cl A","Internet - Software","Computers and Technology",4390300000,10.09,2.07,4.36%,18.71%,1.2,7.26,5812000000,716180000,540160000,286013000,-280920000.,1.88,11.25%,73.19%,N/L,N/L,N/L,N/L,N/L,2025-08-07
STNG,"Scorpio Tankers Inc","Transportation - Ship",Transportation,2498253000,10.03,0.82,6.01%,8.08%,0.28,3.41,2954363000,780670000,586110000,51016000,668770000,-0.03,7.34%,54.64%,N/L,N/L,N/L,N/L,N/L,2025-07-30
STOK,"Stoke Therapeutics Inc","Medical - Biomedical",Medical,1071829000,23.15,3.21,15.48%,18.32%,0,N/A,943769000,40820000,40280000,54797000,-88980000.,1.15,9.50%,N/A,N/L,N/L,N/L,N/L,N/L,2025-08-12
STR,"Sitio Royalties Corp","Oil - US Royalty Trusts",Oils-Energy,2734471000,41.59,0.84,0.79%,1.12%,0.33,7.53,3809361000,827740000,502180000,150909000,40950000,1.52,0.76%,90.44%,N/L,N/L,N/L,N/L,N/L,2025-08-04
STRA,"Strategic Education",Schools,"Consumer Discretionary",1960636000,15.34,1.15,5.99%,7.52%,0,12.19,1823566000,202660000,157900000,23900000,112680000,0.58,3.30%,93.27%,N/L,N/L,N/L,N/L,N/L,2025-07-30
STRL,"Sterling Infrastructure Inc","Engineering & R&D Services","Industrial Products",8504823000,37.37,9.28,11.18%,27.93%,0.35,32.91,8156943000,397460000,327900000,30420000,257460000,1.46,3.70%,80.95%,N/L,N/L,N/L,N/L,N/L,2025-08-04
STRO,"Sutro Biopharma Inc","Medical - Biomedical",Medical,72719000,0,N/A,-58.67%,-852.70%,0,N/A,-117581000.,-207540000.,-205040000.,84774000,-227460000.,1.66,3.60%,96.99%,N/L,N/L,N/L,N/L,N/L,2025-08-12
STRZ,"Starz Entertainment Corp","Media Conglomerates","Consumer Discretionary",3253708000,0,N/A,0.00%,0.00%,0,N/A,3253708000,0,0,240481000,-540000.,N/A,53.60%,0.00%,N/L,N/L,N/L,N/L,N/L,2025-08-14
STT,"State Street Corp","Banks - Major Regional",Finance,32761100000,11.92,1.34,0.83%,12.96%,0.95,9.6,-63931900000.,6964000000,6359000000,283695000,2687000000,1.48,0.29%,87.44%,N/L,N/L,N/L,N/L,N/L,2025-07-15
STTK,"Shattuck Labs Inc","Medical - Biomedical",Medical,45987000,0,0.75,-71.46%,-81.80%,0,N/A,-11403000.,-63300000.,-64980000.,47903000,-75410000.,1.63,12.00%,58.74%,N/L,N/L,N/L,N/L,N/L,2025-08-14
STVN,"Stevanato Group S.P.A.","Medical - Drugs",Medical,6850309000,40.8,4.36,6.21%,10.34%,0.3,30.27,7214259000,287500000,200230000,302843000,127450000,0.55,0.70%,0.00%,N/L,N/L,N/L,N/L,N/L,2025-08-05
STWD,"Starwood Property Trust","REIT - Mortgage Trusts",Finance,7434565000,11.5,1.08,0.94%,8.72%,2.9,10.02,24649934000,79710000,43320000,367139000,359930000,1.26,5.40%,49.82%,N/L,N/L,N/L,N/L,N/L,2025-08-07
STX,"Seagate Technology Hldgs Plc","Computer - Integrated Systems","Computers and Technology",33860308000,21.38,N/A,19.70%,-169.60%,-11.03,18.25,37964308000,2141000000,1890000000,212677000,1469000000,1.5,0.81%,92.87%,N/L,N/L,N/L,N/L,N/L,2025-07-29
STXS,"Stereotaxis Inc","Medical Instruments",Medical,261084000,0,167.75,-50.62%,-440.00%,0,N/A,253994000,-22920000.,-23890000.,90654000,-24050000.,1.51,17.77%,45.35%,N/L,N/L,N/L,N/L,N/L,2025-08-07
STZ,"Constellation Brands Inc","Beverages - Alcohol","Consumer Staples",29550230000,12.29,3.9,10.80%,31.41%,1.54,5.1,40979828000,6390600000,3136800000,176293000,-81400000.,1.75,12.45%,77.34%,N/L,N/L,N/L,N/L,N/L,2025-10-02
SU,"Suncor Energy Inc","Oil - C$ Integrated",Oils-Energy,48703184000,11.52,1.48,6.59%,13.21%,0.22,4.81,53710344000,16493540000,11418510000,1217884000,4390480000,0.84,1.00%,67.37%,N/L,N/L,N/L,N/L,N/L,2025-08-05
SUI,"Sun Communities","REIT - Equity Trust Resident",Finance,15899690000,18.73,2.04,-0.29%,-0.60%,0.55,17.01,23188590000,1936500000,1088600000,125155000,101800000,0.83,1.77%,99.59%,N/L,N/L,N/L,N/L,N/L,2025-07-30
SUN,"Sunoco LP","Oil Refining & Marketing MLP",Oils-Energy,7943008000,25.56,1.94,3.05%,10.57%,1.91,6.81,15335008000,1792000000,1400000000,153015000,866000000,0.6,N/A,24.29%,N/L,N/L,N/L,N/L,N/L,2025-08-06
SUNS,"Sunrise Realty Trust","Real Estate Operations",Finance,148570000,9.31,0.77,4.44%,7.28%,0,10.49,-36060000.,10390000,10610000,13421000,6870000,N/A,24.80%,N/A,N/L,N/L,N/L,N/L,N/L,2025-08-07
SUPN,"Supernus Pharm","Medical - Generic Drugs",Medical,2516557000,16.53,2.28,10.82%,14.22%,0,10.39,2447227000,224710000,142470000,56073000,73870000,0.74,8.80%,N/A,N/L,N/L,N/L,N/L,N/L,2025-08-05
SUPV,"Grupo Supervielle S.A. ADR","Banks - Foreign",Finance,803889000,14,1.01,1.21%,6.84%,0.33,4.19,141889000,367870000,161810000,88534000,114940000,1.65,N/A,0.00%,N/L,N/L,N/L,N/L,N/L,2025-08-13
SURG,Surgepays,"Internet - Software","Computers and Technology",50263000,0,N/A,-195.36%,-333.87%,23.67,N/A,39813000,-44890000.,-47050000.,20432000,-45730000.,0.44,30.50%,6.94%,N/L,N/L,N/L,N/L,N/L,2025-08-13
SUZ,"Suzano Papel E Celul ADR","Paper & Related Products","Basic Materials",13135251000,8.48,1.66,4.93%,20.09%,2.12,35.849998,28322350000,4063190000,2402930000,1324118000,-1311560000.,0.89,N/A,2.55%,N/L,N/L,N/L,N/L,N/L,2025-08-14
SVC,"Service Properties Trust","REIT - Equity Trust Other",Finance,467211000,2.87,0.62,-3.95%,-34.61%,5.79,3.41,4480171000,871710000,468800000,166861000,-275530000.,1.91,1.43%,77.62%,N/L,N/L,N/L,N/L,N/L,2025-08-05
SVM,"Silvercorp Metals Inc","Mining - Misc","Basic Materials",1000936000,12.42,1.14,6.84%,9.02%,0,9.02,639416000,99180000,66350000,218545000,58190000,0.92,4.31%,22.30%,N/L,N/L,N/L,N/L,N/L,2025-08-07
SVRA,"Savara Inc","Medical - Drugs",Medical,546165000,0,4.38,-54.84%,-69.05%,0.25,N/A,557655000,-122180000.,-117280000.,172837000,-95880000.,0.4,5.33%,87.93%,N/L,N/L,N/L,N/L,N/L,2025-08-11
SVV,"Savers Value Village Inc","Textile - Apparel","Consumer Staples",1774894000,48.96,4.14,1.98%,8.85%,1.65,17.700001,2366054000,275390000,200250000,155556000,29030000,1,3.09%,98.78%,N/L,N/L,N/L,N/L,N/L,2025-07-31
SW,"Smurfit Westrock Plc","Paper & Related Products","Basic Materials",23861112000,21.84,1.24,2.36%,5.90%,0.78,10,36601112000,3073410000,1609410000,522125000,319000000,1.06,0.49%,83.38%,N/L,N/L,N/L,N/L,N/L,2025-07-30
SWBI,"Smith & Wesson Brands Inc","Leisure & Recreational Prdcts","Consumer Discretionary",362145000,25.65,0.94,2.39%,3.71%,0.21,7.52,416015000,55740000,23890000,44003000,13430000,0.91,1.62%,59.33%,N/L,N/L,N/L,N/L,N/L,2025-09-04
SWIM,"Latham Group Inc","Building & Construction - Misc",Construction,957975000,0,2.24,-1.61%,-3.35%,0.71,31.370001,1183095000,95050000,48880000,116542000,-17860000.,1.72,8.60%,83.95%,N/L,N/L,N/L,N/L,N/L,2025-08-05
SWK,"Stanley Black & Decker Inc","Machinery - Tools & Related","Industrial Products",12001024000,16.11,1.25,3.08%,7.76%,0.62,9.02,17813524000,1269300000,679800000,154792000,286300000,1.16,0.70%,87.77%,N/L,N/L,N/L,N/L,N/L,2025-07-29
SWKS,"Skyworks Solutions","Semi Radio Frequency","Computers and Technology",11472000000,16.45,1.98,8.89%,11.77%,0.18,9.04,11097700000,903200000,449400000,148428000,596000000,1.13,0.28%,85.43%,N/L,N/L,N/L,N/L,N/L,2025-08-05
SWX,"Southwest Gas Corp","Utility - Gas Distribution",Utilities,5630197000,20.92,1.34,2.20%,6.98%,1.14,8.24,10332427000,1431060000,992620000,71979000,198820000,0.49,0.39%,92.77%,N/L,N/L,N/L,N/L,N/L,2025-08-06
SXC,"Suncoke Energy Inc",Coal,Oils-Energy,640922000,8.66,0.89,4.44%,10.43%,0.7,2.92,943622000,355900000,237000000,84666000,95900000,1.1,1.49%,90.45%,N/L,N/L,N/L,N/L,N/L,2025-07-30
SXI,"Standex International Corp","Machinery - General Industrial","Industrial Products",2540071000,25.64,3.41,6.69%,13.92%,0.78,18.51,3015961000,128980000,93540000,12068000,55760000,1.11,2.10%,90.35%,N/L,N/L,N/L,N/L,N/L,2025-07-31
SXT,"Sensient Technologies Corp","Chemical - Specialty","Basic Materials",4871274000,35.19,4.2,6.60%,12.56%,0.64,25.84,5478014000,264090000,203760000,42466000,124670000,0.58,1.20%,90.86%,N/L,N/L,N/L,N/L,N/L,2025-07-25
SY,"So-Young International Inc ADR","Medical Services",Medical,410824000,0,1.52,-3.62%,-4.96%,0.03,337.140015,330774000,-79260000.,-13370000.,101438000,-80760000.,1.76,16.70%,35.31%,N/L,N/L,N/L,N/L,N/L,2025-08-15
SYBT,"Stock Yards Bancorp","Banks - Southeast",Finance,2403523000,17.71,2.26,1.45%,13.32%,0.32,17.73,2439313000,199360000,186010000,29473000,114540000,0.74,3.40%,56.46%,N/L,N/L,N/L,N/L,N/L,2025-07-23
SYF,"Synchrony Financial","Finance - Misc Services",Finance,27234644000,8.64,1.68,2.71%,21.34%,0.94,8.73,29207644000,5545000000,5064000000,372058000,3499000000,1.49,0.32%,96.48%,N/L,N/L,N/L,N/L,N/L,2025-10-15
SYK,"Stryker Corp","Medical Products",Medical,150713072000,29.95,6.94,11.08%,23.94%,0.78,25.51,160658080000,6312000000,5262000000,382307000,2993000000,0.91,5.90%,77.09%,N/L,N/L,N/L,N/L,N/L,2025-07-31
SYM,"Symbotic Inc","Technology Services","Business Services",27298490000,0,58.400002,-0.47%,-2.02%,0,1617.439941,26571180000,-91310000.,-114790000.,590493000,-13490000.,2.06,0.60%,N/A,N/L,N/L,N/L,N/L,N/L,2025-08-06
SYNA,"Synaptics Inc","Electronics - Semiconductors","Computers and Technology",2754040000,43.35,1.83,2.32%,4.32%,0.6,30.58,3197340000,31800000,-77400000.,38545000,-47800000.,1.61,1.30%,99.43%,N/L,N/L,N/L,N/L,N/L,2025-08-07
SYPR,"Sypris Solutions","Electronic Misc Services","Computers and Technology",42836000,0,2.25,-2.12%,-12.86%,0.56,28.07,42646000,4640000,1460000,23030000,-1680000.,0.88,48.20%,44.66%,N/L,N/L,N/L,N/L,N/L,2025-08-12
SYRE,"Spyre Therapeutics Inc","Medical - Biomedical",Medical,1049769000,0,3.37,-38.69%,-71.30%,0,N/A,1116169000,-223550000.,-212150000.,60401000,-208020000.,2.82,15.43%,80.39%,N/L,N/L,N/L,N/L,N/L,2025-08-06
SYY,"Sysco Corp","Food - Misc & Diversified","Consumer Staples",38920740000,17.87,21.120001,8.37%,109.52%,7.27,11.44,51185740000,4283000000,3090000000,484752000,1828000000,0.83,0.54%,83.41%,N/L,N/L,N/L,N/L,N/L,2025-07-29
T,"AT&T Inc","Wireless National",Utilities,205716624000,13.44,1.73,3.99%,13.36%,1.09,5.7,327930624000,61179000000,40599000000,7150386000,10948000000,0.42,0.08%,57.10%,N/L,N/L,N/L,N/L,N/L,2025-07-23
TAC,"Transalta Corp","Utility - Electric Power",Utilities,3595332000,0,7,-0.20%,-2.06%,2.16,7.09,6348132000,932570000,545050000,296400000,167120000,0.75,13.10%,59.00%,N/L,N/L,N/L,N/L,N/L,2025-08-01
TACT,"Transact Tech Inc","Computers - Peripheral Equpt","Computers and Technology",44708000,0,1.37,-2.88%,-4.02%,0,N/A,30318000,-1120000.,-2160000.,10092000,-9860000.,1.27,16.46%,74.46%,N/L,N/L,N/L,N/L,N/L,2025-08-06
TAK,"Takeda Pharmaceutical Ltd ADR","Medical - Drugs",Medical,49383480000,9.94,1.03,5.10%,10.50%,0.66,4.81,76642480000,7207010000,2181800000,3181925000,712320000,0.22,0.04%,9.17%,N/L,N/L,N/L,N/L,N/L,2025-07-30
TAL,"Tal Education Group ADR",Schools,"Consumer Discretionary",6619036000,64.41,1.87,1.87%,2.81%,0,48.709999,4659926000,80820000,28520000,608927000,84590000,0.07,1.81%,37.79%,N/L,N/L,N/L,N/L,N/L,2025-07-31
TALK,"Talkspace Inc","Medical Information Systems",Medical,468908000,136,4.03,2.11%,2.48%,0,228.929993,392218000,-630000.,-1490000.,167467000,1150000,1.06,23.50%,57.37%,N/L,N/L,N/L,N/L,N/L,2025-08-05
TALO,"Talos Energy Inc","Oil - US Exploration & Product",Oils-Energy,1638292000,0,0.6,-1.03%,-2.34%,0.49,1.42,2751522000,2070260000,919790000,174658000,-76390000.,0.81,0.36%,89.35%,N/L,N/L,N/L,N/L,N/L,2025-08-06
TAP,"Molson Coors Brewing Company","Beverages - Alcohol","Consumer Staples",10676756000,9.16,0.77,4.39%,8.61%,0.46,5.22,16022056000,2373000000,1608300000,202173000,1122400000,0.67,2.71%,78.46%,N/L,N/L,N/L,N/L,N/L,2025-08-05
TARA,"Artara Therapeutics Inc","Medical - Drugs",Medical,119990000,0,0.83,-33.85%,-36.87%,0,N/A,-42810000.,-57700000.,-57350000.,38582000,-44600000.,1.42,8.40%,38.13%,N/L,N/L,N/L,N/L,N/L,2025-08-12
TARS,"Tarsus Pharmaceuticals Inc","Medical - Biomedical",Medical,2416752000,0,7.14,-21.04%,-32.36%,0.22,N/A,2393782000,-100550000.,-98040000.,42214000,-115550000.,0.79,8.97%,90.01%,N/L,N/L,N/L,N/L,N/L,2025-08-06
TASK,"Taskus Inc Cl A","IT Services","Computers and Technology",1562045000,15.37,2.86,10.72%,20.37%,0.46,11.11,1626045000,230770000,170020000,89876000,45870000,2.16,30.63%,44.64%,N/L,N/L,N/L,N/L,N/L,2025-08-14
TBBB,"BBB Foods Inc Cl A","Consumer Prdts - Misc Staple","Consumer Staples",2952096000,0,13.79,-0.54%,-3.07%,0.31,49.439999,2929386000,106580000,66920000,114201000,18360000,-0.02,N/A,8.42%,N/L,N/L,N/L,N/L,N/L,2025-08-11
TBBK,"The Bancorp Inc","Banks - Northeast",Finance,3350307000,14.52,3.62,2.56%,27.24%,0.14,14.71,2903887000,303660000,302110000,46065000,217540000,1.3,5.60%,96.22%,N/L,N/L,N/L,N/L,N/L,2025-07-24
TBCH,"Turtle Beach Corp","Computers - Peripheral Equpt","Computers and Technology",319289000,15.62,2.67,7.63%,18.23%,0.51,7.9,401319000,43350000,31060000,19807000,16180000,1.96,3.30%,67.01%,N/L,N/L,N/L,N/L,N/L,2025-08-07
TBHC,"The Brand House Collective Inc","Retail - Home Furniture",Retail-Wholesale,35477000,0,N/A,-8.47%,0.00%,-3.01,N/A,90857000,-3200000.,-13840000.,22454000,-23130000.,2.11,3.00%,15.38%,N/L,N/L,N/L,N/L,N/L,2025-09-04
TBI,"Trueblue Inc",Staffing,"Business Services",184489000,0,0.57,-2.62%,-5.74%,0.18,2.28,169549000,80390000,-8850000.,29901000,-125750000.,1.55,5.00%,97.15%,N/L,N/L,N/L,N/L,N/L,2025-08-04
TBLA,"Taboola.com Ltd","IT Services","Computers and Technology",899997000,20.38,0.93,3.21%,5.27%,0.1,9.38,789667000,150860000,45560000,264705000,-3760000.,1.27,24.70%,42.89%,N/L,N/L,N/L,N/L,N/L,2025-08-06
TBPH,"Theravance Bio Ord","Medical - Drugs",Medical,700522000,56.92,3.04,3.52%,6.93%,0,N/A,662722000,-38000000.,-37200000.,50361000,-56420000.,0.01,6.90%,99.10%,N/L,N/L,N/L,N/L,N/L,2025-08-12
TBRG,"Trubridge Inc","Medical Information Systems",Medical,307446000,51.87,1.71,1.43%,3.30%,0.96,10.29,466706000,78600000,49120000,15012000,-19670000.,0.59,10.70%,88.64%,N/L,N/L,N/L,N/L,N/L,2025-08-07
TCBI,"Texas Capital Bncsh","Banks - Southwest",Finance,4003563000,14.95,1.19,1.03%,10.36%,0.18,13.82,1775102000,299180000,244950000,45755000,77510000,0.65,1.72%,96.88%,N/L,N/L,N/L,N/L,N/L,2025-10-16
TCBK,"Trico Bancshares","Banks - West",Finance,1461248000,12.51,1.1,1.14%,8.99%,0.09,11.16,1507088000,173770000,162790000,32559000,114870000,0.64,4.80%,59.11%,N/L,N/L,N/L,N/L,N/L,2025-07-24
TCMD,"Tactile Systems Technology Inc","Medical Instruments",Medical,294923000,19.54,1.51,5.59%,7.72%,0.11,11.73,223773000,28140000,21350000,22292000,16960000,0.96,2.50%,83.43%,N/L,N/L,N/L,N/L,N/L,2025-08-04
TCOM,"Trip.com Group Ltd ADR","Leisure & Recreation Services","Consumer Discretionary",42410352000,19.46,2.06,6.58%,11.55%,0.29,17.620001,40932352000,2143000000,1976000000,653271000,2338000000,0.06,22.98%,35.41%,N/L,N/L,N/L,N/L,N/L,2025-08-27
TCPC,"TCP Capital Corp","Finance - SBIC & Commercial",Finance,602055000,5,0.82,6.14%,15.12%,1.59,2.62,1629535000,312290000,201370000,85036000,-63140000.,1.01,0.21%,0.00%,N/L,N/L,N/L,N/L,N/L,2025-08-07
TCX,"Tucows Inc Cl A","Internet - Content","Computers and Technology",211368000,0,N/A,-9.05%,0.00%,-3.96,N/A,754068000,37870000,-12480000.,11078000,-109860000.,0.81,9.40%,73.64%,N/L,N/L,N/L,N/L,N/L,2025-08-07
TD,"Toronto Dominion Bank","Banks - Foreign",Finance,127574792000,13.29,1.57,0.68%,13.11%,0.08,10.76,-138563712000.,25870890000,24381650000,1715176000,6496220000,0.84,0.09%,52.37%,N/L,N/L,N/L,N/L,N/L,2025-08-28
TDC,"Teradata Corp","Computer - Storage Devices","Computers and Technology",2023245000,14.3,11.13,8.32%,96.29%,2.66,8.3,2083245000,285000000,185000000,94500000,114000000,0.83,0.90%,90.31%,N/L,N/L,N/L,N/L,N/L,2025-08-05
TDG,"Transdigm Group Inc","Aerospace - Defense Equipment",Aerospace,79366704000,40.64,N/A,8.92%,-35.27%,-4.88,35.98,97499704000,4484000000,4146000000,56350000,1714000000,1.07,4.09%,95.78%,N/L,N/L,N/L,N/L,N/L,2025-08-05
TDOC,"Teladoc Health Inc","Medical Services",Medical,1356987000,0,0.89,-4.43%,-10.13%,0,1.29,609377000,1324330000,151490000,176691000,-1001250000.,1.76,0.58%,76.82%,N/L,N/L,N/L,N/L,N/L,2025-07-29
TDS,"Telephone and Data Systems","Wireline National","Computers and Technology",4434601000,0,0.95,0.32%,0.92%,0.7,4.48,9226600000,1921000000,978000000,114000000,-28000000.,0.54,14.97%,80.00%,N/L,N/L,N/L,N/L,N/L,2025-08-11
TDUP,"Thredup Inc Cl A","Consumer Prdts - Misc Staple","Consumer Staples",1438521000,0,22.83,-23.61%,-71.49%,0.33,N/A,1428681000,1560000,-20300000.,123161000,-76990000.,1.73,27.00%,89.08%,N/L,N/L,N/L,N/L,N/L,2025-08-04
TDW,"Tidewater Inc","Oil - US Integrated",Oils-Energy,3010599000,15.96,2.52,9.06%,16.74%,0.55,7.13,3322779000,808610000,564100000,49492000,180660000,1.08,6.60%,95.13%,N/L,N/L,N/L,N/L,N/L,2025-08-04
TDY,"Teledyne Technologies Inc","Aerospace - Defense Equipment",Aerospace,25838644000,26.12,2.45,6.67%,9.96%,0.25,19.42,27843844000,1958900000,1596500000,46889000,819200000,1.07,1.50%,91.58%,N/L,N/L,N/L,N/L,N/L,2025-07-23
TE,"T1 Energy Inc",Solar,Oils-Energy,247941000,0,1.25,-8.61%,-37.11%,2.58,N/A,692871000,-89690000.,-100150000.,155938000,-450150000.,1.28,17.10%,52.31%,N/L,N/L,N/L,N/L,N/L,2025-08-20
TEAD,"Teads Holding CO","Advertising Marketing Services","Business Services",184246000,0,0.31,-1.41%,-4.37%,1.13,4.07,95156000,-29880000.,-47120000.,94972000,-710000.,1.33,21.85%,60.44%,N/L,N/L,N/L,N/L,N/L,2025-08-07
TEAM,"Atlassian Corp","Internet - Software","Computers and Technology",44833400000,0,32.110001,-3.28%,-14.77%,0.72,N/A,43642380000,-38340000.,-101920000.,262506000,-256690000.,0.96,38.55%,94.45%,N/L,N/L,N/L,N/L,N/L,2025-08-07
TECH,"Bio-Techne Corp","Medical - Biomedical",Medical,8949827000,31.21,4.41,10.32%,13.43%,0.18,22.09,9133637000,212160000,102260000,156767000,73400000,1.4,3.90%,98.95%,N/L,N/L,N/L,N/L,N/L,2025-08-06
TECK,"Teck Resources Ltd","Mining - Misc","Basic Materials",16235176000,21.75,0.84,2.28%,3.91%,0.16,9.36,14004916000,1154070000,-105570000.,483046000,296300000,0.81,0.14%,78.06%,N/L,N/L,N/L,N/L,N/L,2025-07-24
TECX,"Tectonic Therapeutic Inc","Medical - Biomedical",Medical,489880000,0,1.67,-28.32%,-30.13%,0,N/A,348640000,-77640000.,-79290000.,18712000,-57980000.,3.27,38.00%,62.63%,N/L,N/L,N/L,N/L,N/L,2025-08-13
TEF,"Telefonica S.A. ADR","Diversified Comm Services",Utilities,30788980000,16,1.3,1.99%,8.57%,1.77,12.29,64031088000,18039920000,18039920000,5670162000,-53020000.,0.51,0.01%,1.14%,N/L,N/L,N/L,N/L,N/L,2025-07-30
TEL,"Te Connectivity Ltd","Electronics - Misc Components","Computers and Technology",60573808000,24.22,4.78,10.61%,20.22%,0.39,19.25,62717808000,3772000000,2946000000,295482000,3193000000,1.23,0.90%,91.43%,N/L,N/L,N/L,N/L,N/L,2025-07-23
TELA,"Tela Bio Inc","Medical - Biomedical",Medical,70120000,0,7.41,-57.34%,-329.48%,4.51,N/A,58570000,-35890000.,-36900000.,39616000,-37840000.,0.93,4.70%,94.35%,N/L,N/L,N/L,N/L,N/L,2025-08-11
TEM,"Tempus Ai Cl A","Medical Information Systems",Medical,13988578000,0,43.02,-18.09%,-122.86%,1.85,N/A,13914868000,-190800000.,-234780000.,173728000,-705810000.,4.98,27.60%,24.22%,N/L,N/L,N/L,N/L,N/L,2025-08-08
TEN,"Tsakos Energy Navigation Ltd","Transportation - Ship",Transportation,644739000,6.5,0.36,6.63%,14.17%,0,2.31,2055009000,576190000,426440000,30128000,176230000,-0.09,1.41%,19.24%,N/L,N/L,N/L,N/L,N/L,2025-09-10
TENB,"Tenable Holdings Inc","Internet - Software","Computers and Technology",3715195000,0,10.48,-0.76%,-3.32%,1.01,188.25,3743255000,12710000,-14260000.,121095000,-36300000.,0.76,1.50%,89.06%,N/L,N/L,N/L,N/L,N/L,2025-07-30
TEO,"Telecom Argentina Stet France Telecom ADR","Wireline Non-US",Utilities,3954175000,0,0.71,-0.12%,-0.26%,0.7,1.59,6769835000,3084030000,1640330000,430738000,1113640000,1.2,1.00%,0.00%,N/L,N/L,N/L,N/L,N/L,2025-08-21
TER,"Teradyne Inc","Electronics Products - Misc","Computers and Technology",18341234000,34.48,6.13,13.80%,18.16%,0,27.6,17787884000,646330000,526590000,159074000,542370000,1.72,0.16%,99.77%,N/L,N/L,N/L,N/L,N/L,2025-07-29
TERN,"Terns Pharmaceuticals Inc","Medical - Biomedical",Medical,606451000,0,1.93,-26.18%,-27.35%,0,N/A,445011000,-104800000.,-105700000.,87511000,-88850000.,-0.05,1.50%,98.26%,N/L,N/L,N/L,N/L,N/L,2025-08-04
TEVA,"Teva Pharmaceutical Industries ADR","Medical - Generic Drugs",Medical,21172880000,7.52,3.16,7.18%,46.10%,2.52,5.59,35995880000,3108000000,2049000000,1146960000,-1639000000.,0.62,0.49%,54.05%,N/L,N/L,N/L,N/L,N/L,2025-07-30
TEX,"Terex Corp","Machinery - Construct & Mining","Industrial Products",3383648000,10.63,1.61,5.64%,15.95%,1.32,6.53,5579648000,454600000,372600000,65600000,335000000,1.62,1.90%,92.88%,N/L,N/L,N/L,N/L,N/L,2025-07-31
TFC,"Truist Financial Corp","Banks - Major Regional",Finance,59197964000,12.04,0.96,0.95%,8.69%,0.69,9.29,57742964000,10785000000,9806000000,1289435000,4818000000,0.87,0.17%,71.28%,N/L,N/L,N/L,N/L,N/L,2025-10-16
TFII,"Tfi International Inc","Transportation - Services",Transportation,7989047000,18.63,2.82,5.72%,15.45%,0.91,7.18,10391927000,1846390000,1264320000,82540000,422480000,1.43,5.50%,73.30%,N/L,N/L,N/L,N/L,N/L,2025-07-28
TFIN,"Triumph Financial Inc","Finance - Misc Services",Finance,1427362000,107.29,1.5,0.25%,1.79%,0.05,31.459999,1184592000,82070000,57480000,23734000,16090000,1.29,5.58%,91.11%,N/L,N/L,N/L,N/L,N/L,2025-10-15
TFPM,"Triple Flag Precious Metals Corp","Mining - Gold","Basic Materials",5439078000,33.81,2.97,8.60%,8.81%,0,28.23,5402828000,246940000,171040000,206495000,-23080000.,-0.2,N/A,82.91%,N/L,N/L,N/L,N/L,N/L,2025-08-06
TFSL,"Tfs Financial Corp","Finance - Savings & Loan",Finance,3859460000,45.69,1.97,0.48%,4.40%,2.59,37.709999,8188590000,282600000,263570000,280688000,79590000,0.75,0.95%,9.81%,N/L,N/L,N/L,N/L,N/L,2025-07-29
TFX,"Teleflex Inc","Medical Instruments",Medical,5719458000,8.89,1.3,8.85%,15.08%,0.45,4.91,7085138000,1077830000,559810000,44193000,69680000,1.08,1.40%,95.62%,N/L,N/L,N/L,N/L,N/L,2025-07-31
TG,"Tredegar Corp","Chemical - Plastics","Basic Materials",276353000,34.55,1.37,1.96%,4.17%,0,4.48,270613000,47030000,5960000,34893000,-64570000.,0.83,5.95%,79.24%,N/L,N/L,N/L,N/L,N/L,2025-08-08
TGB,"Taseko Mines Ltd","Mining - Misc","Basic Materials",1003226000,0,2.42,-0.05%,-0.20%,1.48,10.41,1458976000,137540000,87520000,316475000,-9810000.,1.35,2.30%,17.94%,N/L,N/L,N/L,N/L,N/L,2025-08-06
TGEN,"Tecogen Inc","Building Prdcts - Air Heating",Construction,269891000,0,24,-14.54%,-42.64%,0,N/A,266031000,-3020000.,-3790000.,29691000,-4760000.,1,12.70%,0.00%,N/L,N/L,N/L,N/L,N/L,2025-08-12
TGLS,"Tecnoglass Inc","Building Prds Retail - Wsale",Retail-Wholesale,3421593000,17.16,4.47,17.70%,28.77%,0.15,18.879999,3396023000,258030000,255380000,46987000,161310000,1.85,0.25%,37.35%,N/L,N/L,N/L,N/L,N/L,2025-08-07
TGNA,"Tegna Inc","Broadcast - Radio & TV","Consumer Discretionary",3391287000,7.11,1.09,6.68%,16.20%,1,5.3,5794847000,962220000,842490000,160877000,599820000,0.28,0.49%,92.19%,N/L,N/L,N/L,N/L,N/L,2025-08-07
TGS,"Transportadora DE Gas Sa Ord B ADR","Oil - Production & Pipeline",Oils-Energy,4195885000,15.29,1.86,8.09%,12.12%,0.27,8.38,4768035000,778600000,635970000,150552000,407180000,0.71,N/A,3.29%,N/L,N/L,N/L,N/L,N/L,2025-08-18
TGT,"Target Corp","Retail - Discount",Retail-Wholesale,45090684000,12.75,2.86,6.06%,23.43%,1.04,6.29,56268684000,11289000000,8308000000,454360000,4091000000,1.22,0.16%,79.73%,N/L,N/L,N/L,N/L,N/L,2025-08-20
TGTX,"Tg Therapeutics","Medical - Biomedical",Medical,4671921000,77.76,16.52,9.58%,26.05%,0.89,239.820007,4736461000,81130000,85840000,158666000,23380000,1.95,10.64%,58.58%,N/L,N/L,N/L,N/L,N/L,2025-08-04
TH,"Target Hospitality Corp","Leisure & Recreation Services","Consumer Discretionary",898011000,73.75,2.2,2.13%,3.26%,0.06,5.96,887671000,122350000,46700000,99779000,71270000,1.92,68.00%,32.40%,N/L,N/L,N/L,N/L,N/L,2025-08-07
THC,"Tenet Healthcare Corp","Medical - Hospitals",Medical,15859002000,12.03,2.86,4.80%,24.69%,2.41,8.41,28740002000,5336000000,4492000000,88351000,3200000000,1.52,0.81%,95.44%,N/L,N/L,N/L,N/L,N/L,2025-07-22
THCH,"Th International Limited","Retail - Restaurants",Retail-Wholesale,81964000,0,N/A,-15.47%,0.00%,-1.02,N/A,175264000,-1570000.,-25170000.,33184000,-57320000.,0.54,N/A,91.85%,N/L,N/L,N/L,N/L,N/L,2025-08-26
THFF,"First Finl Corp [In]","Banks - Midwest",Finance,691505000,10.6,1.12,1.12%,10.90%,0.21,10.6,625275000,101590000,87080000,11851000,47280000,0.47,3.69%,72.74%,N/L,N/L,N/L,N/L,N/L,2025-07-22
THG,"The Hanover Insurance Group","Insurance - Proprty & Casualty",Finance,6281570000,10.49,1.94,3.92%,20.24%,0.24,12.69,6630170000,742500000,734200000,35770000,426000000,0.45,2.50%,86.61%,N/L,N/L,N/L,N/L,N/L,2025-07-30
THO,"Thor Industries","Building - Mobile Homes & RV",Construction,5941290000,22.34,1.32,3.61%,6.15%,0.24,9.71,6573890000,750830000,455410000,53204000,265310000,1.21,4.50%,96.71%,N/L,N/L,N/L,N/L,N/L,2025-09-23
THRM,"Gentherm Inc","Auto - Truck Original Parts",Auto-Tires-Trucks,1114285000,16.59,1.51,4.95%,9.90%,0.3,8.34,1200355000,155030000,99550000,30520000,64950000,1.45,1.40%,97.13%,N/L,N/L,N/L,N/L,N/L,2025-07-24
THRY,"Thryv Holdings Inc","Internet - Software","Computers and Technology",606317000,0,2.69,-12.16%,-47.96%,1.28,629.719971,874347000,5830000,-69260000.,43936000,-74220000.,0.94,9.88%,96.38%,N/L,N/L,N/L,N/L,N/L,2025-07-30
THS,"Treehouse Foods","Food - Misc & Diversified","Consumer Staples",996365000,9.34,0.58,2.45%,6.35%,0.99,3.65,2109165000,331900000,184800000,50500000,26900000,0.25,11.10%,99.81%,N/L,N/L,N/L,N/L,N/L,2025-07-31
THTX,"Theratechnologies Inc","Medical - Biomedical",Medical,149895000,0,N/A,-9.83%,0.00%,-1.53,N/A,178425000,9890000,7130000,45980000,-8310000.,0.52,N/A,0.00%,N/L,N/L,N/L,N/L,N/L,2025-10-09
TIC,"Acuren Corp","Medical Products",Medical,2108201000,0,1.05,-1.86%,-3.57%,0.64,N/A,2723871000,105770000,8910000,200590000,-121160000.,N/A,N/A,N/A,N/L,N/L,N/L,N/L,N/L,2025-08-14
TIGO,"Millicom International Cellular S.A.","Wireless Non-US","Computers and Technology",8121210000,21.52,2.28,2.59%,10.32%,1.69,5.34,13180210000,3876000000,2642000000,172096000,253000000,1.04,0.52%,0.00%,N/L,N/L,N/L,N/L,N/L,2025-08-07
TIGR,"Up Fintech Holding Ltd ADR","Finance - Investment Brokers",Finance,2346851000,24.96,2.97,1.27%,13.19%,0,32.73,-504230000.,177810000,175190000,184646000,60730000,0.6,50.90%,9.03%,N/L,N/L,N/L,N/L,N/L,2025-08-27
TILE,"Interface Inc","Textile - Home Furnishings","Consumer Discretionary",1590948000,15.66,2.66,8.07%,18.97%,0.53,11.66,1794478000,191590000,147080000,58362000,86950000,2,2.30%,98.34%,N/L,N/L,N/L,N/L,N/L,2025-08-01
TIMB,"Tim S.A. ADR","Wireless Non-US","Computers and Technology",10143174000,15.94,2.24,6.37%,13.99%,0.12,5.27,10101784000,2329450000,1026820000,484161000,584730000,0.6,0.00%,0.00%,N/L,N/L,N/L,N/L,N/L,2025-07-30
TIPT,"Tiptree Financial Cl A","Insurance - Brokers",Finance,881250000,10.28,1.2,1.63%,13.90%,0.68,7.41,988270000,231660000,214800000,37500000,53370000,1.23,31.78%,37.78%,N/L,N/L,N/L,N/L,N/L,2025-07-30
TITN,"Titan Machinery Inc","Retail - Wsale Auto & Trucks",Retail-Wholesale,475089000,0,0.74,-2.64%,-8.22%,0.27,41.919998,607879000,18220000,-22220000.,23085000,-36910000.,1.37,10.84%,78.38%,N/L,N/L,N/L,N/L,N/L,2025-08-28
TIXT,"Telus International [Cda] Inc Subordinate Voting","Internet - Software","Computers and Technology",1083305000,29.38,0.62,0.84%,1.99%,0.92,2.39,2434305000,659000000,335000000,275650000,-61000000.,0.9,4.80%,59.55%,N/L,N/L,N/L,N/L,N/L,2025-08-01
TJX,"TJX Companies","Retail - Discount",Retail-Wholesale,152528960000,31.32,17.33,15.43%,58.63%,0.34,25.129999,150059968000,7565000000,6278000000,1117101000,4864000000,0.89,0.13%,91.09%,N/L,N/L,N/L,N/L,N/L,2025-08-20
TK,"Teekay Corporation Ltd","Oil - International Integrated",Oils-Energy,742953000,6.68,0.38,0.00%,0.00%,0,3.58,53953000,552420000,458840000,91836000,133770000,0.49,2.38%,46.73%,N/L,N/L,N/L,N/L,N/L,2025-07-30
TKC,"Turkcell Iletisim Hizmetleri As ADR","Wireless Non-US","Computers and Technology",5306400000,0,0.94,3.59%,7.00%,0.79,3,4803170000,2245710000,799210000,880000000,717460000,0.92,N/A,0.00%,N/L,N/L,N/L,N/L,N/L,2025-09-11
TKO,"Tko Group Holdings Inc Cl A","Movie & TV Production & Dist","Consumer Discretionary",36916768000,67.24,3.53,1.91%,2.82%,0.27,41.02,39172340000,1654250000,1225760000,198296000,9410000,0.72,61.30%,89.79%,N/L,N/L,N/L,N/L,N/L,2025-08-06
TKR,"Timken Company","Electronics Products - Misc","Computers and Technology",5501100000,14.46,1.6,5.52%,11.78%,0.65,8.37,7177200000,837000000,615200000,69643000,352700000,1.3,8.70%,89.08%,N/L,N/L,N/L,N/L,N/L,2025-07-30
TLN,"Talen Energy Corporation","Other Alt Energy",Oils-Energy,16268885000,62.02,13.07,4.52%,17.81%,2.46,20.629999,18907884000,833000000,425000000,45685000,998000000,1.9,0.18%,0.38%,N/L,N/L,N/L,N/L,N/L,2025-08-07
TLPH,"Talphera Inc","Medical - Drugs",Medical,10112000,0,1.51,-64.32%,-152.38%,0,N/A,1252000,-14060000.,-13940000.,20523000,-13000000.,-0.09,3.20%,37.67%,N/L,N/L,N/L,N/L,N/L,2025-08-14
TLRY,"Tilray Brands Inc","Medical Products",Medical,1265610000,0,0.79,-5.45%,-6.83%,0.11,7.68,1207200000,-2049740000.,-2194090000.,1100530000,-2186740000.,1.85,0.60%,9.35%,N/L,N/L,N/L,N/L,N/L,2025-10-09
TLS,"Telos Corp","IT Services","Computers and Technology",477659000,0,3.8,-28.00%,-36.19%,0,N/A,423079000,-39380000.,-51320000.,72703000,-52520000.,0.96,14.90%,62.14%,N/L,N/L,N/L,N/L,N/L,2025-08-11
TLSA,"Tiziana Life Sciences Ltd","Medical - Biomedical",Medical,240707000,0,51.68,0.00%,0.00%,0,N/A,236987000,-15670000.,0,116848000,-11860000.,-0.57,39.82%,0.00%,N/L,N/L,N/L,N/L,N/L,2025-08-05
TLYS,"Tilly's Inc","Retail - Apparel & Shoes",Retail-Wholesale,53972000,0,0.58,-13.06%,-46.32%,0,N/A,32912000,-38980000.,-51750000.,30152000,-46230000.,1.4,2.83%,76.38%,N/L,N/L,N/L,N/L,N/L,2025-09-03
TM,"Toyota Motor Corp Ltd Ord ADR","Auto - Foreign",Auto-Tires-Trucks,271329344000,9.51,1.04,4.58%,11.63%,1.04,5.76,468078464000,22904510000,8046370000,1347417000,31449560000,0.64,N/A,1.48%,N/L,N/L,N/L,N/L,N/L,2025-08-07
TMC,"Tmc The Metals Company","Mining - Misc","Basic Materials",1760224000,0,21.9,-90.71%,"-1,240.46%",0.03,N/A,1768524000,-75950000.,-76310000.,362186000,-81940000.,1.59,27.60%,4.39%,N/L,N/L,N/L,N/L,N/L,2025-08-14
TMCI,"Treace Medical Concepts Inc","Medical Instruments",Medical,486432000,0,4.68,-23.36%,-46.76%,0.55,N/A,528392000,-40310000.,-47880000.,63173000,-55740000.,0.68,27.72%,84.08%,N/L,N/L,N/L,N/L,N/L,2025-08-07
TMDX,"Transmedics Group Inc","Medical Instruments",Medical,4085687000,61.56,12.73,8.64%,28.02%,0.19,72.209999,3808407000,96330000,76570000,34090000,35460000,2.09,7.00%,99.67%,N/L,N/L,N/L,N/L,N/L,2025-07-30
TME,"Tencent Music Entertainment ADR","Media Conglomerates","Consumer Discretionary",43502556000,33.77,3.56,8.39%,10.75%,0.04,38.650002,42166784000,788040000,652000000,1716077000,924180000,0.5,N/A,24.32%,N/L,N/L,N/L,N/L,N/L,2025-08-12
TMHC,"Taylor Morrison Home Corp","Building - Residential & Comm",Construction,6969553000,7.15,1.09,10.23%,16.22%,0.32,6.9,8428403000,1306650000,1262570000,100368000,883310000,1.53,1.40%,95.16%,N/L,N/L,N/L,N/L,N/L,2025-07-23
TMO,"Thermo Fisher Scientific Inc","Medical Instruments",Medical,188802224000,22.1,3.62,8.38%,16.82%,0.65,16.110001,213974224000,10516000000,7408000000,377612000,6335000000,0.74,0.33%,89.23%,N/L,N/L,N/L,N/L,N/L,2025-07-23
TMP,Tompkinstrustco,"Banks - Northeast",Finance,1016009000,12.02,1.26,0.97%,10.82%,0.88,11.95,1671859000,141590000,132240000,14434000,70850000,0.92,2.94%,69.11%,N/L,N/L,N/L,N/L,N/L,2025-07-25
TMQ,"Trilogy Metals Inc","Mining - Misc","Basic Materials",262786000,0,2.08,-6.79%,-6.84%,0,N/A,236956000,-7550000.,-7560000.,164241000,-8590000.,1.17,15.20%,16.75%,N/L,N/L,N/L,N/L,N/L,2025-10-14
TMUS,"T-Mobile US","Wireless National",Utilities,283549312000,24.35,4.75,5.78%,19.69%,1.31,12.15,356001312000,44958000000,32039000000,1125419000,11339000000,0.62,0.37%,42.49%,N/L,N/L,N/L,N/L,N/L,2025-07-23
TNC,"Tennant Company","Machinery - General Industrial","Industrial Products",1546039000,14.63,2.3,8.67%,16.41%,0.33,8.44,1645739000,143500000,88400000,18469000,83700000,1.06,2.60%,93.33%,N/L,N/L,N/L,N/L,N/L,2025-08-06
TNDM,"Tandem Diabetes Care","Medical Instruments",Medical,806098000,0,5.52,-13.87%,-65.40%,0,N/A,736868000,-182980000.,-199360000.,67569000,-96030000.,1.46,1.90%,N/A,N/L,N/L,N/L,N/L,N/L,2025-08-06
TNET,"Trinet Group Inc",Outsourcing,"Business Services",3352710000,16.94,29.77,5.01%,208.35%,9.2,9.25,2562710000,383000000,253000000,48590000,173000000,0.83,38.10%,96.81%,N/L,N/L,N/L,N/L,N/L,2025-07-25
TNGX,"Tango Therapeutics Inc","Medical - Biomedical",Medical,767694000,0,5.78,-49.30%,-79.72%,0,N/A,698164000,-159410000.,-157290000.,111260000,-130300000.,1.64,7.50%,78.99%,N/L,N/L,N/L,N/L,N/L,2025-08-05
TNK,"Teekay Tankers Ltd","Transportation - Ship",Transportation,1650173000,8.04,0.89,10.33%,11.48%,0,3.66,1134613000,453820000,360240000,34300000,403670000,-0.09,1.90%,52.67%,N/L,N/L,N/L,N/L,N/L,2025-08-07
TNL,"Travel + Leisure Co.","Leisure & Recreation Services","Consumer Discretionary",4056850000,9.8,N/A,6.15%,-47.47%,-6.55,7.78,9318850000,991000000,876000000,64920000,411000000,1.43,3.75%,87.54%,N/L,N/L,N/L,N/L,N/L,2025-07-23
TNYA,"Tenaya Therapeutics Inc","Medical - Biomedical",Medical,184163000,0,1.89,-75.66%,-93.83%,0,N/A,179843000,-94700000.,-102980000.,162976000,-111130000.,3.01,48.65%,90.54%,N/L,N/L,N/L,N/L,N/L,2025-08-14
TOI,"The Oncology Institute Inc","Medical Services",Medical,338197000,0,N/A,-34.25%,"-1,527.21%",-8.34,N/A,381657000,-27950000.,-40040000.,89234000,-64660000.,0.08,8.50%,36.86%,N/L,N/L,N/L,N/L,N/L,2025-08-13
TOL,"Toll Brothers Inc","Building - Residential & Comm",Construction,13663849000,9.67,1.59,9.90%,17.42%,0.33,8.69,15043729000,1858250000,1777050000,98181000,1571200000,1.33,1.54%,91.76%,N/L,N/L,N/L,N/L,N/L,2025-08-19
TOON,"Kartoon Studios Inc","Media Conglomerates","Consumer Discretionary",35998000,0,1.18,-26.09%,-59.03%,0,N/A,28508000,-1680000.,-6120000.,47984000,-20740000.,2.01,6.37%,8.57%,N/L,N/L,N/L,N/L,N/L,2025-08-13
TORO,"Toro Corp","Transportation - Ship",Transportation,52508000,0,0.26,1.40%,2.31%,0,5.09,15318000,-16830000.,-21710000.,19094000,25210000,1.27,N/A,1.74%,N/L,N/L,N/L,N/L,N/L,2025-08-25
TOST,"Toast Inc Cl A","Internet - Software","Computers and Technology",22440000000,121.71,11.67,9.19%,14.19%,0,136.490005,21559000000,318000000,190000000,510000000,19000000,2.01,12.14%,82.91%,N/L,N/L,N/L,N/L,N/L,2025-08-05
TOUR,"Tuniu Corporatio ADR","Internet - Content","Computers and Technology",103370000,10.55,0.73,3.12%,5.94%,0,7.69,36100000,10440000,730000,117054000,10570000,1.66,76.10%,0.00%,N/L,N/L,N/L,N/L,N/L,2025-08-15
TOWN,"Towne Bank","Banks - Southeast",Finance,2790037000,13.55,1.2,1.14%,9.05%,0,13.11,1453777000,256020000,171500000,75001000,161760000,0.84,8.14%,55.99%,N/L,N/L,N/L,N/L,N/L,2025-07-23
TPB,"Turning Point Brands",Tobacco,"Consumer Staples",1782852000,35.57,7.96,9.52%,25.32%,1.3,31.690001,1985292000,96410000,88320000,18025000,39810000,0.66,6.60%,96.12%,N/L,N/L,N/L,N/L,N/L,2025-08-06
TPC,"Tutor Perini Corp","Building - Heavy Construction",Construction,3081774000,0,2.42,-1.72%,-6.41%,0.34,N/A,3151724000,2500000,-51290000.,52743000,-163720000.,1.83,17.30%,65.01%,N/L,N/L,N/L,N/L,N/L,2025-08-06
TPG,"Tpg Inc Cl A","Finance - Investment Mgmt",Finance,23027458000,26.83,6.29,8.16%,25.79%,0.45,22.549999,23488248000,351780000,216390000,377871000,23480000,1.56,69.98%,94.03%,N/L,N/L,N/L,N/L,N/L,2025-08-06
TPH,"Tri Pointe Homes Inc","Building - Residential & Comm",Construction,3277720000,8.52,0.94,7.75%,11.33%,0.28,6.14,3225170000,530500000,465970000,90670000,458030000,1.22,2.70%,97.01%,N/L,N/L,N/L,N/L,N/L,2025-07-24
TPIC,"Tpi Composites Inc","Industrial Services","Industrial Products",6194000,0,N/A,-27.61%,0.00%,-1.27,N/A,416634000,-32120000.,-94930000.,48730000,-240710000.,1.98,3.70%,75.24%,N/L,N/L,N/L,N/L,N/L,2025-08-14
TPICQ,"Tpi Composites Inc","Industrial Services","Industrial Products",1847000,0,N/A,-27.61%,0.00%,0,N/A,1847000,0,0,48730000,0,1.98,3.70%,75.24%,N/L,N/L,N/L,N/L,N/L,N/A
TPL,"Texas Pacific Land Trust","Other Alt Energy",Oils-Energy,20955630000,43.88,15.7,35.65%,39.47%,0,42.209999,20585790000,631720000,606560000,22987000,453960000,1.14,6.50%,59.94%,N/L,N/L,N/L,N/L,N/L,2025-08-06
TPR,"Tapestry Inc","Retail - Apparel & Shoes",Retail-Wholesale,20741638000,19.33,23.82,13.01%,68.02%,2.79,15.03,22036238000,1494700000,1269800000,208124000,183200000,1.51,1.18%,90.77%,N/L,N/L,N/L,N/L,N/L,2025-08-14
TPST,"Tempest Therapeutics Inc","Medical - Drugs",Medical,44513000,0,3.52,-130.63%,-334.76%,0,N/A,14243000,-42990000.,-43380000.,4440000,-41840000.,-1.93,4.70%,22.52%,N/L,N/L,N/L,N/L,N/L,2025-08-14
TPVG,"Triplepoint Venture Growth Bdc","Finance - SBIC & Commercial",Finance,259283000,5.21,0.73,6.32%,13.78%,0.14,4.92,185553000,45690000,48450000,40324000,32050000,1.46,1.46%,12.77%,N/L,N/L,N/L,N/L,N/L,2025-08-06
TR,"Tootsie Roll Industries","Food - Confectionery","Consumer Staples",2924589000,31.5,3.21,7.88%,10.36%,0,26.879999,2785399000,129150000,109140000,72987000,86830000,0.44,60.85%,14.28%,N/L,N/L,N/L,N/L,N/L,2025-07-24
TRAK,"Repositrak Inc","Internet - Software","Computers and Technology",307768000,47.35,6.01,12.44%,13.89%,0.01,40.709999,282628000,8420000,7170000,18276000,5960000,0.5,44.00%,27.35%,N/L,N/L,N/L,N/L,N/L,2025-09-29
TRC,"Tejon Ranch Company","Real Estate Operations",Finance,470376000,0,0.96,-0.09%,-0.11%,0.17,65.360001,498046000,-5480000.,-9890000.,26894000,2690000,0.63,22.44%,60.63%,N/L,N/L,N/L,N/L,N/L,2025-08-05
TRDA,"Entrada Therapeutics Inc","Medical - Biomedical",Medical,233547000,0,0.59,-14.55%,-17.81%,0,3.7,132337000,-102420000.,-96170000.,38037000,65630000,-0.12,8.11%,86.39%,N/L,N/L,N/L,N/L,N/L,2025-08-12
TREE,"Lendingtree Inc","Finance - Mortgage & Rel Svs",Finance,946317000,31.58,7.28,3.46%,25.79%,4.16,19.58,1308777000,91480000,64790000,13620000,-41700000.,1.58,23.10%,68.26%,N/L,N/L,N/L,N/L,N/L,2025-07-31
TREX,"Trex Company","Building Products - Wood",Construction,6935895000,34.08,6.65,13.41%,21.27%,0.25,23.379999,7137205000,308480000,253810000,107234000,226390000,1.51,0.71%,95.96%,N/L,N/L,N/L,N/L,N/L,2025-08-04
TRGP,"Targa Resources","Oil Refining & Marketing MLP",Oils-Energy,35132244000,23.26,12.97,6.75%,43.35%,6.21,13.01,49149544000,5918700000,4480900000,215192000,1279100000,1.12,1.34%,92.13%,N/L,N/L,N/L,N/L,N/L,2025-08-07
TRI,"Thomson Reuters Corp","Business Services","Business Services",80462128000,46.34,6.29,9.35%,14.04%,0.15,31.41,81314128000,3824000000,3002000000,450642000,2210000000,0.77,N/A,17.31%,N/L,N/L,N/L,N/L,N/L,2025-08-06
TRIB,"Trinity Bio ADR","Medical Products",Medical,28345000,0,N/A,-32.33%,0.00%,-1.82,N/A,95565000,-22730000.,-24600000.,18054000,-31790000.,0.77,8.20%,78.97%,N/L,N/L,N/L,N/L,N/L,2025-08-27
TRIN,"Trinity Capital Inc","Finance - SBIC & Commercial",Finance,1111665000,7.4,1.1,7.08%,15.72%,0.52,7.66,1215035000,137780000,132380000,70314000,115600000,0.54,5.31%,24.62%,N/L,N/L,N/L,N/L,N/L,2025-08-06
TRIP,"Tripadvisor Inc","Internet Commerce",Retail-Wholesale,2054411000,24.57,3.14,3.59%,12.40%,1.87,14.23,1826411000,881000000,796000000,116134000,5000000,1.3,3.10%,98.99%,N/L,N/L,N/L,N/L,N/L,2025-08-07
TRMB,"Trimble Navigation","Machinery - General Industrial","Industrial Products",19651480000,34.01,3.37,6.23%,10.24%,0.27,25.370001,20303280000,852100000,620100000,237969000,1504400000,1.69,0.54%,93.21%,N/L,N/L,N/L,N/L,N/L,2025-08-06
TRMD,"Torm Plc Cl A","Transportation - Ship",Transportation,1979640000,6.44,0.95,9.56%,15.73%,0.55,2.48,2914740000,991500000,436300000,94000000,612500000,0.12,0.37%,73.89%,N/L,N/L,N/L,N/L,N/L,2025-08-14
TRMK,"Trustmark Corp","Banks - Southeast",Finance,2435507000,10.78,1.12,1.18%,10.81%,0.09,10.98,2053817000,323200000,295700000,60367000,223010000,0.7,1.50%,67.64%,N/L,N/L,N/L,N/L,N/L,2025-07-22
TRML,"Tourmaline Bio Inc","Medical - Drugs",Medical,598717000,0,2.29,-29.63%,-30.50%,0,N/A,568207000,-110010000.,-102450000.,25685000,-73210000.,2.04,13.00%,91.89%,N/L,N/L,N/L,N/L,N/L,2025-08-14
TRN,"Trinity Industries","Transportation - Equip & Lease",Transportation,2344273000,21.43,1.79,1.25%,8.49%,4.66,5.12,7806973000,727700000,433900000,80837000,138400000,1.49,2.00%,86.57%,N/L,N/L,N/L,N/L,N/L,2025-07-31
TRNO,"Terreno Realty Corp","REIT - Equity Trust Other",Finance,5967757000,22.14,1.45,5.28%,6.71%,0.2,21,6812887000,348410000,270020000,103302000,184500000,1.02,2.40%,N/A,N/L,N/L,N/L,N/L,N/L,2025-08-06
TRNS,"Transcat Inc","Industrial Controls","Computers and Technology",842726000,42.38,2.74,5.09%,6.66%,0.12,20.16,873916000,36680000,18110000,9319000,14520000,0.71,2.80%,98.34%,N/L,N/L,N/L,N/L,N/L,2025-08-06
TRON,"Tron Inc","Finance - Misc Services",Finance,174536000,0,1.27,-3.96%,-4.12%,0,N/A,173686000,-3360000.,-3480000.,33468000,-4340000.,14.2,35.26%,28.03%,N/L,N/L,N/L,N/L,N/L,2025-08-11
TROO,"Troops Inc","Conglomerates - Div Operations",Conglomerates,105759000,0,1.48,0.00%,0.00%,0.02,N/A,102129000,-3520000.,0,112510000,-13410000.,2.65,1.14%,0.00%,N/L,N/L,N/L,N/L,N/L,2025-07-30
TROW,"T Rowe Price Group","Finance - Investment Mgmt",Finance,23792938000,11.41,2.14,15.04%,19.77%,0,8.78,22087138000,2760800000,2256600000,219715000,2100100000,1.47,2.00%,73.39%,N/L,N/L,N/L,N/L,N/L,2025-08-01
TROX,"Tronox Inc","Chemical - Diversified","Basic Materials",661049000,0,0.35,-1.40%,-4.83%,1.82,2.05,3368049000,301000000,6000000,158525000,-48000000.,1.35,1.70%,73.36%,N/L,N/L,N/L,N/L,N/L,2025-07-30
TRP,"TC Energy Corp","Other Alt Energy",Oils-Energy,53287144000,18.67,2.12,3.31%,11.22%,1.53,10.02,97569224000,8816130000,6781450000,1039952000,3428600000,0.75,N/A,83.13%,N/L,N/L,N/L,N/L,N/L,2025-07-31
TRS,"Trimas Corp","Metal Production & Fabrication","Basic Materials",1557808000,19.52,2.14,5.72%,11.49%,0.59,11.44,1932858000,131690000,65810000,40642000,24250000,0.66,14.20%,99.42%,N/L,N/L,N/L,N/L,N/L,2025-07-29
TRST,"Trustco Bank Corp NY","Banks - Northeast",Finance,714453000,12.83,0.99,0.85%,7.85%,0,12.58,72643000,76510000,70830000,18851000,48830000,0.7,2.86%,68.57%,N/L,N/L,N/L,N/L,N/L,2025-07-21
TRTX,"Tpg Re Finance Trust Inc","Real Estate Operations",Finance,724609000,12.01,0.65,1.89%,6.61%,2.75,7.12,2917219000,87530000,69880000,78591000,74340000,1.63,3.00%,57.12%,N/L,N/L,N/L,N/L,N/L,2025-07-29
TRU,Transunion,"Business Information","Business Services",17738488000,23.93,3.65,6.47%,16.08%,1.09,13.91,22135588000,1864000000,1326200000,194800000,284300000,1.65,0.22%,N/A,N/L,N/L,N/L,N/L,N/L,2025-07-24
TRUE,"Truecar Inc","Internet - Services","Computers and Technology",179535000,0,1.57,-18.73%,-24.73%,0,N/A,67695000,810000,-18200000.,88441000,-31050000.,2.03,3.90%,79.44%,N/L,N/L,N/L,N/L,N/L,2025-08-06
TRUP,"Trupanion Inc","Insurance - Accident & Health",Finance,2004857000,183.58,5.74,1.33%,3.31%,0.32,166.589996,1973447000,46750000,24980000,42995000,-9630000.,1.78,5.42%,N/A,N/L,N/L,N/L,N/L,N/L,2025-08-07
TRV,"The Travelers Companies Inc","Insurance - Proprty & Casualty",Finance,62202276000,12.05,2.1,3.90%,18.68%,0.27,4.91,69536272000,14585000000,6897000000,225134000,4999000000,0.51,1.46%,82.45%,N/L,N/L,N/L,N/L,N/L,2025-10-16
TRVG,"Trivago NV ADR","Internet - Services","Computers and Technology",228018000,52.83,1.06,-0.30%,-0.46%,0,53.259998,82918000,-27870000.,-31930000.,70376000,-25640000.,1.44,6.50%,4.50%,N/L,N/L,N/L,N/L,N/L,2025-08-05
TRVI,"Trevi Therapeutics Inc","Medical - Biomedical",Medical,919416000,0,4.43,-38.21%,-41.44%,0,N/A,885316000,-51370000.,-51520000.,121777000,-47910000.,0.58,18.30%,95.76%,N/L,N/L,N/L,N/L,N/L,2025-08-07
TRX,"Trx Gold Corp","Mining - Gold","Basic Materials",98800000,0,1.4,1.45%,2.25%,0.04,180.449997,90470000,12140000,9880000,284152000,-470000.,0.23,2.25%,1.06%,N/L,N/L,N/L,N/L,N/L,2025-07-11
TS,"Tenaris S.A. ADR","Steel - Pipe & Tube","Basic Materials",21231962000,9.75,1.24,9.70%,11.71%,0.02,7.81,20994102000,2860970000,2228120000,581379000,2036450000,1.34,0.20%,10.45%,N/L,N/L,N/L,N/L,N/L,2025-07-30
TSAT,"Telesat Corp Cl A","Satellite Communication","Computers and Technology",285915000,0,0.17,-1.29%,-3.54%,1.4,N/A,2142925000,95810000,-5350000.,13641000,-64020000.,2.16,40.60%,N/A,N/L,N/L,N/L,N/L,N/L,2025-08-06
TSCO,"Tractor Supply Company","Retail - Misc & Diversified",Retail-Wholesale,32650344000,29.93,12.98,10.73%,46.83%,0.67,21.040001,34230824000,2392840000,1945680000,529952000,1101240000,0.75,0.65%,98.72%,N/L,N/L,N/L,N/L,N/L,2025-07-24
TSE,"Trinseo S.A.","Chemical - Specialty","Basic Materials",93837000,0,N/A,-10.21%,0.00%,-3.32,N/A,2295637000,107400000,-118900000.,35953000,-348500000.,1.44,4.50%,82.69%,N/L,N/L,N/L,N/L,N/L,2025-08-06
TSEM,"Tower Semiconductor","Electronics - Semiconductors","Computers and Technology",6065452000,28.55,2,6.34%,7.37%,0.06,11.7,5974382000,441230000,174950000,110825000,207860000,0.77,1.00%,70.51%,N/L,N/L,N/L,N/L,N/L,2025-08-04
TSHA,"Taysha Gene Therapies Inc","Medical - Generic Drugs",Medical,818385000,0,3.15,-44.82%,-78.44%,0.17,N/A,722835000,-87910000.,-89160000.,272795000,-89300000.,0.98,3.78%,77.70%,N/L,N/L,N/L,N/L,N/L,2025-08-12
TSLA,"Tesla Inc","Auto - Domestic",Auto-Tires-Trucks,1096684928000,188.3,13.23,4.79%,7.98%,0,82.639999,1080608896000,10990000000,5622000000,3225449000,7130000000,2.33,20.70%,66.20%,N/L,N/L,N/L,N/L,N/L,2025-07-23
TSLX,"Sixth Street Specialty Lending Inc","Finance - SBIC & Commercial",Finance,2270242000,10.5,1.42,6.17%,13.47%,1.07,11.25,4144052000,211780000,224360000,94240000,220020000,0.84,3.22%,70.25%,N/L,N/L,N/L,N/L,N/L,2025-07-30
TSM,"Taiwan Semiconductor ADR","Semi Fab Foundries","Computers and Technology",1208413568000,25.92,7.86,21.66%,33.37%,0.21,20.790001,1174581760000,71195370000,50981970000,5186547000,35327200000,1.19,1.11%,16.51%,N/L,N/L,N/L,N/L,N/L,2025-10-16
TSN,"Tyson Foods","Food - Meat Products","Consumer Staples",20495852000,14.65,1.1,3.77%,7.49%,0.49,8.1,28565852000,3208000000,1808000000,355769000,800000000,0.59,2.03%,67.00%,N/L,N/L,N/L,N/L,N/L,2025-08-04
TSQ,"Townsquare Media Llc","Broadcast - Radio & TV","Consumer Discretionary",113306000,6.03,N/A,3.43%,-56.87%,-16.23,2.46,546076000,109930000,83300000,16445000,-10930000.,1.15,30.50%,71.69%,N/L,N/L,N/L,N/L,N/L,2025-08-06
TSSI,"Tss Inc","Engineering & R&D Services","Industrial Products",390606000,41.86,39.529999,8.66%,107.01%,2.05,54.66,375586000,14980000,14370000,25364000,5980000,1.67,18.94%,0.00%,N/L,N/L,N/L,N/L,N/L,2025-08-06
TT,"Trane Technologies Plc","Building Prdcts - Air Heating",Construction,94370832000,34.3,11.96,13.58%,36.61%,0.59,32.299999,97551032000,4194600000,3815200000,222515000,2567900000,1.09,0.14%,82.97%,N/L,N/L,N/L,N/L,N/L,2025-07-30
TTAM,"Titan America Sa","Building & Construction - Misc",Construction,2923981000,0,3.03,0.00%,0.00%,0.43,N/A,3303691000,351330000,98080000,184362000,166070000,N/A,N/A,N/A,N/L,N/L,N/L,N/L,N/L,2025-07-29
TTAN,"Servicetitan Inc Cl A","Internet - Software","Computers and Technology",9504133000,0,6.48,0.00%,0.00%,0.07,N/A,9166703000,-55000000.,-147020000.,90671000,-239090000.,N/A,51.72%,N/A,N/L,N/L,N/L,N/L,N/L,2025-09-04
TTC,"Toro Company","Tools - Hand Held","Consumer Discretionary",7806970000,18.09,5.08,11.60%,27.99%,0.74,13.84,8529269000,637900000,509700000,98685000,418900000,0.8,0.39%,87.95%,N/L,N/L,N/L,N/L,N/L,2025-09-04
TTD,"Trade Desk Inc","Internet - Services","Computers and Technology",26011768000,63.01,9.5,7.17%,15.19%,0,53.990002,24642308000,562510000,475020000,488943000,393080000,1.37,10.00%,67.77%,N/L,N/L,N/L,N/L,N/L,2025-08-07
TTE,"Totalenergies Se ADR","Oil - Refining and Marketing",Oils-Energy,153523440000,9.01,1.28,5.64%,13.59%,0.52,4.85,181236448000,47417000000,34310000000,2397680000,15758000000,0.59,N/A,16.53%,N/L,N/L,N/L,N/L,N/L,2025-07-24
TTEC,"Teletech Hlds","Technology Services","Business Services",184159000,7.28,0.59,1.34%,8.23%,2.99,1.49,1074169000,266540000,164570000,48463000,-320970000.,1.26,59.20%,38.03%,N/L,N/L,N/L,N/L,N/L,2025-08-07
TTEK,"Tetra Tech Inc","Pollution Controls","Industrial Products",9675302000,24.03,5.4,9.99%,24.70%,0.5,21.48,10255242000,567710000,462880000,262773000,333380000,0.92,0.40%,93.89%,N/L,N/L,N/L,N/L,N/L,2025-07-30
TTGT,"Techtarget Inc.","Advertising Marketing Services","Business Services",446091000,0,0.64,-13.65%,-21.56%,0.18,N/A,585801000,152770000,36310000,71489000,-116860000.,0.96,0.92%,93.52%,N/L,N/L,N/L,N/L,N/L,2025-08-12
TTI,"Tetra Technologies","Oil - Field Services",Oils-Energy,595762000,16.35,1.96,5.78%,14.10%,0.62,9.48,738252000,98830000,61720000,133280000,108280000,1.33,5.71%,70.19%,N/L,N/L,N/L,N/L,N/L,2025-07-29
TTMI,"TTM Technologies","Electronics - Misc Components","Computers and Technology",4590197000,22.78,2.53,5.37%,11.80%,0.56,13.82,5004427000,384430000,232260000,103313000,56300000,1.48,1.30%,95.79%,N/L,N/L,N/L,N/L,N/L,2025-07-30
TTSH,"Tile Shop Hlds","Building Prds Retail - Wsale",Retail-Wholesale,294080000,0,2.13,-0.01%,-0.02%,0,13.1,273120000,33990000,0,44761000,2320000,0.94,36.70%,36.66%,N/L,N/L,N/L,N/L,N/L,2025-08-07
TTWO,"Take-Two Interactive",Gaming,"Consumer Discretionary",42249164000,129.47,12.08,2.81%,7.33%,0.88,7.99,44439264000,4551100000,-404400000.,184470000,-4478900000.,0.99,1.34%,95.46%,N/L,N/L,N/L,N/L,N/L,2025-08-07
TU,"Telus Corp","Diversified Comm Services",Utilities,25315000000,22.67,2.17,2.59%,9.10%,2,6.11,45738452000,7565340000,4619870000,1525000000,724690000,0.73,0.09%,49.40%,N/L,N/L,N/L,N/L,N/L,2025-08-01
TURN,"180 Degree Capital Corp","Engineering & R&D Services","Industrial Products",46882000,0,N/A,0.00%,0.00%,0,N/A,46882000,0,0,10000000,-3870000.,0.66,11.80%,19.78%,N/L,N/L,N/L,N/L,N/L,2025-07-04
TUSK,"Mammoth Energy Services Inc","Oil - Field Services",Oils-Energy,114702000,0,0.42,-19.35%,-29.24%,0,N/A,32372000,-8680000.,-36890000.,48194000,-207330000.,1.3,2.10%,79.67%,N/L,N/L,N/L,N/L,N/L,2025-08-08
TUYA,"Tuya Inc ADR","Internet - Software","Computers and Technology",1348448000,59.75,1.3,2.00%,2.22%,0,139.520004,695068000,-31100000.,-32700000.,539379000,5000000,0.46,2.10%,11.47%,N/L,N/L,N/L,N/L,N/L,2025-08-26
TV,"Grupo Televisa S.A. ADR","Diversified Comm Services",Utilities,1378962000,0,0.23,-3.20%,-6.95%,0,1.96,4495192000,890620000,-239770000.,553800000,-453780000.,1.97,N/A,55.77%,N/L,N/L,N/L,N/L,N/L,2025-07-22
TVTX,"Travere Therapeutics Inc","Medical - Biomedical",Medical,1597371000,0,48.240002,-30.69%,-717.68%,0,N/A,1538831000,-131460000.,-172210000.,89139000,-321550000.,0.74,4.19%,N/A,N/L,N/L,N/L,N/L,N/L,2025-08-06
TW,"Tradeweb Markets Inc","Finance - Investment Brokers",Finance,30263108000,39.95,4.55,10.29%,11.90%,0,33.380001,28921808000,1218280000,998280000,236449000,501510000,0.87,0.20%,99.48%,N/L,N/L,N/L,N/L,N/L,2025-07-30
TWI,"Titan International","Machinery - Farm","Industrial Products",586556000,0,0.94,-0.53%,-1.62%,1.01,6.84,956036000,68450000,7750000,63895000,-5560000.,2.05,25.00%,80.39%,N/L,N/L,N/L,N/L,N/L,2025-07-31
TWIN,"Twin Disc Inc","Machinery - General Industrial","Industrial Products",155203000,0,1.06,-0.59%,-1.25%,0.27,8.7,160943000,19250000,9270000,14148000,10990000,0.81,21.30%,65.25%,N/L,N/L,N/L,N/L,N/L,2025-08-21
TWLO,Twilio,"Internet - Software","Computers and Technology",16322309000,73.17,1.93,2.26%,2.78%,0.12,41.139999,16891600000,328300000,68910000,153434000,-109400000.,1.23,0.21%,84.27%,N/L,N/L,N/L,N/L,N/L,2025-08-07
TWO,"Two Harbors Invt Corp","REIT - Mortgage Trusts",Finance,1022576000,11.26,0.78,1.07%,9.39%,5.39,8.2,9891866000,10900000,-6930000.,104132000,298170000,1.25,0.70%,64.19%,N/L,N/L,N/L,N/L,N/L,2025-07-28
TWST,"Twist Bioscience Corp","Medical - Biomedical",Medical,1725721000,0,3.34,-21.78%,-29.03%,0.03,N/A,1499401000,-110930000.,-142360000.,60361000,-208730000.,2.36,3.01%,N/A,N/L,N/L,N/L,N/L,N/L,2025-08-04
TX,"Ternium S.A. ADR","Steel - Producers","Basic Materials",6637694000,20.58,0.39,1.35%,1.95%,0.14,5.99,7176554000,1292280000,549000000,200474000,-53670000.,1.53,0.04%,11.98%,N/L,N/L,N/L,N/L,N/L,2025-07-29
TXG,"10X Genomics Inc","Medical Information Systems",Medical,1780207000,0,1.94,-10.03%,-12.88%,0,N/A,1436137000,-56820000.,-100530000.,124490000,-182630000.,2.03,9.39%,84.68%,N/L,N/L,N/L,N/L,N/L,2025-08-07
TXMD,"Therapeuticsmd Inc","Medical - Drugs",Medical,12730000,0,0.46,-1.40%,-2.01%,0,N/A,7670000,-1850000.,-2360000.,11574000,-2180000.,0.42,2.30%,30.74%,N/L,N/L,N/L,N/L,N/L,2025-08-11
TXN,"Texas Instruments","Semi General","Computers and Technology",187336784000,36.76,11.12,14.45%,30.10%,0.86,28.639999,197732784000,7398000000,5818000000,909137000,4799000000,1.03,0.57%,84.99%,N/L,N/L,N/L,N/L,N/L,2025-07-22
TXNM,"Txnm Energy Inc","Other Alt Energy",Oils-Energy,5978150000,26.06,1.85,1.77%,7.34%,1.61,7.6,10908550000,1241930000,818920000,105379000,242680000,0.1,1.28%,91.68%,N/L,N/L,N/L,N/L,N/L,2025-07-30
TXO,"Txo Partners L.P.","E&P MLP",Oils-Energy,768072000,27.2,0.76,1.97%,3.16%,0.03,7.48,917862000,120330000,67920000,54784000,23500000,0.09,N/A,27.44%,N/L,N/L,N/L,N/L,N/L,2025-08-05
TXRH,"Texas Roadhouse Inc","Retail - Restaurants",Retail-Wholesale,11783754000,26.55,7.88,13.96%,31.52%,0,18.93,11538524000,893100000,714940000,66451000,433590000,0.86,0.50%,94.82%,N/L,N/L,N/L,N/L,N/L,2025-08-07
TXT,"Textron Inc","Aerospace - Defense",Aerospace,14529054000,14.27,1.91,6.12%,14.26%,0.5,10.35,16676054000,1701000000,1319000000,178205000,824000000,1.16,1.70%,86.03%,N/L,N/L,N/L,N/L,N/L,2025-07-24
TYL,"Tyler Technologies","Internet Software Services","Computers and Technology",24276040000,69.62,6.74,6.87%,10.34%,0.16,50.330002,23531320000,547290000,394920000,43262000,263030000,0.85,1.10%,93.30%,N/L,N/L,N/L,N/L,N/L,2025-07-30
TYRA,"Tyra Biosciences Inc","Medical - Biomedical",Medical,624108000,0,2.06,-29.49%,-31.22%,0,N/A,532138000,-121100000.,-121620000.,53297000,-86480000.,1.08,15.20%,84.14%,N/L,N/L,N/L,N/L,N/L,2025-08-20
TZOO,"Travelzoo Inc","Internet Commerce",Retail-Wholesale,111018000,10.7,N/A,21.51%,"1,186.62%",0,7.76,93958000,15670000,14760000,10981000,13560000,1.11,43.20%,27.39%,N/L,N/L,N/L,N/L,N/L,2025-07-23
U,"Unity Software Inc","Internet - Software","Computers and Technology",16545805000,0,4.8,-6.47%,-13.59%,0,N/A,15258765000,-88510000.,-497490000.,422518000,-664110000.,2.32,3.61%,73.46%,N/L,N/L,N/L,N/L,N/L,2025-08-06
UA,"Under Armour Inc Cl C","Textile - Apparel","Consumer Staples",2161253000,15.47,1.13,3.06%,7.24%,0.53,7.72,2255023000,255950000,117830000,428820000,-201270000.,1.54,15.60%,36.35%,N/L,N/L,N/L,N/L,N/L,2025-08-08
UAA,"Under Armour","Textile - Apparel","Consumer Staples",2204135000,15.78,1.15,3.06%,7.24%,0.53,7.95,2297905000,255950000,117830000,428820000,-201270000.,1.61,15.60%,34.58%,N/L,N/L,N/L,N/L,N/L,2025-08-08
UAL,"United Airlines Holdings Inc","Transportation - Airline",Transportation,33337922000,8.55,2.35,5.03%,30.09%,0.46,4.95,28021922000,10893000000,7965000000,323732000,3149000000,1.48,0.71%,69.69%,N/L,N/L,N/L,N/L,N/L,2025-07-16
UAMY,"U S Antimony Corp","Mining - Non Ferrous","Basic Materials",569813000,0,14.42,-2.33%,-2.85%,0.01,N/A,551983000,-570000.,-1730000.,120723000,-1730000.,0.11,4.20%,9.49%,N/L,N/L,N/L,N/L,N/L,2025-08-12
UAN,"Cvr Partners LP",Fertilizers,"Basic Materials",1541386000,10.85,4.88,8.76%,29.35%,1.8,10.32,2018496000,294090000,205300000,17117000,60900000,1.07,0.36%,43.83%,N/L,N/L,N/L,N/L,N/L,2025-07-30
UBER,"Uber Technologies Inc","Internet - Services","Computers and Technology",201847696000,16.05,8.4,24.38%,59.96%,0.41,18.73,203849696000,5940000000,5203000000,2085419000,9856000000,1.43,3.84%,80.24%,N/L,N/L,N/L,N/L,N/L,2025-08-06
UBS,"UBS Group Ag ADR","Banks - Foreign",Finance,129475488000,20.89,1.41,0.39%,7.17%,3.77,14.25,184315488000,24037000000,20239000000,3206426000,5086000000,1.18,1.00%,0.00%,N/L,N/L,N/L,N/L,N/L,2025-07-30
UBSI,"United Bkshs Inc","Banks - Southeast",Finance,5485988000,13.04,0.98,1.26%,7.65%,0.1,12.52,3734168000,557370000,531690000,141647000,373000000,0.79,3.46%,70.80%,N/L,N/L,N/L,N/L,N/L,2025-07-24
UCTT,"Ultra Clean Holdings","Electrical - Manufacturing","Computers and Technology",1076467000,21.04,1.29,2.54%,5.32%,0.61,7.91,1255067000,152300000,73200000,45344000,23700000,1.99,1.90%,96.06%,N/L,N/L,N/L,N/L,N/L,2025-07-28
UDMY,"Udemy Inc","Internet - Software","Computers and Technology",1059925000,0,4.37,-1.74%,-5.19%,0,51.34,869235000,43470000,-41610000.,150344000,-85290000.,1.78,2.10%,79.48%,N/L,N/L,N/L,N/L,N/L,2025-07-30
UDR,"United Dominion Realty Trust","REIT - Equity Trust Resident",Finance,12988802000,15.42,3.89,1.27%,4.11%,1.74,16.209999,19840892000,1716380000,1020910000,331347000,89590000,0.84,3.39%,97.82%,N/L,N/L,N/L,N/L,N/L,2025-07-30
UE,"Urban Edge Properties","REIT - Equity Trust Retail",Finance,2616453000,14.22,1.8,3.21%,7.74%,1.09,11.41,4095563000,402410000,257090000,125791000,72560000,1.24,2.40%,94.94%,N/L,N/L,N/L,N/L,N/L,2025-07-30
UEC,"Uranium Energy","Mining - Misc","Basic Materials",4678995000,0,4.79,-6.24%,-7.03%,0,N/A,4591465000,-44800000.,-46980000.,444349000,-29220000.,1.44,2.00%,62.28%,N/L,N/L,N/L,N/L,N/L,2025-09-25
UEIC,"Universal Elect IN","Electronics Products - Misc","Computers and Technology",64551000,0,0.39,-0.50%,-1.02%,0.2,5.2,74731000,15560000,-2500000.,13337000,-24030000.,1.55,10.45%,79.35%,N/L,N/L,N/L,N/L,N/L,2025-08-07
UFCS,"United Fire Group","Insurance - Proprty & Casualty",Finance,809371000,8.53,0.94,2.69%,11.84%,0.14,10.26,725481000,136420000,125520000,25492000,61960000,0.53,6.12%,62.68%,N/L,N/L,N/L,N/L,N/L,2025-08-05
UFI,"Unifi Inc","Textile - Products","Industrial Products",80972000,0,0.32,-10.75%,-19.64%,0.61,N/A,184232000,2210000,-25460000.,18361000,-47400000.,0.56,17.85%,67.67%,N/L,N/L,N/L,N/L,N/L,2025-08-20
UFPI,"Universal Forest Prd","Building Products - Wood",Construction,6271248000,17.06,1.84,8.48%,10.95%,0.07,10.66,5330988000,562890000,414730000,58566000,414560000,1.43,2.56%,81.81%,N/L,N/L,N/L,N/L,N/L,2025-07-28
UFPT,"U F P Tech Inc","Containers - Paper Products","Industrial Products",1740704000,22.36,4.39,12.00%,21.54%,0.42,20.48,1916634000,109200000,94480000,7711000,58980000,1.14,4.40%,87.28%,N/L,N/L,N/L,N/L,N/L,2025-08-04
UGI,"Ugi Corp","Utility - Gas Distribution",Utilities,7591116000,10.2,1.53,4.81%,15.73%,1.42,5.32,14506116000,2342000000,1596000000,214924000,269000000,1.05,0.73%,82.34%,N/L,N/L,N/L,N/L,N/L,2025-08-06
UGP,"Ultrapar Participacoes S.A. ADR","Oil - Production & Pipeline",Oils-Energy,3747875000,7.29,1.13,7.11%,17.64%,0.93,4.78,6015415000,1316230000,988480000,1115439000,438050000,1.05,1.80%,3.58%,N/L,N/L,N/L,N/L,N/L,2025-08-20
UGRO,"Urban-Gro Inc","Machinery - Farm","Industrial Products",5081000,0,2.11,0.00%,0.00%,0,N/A,3971000,-9990000.,-11630000.,12697000,-18680000.,1.85,26.90%,20.56%,N/L,N/L,N/L,N/L,N/L,2025-07-01
UHA.B,"U-Haul Holding Series N Non-Voting","Transportation - Services",Transportation,9492321000,36.22,N/A,1.52%,4.06%,0.95,N/A,15545351000,2723620000,1731590000,176470000,0,N/A,N/A,35.74%,N/L,N/L,N/L,N/L,N/L,N/A
UHAL,"U-Haul Holding Company","Transportation - Services",Transportation,11568720000,39.76,1.46,1.54%,4.06%,0.95,8.2,17621750000,2723620000,1731590000,196080000,367090000,1.2,43.55%,3.63%,N/L,N/L,N/L,N/L,N/L,2025-08-06
UHS,"Universal Health Services","Medical - Hospitals",Medical,11810124000,9.77,1.69,8.52%,18.25%,0.65,6.91,16201974000,2993270000,2408440000,63639000,1142100000,1.24,16.40%,86.05%,N/L,N/L,N/L,N/L,N/L,2025-07-28
UHT,"Universal Health Realty Income Trust","REIT - Equity Trust Other",Finance,558567000,11.67,3.31,3.10%,10.27%,2.26,11.56,919717000,91290000,63280000,13874000,19230000,0.98,2.39%,64.66%,N/L,N/L,N/L,N/L,N/L,2025-07-30
UIS,"Unisys Corp","IT Services","Computers and Technology",298718000,9.9,N/A,1.56%,-12.55%,-3.38,1.51,415418000,276100000,130600000,71293000,-193400000.,1.31,2.70%,86.87%,N/L,N/L,N/L,N/L,N/L,2025-07-30
UL,"Unilever Plc ADR","Consumer Prdts - Misc Staple","Consumer Staples",154725984000,0,6.86,0.00%,0.00%,0,15.68,148086208000,12072990000,0,2453631000,6215580000,0.38,1.00%,9.67%,N/L,N/L,N/L,N/L,N/L,2025-07-31
ULCC,"Frontier Group Holdings Inc","Transportation - Airline",Transportation,1040387000,0,1.87,-1.12%,-12.56%,1.17,7.42,833387000,95000000,22000000,228155000,85000000,2.62,48.00%,N/A,N/L,N/L,N/L,N/L,N/L,2025-08-05
ULS,"Ul Solutions Inc Cl A","Business Services","Business Services",13127704000,36.22,11.77,12.76%,37.33%,0.55,24.469999,13571704000,665000000,493000000,200883000,326000000,1,1.20%,N/A,N/L,N/L,N/L,N/L,N/L,2025-08-05
ULTA,"Ulta Beauty Inc","Retail - Misc & Diversified",Retail-Wholesale,23798902000,20.32,9.62,20.15%,49.73%,0,16.43,23095702000,1832840000,1565800000,44946000,1201120000,1.12,0.17%,90.39%,N/L,N/L,N/L,N/L,N/L,2025-08-28
UMAC,"Unusual Machines Inc","Technology Services","Business Services",336949000,0,6.2,-48.11%,-52.44%,0,36.240002,333189000,-4460000.,-14610000.,30438000,-31980000.,23.02,22.20%,0.00%,N/L,N/L,N/L,N/L,N/L,2025-08-14
UMBF,"UMB Financial Corp","Banks - Midwest",Finance,9232086000,11.21,1.27,1.05%,12.26%,0.09,10.05,512926000,948830000,850860000,75928000,441240000,0.77,5.45%,87.78%,N/L,N/L,N/L,N/L,N/L,2025-07-29
UMC,"United Microelectronics Corp ADR","Electronics - Semiconductors","Computers and Technology",17007208000,13.76,1.55,7.15%,11.05%,0.14,5.87,15758298000,2866310000,1422990000,2512143000,1487630000,1.01,8.00%,5.05%,N/L,N/L,N/L,N/L,N/L,2025-07-30
UMH,"Umh Properties","REIT - Equity Trust Resident",Finance,1359713000,16.67,2.15,1.96%,5.19%,0.71,14.67,2195283000,169890000,107270000,84929000,21640000,1.13,8.77%,75.40%,N/L,N/L,N/L,N/L,N/L,2025-08-06
UNF,"Unifirst Corp","Uniform & Related","Industrial Products",3321235000,20.72,1.49,5.78%,7.35%,0,10.97,3159665000,472860000,331430000,18543000,145470000,0.85,0.86%,78.17%,N/L,N/L,N/L,N/L,N/L,2025-07-02
UNFI,"United Nat Foods","Food - Misc & Diversified","Consumer Staples",1660114000,32.49,1.01,0.66%,3.13%,1.21,4.89,3712114000,368000000,49000000,60566000,-112000000.,0.82,2.10%,87.63%,N/L,N/L,N/L,N/L,N/L,2025-10-07
UNH,"Unitedhealth Group Inc","Medical - HMO",Medical,278422336000,12.02,2.74,7.66%,23.32%,0.73,9.37,329792320000,39076000000,34977000000,905674000,14405000000,0.43,0.28%,87.86%,N/L,N/L,N/L,N/L,N/L,2025-07-29
UNIT,"Uniti Group Inc","Wireless National",Utilities,936739000,21.7,N/A,0.66%,-1.43%,-0.01,2.02,770079000,1230600000,893050000,147984000,93410000,1.47,2.68%,87.51%,N/L,N/L,N/L,N/L,N/L,2025-08-05
UNM,"Unumprovident Corp","Insurance - Accident & Health",Finance,11908285000,8.38,1.04,2.38%,13.44%,0.33,6.61,15485285000,2242500000,2126400000,170313000,1779100000,0.4,0.92%,86.57%,N/L,N/L,N/L,N/L,N/L,2025-07-29
UNP,"Union Pacific Corp","Transportation - Rail",Transportation,135125088000,19.78,8.22,10.08%,41.73%,2.02,14.94,165301088000,14666000000,12268000000,593044000,6747000000,1.05,0.28%,80.38%,N/L,N/L,N/L,N/L,N/L,2025-07-24
UNTY,"Unity Bancorp Inc","Banks - Northeast",Finance,523873000,10.72,1.52,1.68%,15.34%,1.21,11.08,574243000,72720000,70400000,10033000,41450000,0.78,29.68%,42.31%,N/L,N/L,N/L,N/L,N/L,2025-10-10
UONE,"Urban One Inc","Broadcast - Radio & TV","Consumer Discretionary",75352000,3.66,0.89,2.28%,13.04%,5.94,0.74,524842000,130500000,69590000,45668000,-105390000.,-0.09,41.32%,8.23%,N/L,N/L,N/L,N/L,N/L,2025-08-13
UONEK,"Urban One Inc","Broadcast - Radio & TV","Consumer Discretionary",29730000,1.7,0.42,2.28%,13.04%,5.94,0.36,479220000,130500000,69590000,45668000,-105390000.,0.57,50.45%,19.70%,N/L,N/L,N/L,N/L,N/L,2025-08-13
UP,"Wheels Up Experience Inc","Aerospace - Defense",Aerospace,1516392000,0,N/A,-25.12%,0.00%,-1.22,N/A,1708022000,-112870000.,-178130000.,698798000,-339640000.,2.33,0.15%,98.20%,N/L,N/L,N/L,N/L,N/L,2025-08-07
UPB,"Upstream Bio Inc","Medical - Biomedical",Medical,950416000,0,2.33,-26.26%,-35.90%,0,N/A,624526000,-123140000.,-121570000.,53909000,-62810000.,N/A,13.56%,N/A,N/L,N/L,N/L,N/L,N/L,2025-08-05
UPBD,"Upbound Group Inc","Finance - Leasing Companies",Finance,1460716000,5.79,2.01,8.31%,36.26%,2.29,0.79,2709476000,1738870000,312600000,57896000,123480000,1.74,2.60%,90.30%,N/L,N/L,N/L,N/L,N/L,2025-07-31
UPLD,"Upland Software Inc","Internet - Software","Computers and Technology",85165000,3.33,N/A,6.73%,-136.65%,-5.96,0.39,438315000,181180000,26820000,28772000,-112730000.,1.18,14.80%,77.78%,N/L,N/L,N/L,N/L,N/L,2025-07-31
UPS,"United Parcel Service","Transportation - Air Freight",Transportation,75281168000,11.41,4.63,9.28%,39.61%,1.57,7.19,90453168000,15680000000,12071000000,847570000,5782000000,1.12,0.13%,60.26%,N/L,N/L,N/L,N/L,N/L,2025-07-29
UPST,"Upstart Holdings Inc","Finance - Misc Services",Finance,6624610000,0,8.46,-1.75%,-5.95%,1.98,N/A,7050520000,-29310000.,-49860000.,96218000,-128580000.,2.39,16.67%,63.01%,N/L,N/L,N/L,N/L,N/L,2025-08-05
UPWK,"Upwork Inc","Internet - Services","Computers and Technology",1978496000,8.5,3.2,20.55%,44.83%,0.59,8.86,2030666000,113200000,105620000,132607000,215590000,1.38,7.50%,77.71%,N/L,N/L,N/L,N/L,N/L,2025-08-06
UPXI,"Upexi Inc","Technology Services","Business Services",464801000,0,5.38,-122.94%,-535.19%,0.15,N/A,465201000,-7740000.,-20520000.,58613000,-23660000.,-0.52,4.42%,5.68%,N/L,N/L,N/L,N/L,N/L,2025-07-08
URBN,"Urban Outfitters Inc","Retail - Apparel & Shoes",Retail-Wholesale,6900641000,16.28,2.82,9.64%,17.98%,0,13.65,6610161000,642800000,527370000,89642000,402460000,1.44,31.60%,77.61%,N/L,N/L,N/L,N/L,N/L,2025-08-27
URGN,"Urogen Pharma Ltd","Medical - Biomedical",Medical,899372000,0,N/A,-59.38%,0.00%,-1.31,N/A,848042000,-126130000.,-123570000.,46264000,-126870000.,1.12,4.70%,91.29%,N/L,N/L,N/L,N/L,N/L,2025-08-07
URI,"United Rentals","Building & Construction - Misc",Construction,59833916000,20.84,6.34,9.85%,32.01%,1.48,10.04,72782912000,7380000000,4462000000,64341000,2575000000,1.72,0.53%,96.26%,N/L,N/L,N/L,N/L,N/L,2025-07-23
UROY,"Uranium Royalty Corp","Other Alt Energy",Oils-Energy,380863000,0,1.64,-1.93%,-1.97%,0,N/A,371503000,-3360000.,-3450000.,133636000,-4060000.,1.31,N/A,24.19%,N/L,N/L,N/L,N/L,N/L,2025-09-11
USAC,"USA Compression Partners LP","Oil Field Machinery & Equip",Oils-Energy,2993490000,34.18,N/A,3.62%,-71.82%,-52.15,7.74,5664850000,847120000,573620000,122684000,99580000,0.36,N/A,47.77%,N/L,N/L,N/L,N/L,N/L,2025-08-06
USAR,"USA Rare Earth Inc","Mining - Misc","Basic Materials",1443400000,0,N/A,-0.67%,-16.58%,0,12.08,1443400000,-20820000.,-20820000.,90837000,7900000,0.67,46.60%,0.00%,N/L,N/L,N/L,N/L,N/L,2025-08-11
USAU,"U.S. Gold Corp","Mining - Gold","Basic Materials",171538000,0,12.71,-57.52%,-96.02%,0,N/A,163368000,-12890000.,-13000000.,14026000,-20560000.,1.27,11.09%,6.64%,N/L,N/L,N/L,N/L,N/L,2025-09-15
USB,"U.S. Bancorp","Banks - Major Regional",Finance,75132800000,10.89,1.31,1.02%,13.08%,1.03,9.56,83440800000,13884000000,12945000000,1556189000,6299000000,1.01,0.23%,77.60%,N/L,N/L,N/L,N/L,N/L,2025-10-15
USFD,"US Foods Holding","Food - Misc & Diversified","Consumer Staples",17579178000,23.66,3.87,5.70%,16.86%,1.04,15.44,22448178000,1624000000,1177000000,225172000,494000000,1.44,0.60%,98.76%,N/L,N/L,N/L,N/L,N/L,2025-08-07
USIO,"Usio Inc","Financial Transaction Services","Business Services",40274000,0,2.04,-0.28%,-1.63%,0.03,16.65,32934000,20130000,17870000,26496000,3310000,1.43,17.80%,20.23%,N/L,N/L,N/L,N/L,N/L,2025-08-06
USLM,"U S Lime & Mineral","Building - CMT & CNT & AG",Construction,3480332000,26.21,5.81,22.20%,24.24%,0,24.57,3202302000,169010000,144810000,28640000,108840000,0.98,1.46%,27.12%,N/L,N/L,N/L,N/L,N/L,2025-07-30
USNA,"Usana Health Sciences Inc","Medical - Drugs",Medical,589089000,11.47,1.07,6.95%,9.48%,0,8.11,461539000,78430000,56200000,18272000,42030000,0.61,0.63%,54.25%,N/L,N/L,N/L,N/L,N/L,2025-07-22
USPH,"U.S. Physical Therapy","Medical - Outpatient & Hm Care",Medical,1329286000,32.12,2.55,3.81%,8.78%,0.3,24.35,1699486000,95390000,76290000,15204000,31420000,1.45,2.00%,N/A,N/L,N/L,N/L,N/L,N/L,2025-08-06
UTHR,"United Therapeutic","Medical - Drugs",Medical,14083756000,12.13,1.95,16.49%,18.73%,0,10.94,12686556000,1520600000,1448100000,45107000,1195100000,0.57,10.30%,94.08%,N/L,N/L,N/L,N/L,N/L,2025-07-30
UTI,"Universal Technical Institute Inc",Schools,"Consumer Discretionary",1459651000,23.46,4.74,8.53%,22.12%,0.24,15.45,1417891000,135690000,84500000,54424000,42000000,1.58,15.10%,75.67%,N/L,N/L,N/L,N/L,N/L,2025-08-06
UTL,"Unitil Corp","Utility - Electric Power",Utilities,846629000,15.46,1.43,2.69%,9.46%,1.2,6.1,1483829000,253100000,177000000,17686000,47100000,0.66,2.03%,76.76%,N/L,N/L,N/L,N/L,N/L,2025-08-04
UTZ,"Utz Brands Inc","Food - Misc & Diversified","Consumer Staples",1888290000,16.97,1.33,3.93%,7.81%,0.64,9.86,2615720000,112890000,38800000,141551000,15970000,1.17,16.32%,95.97%,N/L,N/L,N/L,N/L,N/L,2025-07-31
UUUU,"Energy Fuels Inc","Mining - Non Ferrous","Basic Materials",2351670000,0,2.9,-15.74%,-17.41%,0,N/A,2313070000,-89730000.,-92860000.,222275000,-47770000.,1.71,1.77%,48.24%,N/L,N/L,N/L,N/L,N/L,2025-08-06
UVE,"Universal Insurance Holdings Inc","Insurance - Proprty & Casualty",Finance,696364000,11.23,1.52,2.21%,15.37%,0.22,11.04,535524000,108100000,97520000,28319000,58930000,0.87,16.60%,66.61%,N/L,N/L,N/L,N/L,N/L,2025-07-24
UVSP,"Univest Corp of Penn","Banks - Northeast",Finance,911102000,10.95,0.94,0.99%,8.92%,0.16,10.68,956522000,127160000,118640000,28805000,75930000,0.76,1.70%,75.07%,N/L,N/L,N/L,N/L,N/L,2025-07-23
UVV,"Universal Corp",Tobacco,"Consumer Staples",1410289000,11.17,0.92,4.10%,8.46%,0.41,7.84,1768089000,309160000,249390000,24886000,95050000,0.74,1.90%,81.00%,N/L,N/L,N/L,N/L,N/L,2025-08-06
UWMC,"Uwm Hldg Corp","Finance - Mortgage & Rel Svs",Finance,9308031000,0,4.92,-0.72%,-5.56%,6.04,28.09,20874410000,770390000,721610000,1599318000,14400000,1.7,87.50%,53.59%,N/L,N/L,N/L,N/L,N/L,2025-08-07
V,"Visa Inc","Financial Transaction Services","Business Services",641551232000,30.69,16.67,23.38%,58.93%,0.65,29.809999,648354240000,26407000000,25373000000,1832794000,19743000000,0.94,0.13%,82.15%,N/L,N/L,N/L,N/L,N/L,2025-07-29
VAC,"Marriot Vacations Worldwide Cor","Leisure & Recreation Services","Consumer Discretionary",2745402000,10.16,1.03,2.92%,11.74%,2.17,6,7442402000,813000000,641000000,34603000,218000000,1.49,1.60%,89.52%,N/L,N/L,N/L,N/L,N/L,2025-08-04
VAL,"Valaris Ltd","Oil & Gas - Drilling",Oils-Energy,3501543000,12.03,1.41,6.25%,12.36%,0.46,6.63,4203743000,777500000,655400000,71213000,373400000,1.17,0.73%,96.74%,N/L,N/L,N/L,N/L,N/L,2025-07-31
VALE,"Vale S.A. ADR","Mining - Iron","Basic Materials",45934752000,6.09,1.1,7.99%,18.14%,0.48,4.11,57990752000,11325000000,8268000000,4539007000,6166000000,0.74,0.00%,21.85%,N/L,N/L,N/L,N/L,N/L,2025-07-31
VANI,"Vivani Medical Inc","Medical - Drugs",Medical,73463000,0,14.6,-68.64%,-194.66%,0,N/A,55113000,-26390000.,-26790000.,59244000,-23490000.,2.99,46.40%,6.78%,N/L,N/L,N/L,N/L,N/L,2025-08-12
VBTX,"Veritex Holdings","Banks - Southeast",Finance,1831220000,14.39,1.06,0.96%,7.55%,0.2,13.01,1206760000,185560000,170590000,54745000,107240000,1.08,4.30%,88.31%,N/L,N/L,N/L,N/L,N/L,2025-07-18
VC,"Visteon Corp","Auto - Truck Original Parts",Auto-Tires-Trucks,3419864000,10.51,2.2,10.65%,23.22%,0.19,8.36,3094864000,409000000,313000000,27276000,274000000,1.22,2.00%,99.71%,N/L,N/L,N/L,N/L,N/L,2025-07-24
VCEL,"Vericel Corporation","Medical - Biomedical",Medical,1868534000,295.33,5.83,1.69%,2.47%,0,113.410004,1783484000,6250000,1190000,50460000,10360000,1.27,5.20%,N/A,N/L,N/L,N/L,N/L,N/L,2025-07-31
VCTR,"Victory Capital Holdings Inc Cl A","Finance - Investment Mgmt",Finance,4793683000,12.33,1.89,13.03%,26.46%,0.39,11.69,5630813000,493660000,463480000,66783000,288860000,1.04,9.40%,87.71%,N/L,N/L,N/L,N/L,N/L,2025-08-07
VCYT,"Veracyte Inc","Medical Instruments",Medical,2438832000,31.99,1.89,5.53%,6.07%,0,28.379999,2199742000,35270000,11810000,78672000,24140000,1.97,1.40%,N/A,N/L,N/L,N/L,N/L,N/L,2025-08-06
VECO,"Veeco Instrument","Electrical - Manufacturing","Computers and Technology",1519090000,24.49,1.68,4.63%,7.38%,0.26,14.56,1649470000,84780000,59640000,60162000,73710000,1.12,2.40%,98.46%,N/L,N/L,N/L,N/L,N/L,2025-08-06
VEEV,"Veeva Systems Inc","Medical Information Systems",Medical,47530016000,58.69,7.43,11.38%,13.96%,0,59.189999,46411224000,800460000,769990000,163412000,714140000,0.95,10.30%,88.20%,N/L,N/L,N/L,N/L,N/L,2025-08-27
VEL,"Velocity Financial Inc","Finance - Mortgage & Rel Svs",Finance,737644000,8,1.14,1.49%,15.89%,8.95,7.14,5178114000,-30670000.,-44910000.,38439000,68420000,1.26,4.60%,97.49%,N/L,N/L,N/L,N/L,N/L,2025-08-07
VELO,"Velo3D Inc","Industrial Services","Industrial Products",54549000,0,2.17,-81.06%,-232.87%,0,N/A,54549000,0,0,14023000,10200000,2.13,20.00%,87.50%,N/L,N/L,N/L,N/L,N/L,N/A
VEON,"Veon Ltd ADR","Diversified Comm Services",Utilities,4341922000,4.27,3.11,12.43%,75.40%,3.39,3.77,7346922000,2569000000,1432000000,73968000,415000000,1.5,N/A,21.30%,N/L,N/L,N/L,N/L,N/L,2025-08-07
VERA,"Vera Therapeutics Inc Cl A","Medical - Biomedical",Medical,1440508000,0,3.08,-39.46%,-46.70%,0.16,N/A,1398548000,-244100000.,-236040000.,63824000,-152150000.,1.17,16.30%,99.21%,N/L,N/L,N/L,N/L,N/L,2025-08-14
VERI,"Veritone Inc","Technology Services","Business Services",130442000,0,89.010002,-18.62%,"-4,022.14%",21.66,N/A,142602000,-26300000.,-59020000.,55272000,-37380000.,2.81,14.00%,39.18%,N/L,N/L,N/L,N/L,N/L,2025-08-07
VERU,"Veru Inc","Medical Products",Medical,52769000,0,3.39,-85.22%,-143.24%,0,N/A,27849000,-33860000.,-34130000.,14658000,-37800000.,-0.72,15.20%,47.16%,N/L,N/L,N/L,N/L,N/L,2025-08-12
VERX,"Vertex Inc Cl A","Internet - Software","Computers and Technology",4122403000,72.49,16.299999,5.11%,27.16%,1.36,25.82,4161573000,103990000,15220000,159474000,-52730000.,0.7,43.25%,70.32%,N/L,N/L,N/L,N/L,N/L,2025-08-06
VET,"Vermilion Energy Inc","International E&P",Oils-Energy,1170544000,363,0.57,0.08%,0.17%,0.72,2.41,1777534000,1251800000,753170000,154019000,-34110000.,1.22,2.60%,31.91%,N/L,N/L,N/L,N/L,N/L,2025-08-07
VFC,"V.F. Corp","Textile - Apparel","Consumer Staples",5351453000,15.33,3.94,3.16%,22.77%,3.51,5.12,8900223000,1102130000,401300000,390617000,-189720000.,1.68,1.10%,86.84%,N/L,N/L,N/L,N/L,N/L,2025-07-30
VFF,"Village Farms Intl","Consumer Prdts - Misc Staple","Consumer Staples",333426000,0,1.14,-1.50%,-2.24%,0.14,N/A,349356000,7990000,-10860000.,112644000,-35850000.,2.14,12.60%,12.15%,N/L,N/L,N/L,N/L,N/L,2025-08-11
VFS,"Vinfast Auto Ltd","Auto - Domestic",Auto-Tires-Trucks,8115681000,0,N/A,-52.16%,0.00%,-0.85,N/A,11319511000,-1934470000.,-2340320000.,2338813000,-3175070000.,0.91,16.23%,0.00%,N/L,N/L,N/L,N/L,N/L,2025-09-19
VG,"Venture Global Inc Cl A","Oil - US Exploration & Product",Oils-Energy,31223398000,0,3.52,3.73%,22.45%,3.4,14.94,56722400000,3888000000,3566000000,2427947000,1746000000,N/A,86.73%,N/A,N/L,N/L,N/L,N/L,N/L,2025-08-13
VGZ,"Vista Gold Corp","Mining - Gold","Basic Materials",142706000,0,10.6,-47.03%,-50.46%,0,12.9,125756000,-8140000.,-8200000.,125181000,11250000,0.92,4.20%,27.29%,N/L,N/L,N/L,N/L,N/L,2025-08-18
VIAV,"Viavi Solutions","Communications Components","Computers and Technology",2478031000,39.94,3.09,3.14%,8.02%,0.82,16.879999,2693231000,136600000,62300000,223246000,34800000,0.87,1.52%,95.54%,N/L,N/L,N/L,N/L,N/L,2025-08-07
VICI,"Vici Properties Inc","REIT - Equity Trust Other",Finance,35616760000,14.21,1.28,6.06%,10.21%,0.62,12.73,51825032000,3686870000,3636080000,1066370000,2678810000,0.68,0.25%,97.71%,N/L,N/L,N/L,N/L,N/L,2025-07-30
VICR,"Vicor Corp","Electronics - Misc Components","Computers and Technology",2288623000,31.99,3.45,9.96%,11.32%,0,85.230003,2011353000,78470000,59840000,44919000,6130000,1.73,31.30%,47.45%,N/L,N/L,N/L,N/L,N/L,2025-07-22
VIK,"Viking Holdings Ltd","Leisure & Recreation Services","Consumer Discretionary",26761404000,27.88,92.779999,8.94%,-374.71%,-19.86,23.49,29607664000,1661870000,1401030000,443143000,152330000,2.4,N/A,98.84%,N/L,N/L,N/L,N/L,N/L,2025-08-19
VINP,"Vinci Compass Investments Ltd","Finance - Misc Services",Finance,646865000,13.58,1.88,7.74%,14.21%,0.4,12.66,765195000,42110000,36790000,64046000,21910000,0.1,49.31%,34.07%,N/L,N/L,N/L,N/L,N/L,2025-08-12
VIPS,"Vipshop Holdings Ltd ADR","Internet Services - Delivery","Computers and Technology",8849427000,9.27,1.51,9.37%,16.75%,0,6.76,5156677000,1349940000,1118090000,512713000,1060370000,0.54,29.50%,48.82%,N/L,N/L,N/L,N/L,N/L,2025-08-14
VIR,"Vir Biotechnology Inc","Medical - Biomedical",Medical,636235000,0,0.64,-40.78%,-50.22%,0,N/A,323905000,-586460000.,-606420000.,138916000,-521960000.,1.18,16.00%,65.32%,N/L,N/L,N/L,N/L,N/L,2025-08-06
VIRC,"Virco MFG Corp",Furniture,"Consumer Discretionary",133301000,6.73,1.23,9.63%,17.61%,0.04,4.83,110571000,30410000,24790000,15738000,21640000,0.37,18.13%,30.97%,N/L,N/L,N/L,N/L,N/L,2025-09-08
VIRT,"Virtu Financial Cm A","Finance - Misc Services",Finance,6427931000,9.76,3.89,3.44%,37.56%,1.07,14.7,7254411000,1178630000,1032920000,152864000,276420000,0.69,47.20%,45.78%,N/L,N/L,N/L,N/L,N/L,2025-07-30
VIST,"Vista Energy S.A.B. DE C.V. ADR","Oil - International Integrated",Oils-Energy,3839255000,19.1,1.81,4.55%,12.02%,1.22,6.1,4523505000,1257070000,819370000,95196000,477520000,0.97,N/A,63.81%,N/L,N/L,N/L,N/L,N/L,2025-07-10
VITL,"Vital Farms Inc","Food - Misc & Diversified","Consumer Staples",2276305000,44.81,7.22,13.65%,18.39%,0,31.02,2125705000,85260000,67810000,44686000,53390000,0.94,21.30%,98.59%,N/L,N/L,N/L,N/L,N/L,2025-08-07
VIV,"Telecomunicacoes DE Sao Paulo ADR","Diversified Comm Services",Utilities,20545006000,20.06,1.68,4.56%,8.32%,0.3,5.53,23150886000,4199240000,1566140000,1626683000,1028590000,0.71,0.00%,5.16%,N/L,N/L,N/L,N/L,N/L,2025-07-28
VIVS,"Vivosim Lab Inc","Medical - Biomedical",Medical,5486000,0,0.54,-21.31%,-32.95%,0,N/A,-5824000.,-11880000.,-12150000.,2600000,-2480000.,0.94,3.72%,8.23%,N/L,N/L,N/L,N/L,N/L,2025-08-18
VKTX,"Viking Thera","Medical - Biomedical",Medical,2923570000,0,3.63,-19.38%,-19.98%,0,N/A,2896890000,-229670000.,-212840000.,112445000,-109960000.,0.67,4.10%,76.03%,N/L,N/L,N/L,N/L,N/L,2025-07-23
VLN,"Valens Semiconductor Ltd","Electronics - Semiconductors","Computers and Technology",232889000,0,1.9,-17.67%,-21.26%,0,N/A,197469000,-34940000.,-37490000.,106342000,-36580000.,0.27,58.92%,33.90%,N/L,N/L,N/L,N/L,N/L,2025-08-06
VLO,"Valero Energy Corp","Oil - Refining and Marketing",Oils-Energy,45159480000,28.34,1.62,2.62%,5.76%,0.01,8.01,41245480000,3786000000,1012000000,310652000,2770000000,1.03,0.04%,78.69%,N/L,N/L,N/L,N/L,N/L,2025-07-24
VLRS,"Controladora Vuela Compaia DE ADR","Transportation - Airline",Transportation,693758000,0,2.69,-0.55%,-9.89%,2.92,0.95,595758000,1432320000,839270000,116598000,126380000,2.15,2.51%,53.32%,N/L,N/L,N/L,N/L,N/L,2025-07-21
VLTO,"Veralto Corporation","Waste Removal Svcs","Business Services",27086772000,29.16,10.12,14.05%,41.45%,1,27.91,28584772000,1329000000,1251000000,248161000,833000000,0.91,0.36%,91.28%,N/L,N/L,N/L,N/L,N/L,2025-07-28
VLY,"Valley National Bancorp","Banks - Northeast",Finance,5770724000,13.44,0.75,0.66%,5.89%,0.39,11.77,7466554000,819780000,744340000,559721000,380270000,1.09,1.43%,61.00%,N/L,N/L,N/L,N/L,N/L,2025-07-24
VMC,"Vulcan Materials Company","Building - CMT & CNT & AG",Construction,38633056000,36.77,4.52,6.41%,12.81%,0.52,22.120001,43339656000,2154200000,1435400000,132124000,911900000,0.83,0.62%,90.39%,N/L,N/L,N/L,N/L,N/L,2025-07-31
VMD,"Viemed Healthcare Inc","Medical Products",Medical,283526000,20.74,1.97,7.88%,10.38%,0.03,7.49,269986000,42880000,17320000,38786000,11270000,1.33,20.00%,74.24%,N/L,N/L,N/L,N/L,N/L,2025-08-06
VMEO,"Vimeo Inc","Technology Services","Business Services",695982000,49.25,1.67,2.10%,3.31%,0,22.67,370702000,9780000,8030000,165710000,27010000,2,1.90%,84.97%,N/L,N/L,N/L,N/L,N/L,2025-08-04
VMI,"Valmont Industries","Steel - Pipe & Tube","Basic Materials",7408659000,21.22,4.7,10.19%,22.10%,0.48,16.549999,7974969000,498720000,403320000,19738000,348260000,1.12,1.50%,87.84%,N/L,N/L,N/L,N/L,N/L,2025-07-22
VNDA,"Vanda Pharmaceuticals","Medical - Biomedical",Medical,280673000,0,0.55,-10.47%,-12.89%,0,N/A,178353000,-92670000.,-93810000.,59089000,-18900000.,0.72,10.00%,88.14%,N/L,N/L,N/L,N/L,N/L,2025-07-31
VNET,"Vnet Group Inc","Internet - Software","Computers and Technology",2229413000,0,2.13,0.20%,0.98%,2.49,8.09,3549553000,338500000,119540000,268928000,25100000,0.18,12.10%,72.83%,N/L,N/L,N/L,N/L,N/L,2025-08-21
VNO,"Vornado Realty Trust","REIT - Equity Trust Other",Finance,7312922000,15.59,1.37,5.53%,19.64%,1.13,11.93,16623202000,1234450000,726320000,192041000,70390000,1.56,8.42%,90.02%,N/L,N/L,N/L,N/L,N/L,2025-08-04
VNOM,"Viper Energy Inc","Oil - US Exploration & Product",Oils-Energy,11250214000,19.98,1.25,3.28%,3.92%,0.13,15.5,12306344000,1093450000,879040000,288541000,359250000,0.99,0.15%,87.72%,N/L,N/L,N/L,N/L,N/L,2025-08-04
VNRX,"Volitionrx Ltd","Medical - Biomedical",Medical,74025000,0,N/A,-234.05%,0.00%,-0.21,N/A,75575000,-22360000.,-23470000.,107595000,-26970000.,1.26,10.40%,8.09%,N/L,N/L,N/L,N/L,N/L,2025-08-14
VNT,"Vontier Corp","Technology Services","Business Services",6412257000,13.68,5.13,10.73%,41.96%,1.32,11.1,8147857000,752900000,625800000,146700000,422200000,1.31,0.97%,95.83%,N/L,N/L,N/L,N/L,N/L,2025-07-31
VOC,"Voc Energy Trust","Oil - US Exploration & Product",Oils-Energy,46240000,4.62,4.11,83.55%,83.55%,0,3.67,44500000,9780000,9780000,17000000,12410000,0.22,N/A,0.00%,N/L,N/L,N/L,N/L,N/L,2025-08-15
VOD,"Vodafone Grp Plc ADR","Wireless Non-US","Computers and Technology",28924238000,0,0.51,0.00%,0.00%,0.99,2.15,74197384000,16015670000,0,2426530000,-4478760000.,0.62,1.00%,7.84%,N/L,N/L,N/L,N/L,N/L,2025-07-24
VOR,"Vor Biopharma Inc","Medical - Biomedical",Medical,274902000,0,N/A,0.00%,0.00%,0,N/A,274902000,0,0,126683000,-116914000.,2.06,0.45%,97.29%,N/L,N/L,N/L,N/L,N/L,2025-08-14
VOYA,"VOYA Financial Inc","Insurance - Life",Finance,7369227000,9.14,1.13,0.51%,13.72%,0.51,8.65,9885227000,871000000,871000000,96418000,667000000,0.99,0.99%,96.10%,N/L,N/L,N/L,N/L,N/L,2025-08-05
VOYG,"Voyager Technologies Inc Cl A","Aerospace - Defense Equipment",Aerospace,1637302000,0,N/A,0.00%,0.00%,0,N/A,1637302000,0,0,53211000,-62072000.,N/A,N/A,N/A,N/L,N/L,N/L,N/L,N/L,2025-08-04
VPG,"Vishay Precision Group","Electronics - Misc Components","Computers and Technology",380709000,62.95,1.08,1.23%,1.72%,0.1,12.57,332879000,22500000,6690000,13279000,9910000,0.87,7.71%,87.61%,N/L,N/L,N/L,N/L,N/L,2025-08-05
VRA,"Vera Bradley","Retail - Apparel & Shoes",Retail-Wholesale,57821000,0,0.37,-6.69%,-11.07%,0,2.99,27451000,-6020000.,-42550000.,27933000,-62190000.,1.8,12.10%,59.88%,N/L,N/L,N/L,N/L,N/L,2025-09-10
VRAR,"The Glimpse Group Inc","Technology Services","Business Services",29478000,0,1.66,-35.42%,-45.44%,0,N/A,27628000,-2620000.,-3980000.,21056000,-6390000.,1.17,21.47%,21.41%,N/L,N/L,N/L,N/L,N/L,2025-09-29
VRCA,"Verrica Pharmaceuticals Inc","Medical - Drugs",Medical,51621000,0,N/A,-115.48%,0.00%,-2.13,N/A,49211000,-37380000.,-38650000.,9446000,-76580000.,1.92,54.00%,42.45%,N/L,N/L,N/L,N/L,N/L,2025-08-12
VRDN,"Viridian Therapeutics Inc","Medical - Biomedical",Medical,1569952000,0,4.51,-49.91%,-78.95%,0.04,N/A,1679832000,-386710000.,-371590000.,81662000,-269950000.,0.42,1.58%,N/A,N/L,N/L,N/L,N/L,N/L,2025-08-14
VRE,"Veris Residential Inc","REIT - Equity Trust Resident",Finance,1423751000,23.64,1.11,-0.77%,-1.89%,1.47,16.860001,3081041000,217750000,110850000,93422000,-23120000.,1.24,16.40%,93.04%,N/L,N/L,N/L,N/L,N/L,2025-07-23
VREX,"Varex Imaging Corp","Medical Products",Medical,482230000,16.2,1,2.38%,5.54%,0.78,8.25,756930000,91300000,57400000,41500000,-47700000.,0.68,4.30%,N/A,N/L,N/L,N/L,N/L,N/L,2025-08-07
VRNA,"Verona Pharma Plc ADR","Medical - Biomedical",Medical,8637975000,0,32.259998,-9.07%,-21.12%,0.87,N/A,8358555000,-53660000.,-56020000.,81830000,-173420000.,0.12,4.80%,85.88%,N/L,N/L,N/L,N/L,N/L,2025-08-14
VRNS,"Varonis Systems Inc",Security,"Computers and Technology",6623098000,0,19.200001,-5.76%,-23.06%,0,N/A,6437508000,-44320000.,-121510000.,112047000,-95770000.,0.71,2.30%,95.65%,N/L,N/L,N/L,N/L,N/L,2025-07-29
VRNT,"Verint Systems Inc","Computer - Software","Computers and Technology",1231475000,13.89,1.3,4.82%,12.35%,0.46,7.28,1864835000,147370000,100240000,60160000,82270000,1.46,1.30%,94.95%,N/L,N/L,N/L,N/L,N/L,2025-09-03
VRRM,"Verra Mobility Corp","Internet - Software","Computers and Technology",4074677000,21.03,11.15,11.37%,55.14%,2.93,13.09,5027737000,462650000,350020000,159541000,31450000,0.79,1.05%,N/A,N/L,N/L,N/L,N/L,N/L,2025-08-06
VRSK,"Verisk Analytics Inc","Business Information","Business Services",37871148000,39.46,121.529999,20.80%,460.89%,10.4,30.540001,40641048000,1951100000,1642600000,139715000,958200000,0.83,0.46%,90.00%,N/L,N/L,N/L,N/L,N/L,2025-07-30
VRSN,"Verisign Inc","Internet Software Services","Computers and Technology",25178392000,32.49,N/A,55.90%,-40.87%,-0.9,32.639999,26763992000,1100800000,1085000000,93409000,785700000,0.78,0.84%,92.90%,N/L,N/L,N/L,N/L,N/L,2025-07-24
VRT,"Vertiv Holdings Llc.","IT Services","Computers and Technology",48103784000,37.9,15.47,13.69%,51.64%,0.93,34.77,49804384000,1985200000,1701200000,381867000,495800000,1.77,2.63%,89.92%,N/L,N/L,N/L,N/L,N/L,2025-07-30
VRTX,"Vertex Pharmaceutic","Medical - Biomedical",Medical,101305208000,26.27,5.94,17.14%,23.91%,0,N/A,96735608000,4130700000,3923500000,256391000,-535600000.,0.44,0.20%,90.96%,N/L,N/L,N/L,N/L,N/L,2025-08-04
VSAT,"Viasat Inc","Wireless Equipment","Computers and Technology",3749966000,0,0.78,-1.91%,-6.37%,1.43,2.62,9173965000,1513720000,152910000,134263000,-574960000.,1.2,2.20%,86.05%,N/L,N/L,N/L,N/L,N/L,2025-08-05
VSCO,"Victorias Secret & Co.","Retail - Apparel & Shoes",Retail-Wholesale,1768744000,8.24,2.49,4.62%,37.76%,1.61,3.53,2518744000,562000000,304000000,79853000,165000000,2.17,0.45%,90.29%,N/L,N/L,N/L,N/L,N/L,2025-08-28
VSEC,"V S E Corp","Engineering & R&D Services","Industrial Products",3452892000,48.49,3.44,4.14%,7.25%,0.39,38.540001,3854032000,150850000,120760000,20676000,15320000,1.33,14.60%,91.54%,N/L,N/L,N/L,N/L,N/L,2025-07-30
VSH,"Vishay Intertechnology","Semi Discretes","Computers and Technology",2112430000,0,0.94,-0.05%,-0.10%,0.44,7.36,2427160000,291590000,14460000,135586000,-31150000.,1.13,8.32%,93.66%,N/L,N/L,N/L,N/L,N/L,2025-08-06
VST,"Vistra Energy Corp","Utility - Electric Power",Utilities,64531660000,24.21,27.360001,7.71%,108.41%,3.44,12.24,82089664000,8279000000,5648000000,338820000,2659000000,1.3,1.42%,90.88%,N/L,N/L,N/L,N/L,N/L,2025-08-07
VSTM,"Verastem Inc","Medical - Biomedical",Medical,558829000,0,13.15,-119.85%,0.00%,2.06,N/A,510729000,-156700000.,-156550000.,61545000,-130640000.,0.83,2.10%,88.37%,N/L,N/L,N/L,N/L,N/L,2025-08-07
VSTS,"Vestis Corporation","Uniform & Related","Industrial Products",630195000,18.76,0.7,1.15%,3.76%,1.35,2.71,1778265000,364990000,219530000,131840000,20970000,0.96,13.60%,97.40%,N/L,N/L,N/L,N/L,N/L,2025-08-05
VTEX,"Vtex Cl A","Internet - Software","Computers and Technology",765928000,50,2.92,3.66%,5.27%,0,45.18,747258000,17070000,12710000,182799000,12000000,1.34,40.93%,63.69%,N/L,N/L,N/L,N/L,N/L,2025-08-07
VTGN,"Vistagen Therapeutics Inc","Medical - Biomedical",Medical,97256000,0,1.61,-64.10%,-74.06%,0,N/A,30126000,-59890000.,-59650000.,30680000,-51420000.,0.4,2.85%,78.39%,N/L,N/L,N/L,N/L,N/L,2025-08-07
VTLE,"Vital Energy Inc","Other Alt Energy",Oils-Energy,611057000,1.73,0.26,5.45%,11.86%,1.1,0.54,3025117000,865400000,123430000,38699000,-173520000.,1.6,1.50%,86.54%,N/L,N/L,N/L,N/L,N/L,2025-08-06
VTOL,"Bristow Group Inc","Transportation - Airline",Transportation,1112508000,9.32,1.09,5.49%,12.86%,0.72,5.79,1551008000,299740000,209620000,28814000,94800000,1.32,13.40%,93.29%,N/L,N/L,N/L,N/L,N/L,2025-08-05
VTR,"Ventas Inc","REIT - Equity Trust Other",Finance,30808590000,20.82,2.71,0.74%,1.75%,1.13,22.129999,43373908000,3290230000,2061190000,454471000,81150000,0.87,0.80%,94.18%,N/L,N/L,N/L,N/L,N/L,2025-07-30
VTRS,"Viatris Inc","Medical Services",Medical,12416536000,4.44,0.81,7.06%,16.54%,1.05,2.1,25728936000,3226900000,333700000,1165872000,-634200000.,0.9,0.13%,79.88%,N/L,N/L,N/L,N/L,N/L,2025-08-07
VTS,"Vitesse Energy Inc","Oil - US Exploration & Product",Oils-Energy,1011301000,21.93,1.45,4.85%,7.25%,0.16,5.61,1125331000,248800000,147700000,38614000,21060000,0.67,18.15%,51.63%,N/L,N/L,N/L,N/L,N/L,2025-08-04
VTSI,"Virtra Systems Inc","Electronics - Military",Aerospace,64644000,55.7,1.32,1.69%,2.41%,0.16,22.540001,54174000,3170000,1750000,11262000,1360000,0.53,2.70%,14.69%,N/L,N/L,N/L,N/L,N/L,2025-08-11
VTYX,"Ventyx Biosciences Inc","Medical - Biomedical",Medical,195387000,0,0.9,-44.87%,-48.89%,0,N/A,168127000,-129050000.,-130400000.,71309000,-135120000.,0.97,14.49%,97.88%,N/L,N/L,N/L,N/L,N/L,2025-08-14
VUZI,"Vuzix Corp","Computers - Peripheral Equpt","Computers and Technology",164738000,0,5.05,-101.83%,-113.12%,0,N/A,146548000,-34190000.,-38120000.,77342000,-73540000.,1.4,8.30%,35.87%,N/L,N/L,N/L,N/L,N/L,2025-08-14
VVPR,"Vivopower International Plc",Solar,Oils-Energy,61178000,0,N/A,0.00%,0.00%,-0.76,N/A,89778000,-5820000.,0,10112000,-46700000.,0.93,9.10%,15.80%,N/L,N/L,N/L,N/L,N/L,2024-10-07
VVV,"Valvoline Inc","Retail - Wholesale Auto Parts",Retail-Wholesale,5065532000,24.45,15.76,8.46%,84.85%,3.44,16.08,6091032000,545900000,440000000,127115000,211500000,1.17,0.66%,96.13%,N/L,N/L,N/L,N/L,N/L,2025-08-06
VVX,"V2X Inc","Technology Services","Business Services",1866450000,11.71,1.72,5.01%,15.28%,1.02,6.98,2685610000,310950000,188690000,31710000,34680000,0.27,1.10%,95.18%,N/L,N/L,N/L,N/L,N/L,2025-08-04
VXRT,"Vaxart Inc","Medical - Drugs",Medical,79436000,0,2.49,-34.55%,-110.06%,0,N/A,54206000,-47420000.,-55510000.,228922000,-66950000.,1.12,2.80%,18.05%,N/L,N/L,N/L,N/L,N/L,2025-08-13
VYGR,"Voyager Therapeut","Medical - Biomedical",Medical,190259000,0,0.76,-28.89%,-37.65%,0,N/A,118889000,-126640000.,-123400000.,55469000,-65000000.,0.9,6.39%,48.03%,N/L,N/L,N/L,N/L,N/L,2025-08-05
VYX,"NCR Voyix Corporation","Computer - Integrated Systems","Computers and Technology",1896571000,0,2.04,-0.60%,-2.84%,1.27,23.370001,2515571000,254000000,-43000000.,138234000,958000000,1.67,0.29%,97.00%,N/L,N/L,N/L,N/L,N/L,2025-08-07
VZ,"Verizon Communications Inc","Wireless National",Utilities,187373472000,9.58,1.82,5.19%,19.62%,1.4,5.09,327193472000,65565000000,47673000000,4216325000,17506000000,0.36,0.10%,62.06%,N/L,N/L,N/L,N/L,N/L,2025-07-21
W,"Wayfair Inc","Internet Commerce",Retail-Wholesale,10092811000,0,N/A,-6.28%,0.00%,-1.06,9578.339844,11658811000,100000000,-296000000.,129661000,-492000000.,2.92,21.91%,89.67%,N/L,N/L,N/L,N/L,N/L,2025-08-04
WAB,"Wabtec Corp","Transportation - Equip & Lease",Transportation,33462342000,23.26,3.02,7.41%,13.66%,0.44,18.450001,36727344000,2472000000,2013000000,170953000,1056000000,1.11,1.10%,91.69%,N/L,N/L,N/L,N/L,N/L,2025-07-24
WABC,"Westamerica Bancorp","Banks - West",Finance,1291941000,10.27,1.38,2.09%,13.81%,0.11,8.8,690451000,185570000,175440000,25462000,138640000,0.63,5.30%,81.89%,N/L,N/L,N/L,N/L,N/L,2025-10-16
WAFD,"Wafd Inc","Banks - West",Finance,2500070000,11.27,0.9,0.85%,8.57%,0.64,6.63,3686560000,530590000,396490000,78792000,200040000,0.9,1.46%,83.71%,N/L,N/L,N/L,N/L,N/L,2025-10-16
WAL,"Western Alliance Bancorp","Banks - West",Finance,9616451000,10.7,1.26,1.02%,12.62%,0.91,12.77,12287451000,1261600000,1360800000,110369000,787700000,1.33,2.68%,79.15%,N/L,N/L,N/L,N/L,N/L,2025-10-16
WASH,"Washington TR Bncorp","Banks - Northeast",Finance,569095000,11.14,1.03,0.68%,9.05%,1.94,9.74,1606875000,36810000,22180000,19155000,-28060000.,0.91,1.09%,65.81%,N/L,N/L,N/L,N/L,N/L,2025-07-21
WAT,"Waters Corp","Medical Instruments",Medical,17987556000,23.75,8,15.87%,38.60%,0.55,19.200001,19289626000,1082320000,890490000,59524000,637830000,1.04,0.63%,94.01%,N/L,N/L,N/L,N/L,N/L,2025-08-04
WAY,"Waystar Holding Corp","Internet - Software","Computers and Technology",6314421000,36.86,1.96,3.81%,5.65%,0.39,19.4,7342131000,565910000,375330000,174239000,-19130000.,0.79,4.10%,N/A,N/L,N/L,N/L,N/L,N/L,2025-07-30
WB,"Weibo Corp ADR","Internet - Content","Computers and Technology",2785174000,6.64,0.75,6.87%,12.65%,0.22,5.86,2434514000,573220000,515080000,242611000,300800000,0.1,41.30%,68.77%,N/L,N/L,N/L,N/L,N/L,2025-08-14
WBA,"Walgreens Boots Alliance","Retail - Drug Stores",Retail-Wholesale,10447321000,6.38,1.46,2.22%,17.66%,0.96,2.13,17346320000,-535000000.,-2994000000.,865561000,-8636000000.,0.8,17.50%,58.59%,N/L,N/L,N/L,N/L,N/L,2025-06-26
WBD,"Discovery Inc Series A","Broadcast - Radio & TV","Consumer Discretionary",29833052000,38.62,0.77,0.74%,2.14%,0.93,2.94,64135052000,27603000000,6620000000,2475772000,-11311000000.,1.57,1.90%,59.95%,N/L,N/L,N/L,N/L,N/L,2025-08-07
WBS,"Webster Financial Corp","Banks - Northeast",Finance,10217299000,10.41,1.08,1.21%,10.84%,0.45,9.99,11446139000,1348090000,1290940000,166189000,768710000,1.04,0.54%,85.58%,N/L,N/L,N/L,N/L,N/L,2025-10-16
WBTN,"Webtoon Entertainment Inc","Internet - Software","Computers and Technology",1982630000,0,1.2,-0.10%,-0.13%,0,19.25,1410230000,38640000,-71180000.,130608000,-143910000.,1.12,5.45%,N/A,N/L,N/L,N/L,N/L,N/L,2025-08-12
WBX,"Wallbox N.V. Cl A","Electronics Products - Misc","Computers and Technology",57447000,0,0.84,0.00%,0.00%,0,N/A,250527000,21180000,-19800000.,12543000,-161210000.,1.95,33.33%,36.94%,N/L,N/L,N/L,N/L,N/L,2025-07-31
WCC,"Wesco International","Electronics - Parts Distrib","Computers and Technology",10812916000,17.1,2.16,4.13%,12.96%,1.19,11.77,15175316000,1586900000,1388100000,48663000,717600000,1.84,3.30%,93.75%,N/L,N/L,N/L,N/L,N/L,2025-07-31
WCN,"Waste Connections Inc","Waste Removal Svcs","Business Services",47745860000,37.83,5.77,6.32%,15.72%,1.01,19.940001,55851428000,3512730000,2338950000,258393000,617570000,0.58,0.28%,86.09%,N/L,N/L,N/L,N/L,N/L,2025-07-23
WD,"Walker & Dunlop","Finance - Mortgage & Rel Svs",Finance,2957871000,18.15,1.59,3.40%,8.81%,1.13,6.84,4203191000,653970000,416420000,34069000,108170000,1.57,3.66%,80.97%,N/L,N/L,N/L,N/L,N/L,2025-08-07
WDAY,"Workday Inc","Internet - Software","Computers and Technology",59079088000,70.68,6.81,5.06%,9.83%,0.33,58.68,60520088000,1051000000,474000000,267000000,526000000,1.24,19.31%,89.81%,N/L,N/L,N/L,N/L,N/L,2025-08-21
WDC,"Western Digital Corp","Computer - Storage Devices","Computers and Technology",26853140000,12.68,4.9,10.59%,24.93%,1.42,12.34,29679140000,3044000000,2570000000,348878000,1889000000,1.58,0.30%,92.51%,N/L,N/L,N/L,N/L,N/L,2025-07-30
WDFC,"W D 40 Company","Consumer Prdts - Misc Staple","Consumer Staples",3012263000,40.19,11.6,16.49%,31.23%,0.37,37.720001,3060203000,109710000,100250000,13534000,69640000,0.15,0.75%,91.52%,N/L,N/L,N/L,N/L,N/L,2025-10-16
WDS,"Woodside Energy Group Ltd","Other Alt Energy",Oils-Energy,33171160000,0,0.84,0.00%,0.00%,0.28,3.89,39245160000,9276000000,0,1898750000,3573000000,0.67,0.04%,3.17%,N/L,N/L,N/L,N/L,N/L,2025-06-30
WEAV,"Weave Communications Inc","Internet - Software","Computers and Technology",597799000,0,7.27,-14.86%,-40.60%,0,N/A,546199000,-6760000.,-33510000.,77036000,-28350000.,1.74,18.40%,86.83%,N/L,N/L,N/L,N/L,N/L,2025-07-31
WEC,"Wisconsin Energy Corp","Utility - Electric Power",Utilities,34935336000,20.55,2.56,3.55%,12.90%,1.48,11.83,54979636000,5096900000,3742400000,321866000,1528400000,0.42,0.50%,77.20%,N/L,N/L,N/L,N/L,N/L,2025-07-30
WELL,"Welltower Inc","REIT - Equity Trust Other",Finance,109975048000,35.37,3.08,2.16%,3.38%,0.44,39.509998,122020064000,5017680000,3338050000,668826000,951680000,0.93,0.21%,94.80%,N/L,N/L,N/L,N/L,N/L,2025-07-28
WEN,"Wendys Company","Retail - Restaurants",Retail-Wholesale,2027612000,10.45,17.610001,3.94%,103.06%,24.18,5.81,4282912000,695650000,537710000,190565000,194360000,0.31,17.00%,85.96%,N/L,N/L,N/L,N/L,N/L,2025-08-08
WERN,"Werner Enterprise","Transportation - Truck",Transportation,1767977000,127.77,1.22,0.44%,0.92%,0.51,5.37,2377227000,666120000,375710000,59830000,34230000,1.08,1.30%,89.32%,N/L,N/L,N/L,N/L,N/L,2025-07-29
WES,"Western Midstream Partners LP","Oil Refining & Marketing MLP",Oils-Energy,14696420000,11.76,4.37,9.97%,37.70%,2.08,6.51,21543640000,3007130000,2347460000,381329000,1573570000,1.13,0.04%,84.82%,N/L,N/L,N/L,N/L,N/L,2025-08-06
WEST,"Westrock Coffee Company","Beverages - Soft","Consumer Staples",616549000,0,32.18,-4.31%,-64.79%,21.59,46.009998,1194779000,-7840000.,-45810000.,94708000,-80300000.,0.53,27.70%,45.08%,N/L,N/L,N/L,N/L,N/L,2025-08-07
WEX,"Wex Inc","Financial Transaction Services","Business Services",5923216000,12.69,5.94,3.71%,41.87%,3.99,7.81,7571716000,1172900000,851600000,34264000,309600000,1.28,1.40%,97.47%,N/L,N/L,N/L,N/L,N/L,2025-07-23
WFC,"Wells Fargo & Company","Finance - Investment Brokers",Finance,253392176000,13.54,1.5,1.04%,12.29%,0.96,9.32,136387168000,48964000000,41406000000,3203441000,19722000000,1.2,0.08%,75.90%,N/L,N/L,N/L,N/L,N/L,2025-10-10
WFG,"West Fraser Timber L","Building Products - Wood",Construction,5825061000,0,0.81,-0.66%,-0.85%,0.04,8.72,5384061000,936000000,387000000,76696000,-5000000.,1.15,1.77%,40.23%,N/L,N/L,N/L,N/L,N/L,2025-07-23
WFRD,"Weatherford International Plc","Oil - Field Services",Oils-Energy,4369364000,8.87,2.71,9.37%,34.87%,1.05,4.9,5028364000,1163000000,820000000,71835000,506000000,0.77,2.09%,97.23%,N/L,N/L,N/L,N/L,N/L,2025-07-22
WGO,"Winnebago Industries","Building - Mobile Homes & RV",Construction,1016404000,27.03,0.78,1.57%,2.86%,0.44,5.08,1381704000,164500000,72400000,28031000,13000000,1.06,4.63%,N/A,N/L,N/L,N/L,N/L,N/L,2025-06-25
WGS,"Genedx Holdings Corp","Medical Services",Medical,3696030000,79.42,12.51,9.35%,16.51%,0.19,117.970001,3662730000,27390000,5440000,28726000,-52290000.,2.02,29.60%,61.72%,N/L,N/L,N/L,N/L,N/L,2025-07-29
WH,"Wyndham Hotels & Resorts Inc","Hotels & Motels","Consumer Discretionary",6794158000,18.75,11.6,8.56%,60.79%,4.52,16.120001,9154158000,697000000,626000000,76356000,289000000,0.99,2.46%,93.46%,N/L,N/L,N/L,N/L,N/L,2025-07-23
WHD,"Cactus Inc Cl A","Oil - US Integrated",Oils-Energy,3380171000,13.64,2.33,12.69%,17.34%,0,10.23,3037331000,338220000,276660000,79834000,185410000,1.48,13.75%,85.11%,N/L,N/L,N/L,N/L,N/L,2025-07-30
WHF,"Whitehorse Finance","Finance - SBIC & Commercial",Finance,198263000,6.55,0.72,4.51%,10.72%,1.32,5.68,524753000,28980000,31400000,23243000,10850000,0.82,2.50%,13.20%,N/L,N/L,N/L,N/L,N/L,2025-08-07
WHR,"Whirlpool Corp","Appliances - Household","Consumer Discretionary",5234473000,7.99,1.91,3.63%,20.81%,2.51,3.51,10567473000,1639000000,925000000,55894000,-323000000.,1.17,2.07%,90.78%,N/L,N/L,N/L,N/L,N/L,2025-07-28
WIMI,"Wimi Hologram Cloud Inc","Internet - Content","Computers and Technology",38301000,0,0.1,0.00%,0.00%,0.08,1.68,-95439000.,-3060000.,0,9821000,9970000,0.38,35.60%,0.96%,N/L,N/L,N/L,N/L,N/L,2025-04-24
WING,"Wingstop Inc","Retail - Restaurants",Retail-Wholesale,9276071000,85.01,N/A,16.53%,-17.07%,-1.76,72.010002,10145491000,209120000,187480000,27924000,108720000,1.84,0.72%,N/A,N/L,N/L,N/L,N/L,N/L,2025-07-30
WIT,"Wipro Ltd ADR","IT Services","Computers and Technology",29497850000,18.06,2.88,10.44%,15.94%,0.15,15.55,29964850000,2100000000,1754000000,10460230000,1537000000,0.93,1.00%,2.36%,N/L,N/L,N/L,N/L,N/L,2025-10-16
WIX,"Wix.com Ltd","IT Services","Computers and Technology",7396158000,39.5,N/A,10.36%,-136.43%,-4.88,40.240002,7308098000,177870000,143590000,56108000,138320000,1.27,6.20%,81.52%,N/L,N/L,N/L,N/L,N/L,2025-08-06
WK,"Workiva Llc","Internet - Software","Computers and Technology",4480159000,0,N/A,-4.45%,0.00%,-1.07,N/A,4178319000,-80390000.,-82000000.,56016000,-55040000.,0.86,4.05%,92.21%,N/L,N/L,N/L,N/L,N/L,2025-07-31
WKC,"World Kinect Corp","Oil - Refining and Marketing",Oils-Energy,1486939000,11.18,0.89,2.02%,7.07%,0.51,6.35,1984839000,255600000,149200000,55545000,67400000,1.39,3.20%,97.06%,N/L,N/L,N/L,N/L,N/L,2025-07-31
WKHS,"Workhorse Grp","Auto - Truck Original Parts",Auto-Tires-Trucks,22291000,0,0.67,-74.67%,-210.72%,0,N/A,28141000,-49040000.,-56950000.,15373000,-101790000.,2.62,1.91%,15.98%,N/L,N/L,N/L,N/L,N/L,2025-08-19
WKSP,"Worksport Ltd","Retail - Wsale Auto & Trucks",Retail-Wholesale,20258000,0,0.88,-65.91%,-93.40%,0.13,N/A,20378000,-11780000.,-13530000.,6642000,-16160000.,2,7.99%,16.11%,N/L,N/L,N/L,N/L,N/L,2025-08-13
WLDN,"Willdan Group Inc","Business Services","Business Services",1629427000,34.73,5.79,9.65%,18.60%,0.22,34.32,1634617000,70770000,55870000,14665000,22570000,1.31,8.60%,72.29%,N/L,N/L,N/L,N/L,N/L,2025-08-07
WLK,"Westlake Corp","Chemical - Plastics","Basic Materials",11619088000,77.33,0.98,0.66%,1.26%,0.43,5.95,13262088000,1337000000,223000000,128246000,602000000,0.92,1.30%,28.40%,N/L,N/L,N/L,N/L,N/L,2025-08-05
WLKP,"Westlake Chemical Partners LP","Chemical - Specialty","Basic Materials",780544000,14.77,0.93,4.00%,6.38%,0.48,4.45,1121894000,451460000,339560000,35239000,62390000,0.78,1.10%,78.28%,N/L,N/L,N/L,N/L,N/L,2025-08-05
WLY,"John Wiley Sons Cl A","Publishing - Books","Consumer Staples",2204597000,10.92,2.83,7.55%,27.42%,1.06,6.12,2918157000,421440000,273230000,53393000,84160000,0.96,16.68%,73.94%,N/L,N/L,N/L,N/L,N/L,2025-09-04
WM,"Waste Management","Waste Removal Svcs","Business Services",91450472000,31.67,10.05,6.91%,34.37%,2.61,17.34,114936472000,9176000000,6776000000,402830000,2746000000,0.64,0.18%,80.40%,N/L,N/L,N/L,N/L,N/L,2025-07-28
WMB,"Williams Companies","Oil - Production & Pipeline",Oils-Energy,69589392000,29.49,4.77,4.38%,16.23%,1.93,15.1,96020392000,8309000000,5991000000,1219369000,2225000000,0.66,0.44%,86.44%,N/L,N/L,N/L,N/L,N/L,2025-08-04
WMG,"Warner Music Group Corp Cl A","Movie & TV Production & Dist","Consumer Discretionary",17603188000,57.11,20.9,3.16%,39.95%,5.37,22.120001,20923188000,1264000000,937000000,521267000,435000000,1.26,72.21%,96.88%,N/L,N/L,N/L,N/L,N/L,2025-08-07
WMK,"Weis Markets","Retail - Supermarket",Retail-Wholesale,1819995000,17.83,1.45,5.23%,7.60%,0,8.61,1629675000,240720000,126840000,24745000,109940000,0.47,27.00%,0.00%,N/L,N/L,N/L,N/L,N/L,2025-08-05
WMS,"Advanced Drainage Systems Inc","Building & Construction - Misc",Construction,11452238000,24.34,6.45,12.23%,29.57%,0.75,16.870001,12250438000,876670000,691340000,77753000,450170000,1.27,1.63%,89.83%,N/L,N/L,N/L,N/L,N/L,2025-08-07
WMT,"Walmart Inc","Retail - Supermarket",Retail-Wholesale,772743936000,38.72,8.1,7.68%,21.45%,0.51,23.690001,803044928000,42615000000,29642000000,7980418000,19436000000,0.66,0.10%,26.76%,N/L,N/L,N/L,N/L,N/L,2025-08-21
WNC,"Wabash National Corp","Auto - Truck Original Parts",Auto-Tires-Trucks,461781000,0,1.07,-1.65%,-7.91%,1.13,3.93,744441000,-51250000.,-108240000.,40938000,-284070000.,1.65,2.21%,97.05%,N/L,N/L,N/L,N/L,N/L,2025-07-25
WNS,"Wns Ltd ADR","Business Services","Business Services",3233350000,19.12,4.06,12.02%,22.90%,0.33,14.66,3369920000,256790000,200200000,42894000,170110000,0.9,1.95%,97.36%,N/L,N/L,N/L,N/L,N/L,2025-10-16
WOLF,"Wolfspeed Inc","Semi Discretes","Computers and Technology",213209000,0,0.82,-7.00%,-103.97%,16.31,N/A,2293509000,-710500000.,-892400000.,155627000,-864200000.,1.23,0.84%,N/A,N/L,N/L,N/L,N/L,N/L,2025-08-27
WOOF,"Petco Health and Wellness Company Cl A","Retail - Misc & Diversified",Retail-Wholesale,1090336000,0,0.93,-0.92%,-4.29%,1.43,7.16,2508016000,244820000,40200000,315126000,-101820000.,1.72,4.40%,0.00%,N/L,N/L,N/L,N/L,N/L,2025-08-28
WOR,"Worthington Enterprises Inc","Building Products - Wood",Construction,3338687000,20.9,3.41,9.21%,16.66%,0.32,12.66,3391477000,139180000,40100000,49794000,96050000,1.21,3.40%,51.59%,N/L,N/L,N/L,N/L,N/L,2025-09-23
WOW,"Wideopenwest Inc","Cable TV","Consumer Discretionary",436559000,0,2.4,-4.31%,-32.26%,5.82,2.8,1415159000,430100000,217700000,85768000,-58800000.,1.24,3.00%,87.77%,N/L,N/L,N/L,N/L,N/L,2025-08-11
WPC,"W.P. Carey & Company Llc","REIT - Equity Trust Other",Finance,14477495000,13.74,1.77,1.91%,4.00%,1.05,14.67,21876124000,1798820000,1267240000,218991000,460840000,0.78,0.93%,73.73%,N/L,N/L,N/L,N/L,N/L,2025-07-29
WPM,"Wheaton Precious Metals","Mining - Misc","Basic Materials",43384480000,48.14,5.54,11.64%,11.96%,0,48.18,42566312000,1271110000,1022810000,453955000,529140000,0.39,N/A,70.34%,N/L,N/L,N/L,N/L,N/L,2025-08-07
WPP,"Wpp Plc ADR","Advertising Marketing Services","Business Services",5844938000,0,1.25,0.00%,0.00%,1.4,3.05,8004588000,2324500000,0,215760000,692620000,1.01,1.00%,4.34%,N/L,N/L,N/L,N/L,N/L,2025-02-27
WPRT,"Westport Fuel Systems Inc","Auto - Truck Original Parts",Auto-Tires-Trucks,49971000,0,0.45,-7.34%,-16.12%,0.04,N/A,46051000,5290000,-3370000.,17351000,-21840000.,2.88,0.82%,21.30%,N/L,N/L,N/L,N/L,N/L,2025-08-11
WRAP,"Wrap Technologies Inc","Protection - Safety","Industrial Products",72166000,0,5.89,-54.67%,-175.85%,0,N/A,68556000,-14210000.,-15040000.,50821000,-5880000.,1.27,18.57%,8.82%,N/L,N/L,N/L,N/L,N/L,2025-08-14
WRB,"W.R. Berkley Corp","Insurance - Proprty & Casualty",Finance,27362198000,17.6,2.96,4.01%,18.83%,0.31,18.459999,28228418000,2219550000,2390190000,379293000,1756120000,0.39,23.30%,68.82%,N/L,N/L,N/L,N/L,N/L,2025-07-21
WRBY,"Warby Parker Inc Cl A","Consumer Prdts - Misc Staple","Consumer Staples",2842180000,0,7.54,-0.41%,-0.79%,0,76.790001,2588020000,31490000,-18080000.,105188000,-20390000.,2.09,18.24%,93.24%,N/L,N/L,N/L,N/L,N/L,2025-08-07
WRD,"Weride Inc ADR","Auto - Truck Original Parts",Auto-Tires-Trucks,2753727000,0,2.69,-28.72%,-49.04%,0.02,N/A,2170477000,-237500000.,-251570000.,289257000,-350090000.,N/A,2.70%,N/A,N/L,N/L,N/L,N/L,N/L,2025-07-31
WS,"Worthington Steel Inc","Steel - Specialty","Basic Materials",1689426000,14.6,1.33,5.95%,9.43%,0.13,9.1,1748026000,213000000,147000000,50871000,110700000,1.87,2.20%,45.41%,N/L,N/L,N/L,N/L,N/L,2025-09-24
WSBC,"Wesbanco Inc","Banks - Southeast",Finance,3151352000,10.98,0.81,1.00%,7.29%,0.55,11.4,4007002000,356480000,329920000,95990000,151510000,0.87,2.80%,61.41%,N/L,N/L,N/L,N/L,N/L,2025-07-29
WSBF,"Waterstone Financial","Finance - Savings & Loan",Finance,273647000,12.51,0.81,0.93%,6.07%,0,12.79,680407000,47650000,45500000,18679000,18690000,0.73,7.40%,62.71%,N/L,N/L,N/L,N/L,N/L,2025-07-24
WSC,"Willscot Holdings Corp","Real Estate Operations",Finance,4537309000,16.96,4.12,4.24%,24.83%,3.58,6.08,8236409000,1191200000,793660000,182075000,28130000,1.2,3.10%,95.81%,N/L,N/L,N/L,N/L,N/L,2025-07-31
WSFS,"WSFS Financial Corp","Finance - Savings & Loan",Finance,3237247000,12.13,1.17,1.29%,10.15%,0.11,11.8,2466037000,400290000,384790000,55969000,263670000,0.89,1.10%,88.49%,N/L,N/L,N/L,N/L,N/L,2025-07-24
WSM,Williams-Sonoma,"Retail - Home Furniture",Retail-Wholesale,25020252000,22.33,11.22,21.64%,52.79%,0,17.92,23807272000,1626870000,1397070000,122998000,1125250000,1.47,1.10%,99.29%,N/L,N/L,N/L,N/L,N/L,2025-08-27
WSO,"Watsco Inc","Building Prdcts - Air Heating",Construction,16859442000,31.11,5.1,11.69%,16.96%,0,28.379999,16333172000,811320000,770500000,40547000,536290000,0.95,12.79%,89.71%,N/L,N/L,N/L,N/L,N/L,2025-07-30
WSR,"Whitestone REIT","REIT - Equity Trust Other",Finance,659663000,12.2,1.5,2.98%,7.76%,1.55,8.81,1275813000,123770000,87680000,51018000,36890000,0.94,3.20%,69.51%,N/L,N/L,N/L,N/L,N/L,2025-07-30
WST,"West Pharmaceutical Services","Medical - Dental Suppliers",Medical,17822148000,34.86,5.96,13.67%,18.43%,0.07,26.93,17540148000,737000000,581600000,71907000,492700000,1.05,0.53%,93.90%,N/L,N/L,N/L,N/L,N/L,2025-07-24
WT,"Wisdomtree Inc","Finance - Misc Services",Finance,1946226000,18.74,4.27,9.94%,25.17%,0.34,17.77,1765036000,151640000,146690000,147107000,66690000,1.16,9.30%,78.64%,N/L,N/L,N/L,N/L,N/L,2025-08-01
WTBA,"West Bancorp","Finance - Savings & Loan",Finance,338481000,11.08,1.32,0.72%,12.26%,1.62,10.24,487631000,58660000,51740000,16941000,24050000,0.92,4.58%,44.30%,N/L,N/L,N/L,N/L,N/L,2025-07-24
WTFC,"Wintrust Financial Corp","Banks - Midwest",Finance,8972908000,12.18,1.35,1.12%,12.08%,0.6,10.79,8755078000,1291860000,1193910000,66952000,695050000,0.85,1.01%,93.48%,N/L,N/L,N/L,N/L,N/L,2025-07-21
WTI,"W&T Offshore","Oil - US Exploration & Product",Oils-Energy,267010000,0,N/A,-7.67%,0.00%,-3.41,2.26,570480000,254660000,74700000,148339000,-87150000.,0.7,33.60%,42.88%,N/L,N/L,N/L,N/L,N/L,2025-08-04
WTRG,"Essential Utilities Inc","Utility - Water Supply",Utilities,11112181000,16.83,1.64,3.56%,10.10%,1.16,11.83,18800750000,1667440000,1297890000,280469000,595310000,0.78,0.21%,74.78%,N/L,N/L,N/L,N/L,N/L,2025-07-31
WTS,"Watts Water Technologies","Industrial Controls","Computers and Technology",9360374000,28.43,4.78,12.87%,18.11%,0.1,25.709999,9170474000,459600000,405200000,33362000,291200000,1.13,1.00%,95.02%,N/L,N/L,N/L,N/L,N/L,2025-08-06
WTTR,"Select Water Solutions Inc","Waste Removal Svcs","Business Services",1024698000,25.16,1.05,2.34%,3.69%,0.29,5.08,1089718000,219770000,62330000,121266000,30640000,1.26,8.40%,81.73%,N/L,N/L,N/L,N/L,N/L,2025-08-05
WTW,"Willis Towers Watson Public Ltd","Insurance - Brokers",Finance,33093156000,19.77,4.02,6.20%,21.60%,0.65,15.53,36512156000,2861000000,2405000000,97548000,-98000000.,0.67,0.32%,93.09%,N/L,N/L,N/L,N/L,N/L,2025-07-31
WU,"Western Union Company","Financial Transaction Services","Business Services",2803354000,5.03,3.11,7.04%,66.11%,3.11,3.71,4270154000,892200000,713100000,322967000,934200000,0.61,1.58%,91.81%,N/L,N/L,N/L,N/L,N/L,2025-07-28
WULF,"Terawulf Inc","Finance - Misc Services",Finance,3590042000,0,21.41,-17.51%,-54.98%,0,643.390015,3325242000,-4840000.,-77400000.,391926000,-72420000.,3.17,24.88%,62.49%,N/L,N/L,N/L,N/L,N/L,2025-08-08
WVE,"Wave Life Sci Ord Sh","Medical - Biomedical",Medical,1615271000,0,11.15,-41.51%,-78.45%,0,N/A,1321061000,-134850000.,-143510000.,159140000,-97010000.,-0.95,23.98%,89.73%,N/L,N/L,N/L,N/L,N/L,2025-07-30
WW,"Ww International Inc",N/A,N/A,313988000,0,0.81,0.00%,0.00%,1.22,N/A,1691608000,64240000,20960000,9987000,-345700000.,N/A,8.12%,86.18%,N/L,N/L,N/L,N/L,N/L,2025-08-11
WWD,"Woodward Inc","Aerospace - Defense Equipment",Aerospace,14873964000,39.91,5.96,8.53%,16.57%,0.38,29.85,15464164000,539640000,423470000,59966000,372970000,1.3,0.82%,81.18%,N/L,N/L,N/L,N/L,N/L,2025-07-28
WWR,"Westwater Resources","Mining - Misc","Basic Materials",63756000,0,0.41,-8.49%,-9.32%,0.04,N/A,59486000,-11170000.,-11420000.,86226000,-12660000.,1.18,3.86%,7.72%,N/L,N/L,N/L,N/L,N/L,2025-08-13
WWW,"Wolverine World Wide","Shoes and Related Apparel","Consumer Staples",2496123000,23.28,6.57,5.97%,31.99%,1.61,23,2922023000,161600000,135400000,81254000,47900000,1.74,2.28%,90.25%,N/L,N/L,N/L,N/L,N/L,2025-08-06
WY,"Weyerhaeuser Company","Building Products - Wood",Construction,19358140000,66.08,1.95,1.73%,2.95%,0.54,21.129999,23750140000,1078000000,576000000,721511000,396000000,1.08,0.27%,82.99%,N/L,N/L,N/L,N/L,N/L,2025-07-24
WYNN,"Wynn Resorts Ltd",Gaming,"Consumer Discretionary",11885610000,20.24,N/A,4.70%,-56.78%,-8.73,8.94,20001180000,2347530000,1649210000,103977000,501080000,1.41,0.52%,88.64%,N/L,N/L,N/L,N/L,N/L,2025-08-07
WYY,"Widepoint Corp","Computer - Services","Computers and Technology",41356000,0,2.93,-3.07%,-16.04%,0,27.610001,33536000,1930000,-1340000.,9777000,-1930000.,1.62,15.50%,22.60%,N/L,N/L,N/L,N/L,N/L,2025-08-14
XAIR,"Beyond Air Inc","Medical - Biomedical",Medical,11759000,0,0.92,-115.92%,-232.61%,0.95,N/A,16669000,-34180000.,-38570000.,5226000,-46630000.,0.25,19.40%,31.50%,N/L,N/L,N/L,N/L,N/L,2025-08-12
XBIT,"Xbiotech Inc","Medical - Biomedical",Medical,97562000,0,0.56,-14.64%,-15.60%,0,N/A,-64868000.,-34790000.,-36540000.,30488000,-38530000.,0.97,30.80%,55.70%,N/L,N/L,N/L,N/L,N/L,2025-08-11
XEL,"XCEL Energy Inc","Utility - Electric Power",Utilities,43919300000,20.04,2.06,2.92%,10.53%,1.53,8.67,72854304000,8220000000,5345000000,591426000,1936000000,0.34,0.09%,78.38%,N/L,N/L,N/L,N/L,N/L,2025-07-31
XENE,"Xenon Pharmaceuticals Inc","Medical - Biomedical",Medical,2994797000,0,4.62,-36.47%,-38.50%,0,N/A,2852087000,-290440000.,-293000000.,77106000,-234330000.,1.16,4.07%,95.45%,N/L,N/L,N/L,N/L,N/L,2025-08-11
XERS,"Xeris Pharmaceuticals Inc","Medical - Drugs",Medical,1251470000,0,N/A,-8.00%,0.00%,-11.33,N/A,1411960000,16650000,1020000,161480000,-54840000.,0.65,6.47%,42.75%,N/L,N/L,N/L,N/L,N/L,2025-08-07
XFOR,"X4 Pharmaceuticals Inc","Medical - Biomedical",Medical,44719000,0,6.37,-72.87%,-375.31%,19.1,N/A,64449000,-105090000.,-105890000.,11408000,-37450000.,0.6,2.37%,72.03%,N/L,N/L,N/L,N/L,N/L,2025-08-14
XGN,"Exagen Inc","Medical Products",Medical,222240000,0,10.44,-34.69%,-130.38%,1.09,N/A,220440000,-12160000.,-14040000.,22004000,-15120000.,1.61,12.60%,75.25%,N/L,N/L,N/L,N/L,N/L,2025-07-29
XHR,"Xenia Hotels & Resorts Inc","REIT - Equity Trust Other",Finance,1349540000,7.74,1.01,2.19%,4.95%,1.13,9.02,2540660000,369920000,235810000,95780000,16140000,1.72,3.20%,92.43%,N/L,N/L,N/L,N/L,N/L,2025-08-01
XIFR,"Xplr Infrastructure LP","E&P MLP",Oils-Energy,957514000,3.99,0.08,1.13%,1.86%,0.59,1.13,5988514000,1366000000,734000000,93966000,-23000000.,0.86,0.23%,66.01%,N/L,N/L,N/L,N/L,N/L,2025-08-07
XMTR,"Xometry Inc Cl A","Machinery - General Industrial","Industrial Products",2501957000,0,8.71,-3.01%,-6.79%,0,N/A,2479727000,-33810000.,-48680000.,50796000,-50400000.,0.83,9.66%,97.31%,N/L,N/L,N/L,N/L,N/L,2025-08-05
XNCR,"Xencor Inc","Medical - Drugs",Medical,599826000,0,0.85,-18.19%,-25.75%,0,N/A,722556000,-136190000.,-134580000.,71323000,-232620000.,0.89,4.76%,N/A,N/L,N/L,N/L,N/L,N/L,2025-08-04
XNET,"Xunlei Ltd ADR","Internet - Services","Computers and Technology",451050000,20.71,0.43,3.35%,4.50%,0.07,15.91,302940000,-14550000.,-21480000.,62559000,1220000,0.88,21.69%,5.07%,N/L,N/L,N/L,N/L,N/L,2025-08-14
XOM,"Exxon Mobil Corp","Oil - International Integrated",Oils-Energy,474414112000,15.63,1.73,6.79%,11.34%,0.12,8.44,487982112000,93499000000,70057000000,4263247000,33680000000,0.53,0.03%,61.80%,N/L,N/L,N/L,N/L,N/L,2025-08-01
XOMA,"Xoma Royalty Corporation","Medical - Biomedical",Medical,413410000,0,5.41,0.97%,2.63%,1.57,N/A,428750000,-10740000.,-10960000.,12088000,-13820000.,1,9.10%,95.92%,N/L,N/L,N/L,N/L,N/L,2025-08-12
XP,"XP Inc Cl A","Finance - Misc Services",Finance,8845982000,10.17,2.21,1.40%,22.92%,0.17,9.81,8114742000,1157850000,1108660000,537423000,836790000,1.12,N/A,59.15%,N/L,N/L,N/L,N/L,N/L,2025-08-18
XPEL,"Xpel Technologies","Auto - Truck Original Parts",Auto-Tires-Trucks,1067901000,20.5,3.97,16.90%,21.17%,0,17.49,1046041000,72860000,61160000,27673000,45490000,1.83,9.50%,75.08%,N/L,N/L,N/L,N/L,N/L,2025-08-06
XPER,"Xperi Inc","Technology Services","Business Services",287275000,49.75,0.66,0.80%,1.26%,0.1,6.68,206715000,49430000,-6580000.,46260000,-14010000.,1.26,2.10%,94.28%,N/L,N/L,N/L,N/L,N/L,2025-08-06
XPEV,"Xpeng Inc ADR","Auto - Foreign",Auto-Tires-Trucks,22540080000,0,5.1,-5.03%,-13.76%,0.39,N/A,21203680000,-548280000.,-841700000.,949056000,-805430000.,2.5,27.60%,21.09%,N/L,N/L,N/L,N/L,N/L,2025-08-19
XPO,"Xpo Inc","Transportation - Truck",Transportation,16180499000,34.67,8.46,5.57%,26.47%,1.91,15.67,19321500000,1670000000,1180000000,117762000,387000000,1.97,2.90%,97.73%,N/L,N/L,N/L,N/L,N/L,2025-07-31
XPOF,"Xponential Fitness Inc Cl A","Leisure & Recreation Services","Consumer Discretionary",429748000,0,N/A,-0.46%,0.00%,-1.14,5.2,860958000,130520000,45900000,48835000,-64950000.,1.5,42.26%,58.55%,N/L,N/L,N/L,N/L,N/L,2025-08-07
XPRO,"Expro Group Hldgs N.V.","Oil - Production & Pipeline",Oils-Energy,1426418000,14.09,0.88,4.14%,6.43%,0.08,5.46,1362828000,439220000,275750000,115593000,51920000,1.2,1.80%,92.07%,N/L,N/L,N/L,N/L,N/L,2025-07-29
XRAY,"Dentsply Sirona Inc","Medical - Dental Suppliers",Medical,2924435000,8.13,1.41,5.60%,16.33%,1.13,1.89,4238435000,1329000000,207000000,199484000,-910000000.,0.94,0.50%,95.70%,N/L,N/L,N/L,N/L,N/L,2025-08-07
XRX,"Xerox Corp","Office Supply & Forms","Industrial Products",484442000,0,0.41,0.02%,0.17%,2.94,1.12,3531442000,478000000,204000000,125829000,-1321000000.,1.79,1.50%,85.36%,N/L,N/L,N/L,N/L,N/L,2025-07-31
XXII,"22nd Century Group Inc",Tobacco,"Consumer Staples",7231000,0,0.16,-62.82%,-344.13%,0.57,N/A,9481000,-11760000.,-13020000.,3670000,-15160000.,1.72,0.01%,18.06%,N/L,N/L,N/L,N/L,N/L,2025-08-14
XYL,"Xylem Inc","Waste Removal Svcs","Business Services",34987756000,30.62,3.08,6.72%,10.33%,0.18,21.25,36117756000,1645000000,1083000000,243410000,890000000,1.11,0.27%,87.96%,N/L,N/L,N/L,N/L,N/L,2025-07-31
XYLO,"Xylo Technologies Ltd ADR","Technology Services","Business Services",4189000,0,0.23,0.00%,0.00%,0.39,N/A,2249000,-4310000.,0,826000,-6030000.,0.49,2.19%,0.26%,N/L,N/L,N/L,N/L,N/L,2025-07-30
XYZ,"Block Inc","Internet - Software","Computers and Technology",48660304000,37.04,2059.699951,4.49%,7.85%,0.23,29.17,46690492000,698740000,1287780000,615019000,2897050000,2.71,10.85%,70.44%,N/L,N/L,N/L,N/L,N/L,2025-08-07
YALA,"Yalla Group Ltd ADR","Internet - Software","Computers and Technology",1231365000,9.71,1.67,18.15%,20.64%,0,8.96,741005000,125810000,124460000,158070000,135680000,0.8,52.24%,4.73%,N/L,N/L,N/L,N/L,N/L,2025-08-11
YELP,"Yelp Inc","Internet - Content","Computers and Technology",2046330000,14.13,2.67,15.18%,20.17%,0,9.63,1829000000,308800000,228440000,63061000,132850000,0.97,8.00%,90.11%,N/L,N/L,N/L,N/L,N/L,2025-08-07
YETI,"Yeti Holdings Inc","Leisure & Recreational Prdcts","Consumer Discretionary",2900509000,15.15,3.5,14.84%,24.60%,0.1,11.42,2621009000,284600000,235820000,81224000,175690000,1.84,0.94%,N/A,N/L,N/L,N/L,N/L,N/L,2025-08-07
YEXT,"Yext Inc","Technology Services","Business Services",1097910000,0,7.61,-3.99%,-14.07%,0,N/A,965110000,1350000,-25910000.,122398000,-27950000.,1.06,5.20%,70.98%,N/L,N/L,N/L,N/L,N/L,2025-09-03
YMAB,"Y-Mabs Therapeutics Inc","Medical - Biomedical",Medical,387586000,0,4.41,-18.89%,-24.60%,0,N/A,320356000,-26110000.,-26650000.,45438000,-29670000.,0.57,19.70%,70.85%,N/L,N/L,N/L,N/L,N/L,2025-08-08
YMM,"Full Truck Alliance Ltd ADR","Technology Services","Business Services",13314231000,19.5,2.4,11.07%,12.25%,0,25.959999,12504441000,472220000,461540000,1045894000,420570000,0.2,16.50%,39.02%,N/L,N/L,N/L,N/L,N/L,2025-08-21
YORW,"York Water Company","Utility - Water Supply",Utilities,457722000,22.67,1.91,3.09%,8.50%,0.93,13.41,663282000,54770000,41810000,14421000,20330000,0.71,1.33%,49.86%,N/L,N/L,N/L,N/L,N/L,2025-08-15
YOU,"Clear Secure Inc Cl A","Internet - Software","Computers and Technology",4833190000,20.92,36.419998,18.97%,122.69%,0,19.219999,4766300000,195730000,176370000,132926000,169680000,1.25,39.73%,73.80%,N/L,N/L,N/L,N/L,N/L,2025-08-05
YPF,"Ypf Sociedad Anonima ADR","Oil - International Integrated",Oils-Energy,12487688000,8.42,1.04,5.07%,12.39%,0.83,2.42,20311688000,3587000000,828000000,393313000,2348000000,1.79,N/A,10.08%,N/L,N/L,N/L,N/L,N/L,2025-08-14
YQ,"17 Education & Technology Group Inc ADR",Schools,"Consumer Discretionary",17417000,0,0.35,-19.87%,-27.78%,0,N/A,-14673000.,-23560000.,-25240000.,8886000,-26430000.,-0.02,23.10%,3.54%,N/L,N/L,N/L,N/L,N/L,2025-09-03
YRD,"Yirendai Ltd ADR","Internet - Services","Computers and Technology",532261000,2.93,0.39,10.04%,13.59%,0,2.4,-29649000.,183110000,179230000,86406000,216770000,0.78,42.20%,1.99%,N/L,N/L,N/L,N/L,N/L,2025-08-21
YSG,"Yatsen Holding Ltd ADR","Consumer Prdts - Misc Staple","Consumer Staples",944323000,0,2.1,-12.79%,-16.17%,0,N/A,832343000,-75210000.,-95850000.,92219000,-97020000.,-2.11,29.00%,0.00%,N/L,N/L,N/L,N/L,N/L,2025-08-21
YUM,"Yum! Brands","Retail - Restaurants",Retail-Wholesale,41039248000,25.88,N/A,24.18%,-21.01%,-1.48,23.790001,51756248000,2621000000,2446000000,277536000,1486000000,0.73,0.33%,82.37%,N/L,N/L,N/L,N/L,N/L,2025-08-05
YUMC,"Yum China Holdings Inc","Retail - Restaurants",Retail-Wholesale,16924156000,18.63,2.59,8.19%,14.13%,0,12.35,16341156000,1701000000,1225000000,368718000,911000000,0.27,0.40%,85.58%,N/L,N/L,N/L,N/L,N/L,2025-08-05
Z,"Zillow Group Cl C","Internet - Services","Computers and Technology",21184264000,0,4.16,-1.04%,-1.26%,0.05,113.440002,20244264000,139000000,-134000000.,242272000,-112000000.,2.09,25.03%,71.01%,N/L,N/L,N/L,N/L,N/L,2025-08-06
ZBH,"Zimmer Biomet Holdings","Medical Products",Medical,21336920000,13.17,1.65,7.21%,12.76%,0.6,7.91,27016020000,2874600000,1878300000,198096000,903700000,0.68,1.39%,88.89%,N/L,N/L,N/L,N/L,N/L,2025-08-07
ZBIO,"Zenas Biopharma Inc","Medical - Biomedical",Medical,720081000,0,2.96,-50.56%,-59.21%,0,N/A,400251000,-173490000.,-173630000.,42110000,-156990000.,N/A,16.50%,N/A,N/L,N/L,N/L,N/L,N/L,2025-08-21
ZBRA,"Zebra Technologies","Machinery - Thermal Processing","Industrial Products",16412259000,23.68,4.34,8.57%,18.95%,0.6,20.209999,17682260000,1068000000,896000000,50845000,528000000,1.75,0.84%,91.03%,N/L,N/L,N/L,N/L,N/L,2025-08-05
ZD,"Ziff Davis Inc","Internet - Software","Computers and Technology",1566724000,6.18,0.83,7.10%,13.91%,0.47,2.71,1925124000,836570000,528460000,41003000,63050000,1.63,2.16%,99.76%,N/L,N/L,N/L,N/L,N/L,2025-08-06
ZDGE,"Zedge Inc Cl B","Internet - Content","Computers and Technology",42564000,303,1.41,0.32%,0.41%,0,2.89,22564000,13100000,-1330000.,13343000,-9170000.,1.04,21.40%,29.37%,N/L,N/L,N/L,N/L,N/L,2025-06-12
ZENA,"Zenatech Inc","Technology Services","Business Services",112505000,0,N/A,0.00%,0.00%,0.59,N/A,154545000,-2440000.,-2650000.,22501000,-3270000.,N/A,N/A,N/A,N/L,N/L,N/L,N/L,N/L,2025-07-25
ZEPP,"Zepp Health Corp ADR","Medical Information Systems",Medical,580250000,0,2.57,-11.36%,-24.19%,0.47,N/A,586600000,-41100000.,-46120000.,14499000,-75730000.,1.11,36.00%,52.61%,N/L,N/L,N/L,N/L,N/L,2025-08-03
ZETA,"Zeta Global Holdings Corp Cl A","Technology Services","Business Services",4653701000,0,6.47,-2.72%,-4.54%,0.29,N/A,4483831000,93910000,37810000,238041000,-69770000.,1.28,13.02%,87.75%,N/L,N/L,N/L,N/L,N/L,2025-08-05
ZEUS,"Olympic Steel Inc","Steel - Producers","Basic Materials",375805000,33.46,0.61,1.07%,1.95%,0.4,7.11,636355000,98970000,68060000,11198000,22980000,1.72,13.80%,87.07%,N/L,N/L,N/L,N/L,N/L,2025-07-31
ZG,"Zillow Grp Inc Cl A","Finance - Mortgage & Rel Svs",Finance,20331466000,0,3.98,-1.04%,-1.26%,0.05,108.550003,19391466000,139000000,-134000000.,242272000,-112000000.,2.07,17.14%,20.32%,N/L,N/L,N/L,N/L,N/L,2025-08-06
ZGN,"Ermenegildo Zegna N.V.","Retail - Apparel & Shoes",Retail-Wholesale,3361751000,0,3.04,0.00%,0.00%,0.38,9.54,3528871000,435870000,0,407485000,83410000,0.72,1.20%,12.91%,N/L,N/L,N/L,N/L,N/L,2025-06-26
ZH,"Zhihu Inc ADR","Internet - Content","Computers and Technology",417375000,0,0.76,-0.30%,-0.41%,0.01,N/A,-130635000.,-39020000.,-42030000.,87317000,-23540000.,0.21,13.60%,28.92%,N/L,N/L,N/L,N/L,N/L,2025-08-27
ZIM,"Zim Integrated Shipping Services Ltd","Transportation - Ship",Transportation,1729990000,0.88,0.45,17.82%,50.61%,0.03,0.54,522990000,3967500000,2825000000,120389000,2147700000,1.75,1.30%,21.42%,N/L,N/L,N/L,N/L,N/L,2025-08-20
ZIMV,"Zimvie Inc","Medical Products",Medical,534409000,20.58,1.29,3.34%,6.37%,0.53,10.19,679889000,49380000,15070000,28201000,-25830000.,2.2,3.01%,95.63%,N/L,N/L,N/L,N/L,N/L,2025-07-30
ZION,"Zions Bancorp","Banks - West",Finance,8246276000,9.67,1.21,0.97%,13.76%,0.15,8.7,8140276000,1536000000,1412000000,147624000,784000000,0.93,2.22%,76.84%,N/L,N/L,N/L,N/L,N/L,2025-07-21
ZIP,"Ziprecruiter Inc Cl A","Business Services","Business Services",498491000,0,N/A,-5.63%,-191.20%,-8.26,N/A,823711000,-13300000.,-25590000.,98516000,-12850000.,1.1,17.35%,70.55%,N/L,N/L,N/L,N/L,N/L,2025-08-11
ZK,"Zeekr Intelligent Technology Holding ADR","Auto - Foreign",Auto-Tires-Trucks,7806390000,0,N/A,-7.10%,0.00%,-0.65,N/A,6639540000,-364750000.,-494210000.,254197000,-880030000.,0.08,N/A,N/A,N/L,N/L,N/L,N/L,N/L,2025-08-14
ZLAB,"Zai Lab Ltd ADR","Medical - Biomedical",Medical,3892174000,0,4.77,-18.85%,-27.32%,0.22,N/A,3474214000,-238610000.,-246950000.,111078000,-257100000.,1.03,4.96%,41.65%,N/L,N/L,N/L,N/L,N/L,2025-08-07
ZM,"Zoom Communications Inc","Internet - Software","Computers and Technology",24951136000,21.84,2.49,9.71%,11.95%,0,17.030001,23601756000,1256600000,851860000,302548000,1010240000,0.68,11.51%,66.54%,N/L,N/L,N/L,N/L,N/L,2025-08-21
ZNTL,"Zentalis Pharmaceuticals Inc","Medical - Biomedical",Medical,143549000,0,0.49,-40.27%,-51.62%,0,N/A,109649000,-211290000.,-208310000.,72135000,-165840000.,1.71,1.90%,N/A,N/L,N/L,N/L,N/L,N/L,2025-08-08
ZS,"Zscaler Inc",Security,"Computers and Technology",42429496000,0,23.32,-0.18%,-0.59%,0,184.539993,41006416000,141260000,-123170000.,155696000,-57710000.,1.06,18.10%,46.45%,N/L,N/L,N/L,N/L,N/L,2025-09-02
ZTO,"Zto Express Cayman Inc ADR","Transportation - Services",Transportation,11428849000,12.47,1.26,9.72%,14.44%,0.26,6.58,10882359000,2045170000,1630960000,598369000,1207900000,-0.18,41.30%,41.65%,N/L,N/L,N/L,N/L,N/L,2025-08-19
ZTS,"Zoetis Inc Cl A","Medical - Drugs",Medical,69411320000,25.02,13.88,19.54%,56.90%,1.32,22.01,73994320000,3949000000,3452000000,443183000,2486000000,0.88,0.18%,92.80%,N/L,N/L,N/L,N/L,N/L,2025-08-05
ZUMZ,"Zumiez Inc","Retail - Apparel & Shoes",Retail-Wholesale,284336000,1560.01,1.02,0.12%,0.23%,0,14.63,171666000,24400000,2240000,17771000,-1710000.,0.97,21.20%,95.45%,N/L,N/L,N/L,N/L,N/L,2025-09-04
ZURA,"Zura Bio Ltd","Medical - Biomedical",Medical,137434000,0,1.07,-40.06%,-49.11%,0,N/A,-39066000.,-72350000.,-72360000.,68375000,-45390000.,-0.06,14.23%,61.14%,N/L,N/L,N/L,N/L,N/L,2025-08-12
ZVIA,"Zevia Pbc Cl A","Beverages - Soft","Consumer Staples",230846000,0,6.16,-17.51%,-27.86%,0,N/A,200196000,-14210000.,-15620000.,74950000,-20010000.,0.9,11.11%,53.21%,N/L,N/L,N/L,N/L,N/L,2025-08-06
ZVRA,"Zevra Therapeutics Inc","Medical - Drugs",Medical,529914000,0,4.44,-37.67%,-112.41%,0.52,N/A,555624000,-48520000.,-54020000.,56135000,-105510000.,1.87,2.40%,35.03%,N/L,N/L,N/L,N/L,N/L,2025-08-12
ZWS,"Zurn Elkay Water Solutions Corp","Waste Removal Svcs","Business Services",7735921000,31.96,4.76,9.02%,15.23%,0.32,24.15,8033521000,407700000,319400000,167553000,160200000,1.03,2.60%,83.33%,N/L,N/L,N/L,N/L,N/L,2025-07-29
ZYME,"Zymeworks Inc","Medical - Biomedical",Medical,1135007000,0,3,-16.52%,-21.59%,0,N/A,1068907000,-71520000.,-82710000.,75166000,-122700000.,1.26,1.92%,92.89%,N/L,N/L,N/L,N/L,N/L,2025-08-07
ZYXI,"Zynex Inc","Medical Products",Medical,50293000,0,36.759998,-16.70%,-78.54%,46.88,6.27,10663000,-15360000.,-20140000.,30297000,2990000,0.91,49.28%,29.68%,N/L,N/L,N/L,N/L,N/L,2016-11-10
