Symbol,Name,Last,"ETF Full Name","Options Vol","Total OI","Wkly Opts","Asset Class",Industry,Sector
ACES,"Alps Clean Energy ETF",27.57,"ALPS Clean Energy ETF",1,48,No,Equity,N/A,N/A
PSK,"SPDR ICE Preferred Securities ETF",32.18,"SPDR ICE Preferred Securities ETF",1,132,No,"Fixed Income",N/A,N/A
FCOM,"Fidelity Telecommunication MSCI ETF",64.4,"Fidelity MSCI Telecommunication Services ETF",1,37,No,Equity,N/A,N/A
XPP,"Ultra FTSE China 50 2X ETF",24.23,"ProShares Ultra FTSE China 50",1,236,No,Equity,N/A,N/A
IDRV,"Ishares Self-Driving Ev and Tech ETF",31.95,"iShares Self-Driving EV and Tech ETF",1,77,No,Equity,N/A,N/A
XMMO,"Invesco S&P Midcap Momentum ETF",129.5,"Invesco S&P MidCap Momentum ETF",1,335,No,Equity,N/A,N/A
FLMX,"Mexico Franklin FTSE ETF",29.52,"Franklin FTSE Mexico ETF",1,7,No,Equity,N/A,N/A
VCR,"Consumer Disc ETF Vanguard",365.94,"Vanguard Consumer Discretionary ETF",1,1054,No,Equity,N/A,N/A
VIGI,"Intl Div Appreciation ETF Vanguard",89.68,"Vanguard International Dividend Appreciation ETF",1,65,No,Equity,N/A,N/A
EWD,"Sweden Ishares MSCI ETF",46.05,"iShares MSCI Sweden ETF",1,489,No,Equity,"Finance - Investment Funds",Finance
QCML,"Graniteshares 2X Long Qcom Daily ETF",19.94,"GraniteShares 2x Long QCOM Daily ETF",1,65,No,Equity,N/A,N/A
IOO,"Global 100 Ishares ETF",109.4,"iShares Global 100 ETF",1,314,No,Equity,N/A,N/A
IFGL,"Intl Developed Real Estate Ishares ETF",22.52,"iShares International Developed Real Estate ETF",1,0,No,Equity,N/A,N/A
XMHQ,"Invesco S&P Midcap Quality ETF",100.52,"Invesco S&P MidCap Quality ETF",1,207,No,"Portfolio-Multi Asset",N/A,N/A
SATO,"Invesco Alerian Galaxy Crypto Economy ETF",20.91,"Invesco Alerian Galaxy Crypto Economy ETF",1,48,No,Equity,N/A,N/A
AIA,"Asia 50 Ishares ETF",80.51,"iShares Asia 50 ETF",1,6,No,Equity,N/A,N/A
EEV,"Ultrashort MSCI Emerging Markets -2X ETF",12.46,"ProShares UltraShort MSCI Emerging Markets",1,5,No,Equity,N/A,N/A
MDYG,"S&P Midcap Growth ETF SPDR",88.58,"SPDR S&P 400 Mid Cap Growth ETF",1,24,No,Equity,N/A,N/A
COWS,"Amplify Cash Flow Dividend Leaders ETF",30.48,"Amplify Cash Flow Dividend Leaders ETF",1,1,No,Equity,N/A,N/A
VV,"Largecap ETF Vanguard",287.9,"Vanguard Large-Cap ETF",1,449,No,Equity,N/A,N/A
UYM,"Ultra Basic Materials 2X ETF",25.85,"ProShares Ultra Basic Materials",1,49,No,Equity,N/A,N/A
AMZP,"Kurv Yield Premium Amazon [Amzn] ETF",29.03,"Kurv Yield Premium Strategy Amazon (AMZN) ETF",1,18,No,Equity,N/A,N/A
UTWO,"US Treasury 2 Year Note ETF",48.29,"US Treasury 2 Year Note ETF",1,70,No,"Fixed Income",N/A,N/A
KBA,"KS Bosera MSCI China A ETF",24.7,"KraneShares Bosera MSCI China A ETF",1,547,No,"Portfolio-Multi Asset",N/A,N/A
VFMO,"U.S. Momentum Factor Vanguard ETF",173.51,"Vanguard U.S. Momentum Factor ETF",1,42,No,Equity,N/A,N/A
IEUR,"Europe Ishares Core MSCI ETF",67.09,"iShares Core MSCI Europe ETF",1,125,No,"Portfolio-Multi Asset",N/A,N/A
PNQI,"Nasdaq Internet Invesco ETF",52.13,"Invesco NASDAQ Internet ETF",1,9,No,Equity,N/A,N/A
RAAX,"Vaneck Inflation Allocation ETF",31.81,"VanEck Vectors Real Asset Allocation ETF",1,3,No,"Portfolio-Multi Asset",N/A,N/A
FTC,"Largecap Growth Alphadex Fund FT",151.77,"First Trust Large Cap Growth AlphaDEX Fund",1,134,No,Equity,N/A,N/A
CLDL,"Cloud Computing Bull 2X ETF Direxion",14.85,"Direxion Daily Cloud Computing Bull 2X Shares",1,11,No,Equity,N/A,N/A
VYMI,"Intl High Divd Yield ETF Vanguard",80.9,"Vanguard International High Dividend Yield",1,207,No,Equity,N/A,N/A
YALL,"Tidal God Bless America ETF",42.36,"God Bless America ETF",1,19,No,Equity,N/A,N/A
VRTL,"Graniteshares 2X Long Vrt Daily ETF",38.38,"GraniteShares 2x Long VRT Daily ETF",1,128,No,Equity,N/A,N/A
VTWG,"Russell 2000 Growth Vanguard",213.86,"Vanguard Russell 2000 Growth ETF",1,0,No,Equity,N/A,N/A
FJP,"Japan Alphadex Fund FT",59.24,"First Trust Japan AlphaDEX Fund",1,0,No,Equity,N/A,N/A
PWB,"Dynamic Large Cap Growth Invesco ETF",117.21,"Invesco Dynamic Large Cap Growth ETF",1,0,No,Equity,N/A,N/A
TSPY,"Tappalpha Spy Growth & Daily Income ETF",24.37,"TappAlpha SPY Growth & Daily Income ETF",1,62,No,Equity,N/A,N/A
FDMO,"Fidelity Momentum Factor ETF",76.15,"Fidelity Momentum Factor ETF",1,1,No,Equity,N/A,N/A
RWK,"Midcap Revenue ETF Oppenheimer",121.82,"Oppenheimer Mid Cap Revenue ETF",1,2,No,Equity,N/A,N/A
RSPM,"S&P 500 EW Materials Invesco ETF",34.28,"Invesco S&P 500 Equal Weight Materials ETF",1,9,No,Equity,N/A,N/A
FALN,"US Fallen Angels Ishares ETF",27.01,"iShares U.S. Fallen Angels ETF",1,160,No,Equity,N/A,N/A
KBWP,"KBW Property & Casualty Insurance Invesco ETF",119.05,"Invesco KBW Property & Casualty Insurance ETF",1,47,No,Equity,N/A,N/A
PFXF,"Vaneck Prfd Securities Ex Financials ETF",17.59,"VanEck Vectors Preferred Securities ex Financials ETF",1,188,No,Equity,N/A,N/A
EWQ,"France Ishares MSCI ETF",43.84,"iShares MSCI France ETF",1,301,No,Equity,"Finance - Investment Funds",Finance
EWL,"Switzerland Ishares MSCI ETF",55.28,"iShares MSCI Switzerland ETF",1,253,No,Equity,"Finance - Investment Funds",Finance
MTBA,"Simplify MBS ETF",49.95,"Simplify MBS ETF",1,28,No,"Fixed Income",N/A,N/A
ETQ,"T-Rex 2X Inverse Ether Daily Target ETF",5.38,"T-Rex 2X Inverse Ether Daily Target ETF",1,14,No,Equity,N/A,N/A
MORT,"Vaneck Mortgage REIT Income ETF",10.64,"VanEck Vectors Mortgage REIT Income ETF",1,1339,No,"Portfolio-Multi Asset",N/A,N/A
SLX,"Vaneck Steel ETF",69.98,"VanEck Vectors Steel ETF",1,91,No,Equity,N/A,N/A
HNDL,"Strategy Shares Nasdaq 7Handl ETF",21.62,"Nasdaq 7HANDL Index ETF",1,118,No,"Portfolio-Multi Asset",N/A,N/A
REZ,"Residential and Multisector Real Estate ETF",82.21,"iShares Residential Real Estate Capped ETF",1,155,No,Equity,N/A,N/A
SJNK,"BBG Short Term High Yield Bond SPDR ETF",25.35,"SPDR Bloomberg Short Term High Yield Bond ETF",1,533,No,"Fixed Income",N/A,N/A
VIS,"Industrials ETF Vanguard",285.43,"Vanguard Industrials ETF",1,71,No,Equity,N/A,N/A
SPRX,"Spear Alpha ETF",30.22,"Spear Alpha ETF",1,41,No,Equity,N/A,N/A
FUTY,"Fidelity Utilities MSCI ETF",52.76,"Fidelity MSCI Utilities Index ETF",1,93,No,Equity,N/A,N/A
SPEU,"Stoxx Europe 50 SPDR",49.18,"SPDR Portfolio Europe ETF",1,201,No,Equity,N/A,N/A
IFRA,"US Infrastructure Ishares ETF",50.33,"iShares U.S. Infrastructure ETF",1,23,No,Equity,N/A,N/A
IPAY,"ETFMG Prime Mobile Payments ETF",60.66,"ETFMG Prime Mobile Payments ETF",1,271,No,Equity,N/A,N/A
FTXL,"Nasdaq Semiconductor ETF",98.56,"First Trust Nasdaq Semiconductor ETF",1,23,No,Equity,N/A,N/A
FTXR,"Nasdaq Transportation ETF",32.54,"First Trust Nasdaq Transportation ETF",1,29,No,Equity,N/A,N/A
QQXT,"Nasdaq 100 Ex-Tech Sector Indexsm ETF",99.58,"First Trust NASDAQ-100 Ex-Technology Sector Index Fund",1,99,No,Equity,N/A,N/A
SGDJ,"Alps Sprott Junior Gold",49.92,"Sprott Junior Gold Miners ETF",1,988,No,"Portfolio-Multi Asset",N/A,N/A
XSMO,"Invesco S&P Smallcap Momentum ETF",69.11,"Invesco S&P SmallCap Momentum ETF",1,357,No,"Portfolio-Multi Asset",N/A,N/A
SCHV,"Schwab U.S. Largecap Value ETF",28.01,"Schwab U.S. Large-Cap Value ETF",1,231,No,Equity,N/A,N/A
EFAV,"EAFE Min Vol Ishares Edge MSCI ETF",83.96,"iShares Edge MSCI Min Vol EAFE ETF",1,22,No,Equity,N/A,N/A
DBEF,"Xt MSCI EAFE Hedged Equity ETF",44.33,"Deutsche X-trackers MSCI EAFE Hedged Equity ETF",1,95,No,Equity,N/A,N/A
GVI,"Interm Govt/Credit Bond Ishares ETF",106.15,"iShares Intermediate Government/Credit Bond ETF",1,92,No,"Fixed Income",N/A,N/A
TRFK,"Pacer Data and Digital Revolution ETF",59.96,"Pacer Data and Digital Revolution ETF",1,13,No,Equity,N/A,N/A
IJJ,"S&P Midcap 400 Value Ishares ETF",127.58,"iShares S&P Mid-Cap 400 Value ETF",1,14,No,Equity,"Finance - Investment Funds",Finance
FMAT,"Fidelity Materials MSCI ETF",51.83,"Fidelity MSCI Materials Index ETF",1,41,No,Equity,N/A,N/A
LVHI,"Franklin Intl Low Vol High Div ETF",33.24,"Legg Mason International Low Volatility High Dividend ETF",1,8,No,Equity,N/A,N/A
APLY,"Yieldmax Aapl Option Income Strategy ETF",12.96,"YieldMax AAPL Option Income Strategy ETF",1,296,No,Equity,N/A,N/A
FIVA,"Fidelity International Value Factor ETF",29.69,"Fidelity International Value Factor ETF",1,4,No,Equity,N/A,N/A
XTL,"S&P 500 Telecom Sector SPDR",118.2,"SPDR S&P Telecom ETF",1,7,No,Equity,N/A,N/A
GPIQ,"GS Nasdaq-100 Core Premium Income ETF",49.74,"Goldman Sachs Nasdaq 100 Core Premium Income ETF",1,551,No,Equity,N/A,N/A
SDP,"Ultrashort Utilities -2X ETF",13.86,"ProShares UltraShort Utilites",1,202,No,Equity,N/A,N/A
PKB,"Dynamic Building & Construction Invesco ETF",82.81,"Invesco Dynamic Building & Construction ETF",1,48,No,Equity,N/A,N/A
BCI,"All Commodity Strategy K-1 Free ETF",20.94,"Aberdeen Standard Bloomberg All Commodity Strategy K-1 ETF",1,923,No,Commodity,N/A,N/A
VO,"Midcap ETF Vanguard",283.32,"Vanguard Mid-Cap ETF",1,1173,No,Equity,N/A,N/A
BOND,"Pimco Active Bond TR ETF",91.5,"PIMCO Total Return Active ETF",1,163,No,"Fixed Income",N/A,N/A
KDEF,"Plus Korea Defense Industry Index ETF",40.69,"PLUS Korea Defense Industry Index ETF",1,52,No,Equity,N/A,N/A
WTAI,"Wisdomtree Artificial Intel Innovation Fund",24.83,"WisdomTree Artificial Intelligence and Innovation Fund",1,309,No,Equity,N/A,N/A
AAPW,"Roundhill Aapl Weeklypay ETF",36.82,"Roundhill AAPL WeeklyPay ETF",1,77,No,Equity,N/A,N/A
TYO,"10-Yr Treasury Bear -3X ETF Direxion",13.73,"Direxion Daily 7-10 Year Treasury Bear 3X Shares",1,324,No,"Fixed Income",N/A,N/A
NVOX,"DeFiance Daily Target 2X Long Nvo ETF",6.47,"Defiance Daily Target 2X Long NVO ETF",1,353,No,Equity,N/A,N/A
JPST,"JPM Ultra-Short Income ETF",50.52,"JPMorgan Ultra-Short Income ETF",1,79,No,"Fixed Income",N/A,N/A
SSG,"Ultrashort Semiconductors -2X ETF",12.36,"ProShares UltraShort Semiconductors",1,122,No,Equity,N/A,N/A
GINN,"Goldman Sachs Innovate Equity ETF",68.03,"Goldman Sachs Innovate Equity ETF",1,51,No,Equity,N/A,N/A
COMT,"Commodities Select Strategy Ishares ETF",26.4,"iShares Commodities Select Strategy ETF",1,821,No,"Portfolio-Multi Asset",N/A,N/A
BAI,"Ishares A.I. Innovation and Tech Active ETF",29.22,"iShares A.I. Innovation and Tech Active ETF",1,409,No,Equity,N/A,N/A
VLU,"S&P 1500 Value Tilt ETF SPDR",195.05,"SPDR S&P 1500 Value Tilt ETF",1,0,No,Equity,N/A,N/A
ILIT,"Ishares Lithium Miners and Producers ETF",8.32,"iShares Lithium Miners and Producers ETF",1,130,No,Equity,N/A,N/A
GLIN,"Vaneck India Growth Leaders ETF",47.61,"VanEck Vectors India Small-Cap Index ETF",1,35,No,Equity,N/A,N/A
KBWR,"KBW Regional Banking Invesco ETF",61.4,"Invesco KBW Regional Banking ETF",1,12,No,"Portfolio-Multi Asset",N/A,N/A
IYC,"US Consumer Services Ishares ETF",100.16,"iShares U.S. Consumer Services ETF",1,68,No,Equity,N/A,N/A
DES,"Wisdomtree U.S. Smallcap Dividend Fund",32.97,"WisdomTree SmallCap Dividend Fund",1,53,No,Equity,N/A,N/A
TTT,"Ultrapro Short 20 Year Treasury -3X ETF",75.37,"ProShares UltraPro Short 20 Plus Year Treasury",1,1017,No,"Fixed Income",N/A,N/A
ULE,"Ultra Euro 2X ETF",13.25,"ProShares Ultra Euro",1,1573,No,Currency,N/A,N/A
XPH,"S&P Pharmaceuticals SPDR",42.37,"SPDR S&P Pharmaceuticals ETF",1,727,No,Equity,N/A,N/A
UTHY,"US Treasury 30 Year Bond ETF",41.16,"US Treasury 30 Year Note ETF",1,2201,No,"Fixed Income",N/A,N/A
VDC,"Consumer Staples ETF Vanguard",218.66,"Vanguard Consumer Staples ETF",1,190,No,Equity,N/A,N/A
MLPA,"GX MLP ETF",50.18,"Global X MLP ETF",1,137,No,Equity,N/A,N/A
BWET,"Breakwave Tanker Shipping ETF",11.24,"Breakwave Tanker Shipping ETF",1,242,No,Commodity,N/A,N/A
KNGZ,"FT S&P 500 Diversified Dividend Aristocrats ETF",34.38,"First Trust S&P 500 Diversified Dividend Aristocrats ETF",1,41,No,Equity,N/A,N/A
CEPI,"Rex Crypto Equity Premium Income ETF",40.71,"REX Crypto Equity Premium Income ETF",1,40,No,Equity,N/A,N/A
PRN,"DWA Industrials Momentum Invesco ETF",156.96,"Invesco DWA Industrials Momentum ETF",1,8,No,Equity,N/A,N/A
ROM,"Ultra Technology 2X ETF",78.7,"ProShares Ultra Technology",1,507,No,Equity,N/A,N/A
FXP,"Ultrashort FTSE China 50 -2X ETF",10.8,"ProShares UltraShort FTSE China 50",1,316,No,Equity,N/A,N/A
INTW,"Graniteshares 2X Long Intc Daily ETF",21.35,"GraniteShares 2x Long INTC Daily ETF",1,187,No,Equity,N/A,N/A
ISPY,"Proshares S&P 500 High Income ETF",42.64,"Proshares S&P 500 High Income ETF",1,169,No,Alternative,N/A,N/A
SHYG,"0-5 Year High Yield Corp Bond Ishares ETF",42.87,"iShares 0-5 Year High Yield Corporate Bond ETF",1,63,No,"Portfolio-Multi Asset",N/A,N/A
DIVB,"US Dividend and Buyback Ishares ETF",51.03,"iShares U.S. Dividend and Buyback ETF",1,8,No,Equity,N/A,N/A
IWX,"Russell Top 200 Value Ishares ETF",84.62,"iShares Russell Top 200 Value ETF",1,24,No,Equity,N/A,N/A
STCE,"Schwab Crypto Thematic ETF",55.04,"Schwab Crypto Thematic ETF",1,135,No,Equity,N/A,N/A
BNDX,"Total Intl Bond ETF Vanguard",49.28,"Vanguard Total International Bond ETF",1,451,No,"Fixed Income",N/A,N/A
FXA,"Australian Dollar Trust Currencyshares",64.8,"Invesco CurrencyShares Australian Dollar Trust",1,1279,No,Currency,N/A,N/A
DEM,"Wisdomtree EM High Div Fund",45.65,"WisdomTree Emerging Markets High Dividend Fund",1,314,No,Equity,"Finance - Investment Funds",Finance
SPGP,"Invesco S&P 500 Garp ETF",108.79,"Invesco S&P 500 GARP ETF",1,75,No,"Portfolio-Multi Asset",N/A,N/A
DVYE,"Emrg Mkts Dividend Ishares ETF",28.77,"iShares Emerging Markets Dividend ETF",1,205,No,Equity,N/A,N/A
PHO,"Water Resources Invesco ETF",71.34,"Invesco Water Resources ETF",1,407,No,Equity,N/A,N/A
BNDW,"Total World Bond Vanguard ETF",68.94,"Vanguard Total World Bond ETF",1,3,No,"Fixed Income",N/A,N/A
HDV,"High Dividend Ishares Core ETF",119.43,"iShares Core High Dividend ETF",1,9353,No,"Portfolio-Multi Asset",N/A,N/A
RXD,"Ultrashort Health Care -2X ETF",12.01,"ProShares UltraShort Health Care",1,105,No,Equity,N/A,N/A
INTF,"Intl Multifactor Ishares Edge MSCI ETF",34.38,"iShares Edge MSCI Multifactor Intl ETF",1,16,No,Equity,N/A,N/A
PDBA,"Invesco Agriculture Commodity K-1 ETF",34.4,"Invesco Agriculture Commodity Strategy No K-1 ETF",1,3,No,Commodity,N/A,N/A
SPMD,"SPDR Mid Cap Portfolio ETF",55.82,"SPDR Portfolio Mid Cap ETF",1,269,No,Equity,N/A,N/A
BTGD,"Stkd Bitcoin & Gold ETF",37.36,"STKD Bitcoin & Gold ETF",1,155,No,"Portfolio-Multi Asset",N/A,N/A
MAGX,"Roundhill Daily 2X Long Magnificent Seven ETF",42.54,"Roundhill Daily 2X Long Magnificent Seven ETF",1,429,No,Equity,N/A,N/A
PXI,"DWA Energy Momentum Invesco ETF",43.26,"Invesco DWA Energy Momentum ETF",1,10,No,Equity,N/A,N/A
DISO,"Yieldmax Dis Option Income Strategy ETF",14.13,"YieldMax DIS Option Income Strategy ETF",1,19,No,Equity,N/A,N/A
IWC,"Micro-Cap Ishares ETF",133.54,"iShares Micro-Cap ETF",1,308,No,Equity,N/A,N/A
STPZ,"1-5 Year US TIPS Index Pimoc ETF",53.65,"PIMCO 1-5 Year U.S. TIPS Index ETF",1,3,No,"Fixed Income","Finance - Investment Funds",Finance
RXL,"Ultra Health Care 2X ETF",40.96,"ProShares Ultra Health Care",1,66,No,Equity,N/A,N/A
PBD,"Global Clean Energy Invesco ETF",13.26,"Invesco Global Clean Energy ETF",1,64,No,Equity,N/A,N/A
EBND,"BBG Emerging Markets Local Bond SPDR ETF",21.28,"SPDR Bloomberg Emerging Markets Local Bond ETF",1,33,No,"Fixed Income",N/A,N/A
DIV,"GX Super Dividend ETF",17.8,"Global X SuperDividend U.S. ETF",1,320,No,Equity,N/A,N/A
CALF,"Pacer US Small Cap Cash Cows 100 ETF",41.31,"Pacer US Small Cap Cash Cows 100 ETF",1,737,No,"Fixed Income",N/A,N/A
PEZ,"DWA Consumer Cyclicals Momentum Invesco ETF",99.74,"Invesco DWA Consumer Cyclicals Momentum ETF",1,22,No,Equity,N/A,N/A
QQQT,"DeFiance Nasdaq 100 Income Target ETF",17.96,"Defiance Nasdaq 100 Income Target ETF",1,168,No,Equity,N/A,N/A
SRVR,"Pacer Benchmark & Infrastructure Real Estate ETF",32.1,"Pacer Benchmark Data & Infrastructure Real Estate SCTR ETF",1,55,No,Alternative,N/A,N/A
VOE,"Midcap Value ETF Vanguard",166.93,"Vanguard Mid-Cap Value ETF",1,557,No,Equity,N/A,N/A
FNCL,"Fidelity Financials MSCI ETF",74.35,"Fidelity MSCI Financials Index ETF",1,212,No,Equity,N/A,N/A
VGIT,"Interm Govt Bond Vanguard",59.32,"Vanguard Intermediate-Term Government Bond ETF",1,583,No,"Fixed Income",N/A,N/A
SIXG,"DeFiance Next Gen Connectivity ETF",53.38,"Defiance Connective Technologies ETF",1,34,No,Equity,N/A,N/A
XSHD,"S&P Smallcap High Dividend Low Vol Invesco ETF",13.76,"Invesco S&P SmallCap High Dividend Low Volatility ETF",1,180,No,Equity,N/A,N/A
BIB,"Ultra Nasdaq Biotechnology 2X ETF",50.23,"ProShares Ultra Nasdaq Biotechnology",1,176,No,Equity,N/A,N/A
IWS,"Russell Midcap Value Ishares ETF",134.84,"iShares Russell Mid-Cap Value ETF",1,192,No,Equity,"Finance - Investment Funds",Finance
GRPM,"Invesco S&P Midcap 400 Garp ETF",113.55,"Invesco S&P MidCap 400 GARP ETF",1,22,No,"Portfolio-Multi Asset",N/A,N/A
YLD,"Principal Edge Active Income ETF",19.2,"Principal EDGE Active Income ETF",1,0,No,"Fixed Income",N/A,N/A
BFOR,"Barron's 400 ETF",78.57,"Barron's 400 ETF",1,173,No,"Portfolio-Multi Asset",N/A,N/A
SKRE,"Tuttle Capital Daily 2X Inverse Regional Banks E",10.49,"Tuttle Capital Daily 2X Inverse Regional Banks ETF",1,98,No,Equity,N/A,N/A
QAI,"Nyli Hedge Multi-Strategy Tracker ETF",32.52,"NYLI Hedge Multi-Strategy Tracker ETF",1,98,No,"Portfolio-Multi Asset",N/A,N/A
MISL,"FT Indxx Aerospace & Defence ETF",37.51,"First Trust Indxx Aerospace & Defense ETF",1,165,No,Equity,N/A,N/A
VEGN,"US Vegan Climate Index",56.32,"US Vegan Climate ETF",1,1,No,Equity,N/A,N/A
IYE,"US Energy Ishares ETF",46.76,"iShares U.S. Energy ETF",1,173,No,Equity,"Finance - Investment Funds",Finance
AOR,"Growth Allocation Ishares Core ETF",61.5,"iShares Core Growth Allocation ETF",1,22,No,"Portfolio-Multi Asset",N/A,N/A
CRBN,"ACWI Low Carbon Target Ishares MSCI ETF",213,"iShares MSCI ACWI Low Carbon Target ETF",1,3,No,"Portfolio-Multi Asset",N/A,N/A
IVOL,"Quadratic Interest Rate Vol and Infl ETF",19.35,"Quadratic Interest Rate Volatility and Inflation Hedge ETF",1,752,No,"Fixed Income",N/A,N/A
PULS,"PGIM Ultra Short Bond ETF",49.62,"PGIM Ultra Short Bond ETF",1,0,No,"Fixed Income",N/A,N/A
RSPR,"S&P 500 EW Real Estate Invesco ETF",35.15,"Invesco S&P 500 Equal Weight Real Estate ETF",1,14,No,"Portfolio-Multi Asset",N/A,N/A
WOOD,"Global Timber & Forestry Ishares ETF",74.78,"iShares Global Timber & Forestry ETF",1,205,No,Equity,N/A,N/A
SPDN,"S&P 500 Bear -1X ETF Direxion",10.21,"Direxion Daily S&P 500 Bear 1X Shares",1,6050,No,Equity,N/A,N/A
GOP,"Unusual Whales Republican Trades ETF",34.02,"Unusual Whales Subversive Republican Trading ETF",1,34,No,Equity,N/A,N/A
ANGL,"Vaneck Fallen Angel High Yield Bond ETF",29.06,"VanEck Vectors Fallen Angel High Yield Bond ETF",1,455,No,"Fixed Income",N/A,N/A
AQWA,"GX Clean Water ETF",19.18,"Global X Clean Water ETF",1,5,No,Equity,N/A,N/A
SMMD,"Russell 2500 Ishares ETF",69.8,"iShares Russell 2500 ETF",1,60,No,Equity,N/A,N/A
WEED,"Roundhill Cannabis ETF",11.26,"Roundhill Cannabis ETF",1,157,No,Equity,N/A,N/A
IUSB,"USD Bond Market Total Ishares Core ETF",45.91,"iShares Core Total USD Bond Market ETF",1,106,No,"Portfolio-Multi Asset",N/A,N/A
MLN,"Vaneck Vaneck Corp Long Muni ETF",16.81,"VanEck Vectors AMT-Free Long Municipal Index ETF",1,244,No,"Fixed Income",N/A,N/A
MAGA,"Point Bridge Gop Stock Tracker ETF",51.2,"Point Bridge GOP Stock Tracker ETF",1,27,No,Equity,N/A,N/A
PICK,"Ishares Global Select Metals & Mining Fund",38.57,"iShares MSCI Global Metals & Mining Producers ETF",1,1615,No,Equity,N/A,N/A
IXP,"Global Telecom Ishares ETF",111.04,"iShares Global Telecom ETF",1,14,No,Equity,N/A,N/A
BBC,"Virtus Lifesci Biotech Clinical Trials ETF",21.59,"Virtus LifeSci Biotech Clinical Trials ETF",1,319,No,"Portfolio-Multi Asset",N/A,N/A
EWZS,"Brazil Smallcap Ishares MSCI ETF",12.91,"iShares MSCI Brazil Small-Cap ETF",1,1924,No,Equity,N/A,N/A
NFLP,"Kurv Yield Premium Netflix [Nflx] ETF",40.84,"Kurv Yield Premium Strategy Netflix (NFLX) ETF",1,6,No,Equity,N/A,N/A
SHV,"Short Treasury Bond Ishares ETF",110.16,"iShares Short Treasury Bond ETF",1,40,No,"Fixed Income","Finance - Investment Funds",Finance
SMB,"Vaneck Short Muni ETF",17.26,"VanEck Vectors AMT-Free Short Municipal Index ETF",1,0,No,"Fixed Income",N/A,N/A
PZA,"National Amt-Free Municipal Bond Invesco ETF",22.36,"Invesco National AMT-Free Municipal Bond ETF",1,249,No,"Fixed Income",N/A,N/A
DFUS,"Dimensional U.S. Equity ETF",67.78,"Dimensional U.S. Equity ETF",1,59,No,Equity,N/A,N/A
BAB,"Taxable Municipal Bond Invesco ETF",26.47,"Invesco Taxable Municipal Bond ETF",1,819,No,"Fixed Income",N/A,N/A
AAPY,"Kurv Yield Premium Apple [Aapl] ETF",22.05,"Kurv Yield Premium Strategy Apple (AAPL) ETF",1,4,No,Equity,N/A,N/A
TPOR,"Transportation Bull 3X ETF Direxion",28,"Direxion Daily Transportation Bull 3X Shares",1,248,No,Equity,N/A,N/A
WCBR,"Wisdomtree Cybersecurity Fund",32.4,"WisdomTree Cybersecurity Fund",1,47,No,Equity,N/A,N/A
RSPT,"S&P 500 EW Technology Invesco ETF",41.57,"Invesco S&P 500 Equal Weight Technology ETF",1,170,No,Equity,N/A,N/A
GMF,"S&P Emerging Asia Pacific SPDR",126.81,"SPDR S&P Emerging Asia Pacific ETF",1,0,No,Equity,"Finance - Investment Funds",Finance
YYY,"Yieldshares High Income ETF",11.8,"Amplify High Income ETF",1,380,No,"Portfolio-Multi Asset",N/A,N/A
DFJ,"Wisdomtree Japan Smallcap Fund",85.77,"WisdomTree Japan SmallCap Dividend Fund",1,6,No,Equity,N/A,N/A
IHE,"US Pharmaceuticals Ishares ETF",67.26,"iShares U.S. Pharmaceuticals ETF",1,185,No,Equity,N/A,N/A
INQQ,"India Internet & Ecommerce ETF",16.59,"India Internet & Ecommerce Index",1,151,No,Equity,N/A,N/A
VAW,"Materials ETF Vanguard",202.35,"Vanguard Materials ETF",1,44,No,Equity,N/A,N/A
TOTL,"SPDR Doubleline Total Return Tactical ETF",39.8,"SPDR DoubleLine Total Return Tactical ETF",1,31,No,"Portfolio-Multi Asset",N/A,N/A
BIV,"Interm Term Bond ETF Vanguard",76.72,"Vanguard Intermediate-Term Bond Fund",1,244,No,"Fixed Income",N/A,N/A
QCLN,"Nasdaq Green Energy Index ETF",34.53,"First Trust NASDAQ Clean Edge Green Energy Index Fund",1,108,No,Equity,N/A,N/A
IXJ,"Global Healthcare Ishares ETF",86.54,"iShares Global Healthcare ETF",1,57,No,Equity,N/A,N/A
UYG,"Ultra Financials 2X ETF",95.22,"ProShares Ultra Financials",1,611,No,Equity,N/A,N/A
MILN,"GX Millennial Consumer ETF",49.05,"Global X Millennials Thematic ETF",1,10,No,Equity,N/A,N/A
AWAY,"ETFMG Travel Tech ETF",22.35,"ETFMG Travel Tech ETF",1,174,No,Equity,N/A,N/A
NERD,"Roundhill Video Games ETF",25.82,"Roundhill BITKRAFT Esports & Digital Entertainment ETF",1,85,No,Equity,N/A,N/A
RWJ,"Smallcap Revenue ETF Oppenheimer",45.28,"Oppenheimer Small Cap Revenue ETF",1,33,No,Equity,N/A,N/A
USXF,"Ishares ESG Advanced MSCI USA ETF",54.64,"iShares ESG Advanced MSCI USA ETF",1,0,No,Equity,N/A,N/A
SPCX,"The Spac and New Issue ETF",25.1,"SPAC and New Issue ETF",1,87,No,Equity,N/A,N/A
SGDM,"Sprott Gold Miners ETF",44.73,"Sprott Gold Miners ETF",1,843,No,"Portfolio-Multi Asset",N/A,N/A
IDNA,"Genomics Immunology and Healthcare ETF",21.52,"iShares Genomics Immunology and Healthcare ETF",1,9,No,Equity,N/A,N/A
GBIL,"GS Treasuryaccess 0-1 Year ETF",99.9,"Goldman Sachs TreasuryAccess 0-1 Year ETF",1,14,No,"Fixed Income",N/A,N/A
SCJ,"Japan Smallcap Ishares MSCI ETF",84.42,"iShares MSCI Japan Small-Cap ETF",1,22,No,Equity,N/A,N/A
USRT,"US REIT Ishares Core ETF",56.44,"iShares Core U.S. REIT ETF",1,53,No,Equity,N/A,N/A
CGW,"S&P Global Water Index Invesco ETF",62.56,"Invesco S&P Global Water Index ETF",1,19,No,Equity,N/A,N/A
TSLP,"Kurv Yield Premium Tesla [Tsla] ETF",18.71,"Kurv Yield Premium Strategy Tesla (TSLA) ETF",1,52,No,Equity,N/A,N/A
IEZ,"US Oil Equipment & Services Ishares ETF",18.04,"iShares U.S. Oil Equipment & Services ETF",1,777,No,Equity,N/A,N/A
IGF,"Global Infrastructure Ishares ETF",58.51,"iShares Global Infrastructure ETF",1,26,No,Equity,N/A,N/A
LCTD,"Blackrock World Ex U.S. Carbon Transition ETF",51.02,"BlackRock World ex U.S. Carbon Transition Readiness ETF",2,34,No,Equity,N/A,N/A
PTF,"DWA Technology Momentum Invesco ETF",68.21,"Invesco DWA Technology Momentum ETF",2,3413,No,Equity,N/A,N/A
INDY,"India 50 Ishares ETF",54.34,"iShares India 50 ETF",2,156,No,Equity,N/A,N/A
QRMI,"GX Nasdaq 100 Risk Managed Income ETF",16.04,"Global X Nasdaq 100 Risk Managed Income ETF",2,0,No,Equity,N/A,N/A
CGDV,"Capital Dividend Value ETF",40.42,"Capital Group Dividend Value ETF",2,94,No,Equity,N/A,N/A
SBIO,"Alps Medical Breakthroughs ETF",32.44,"ALPS Medical Breakthroughs ETF",2,73,No,"Portfolio-Multi Asset",N/A,N/A
SCHF,"Schwab Intl Equity ETF",22.22,"Schwab International Equity ETF",2,755,No,Equity,N/A,N/A
IVOO,"S&P Midcap 400 ETF Vanguard",107.72,"Vanguard S&P Mid-Cap 400 ETF",2,32,No,Equity,N/A,N/A
EPOL,"Poland Ishares MSCI ETF",32.72,"iShares MSCI Poland ETF",2,359,No,Equity,N/A,N/A
IUSV,"S&P US Value Ishares Core ETF",95.92,"iShares Core S&P U.S. Value ETF",2,54,No,Equity,N/A,N/A
BZQ,"Ultrashort MSCI Brazil Capped -2X ETF",11.04,"ProShares UltraShort MSCI Brazil Capped",2,216,No,Equity,N/A,N/A
EAGG,"Ishares ESG U.S. Aggregate Bond ETF",47.21,"iShares ESG U.S. Aggregate Bond ETF",2,177,No,"Fixed Income",N/A,N/A
IPO,"Renaissance IPO ETF",44.85,"Renaissance IPO ETF",2,891,No,"Portfolio-Multi Asset",N/A,N/A
BUZZ,"Vaneck Social Sentiment ETF",30.87,"VanEck Vectors Social Sentiment ETF",2,565,No,Equity,N/A,N/A
AVDE,"Avantis International Equity ETF",74.56,"Avantis International Equity ETF",2,42,No,Equity,N/A,N/A
HYS,"0-5 Year High Yield Corp Bond Pimco ETF",94.51,"PIMCO 0-5 Year US High Yield Corporate Bond Index ETF",2,92,No,"Fixed Income",N/A,N/A
QQQH,"Nationwide Risk-Managed Income ETF",52.74,"NEOS Nasdaq-100 Hedged Equity Income ETF",2,15,No,"Fixed Income",N/A,N/A
MBB,"MBS Ishares ETF",93.29,"iShares MBS ETF",2,2352,No,"Fixed Income","Finance - Investment Funds",Finance
IGPT,"Invesco Ai and Next Gen Software ETF",49.29,"Invesco AI and Next Gen Software ETF",2,63,No,Equity,N/A,N/A
IGLD,"FT Gold Strategy Target Income ETF",21.68,"FT Cboe Vest Gold Strategy Target Income ETF",2,20,No,Commodity,"Internet - Services","Computers and Technology"
ASEA,"GX FTSE Southeast Asia ETF",16.3,"Global X FTSE Southeast Asia ETF",2,151,No,Equity,N/A,N/A
IAK,"US Insurance Ishares ETF",129.75,"iShares U.S. Insurance ETF",2,55,No,Equity,N/A,N/A
USAI,"American Energy Independence ETF",39.59,"American Energy Independence ETF",2,14,No,Equity,N/A,N/A
BSV,"Short-Term Bond ETF Vanguard",78.27,"Vanguard Short-Term Bond ETF",2,144,No,"Fixed Income",N/A,N/A
LMBO,"Crypto Industry Bull 2X ETF Direxion",26.49,"Direxion Daily Crypto Industry Bull 2X Shares",2,331,No,Equity,N/A,N/A
SPYX,"S&P 500 Ex-Fossil Fuel ETF SPDR",51.27,"SPDR S&P 500 Fossil Fuel Reserves Free ETF",2,161,No,"Portfolio-Multi Asset",N/A,N/A
IDGT,"U.S. Digital Infrastructure and Real Estate ETF",82.63,"iShares North American Tech-Multimedia Networking ETF",2,32,No,Equity,N/A,N/A
IDEV,"Intl Devd Markets Ishares Core MSCI ETF",76.4,"iShares Core MSCI International Developed Markets ETF",2,28,No,Equity,N/A,N/A
ICVT,"Convertible Bond Ishares ETF",90.59,"iShares Convertible Bond ETF",2,104,No,"Fixed Income",N/A,N/A
SCC,"Ultrashort Consumer Services -2X ETF",17.47,"ProShares UltraShort Consumer Services",2,199,No,Equity,N/A,N/A
ARMU,"T-Rex 2X Long Arm Daily Target ETF",30.74,"T-REX 2X Long ARM Daily Target ETF",2,221,No,Equity,N/A,N/A
IBLC,"Ishares Blockchain and Tech ETF",41.46,"iShares Blockchain and Tech ETF",2,8,No,Equity,N/A,N/A
RPG,"S&P 500 Pure Growth Invesco ETF",46.27,"Invesco S&P 500 Pure Growth ETF",2,182,No,Equity,N/A,N/A
SNPE,"Xt S&P 500 ESG ETF",55.89,"Xtrackers S&P 500 ESG ETF",2,32,No,Equity,N/A,N/A
HYMB,"S&P High Yield Muni Bond SPDR",24.6,"SPDR Nuveen S&P High Yield Municipal Bond ETF",2,515,No,"Fixed Income",N/A,N/A
DON,"Wisdomtree U.S. Midcap Dividend Fund",51.44,"WisdomTree MidCap Dividend Fund",2,25,No,Equity,N/A,N/A
HYGH,"Int Rate Hedged High Yield Bond Ishares ETF",86.22,"iShares Interest Rate Hedged High Yield Bond ETF",2,60,No,"Portfolio-Multi Asset",N/A,N/A
HOMZ,"Hoya Capital Housing ETF",45,"Hoya Capital Housing ETF",2,10,No,Equity,N/A,N/A
PKW,"Buyback Achievers Invesco ETF",125.72,"Invesco BuyBack Achievers ETF",2,61,No,Equity,N/A,N/A
REET,"Global REIT Ishares ETF",24.68,"iShares Global REIT ETF",2,240,No,"Portfolio-Multi Asset",N/A,N/A
XNTK,"SPDR NYSE Technology ETF",237.89,"SPDR NYSE Technology ETF",2,48,No,Equity,N/A,N/A
OGIG,"O's Global Internet Giants ETF",53.78,"O'Shares Global Internet Giants ETF",2,23,No,Equity,N/A,N/A
HDEF,"Xt MSCI EAFE High Dividend Yield Equity ETF",29.14,"Deutsche X-trackers MSCI EAFE High Dividend Yield Hedged Equity ETF",2,35,No,Equity,N/A,N/A
SLYG,"S&P Smallcap Growth ETF SPDR",90.7,"SPDR S&P 600 Small Cap Growth ETF",2,180,No,Equity,N/A,N/A
DIPS,"Yieldmax Short Nvda Option Income Strategy ETF",7.32,"YieldMax Short NVDA Option Income Strategy ETF",2,274,No,Equity,N/A,N/A
GRID,"Nasdaq Smart Grid Infrastructure ETF",139.41,"First Trust NASDAQ Clean Edge Smart Grid Infrastructure Index Fund",2,156,No,Equity,N/A,N/A
SPHQ,"S&P 500 Quality Invesco ETF",71.8,"Invesco S&P 500 Quality ETF",2,292,No,Equity,N/A,N/A
GPIX,"GS S&P 500 Core Premium Income ETF",49.89,"Goldman Sachs S&P 500 Core Premium Income ETF",2,163,No,Equity,N/A,N/A
GOVZ,"Ishares 25 Year Treasury Strips Bond ETF",9.36,"iShares 25 plus Year Treasury STRIPS Bond ETF",2,1124,No,"Fixed Income",N/A,N/A
NETL,"Netlease Corporate Real Estate ETF",24.32,"NETLease Corporate Real Estate ETF",2,66,No,Alternative,N/A,N/A
BABO,"Yieldmax Baba Option Income Strategy",14.13,"YieldMax BABA Option Income Strategy ETF",2,243,No,Equity,N/A,N/A
RIET,"Hoya Capital High Dividend Yield ETF",9.65,"Hoya Capital High Dividend Yield ETF",2,63,No,Alternative,N/A,N/A
GNOM,"GX Genomics & Biotechnology ETF",9.03,"Global X Genomics & Biotechnology ETF",2,341,No,Equity,N/A,N/A
PRNT,"3D Printing ETF",22.4,"The 3D Printing ETF",2,150,No,Equity,N/A,N/A
SEA,"U.S. Global Sea To Sky Cargo ETF",14.29,"U.S. Global Sea to Sky Cargo ETF",2,165,No,Equity,N/A,N/A
GGLS,"Googl Bear -1X ETF Direxion",12.36,"Direxion Daily GOOGL Bear 1X Shares",2,154,No,Equity,N/A,N/A
SDVY,"FT Smid Cap Rising Dividend Achievers ETF",36.23,"First Trust SMID Cap Rising Dividend Achievers ETF",2,20,No,Equity,N/A,N/A
KRBN,"Kfa Global Carbon ETF",29.86,"KFA Global Carbon ETF",2,111,No,Equity,N/A,N/A
SCHR,"Schwab Int-Term U.S. Treasury ETF",24.82,"Schwab Intermediate-Term U.S. Treasury ETF",2,86,No,"Fixed Income",N/A,N/A
GAMR,"ETFMG Video Game Tech ETF",83.57,"Wedbush ETFMG Video Game Tech ETF",2,24,No,Equity,N/A,N/A
FXZ,"Materials Alphadex ETF FT",60.01,"First Trust Materials AlphaDEX Fund",2,11,No,Equity,N/A,N/A
JOET,"Virtus Terranova U.S. Quality Momentum ETF",41.07,"Virtus Terranova U.S. Quality Momentum ETF",2,20,No,Equity,N/A,N/A
SPHY,"SPDR Portfolio High Yield Bond ETF",23.64,"SPDR Portfolio High Yield Bond ETF",2,1458,No,"Fixed Income",N/A,N/A
LTL,"Ultra Telecommunications 2X ETF",96.7,"ProShares Ultra Telecommunications",2,14,No,Equity,N/A,N/A
SLYV,"S&P Smallcap Value ETF SPDR",83.27,"SPDR S&P 600 Small Cap Value ETF",2,27,No,Equity,N/A,N/A
AVUS,"Avantis U.S. Equity ETF",102.34,"Avantis U.S. Equity ETF",2,15,No,Equity,N/A,N/A
WEBS,"Dow Jones Internet Bear -3X ETF Direxion",20.72,"Daily Dow Jones Internet Bear 3X Shares",2,68,No,Equity,N/A,N/A
SCHM,"Schwab U.S. Mid Cap ETF",28.66,"Schwab U.S. Mid-Cap ETF",2,366,No,Equity,N/A,N/A
FSMD,"Fidelity Small-Mid Factor ETF",42.26,"Fidelity Small-Mid Factor ETF",2,2,No,Equity,N/A,N/A
FPXI,"FT Intl Equity Opportunities ETF",55.86,"First Trust International IPO ETF",2,72,No,"Portfolio-Multi Asset",N/A,N/A
PSP,"Global Listed Private Equity Invesco ETF",70.11,"Invesco Global Listed Private Equity ETF",2,164,No,Equity,"Finance - Investment Funds",Finance
FNY,"Midcap Growth Alphadex Fund FT",83.53,"First Trust Mid Cap Growth AlphaDEX Fund",2,1,No,Equity,N/A,N/A
XYZY,"Yieldmax Sq Option Income Strategy ETF",9.84,"YieldMax XYZ Option Income Strategy ETF",2,191,No,Equity,N/A,N/A
ICSH,"Ultrashort Term Ishares ETF",50.55,"iShares Ultra Short-Term ETF",2,84,No,"Portfolio-Multi Asset",N/A,N/A
FNDE,"Schwab Fundamental Emrg Mkts Large Co. ETF",33.15,"Schwab Fundamental Emerging Markets Large Company Index ETF",2,35,No,"Portfolio-Multi Asset",N/A,N/A
VSS,"FTSE All-World Ex-US Smcp Idx ETF Vanguard",135.16,"Vanguard FTSE All World ex-US Small-Cap ETF",2,17,No,Equity,N/A,N/A
FLQL,"Franklin Liberty U.S. Equity ETF",63.45,"Franklin LibertyQ U.S. Equity ETF",2,34,No,Equity,N/A,N/A
IVOG,"S&P Midcap 400 Growth ETF Vanguard",115.57,"Vanguard S&P Mid-Cap 400 Growth ETF",2,11,No,Equity,N/A,N/A
OZEM,"Roundhill Glp-1 & Weight Loss ETF",25.93,"Roundhill GLP-1 & Weight Loss ETF",2,481,No,Equity,N/A,N/A
PFFD,"GX U.S. Preferred ETF",19.17,"Global X U.S. Preferred ETF",2,1106,No,Equity,N/A,N/A
CHIQ,"GX MSCI China Consumer Discretionary ETF",20.86,"Global X China Consumer ETF",2,364,No,Equity,N/A,N/A
FITE,"SPDR Kensho Future Security ETF",77.63,"SPDR S&P Kensho Future Security ETF",2,21,No,Equity,N/A,N/A
RSPF,"S&P 500 EW Financials Invesco ETF",76.58,"Invesco S&P 500 Equal Weight Financials ETF",2,23,No,Equity,N/A,N/A
SEF,"Short Financials -1X ETF",32.18,"ProShares Short Financials",2,179,No,Equity,N/A,N/A
NUKZ,"Nuclear Renaissance Index ETF",55.55,"Range Nuclear Renaissance Index ETF",2,422,No,Equity,N/A,N/A
ABNY,"Yieldmax Abnb Option Income Strategy ETF",11.81,"YieldMax ABNB Option Income Strategy ETF",2,22,No,Equity,N/A,N/A
VUSB,"Vanguard Ultra-Short Bond ETF",49.71,"Vanguard Ultra-Short Bond ETF",2,2,No,"Fixed Income",N/A,N/A
FGD,"DJ Global Select Dividend ETF FT",28.08,"First Trust Dow Jones Global Select Dividend Index Fund",2,27,No,Equity,N/A,N/A
SCHH,"Schwab U.S. REIT ETF",21.14,"Schwab U.S. REIT ETF",2,1177,No,Equity,N/A,N/A
YQQQ,"Yieldmax Short N100 Option Income Strategy ETF",13.94,"YieldMax Short N100 Option Income Strategy ETF",2,59,No,Equity,N/A,N/A
JAVA,"JPM Active Value ETF",66.31,"JPMorgan Active Value ETF",2,147,No,Equity,N/A,N/A
IYZ,"US Telecommunications Ishares ETF",29.53,"iShares U.S. Telecommunications ETF",2,652,No,Equity,N/A,N/A
IYY,"DJ US Ishares ETF",152.48,"iShares Dow Jones U.S. ETF",2,319,No,Equity,N/A,N/A
PXE,"Ynamic Energy Exploration & Production ETF",29.23,"Invesco Dynamic Energy Exploration & Production ETF",2,72,No,Equity,N/A,N/A
KBWD,"KBW High Dividend Yield Financial Invesco ETF",14.24,"Invesco KBW High Dividend Yield Financial ETF",2,662,No,Equity,N/A,N/A
FBT,"Biotechnology Index NYSE ETF",167.11,"First Trust NYSE Arca Biotechnology Index Fund",2,212,No,Equity,N/A,N/A
FBND,"Fidelity Total Bond ETF",45.62,"Fidelity Total Bond ETF",2,250,No,"Fixed Income",N/A,N/A
IWR,"Russell Midcap Ishares ETF",93.55,"iShares Russell Mid-Cap ETF",2,2971,No,Equity,"Finance - Investment Funds",Finance
AGIX,"Kraneshares Artificial Intelligence & Technology",31.68,"KraneShares Artificial Intelligence & Technology ETF",2,14,No,Equity,N/A,N/A
EZA,"South Africa Ishares MSCI ETF",54,"iShares MSCI South Africa ETF",2,1126,No,Equity,"Finance - Investment Funds",Finance
VFQY,"U.S. Quality Factor Vanguard ETF",146.44,"Vanguard U.S. Quality Factor ETF",2,2,No,Equity,N/A,N/A
QTOP,"Ishares Nasdaq Top 30 Stocks ETF",28.4,"iShares Nasdaq Top 30 Stocks ETF",2,433,No,Equity,N/A,N/A
RWR,"DJ REIT ETF SPDR",96.35,"SPDR Dow Jones REIT ETF",2,249,No,Equity,N/A,N/A
EWM,"Malaysia Ishares MSCI ETF",23.98,"iShares MSCI Malaysia ETF",2,1146,No,Equity,"Finance - Investment Funds",Finance
XSW,"S&P Software & Services ETF SPDR",195.53,"SPDR S&P Software & Services ETF",2,42,No,Equity,N/A,N/A
IZRL,"Ark Israel Innovative Technology ETF",28.26,"ARK Israel Innovative Technology ETF",3,265,No,Equity,N/A,N/A
NVDG,"Leverage Shares 2X Long Nvda Daily ETF",15.97,"Leverage Shares 2X Long NVDA Daily ETF",3,603,No,Equity,N/A,N/A
IYM,"US Basic Materials Ishares ETF",144.41,"iShares U.S. Basic Materials ETF",3,123,No,Equity,N/A,N/A
AETH,"Bitwise Ethereum Strategy ETF",37.87,"Bitwise Ethereum Strategy ETF",3,30,No,Currency,N/A,N/A
IXC,"Global Energy Ishares ETF",40.39,"iShares Global Energy ETF",3,930,No,Equity,N/A,N/A
PSIL,"Advisorshares Psychedelics ETF",15.1,"AdvisorShares Psychedelics ETF",3,96,No,Equity,N/A,N/A
ITEQ,"Bluestar Israel Technology ETF",57.36,"BlueStar TA-BIGITech Israel Technology",3,18,No,Equity,N/A,N/A
URTH,"World Ishares MSCI ETF",170.7,"iShares MSCI World ETF",3,1117,No,"Portfolio-Multi Asset",N/A,N/A
USL,"US 12 Month Oil",36.48,"United States 12 Month Oil Fund",3,261,No,Commodity,N/A,N/A
KARS,"KS Electric Vehicles and Future Mobility ETF",22.32,"KraneShares Electric Vehicles & Future Mobility ETF",3,128,No,Equity,N/A,N/A
ILF,"Latin America 40 Ishares ETF",25.94,"iShares Latin America 40 ETF",3,1441,No,Equity,"Finance - Investment Funds",Finance
XHE,"S&P Healthcare Equipment SPDR",81.65,"SPDR S&P Health Care Equipment ETF",3,7,No,Equity,N/A,N/A
IGOV,"Intl Treasury Bond Ishares ETF",42.67,"iShares International Treasury Bond ETF",3,121,No,"Fixed Income",N/A,N/A
VCSH,"Short-Term Corp Bond Vanguard",79.12,"Vanguard Short-Term Corporate Bond ETF",3,93,No,"Fixed Income",N/A,N/A
SNOU,"T-Rex 2X Long Snow Daily Target ETF",53.58,"T-REX 2X Long SNOW Daily Target ETF",3,34,No,Equity,N/A,N/A
IEFA,"EAFE Ishares Core MSCI ETF",83.86,"iShares Core MSCI EAFE ETF",3,1758,No,"Portfolio-Multi Asset",N/A,N/A
STIP,"0-5 Year TIPS Bond Ishares ETF",102.58,"iShares 0-5 Year TIPS Bond ETF",3,71,No,"Fixed Income",N/A,N/A
IBOT,"Vaneck Robotics ETF",46.74,"Vaneck Robotics ETF",3,9,No,Equity,N/A,N/A
KLIP,"KS China Internet and Covered Call Strategy ETF",31.93,"KraneShares China Internet & Covered Call Strategy ETF",3,283,No,Equity,N/A,N/A
SOCL,"GX Social Media ETF",53.47,"Global X Social Media ETF",3,9,No,Equity,N/A,N/A
UCYB,"Ultra Nasdaq Cybersecurity 2X ETF",63.41,"ProShares Ultra Nasdaq Cybersecurity ETF",3,9,No,Equity,N/A,N/A
MGC,"Vanguard Mega Cap ETF",226.78,"Vanguard Mega Cap ETF",3,32,No,Equity,N/A,N/A
PXJ,"Dynamic Oil & Gas Services Invesco ETF",25.35,"Invesco Dynamic Oil & Gas Services ETF",3,3,No,Equity,N/A,N/A
DJP,"Ipath Commodity Index TR ETN",34.35,"iPath Bloomberg Commodity Index Total Return ETN",3,1475,No,Commodity,N/A,N/A
USMV,"USA Min Vol Ishares Edge MSCI ETF",93.73,"iShares Edge MSCI Min Vol USA ETF",3,2000,No,Equity,N/A,N/A
DJIA,"GX Funds Gx Dow 30 Covered Call ETF",21.68,"Global X Dow 30 Covered Call ETF",3,343,No,Equity,N/A,N/A
RPV,"S&P 500 Pure Value Invesco ETF",94.76,"Invesco S&P 500 Pure Value ETF",3,77,No,Equity,N/A,N/A
DIVO,"Yieldshares Cwp Dividend & Option Income Amplify",42.7,"Amplify CWP Dividend & Option Income ETF",3,699,No,Equity,N/A,N/A
SPTM,"SPDR Total Stock Market Portfolio ETF",75.71,"SPDR Portfolio S&P 1500 Composite Stock Market ETF",3,329,No,Equity,N/A,N/A
GREK,"GX MSCI Greece ETF",61.08,"Global X MSCI Greece ETF",3,1333,No,Equity,N/A,N/A
SCHO,"Schwab Short-Term U.S. Treasury ETF",24.26,"Schwab Short-Term U.S. Treasury ETF",3,2189,No,"Fixed Income",N/A,N/A
PSCT,"S&P Smallcap Information Technology Invesco ETF",47.85,"Invesco S&P SmallCap Information Technology ETF",3,21,No,Equity,N/A,N/A
BIZD,"Vaneck Bdc Income ETF",16.17,"VanEck Vectors BDC Income ETF",3,1675,No,Equity,N/A,N/A
DFIS,"Dimensional Intl Small Cap ETF",30.19,"Dimensional International Small Cap ETF",3,4,No,Equity,N/A,N/A
WEBL,"Dow Jones Internet Bull 3X ETF Direxion",29.98,"Daily Dow Jones Internet Bull 3X Shares",3,736,No,Equity,N/A,N/A
SPVU,"S&P 500 Enhanced Value Invesco ETF",52.51,"Invesco S&P 500 Enhanced Value ETF",3,12,No,"Portfolio-Multi Asset",N/A,N/A
EMQQ,"Emrg Mkts Internet and E-Commerce ETF",41.06,"Emerging Markets Internet and Ecommerce ETF",3,1063,No,Equity,N/A,N/A
MEXX,"MSCI Mexico Bull 3X ETF Direxion",17.03,"Direxion Daily MSCI Mexico Bull 3X Shares",3,889,No,Equity,N/A,N/A
URE,"Ultra Real Estate 2X ETF",62.91,"ProShares Ultra Real Estate",3,359,No,Equity,N/A,N/A
FNDX,"Schwab Fundamental U.S. Large Co. ETF",24.92,"Schwab Fundamental U.S. Large Company Index ETF",3,35,No,"Portfolio-Multi Asset",N/A,N/A
ROBT,"Artificial Intelligence and Robotics ETF FT",49.08,"First Trust Nasdaq Artificial Intelligence and Robotics ETF",3,99,No,Equity,N/A,N/A
FLTR,"Vaneck Investment Grade Floating Rate ETF",25.45,"VanEck Vectors Investment Grade Floating Rate ETF",3,96,No,"Fixed Income",N/A,N/A
VHT,"Healthcare ETF Vanguard",250.28,"Vanguard Health Care ETF",3,702,No,Equity,N/A,N/A
VPL,"Pacific ETF FTSE Vanguard",81.37,"Vanguard FTSE Pacific ETF",3,302,No,Equity,N/A,N/A
QTEC,"Nasdaq 100 Technology Index Fund",216.95,"First Trust NASDAQ-100 Technology Sector Index Fund",3,167,No,Equity,N/A,N/A
CRPT,"FT Skybridge Crypto Industry and Digital Economy",23.85,"First Trust SkyBridge Crypto Industry and Digital Economy ETF",3,395,No,Equity,N/A,N/A
FEPI,"Rex Fang & Innovation Equity Premium Income ETF",45.88,"REX FANG & Innovation Equity Premium Income ETF",3,756,No,Equity,N/A,N/A
BBJP,"JPM Betabuilders Japan ETF",60.44,"JPMorgan BetaBuilders Japan ETF",3,21,No,Equity,N/A,N/A
COWZ,"Pacer US Cash Cows 100 ETF",56.6,"Pacer US Cash Cows 100 ETF",3,658,No,"Fixed Income",N/A,N/A
SPIB,"SPDR Intermediate Term Corporate Bond Portfolio",33.39,"SPDR Portfolio Intermediate Term Corporate Bond ETF",3,30,No,"Fixed Income",N/A,N/A
FAN,"Global Wind Energy ETF FT",18.62,"First Trust Global Wind Energy ETF",3,366,No,Equity,N/A,N/A
MVV,"Ultra Midcap400 2X ETF",66.83,"ProShares Ultra MidCap400",3,14,No,Equity,N/A,N/A
CNBS,"Amplify Seymour Cannabis ETF",17.45,"Amplify Seymour Cannabis ETF",4,681,No,Equity,N/A,N/A
EWI,"Italy Ishares MSCI ETF",49.17,"iShares MSCI Italy ETF",4,2301,No,Equity,"Finance - Investment Funds",Finance
XOMO,"Yieldmax Xom Option Income Strategy ETF",13.01,"YieldMax XOM Option Income Strategy ETF",4,150,No,Equity,N/A,N/A
PST,"Ultrashort Lehman 7-10 Year Treasury -2X ETF",22.94,"ProShares UltraShort 7-10 Year Treasury",4,210,No,"Fixed Income",N/A,N/A
XSD,"S&P Semiconductor SPDR",266.43,"SPDR S&P Semiconductor ETF",4,1160,No,Equity,N/A,N/A
IXUS,"Total Intl Stock Ishares Core MSCI ETF",77.74,"iShares Core MSCI Total International Stock ETF",4,216,No,"Portfolio-Multi Asset",N/A,N/A
THNQ,"Robo Global Artificial Intelligence ETF",55.05,"ROBO Global Artificial Intelligence ETF",4,56,No,Equity,N/A,N/A
ESPO,"Vaneck Video Gaming and Esports ETF",106.3,"VanEck Vectors Video Gaming and eSports ETF",4,74,No,Equity,N/A,N/A
AFK,"Vaneck Africa Index ETF",20.45,"VanEck Vectors Africa Index ETF",4,35,No,Equity,N/A,N/A
AVLV,"Avantis U.S. Large Cap Value ETF",69.37,"Avantis U.S. Large Cap Value ETF",4,8,No,Equity,N/A,N/A
UBOT,"Robotics A.I. & Automation Bull 2X ETF Direxion",21.94,"Daily Robotics, Artificial Intelligence & Automation Index Bull 3X Shares",4,515,No,Equity,N/A,N/A
KCE,"S&P Capital Markets ETF SPDR",149.41,"SPDR S&P Capital Markets ETF",4,41,No,Equity,N/A,N/A
RTH,"Vaneck Retail ETF",240.2,"VanEck Vectors Retail ETF",4,48,No,Equity,"Finance - Investment Funds",Finance
EFV,"EAFE Value Ishares MSCI ETF",64.19,"iShares MSCI EAFE Value ETF",4,13307,No,Equity,N/A,N/A
RING,"Ishares Global Gold Miners ETF",43.53,"iShares MSCI Global Gold Miners ETF",4,271,No,Equity,N/A,N/A
EFG,"EAFE Growth Ishares MSCI ETF",111.98,"iShares MSCI EAFE Growth ETF",4,22,No,Equity,N/A,N/A
IJK,"S&P Midcap 400 Growth Ishares ETF",92.89,"iShares S&P Mid-Cap 400 Growth ETF",4,121,No,Equity,"Finance - Investment Funds",Finance
SDY,"S&P Dividend SPDR",138.62,"SPDR S&P Dividend ETF",4,1392,No,Equity,"Finance - Investment Funds",Finance
IEMG,"Emrg Mkts Ishares Core MSCI ETF",60.04,"iShares Core MSCI Emerging Markets ETF",4,1326,No,"Portfolio-Multi Asset",N/A,N/A
IDVO,"Amplify Intl Enhanced Dividend Income ETF",34.31,"Amplify International Enhanced Dividend Income ETF",4,92,No,Equity,N/A,N/A
DUSL,"Industrials Bull 3X ETF Direxion",71.19,"Direxion Daily Industrials Bull 3X Shares",4,47,No,Equity,N/A,N/A
AAPD,"Aapl Bear -1X ETF Direxion",17.06,"Direxion Daily AAPL Bear 1X Shares",4,656,No,Equity,N/A,N/A
HYDR,"GX Hydrogen ETF",25,"Global X Hydrogen ETF",4,99,No,Equity,N/A,N/A
PRF,"FTSE RAFI US 1000 Invesco ETF",42.82,"Invesco FTSE RAFI US 1500 Small- Mid ETF",4,57,No,Equity,N/A,N/A
USCI,"US Commodity Index",74.33,"United States Commodity Index Fund",4,1077,No,Commodity,N/A,N/A
GOEX,"GX Gold Explorers ETF",45.41,"Global X Gold Explorers ETF",4,86,No,Equity,N/A,N/A
DFIV,"Dimensional International Value ETF",43.51,"Dimensional International Value ETF",4,40,No,Equity,N/A,N/A
DAPP,"Vaneck Digital Transformation ETF",17.71,"VanEck Vectors Digital Transformation ETF",4,547,No,Equity,N/A,N/A
VOX,"Telecom Services ETF Vanguard",170.06,"Vanguard Telecommunication Services ETF",4,220,No,Equity,N/A,N/A
CRAK,"Vaneck Oil Refiners ETF",34.4,"VanEck Vectors Oil Refiners ETF",4,255,No,Equity,N/A,N/A
FDL,"Mstar Dividend Leaders ETF",43.2,"First Trust Morningstar Dividend Leaders Index Fund",4,25,No,Equity,N/A,N/A
LMBS,"Low Duration Opportunities ETF FT",49.25,"First Trust Low Duration Opportunities ETF",4,67,No,"Fixed Income",N/A,N/A
EWN,"Netherlands Ishares MSCI ETF",54.58,"iShares MSCI Netherlands ETF",4,18,No,Equity,N/A,N/A
AAPB,"Graniteshares 2X Long Aapl Daily ETF",21.25,"GraniteShares 2x Long AAPL Daily ETF",4,1017,No,Equity,N/A,N/A
PBW,"Wilderhill Clean Energy Invesco ETF",22.04,"Invesco WilderHill Clean Energy ETF",5,520,No,Equity,N/A,N/A
IYG,"US Financial Services Ishares ETF",86.25,"iShares U.S. Financial Services ETF",5,1194,No,Equity,N/A,N/A
JPMO,"Yieldmax JPM Option Income Strategy ETF",16.8,"YieldMax JPM Option Income Strategy ETF",5,61,No,Equity,N/A,N/A
IWV,"Russell 3000 Ishares ETF",355.18,"iShares Russell 3000 ETF",5,370,No,Equity,N/A,N/A
IWMI,"Neos Russell 2000 High Income ETF",46.65,"NEOS Russell 2000 High Income ETF",5,129,No,Equity,N/A,N/A
EQWL,"Russell Top 200 EW Invesco ETF",110.99,"Invesco Russell Top 200 Equal Weight ETF",5,15,No,"Portfolio-Multi Asset",N/A,N/A
KBWY,"KBW Premium Yield Equity REIT Invesco ETF",15.97,"Invesco KBW Premium Yield Equity REIT ETF",5,197,No,Equity,N/A,N/A
PBE,"Dynamic Biotechnology & Genome Invesco ETF",66.7,"Invesco Dynamic Biotechnology & Genome ETF",5,4,No,Equity,N/A,N/A
EPI,"Wisdomtree India Earnings Fund",47.38,"WisdomTree India Earnings Fund",5,5289,No,Equity,N/A,N/A
QYLG,"GX Nasdaq 100 Covered Call & Growth ETF",28.04,"Global X Nasdaq 100 Covered Call & Growth ETF",5,100,No,Equity,N/A,N/A
EIPI,"FT Energy Income Partners Enhanced ETF",19.57,"FT Energy Income Partners Enhanced Income ETF",5,167,No,Equity,N/A,N/A
INCO,"India Consumer Egshares ETF",64.35,"Columbia India Consumer ETF",5,13,No,Equity,N/A,N/A
IJS,"S&P Smallcap 600 Value Ishares ETF",103.82,"iShares S&P Small-Cap 600 Value ETF",5,853,No,Equity,"Finance - Investment Funds",Finance
METV,"Roundhill Ball Metaverse ETF",17.29,"Roundhill Ball Metaverse ETF",5,862,No,Equity,N/A,N/A
VLUE,"USA Value Factor Ishares Edge MSCI ETF",115.42,"iShares Edge MSCI USA Value Factor ETF",5,38,No,"Portfolio-Multi Asset",N/A,N/A
BRF,"Vaneck Brazil Smallcap ETF",14.88,"VanEck Vectors Brazil Small-Cap ETF",5,59,No,Equity,N/A,N/A
UBR,"Ultra MSCI Brazil Capped 2X ETF",20.63,"ProShares Ultra MSCI Brazil Capped",5,122,No,"Portfolio-Multi Asset",N/A,N/A
ICOP,"Ishares Copper and Metals Mining ETF",29.97,"iShares Copper and Metals Mining ETF",5,44,No,Equity,N/A,N/A
LOUP,"Innovator Deepwater Frontier Tech ETF",62.53,"Innovator Loup Frontier Tech ETF",5,27,No,Equity,N/A,N/A
IAT,"US Regional Banks Ishares ETF",52.19,"iShares U.S. Regional Banks ETF",5,3031,No,Equity,N/A,N/A
DRIV,"GX Autonomous & Electric Vehicles ETF",24.09,"Global X Autonomous and Electric Vehicles ETF",5,95,No,Equity,N/A,N/A
MSFO,"Yieldmax Msft Option Income Strategy ETF",17.97,"YieldMax MSFT Option Income Strategy ETF",5,565,No,Equity,N/A,N/A
HEDJ,"Wisdomtree Europe Hedged Equity Fund",49.37,"WisdomTree Europe Hedged Equity Fund",5,56,No,Equity,N/A,N/A
SFYX,"Sofi Next 500 ETF",15.24,"SoFi Next 500 ETF",5,75,No,Equity,N/A,N/A
NFTY,"FT India Nifty 50 EW ETF",59.85,"First Trust India NIFTY 50 Equal Weight ETF",5,123,No,Equity,N/A,N/A
KGRN,"KS MSCI China Environment Index ETF",26.68,"KraneShares MSCI China Environment ETF",5,66,No,Equity,N/A,N/A
ROBO,"Global Robotics and Automation ETF",60.62,"ROBO Global Robotics & Automation Index ETF",5,482,No,Equity,N/A,N/A
GNR,"S&P Global Natural Resources SPDR",55.97,"SPDR S&P Global Natural Resources ETF",5,67,No,Equity,N/A,N/A
AIBU,"Ai and Big Data Bull 2X ETF Direxion",43.14,"Direxion Daily AI and Big Data Bull 2X Shares",5,242,No,Equity,N/A,N/A
VWOB,"EM Govt Bond Vanguard",65.18,"Vanguard Emerging Markets Government Bond ETF",5,448,No,"Fixed Income",N/A,N/A
USOY,"DeFiance Oil Enhanced Options Income ETF",9.51,"Defiance Oil Enhanced Options Income ETF",5,677,No,Equity,N/A,N/A
AAXJ,"All Country Asia Ex Japan Ishares MSCI ETF",82.49,"iShares MSCI All Country Asia ex Japan ETF",5,96,No,Equity,N/A,N/A
VONV,"Russell 1000 Value Vanguard",86.14,"Vanguard Russell 1000 Value ETF",5,7,No,Equity,N/A,N/A
COLO,"GX MSCI Colombia ETF",29.04,"Global X MSCI Columbia ETF",5,1887,No,Equity,N/A,N/A
COAL,"Global Coal Index ETF",18.12,"Range Global Coal Index ETF",5,291,No,Equity,N/A,N/A
CLOU,"GX Cloud Computing ETF",23.57,"Global X Cloud Computing ETF",6,1351,No,Equity,N/A,N/A
EURL,"FTSE Europe Bull 3X ETF Direxion",35.99,"Direxion Daily FTSE Europe Bull 3X Shares",6,549,No,"Portfolio-Multi Asset",N/A,N/A
EWA,"Australia Ishares MSCI ETF",26.24,"iShares MSCI Australia ETF",6,2703,No,Equity,"Finance - Investment Funds",Finance
SCHE,"Schwab Emrg Mkts Equity ETF",30.17,"Schwab Emerging Markets Equity ETF",6,438,No,Equity,N/A,N/A
PEJ,"Dynamic Leisure and Entertainment Invesco ETF",57.53,"Invesco Dynamic Leisure and Entertainment ETF",6,106,No,Equity,N/A,N/A
SPDW,"SPDR World Ex-US Portfolio ETF",40.7,"SPDR Portfolio Developed World ex-US ETF",6,60,No,Equity,N/A,N/A
IVE,"S&P 500 Value Ishares ETF",197.82,"iShares S&P 500 Value ETF",6,1410,No,Equity,N/A,N/A
SCZ,"EAFE Smallcap Ishares MSCI ETF",73.22,"iShares MSCI EAFE Small-Cap ETF",6,79,No,Equity,N/A,N/A
IJT,"S&P Smallcap 600 Growth Ishares ETF",136.07,"iShares S&P Small-Cap 600 Growth ETF",6,96,No,Equity,"Finance - Investment Funds",Finance
RSSL,"GX Russell 2000 ETF",87.85,"Global X Russell 2000 ETF",6,10,No,Equity,N/A,N/A
PILL,"Pharmaceutical & Medical Bull 3X ETF Direxion",5.85,"Direxion Daily Pharmaceutical & Medical Bull 3X Shares",6,576,No,Equity,N/A,N/A
SPLB,"SPDR Long Term Corporate Bond Portfolio ETF",22.33,"SPDR Portfolio Long Term Corporate Bond ETF",6,233,No,"Fixed Income",N/A,N/A
QQQJ,"Invesco Nasdaq Next Gen 100 ETF",32.58,"Invesco NASDAQ Next Gen 100 ETF",6,2637,No,Equity,N/A,N/A
HIPS,"Graniteshares Hips US High Income ETF",12.35,"Master Income ETF",6,501,No,Equity,N/A,N/A
KORU,"South Korea Bull 3X ETF Direxion",81.07,"Direxion Daily MSCI South Korea Bull 3X Shares",6,558,No,"Portfolio-Multi Asset",N/A,N/A
DFIC,"Dimensional Intl Core Equity 2 ETF",31.32,"Dimensional International Core Equity 2 ETF",6,146,No,"Portfolio-Multi Asset",N/A,N/A
MOAT,"Vaneck Morningstar Wide Moat ETF",96.63,"VanEck Vectors Morningstar Wide Moat ETF",6,270,No,Equity,N/A,N/A
AIPI,"Rex Ai Equity Premium Income ETF",43.77,"REX AI Equity Premium Income ETF",6,277,No,"Portfolio-Multi Asset",N/A,N/A
MLPX,"GX MLP & Energy Infrastructure ETF",61.07,"Global X MLP & Energy Infrastructure ETF",6,1337,No,Equity,N/A,N/A
MAXI,"Simplify Bitcoin Strategy Plus Income ETF",32.49,"Simplify Bitcoin Strategy PLUS Income ETF",6,166,No,Equity,N/A,N/A
SPSM,"SPDR Small Cap Portfolio ETF",44.01,"SPDR Portfolio Small Cap ETF",6,975,No,"Portfolio-Multi Asset",N/A,N/A
FHLC,"Fidelity Health Care MSCI ETF",64.41,"Fidelity MSCI Health Care Index ETF",6,68,No,Equity,N/A,N/A
CPXR,"Uscf Daily Target 2X Copper Index ETF",29.33,"USCF Daily Target 2X Copper Index ETF",6,9,No,Commodity,N/A,N/A
PSI,"Dynamic Semiconductors Invesco ETF",61.85,"Invesco Dynamic Semiconductors ETF",6,111,No,Equity,N/A,N/A
VFH,"Financial ETF Vanguard",127.86,"Vanguard Financials ETF",7,1469,No,Equity,"Finance - Investment Funds",Finance
TYD,"10-Yr Treasury Bull 3X ETF Direxion",24.79,"Direxion Daily 10-Year Treasury Bull 3X Shares",7,2733,No,"Fixed Income",N/A,N/A
EPP,"Pacific Ex Japan Ishares MSCI ETF",49.39,"iShares MSCI Pacific ex Japan ETF",7,129,No,Equity,"Finance - Investment Funds",Finance
ISRA,"Vaneck Israel ETF",53.26,"VanEck Vectors Israel ETF",7,619,No,"Portfolio-Multi Asset",N/A,N/A
IHI,"US Medical Devices Ishares ETF",61.69,"iShares U.S. Medical Devices ETF",7,4896,No,Equity,N/A,N/A
EDZ,"Emerging Markets Bear -3X ETF Direxion",5.39,"Direxion Daily MSCI Emerging Markets Bear 3x Shares",7,3696,No,Equity,N/A,N/A
IEO,"US Oil & Gas Explor & Prod Ishares ETF",91.92,"iShares U.S. Oil & Gas Exploration & Production ETF",7,1801,No,Equity,N/A,N/A
GPTY,"Yieldmax Ai & Tech Portfolio Option Income ETF",47.78,"YieldMax AI & Tech Portfolio Option Income ETF",7,68,No,Equity,N/A,N/A
VCIT,"Interm Corp Bond Vanguard",82.31,"Vanguard Intermediate-Term Corporate Bond ETF",7,405,No,"Fixed Income",N/A,N/A
VBK,"Smallcap Growth ETF Vanguard",282.64,"Vanguard Small-Cap Growth ETF",7,1222,No,Equity,N/A,N/A
PGX,"Preferred Invesco ETF",11.31,"Invesco Preferred ETF",7,582,No,"Fixed Income","Finance - Investment Funds",Finance
ZSL,"Ultrashort Silver -2X ETF",25.44,"ProShares UltraShort Silver",7,2638,No,Commodity,N/A,N/A
FIDU,"Fidelity Industrials MSCI ETF",79.08,"Fidelity MSCI Industrials Index ETF",7,40,No,Equity,N/A,N/A
FDIG,"Fidelity Crypto Industry Digital Payments ETF",37.85,"Fidelity Crypto Industry and Digital Payments ETF",7,116,No,Equity,N/A,N/A
SLVP,"Ishares Global Silver Miners Fund",17.69,"iShares MSCI Global Silver and Metals Miners ETF",7,872,No,Equity,N/A,N/A
IYJ,"US Industrials Ishares ETF",144.79,"iShares U.S. Industrials ETF",8,152,No,Equity,N/A,N/A
IXN,"Global Tech Ishares ETF",93.68,"iShares Global Tech ETF",8,355,No,Equity,N/A,N/A
EFO,"Ultra MSCI EAFE 2X ETF",56.53,"ProShares Ultra MSCI EAFE",8,21,No,Equity,N/A,N/A
TIP,"TIPS Bond Ishares ETF",109.54,"iShares TIPS Bond ETF",8,3573,No,"Fixed Income","Finance - Investment Funds",Finance
VMBS,"Mortgage Backed Securities Vanguard",46.08,"Vanguard Mortgage-Backed Securities ETF",8,409,No,"Fixed Income",N/A,N/A
SRS,"Ultrashort Real Estate -2X ETF",47.89,"ProShares UltraShort Real Estate",8,1081,No,Equity,N/A,N/A
UNL,"US 12 Month Natural Gas",8.39,"United States 12 Month Natural Gas Fund",8,3229,No,Commodity,N/A,N/A
BKF,"BRIC Ishares MSCI ETF",41.23,"iShares MSCI BRIC ETF",8,74,No,Equity,N/A,N/A
WANT,"Consumer Discretionary Bull 3X ETF Direxion",42.12,"Direxion Daily Consumer Discretionary Bull 3X Shares",8,212,No,Equity,N/A,N/A
BJK,"Vaneck Gaming ETF",44.35,"VanEck Vectors Gaming ETF",8,56,No,Equity,N/A,N/A
SOXQ,"Invesco PHLX Semiconductor ETF",44.6,"Invesco PHLX Semiconductor ETF",8,369,No,Equity,N/A,N/A
VOOV,"S&P 500 Value ETF Vanguard",191,"Vanguard S&P 500 Value ETF",8,38,No,Equity,N/A,N/A
VOT,"Midcap Growth ETF Vanguard",286.84,"Vanguard Mid-Cap Growth ETF",8,316,No,Equity,N/A,N/A
SPYT,"DeFiance S&P 500 Target Income ETF",18.03,"Defiance S&P 500 Target Income ETF",8,228,No,Equity,N/A,N/A
FENY,"Fidelity Energy MSCI ETF",24.27,"Fidelity MSCI Energy Index ETF",8,647,No,Equity,N/A,N/A
FDVV,"Fidelity High Dividend ETF",53.09,"Fidelity Core Dividend ETF",8,322,No,Equity,N/A,N/A
UMDD,"Ultrapro Midcap 400 Proshares 3X ETF",24.47,"ProShares UltraPro MidCap400",8,186,No,"Portfolio-Multi Asset",N/A,N/A
KOMP,"SPDR Kensho & New Economies Composite ETF",56.05,"SPDR S&P Kensho New Economies Composite ETF",8,45,No,Equity,N/A,N/A
NANC,"Unusual Whales Democratic Trades ETF",42.28,"Subversive Unusual Whales Democratic ETF",8,212,No,Equity,N/A,N/A
VDE,"Energy ETF Vanguard",123.41,"Vanguard Energy ETF",9,2773,No,Equity,N/A,N/A
BTCZ,"T-Rex 2X Inverse Bitcoin Daily Target ETF",3.14,"T-REX 2X Inverse Bitcoin Daily Target ETF",9,295,No,Currency,N/A,N/A
GOOX,"T-Rex 2X Long Alphabet Daily Target ETF",24.51,"T-Rex 2X Long Alphabet Daily Target ETF",9,162,No,Equity,N/A,N/A
SPHB,"S&P 500 High Beta Invesco ETF",100.63,"Invesco S&P 500 High Beta ETF",9,1313,No,Equity,N/A,N/A
TSMU,"Graniteshares 2X Long Tsm Daily ETF",28.9,"GraniteShares 2x Long TSM Daily ETF",9,378,No,Equity,N/A,N/A
UPSX,"Tradr 2X Long Upst Daily ETF",44.19,"Tradr 2X Long UPST Daily ETF",9,117,No,Equity,N/A,N/A
UPSX,"Tradr 2X Long Upst Daily ETF",44.19,"Tradr 2X Long UPST Daily ETF",9,117,No,Equity,N/A,N/A
VDE,"Energy ETF Vanguard",123.41,"Vanguard Energy ETF",9,2773,No,Equity,N/A,N/A
GOOX,"T-Rex 2X Long Alphabet Daily Target ETF",24.51,"T-Rex 2X Long Alphabet Daily Target ETF",9,162,No,Equity,N/A,N/A
FSTA,"Fidelity Consumer Staples MSCI ETF",51.05,"Fidelity MSCI Consumer Staples Index ETF",9,74,No,Equity,N/A,N/A
SPHB,"S&P 500 High Beta Invesco ETF",100.63,"Invesco S&P 500 High Beta ETF",9,1313,No,Equity,N/A,N/A
YBTC,"Roundhill Bitcoin Covered Call Strategy ETF",47.8,"Roundhill Bitcoin Covered Call Strategy ETF",9,330,No,Currency,N/A,N/A
BETZ,"Roundhill Sports Betting & Igaming ETF",24.4,"Roundhill Sports Betting & iGaming ETF",9,508,No,Equity,N/A,N/A
SCHX,"Schwab U.S. Largecap ETF",24.73,"Schwab U.S. Large-Cap ETF",9,1827,No,Equity,N/A,N/A
CNXT,"Vaneck Chinaamc Sme-Chnext ETF",29.09,"VanEck Vectors ChinaAMC SME-ChiNext ETF",10,1033,No,"Portfolio-Multi Asset",N/A,N/A
GOLY,"Strategy Shares Gold-Hedged Bond ETF",29.64,"Strategy Shares Gold-Hedged Bond ETF",10,21,No,"Portfolio-Multi Asset",N/A,N/A
DFAU,"Dimensional US Core Equity Market ETF",42.91,"Dimensional US Core Equity Market ETF",10,619,No,Equity,N/A,N/A
IYH,"US Healthcare Ishares ETF",56.83,"iShares U.S. Healthcare ETF",10,112,No,Equity,N/A,N/A
INDL,"MSCI India Bull 2X ETF Direxion",62.91,"Direxion Daily MSCI India Bull 2X Shares",10,992,No,Equity,N/A,N/A
TESL,"Simplify Volt Tsla Revolution ETF",22.15,"Simplify Volt TSLA Revolution ETF",10,128,No,Equity,N/A,N/A
PSL,"DWA Consumer Staples Momentum Invesco ETF",109.7,"Invesco DWA Consumer Staples Momentum ETF",10,17,No,Equity,N/A,N/A
THD,"Thailand Ishares MSCI ETF",51.15,"iShares MSCI Thailand ETF",10,496,No,Equity,"Finance - Investment Funds",Finance
JAAA,"Janus AAA Clo ETF",50.62,"Janus Henderson AAA CLO ETF",10,1137,No,"Fixed Income",N/A,N/A
JBBB,"Janus B-BBB Clo ETF",48.1,"Janus Henderson B-BBB CLO ETF",10,2533,No,"Fixed Income",N/A,N/A
ACWX,"ACWI Ex US Ishares MSCI ETF",61.18,"iShares MSCI ACWI ex U.S. ETF",10,225,No,Equity,N/A,N/A
FFTY,"Innovator Ibd 50 ETF",32.65,"Innovator IBD 50 Fund",10,742,No,Equity,N/A,N/A
IWO,"Russell 2000 Growth Ishares ETF",292.94,"iShares Russell 2000 Growth ETF",10,3841,No,Equity,"Finance - Investment Funds",Finance
FLBR,"Brazil Franklin FTSE ETF",17.53,"Franklin FTSE Brazil ETF",10,26,No,Equity,N/A,N/A
PID,"Intl Dividend Achievers Invesco ETF",20.69,"Invesco International Dividend Achievers ETF",10,4,No,Equity,"Finance - Investment Funds",Finance
FLGR,"Germany Franklin FTSE ETF",34.28,"Franklin FTSE Germany ETF",10,14,No,Equity,N/A,N/A
PGJ,"Golden Dragon China Invesco ETF",28.66,"Invesco Golden Dragon China ETF",10,562,No,Equity,N/A,N/A
PGF,"Financial Preferred Invesco ETF",14.35,"Invesco Financial Preferred ETF",10,306,No,Equity,N/A,N/A
DGRW,"Wisdomtree U.S. Quality Dividend Growth Fund",85.19,"WisdomTree U.S. Quality Dividend Growth Fund",10,71,No,"Portfolio-Multi Asset",N/A,N/A
EDC,"Emerging Markets Bull 3X ETF Direxion",39.15,"Direxion Daily MSCI Emerging Markets Bull 3x Shares",10,2080,No,Equity,N/A,N/A
WCLD,"Wisdomtree Cloud Computing Fund",36.81,"WisdomTree Cloud Computing Fund",10,1022,No,Equity,N/A,N/A
VXF,"Extended Market Index ETF Vanguard",197.73,"Vanguard Extended Market ETF",10,171,No,Equity,N/A,N/A
UFO,"Procure Space ETF",29.93,"Procure Space ETF",10,558,No,Equity,N/A,N/A
LRNZ,"Trueshares Technology Ai & Deep Learning ETF",44.9,"TrueShares Technology, AI and Deep Learning ETF",10,52,No,Equity,N/A,N/A
USDU,"Wisdomtree Bloomberg U.S. Dollar Bullish Fund",25.97,"WisdomTree Bloomberg U.S. Dollar Bullish Fund",10,2080,No,"Portfolio-Multi Asset",N/A,N/A
QDVO,"Amplify Cwp Growth & Income ETF",27.65,"Amplify CWP Growth & Income ETF",10,132,No,Equity,N/A,N/A
EWV,"Ultrashort MSCI Japan -2X ETF",33.56,"ProShares UltraShort MSCI Japan",10,1417,No,Equity,N/A,N/A
BIL,"BBG 1-3 Month T-Bill SPDR ETF",91.52,"SPDR Bloomberg 1-3 Month T-Bill ETF",10,2026,No,"Fixed Income",N/A,N/A
VGSH,"Short-Term Govt Bond Vanguard",58.49,"Vanguard Short-Term Government Bond ETF",10,767,No,"Fixed Income",N/A,N/A
REW,"Ultrashort Technology -2X ETF",7.11,"ProShares UltraShort Technology",10,60,No,Equity,N/A,N/A
ROKT,"SPDR Kensho Final Frontiers ETF",66.23,"SPDR S&P Kensho Final Frontiers ETF",10,11,No,Equity,N/A,N/A
EZU,"Eurozone Ishares MSCI ETF",60.64,"iShares MSCI Eurozone ETF",11,4200,No,Equity,"Finance - Investment Funds",Finance
SPAB,"SPDR Aggregate Bond Portfolio ETF",25.42,"SPDR Portfolio Aggregate Bond ETF",11,9,No,"Fixed Income",N/A,N/A
DGRO,"Dividend Growth Ishares Core ETF",64.89,"iShares Core Dividend Growth ETF",11,17029,No,"Portfolio-Multi Asset",N/A,N/A
CTA,"Simplify Managed Futures Strategy",27.63,"Simplify Managed Futures Strategy ETF",11,739,No,Equity,N/A,N/A
HYLB,"Xt USD High Yield Corp Bond ETF",36.71,"Deutsche X-trackers USD High Yield Corporate Bond ETF",11,835,No,"Fixed Income",N/A,N/A
AMZD,"Amzn Bear -1X ETF Direxion",10.78,"Direxion Daily AMZN Bear 1X Shares",11,873,No,Equity,N/A,N/A
BTAL,"US Anti-Beta Fund Mkt Neutral Quantshares",17.16,"AGFiQ US Market Neutral Anti-Beta Fund",11,840,No,Equity,N/A,N/A
PPH,"Vaneck Pharmaceutical ETF",88.77,"VanEck Vectors Pharmaceutical ETF",11,6148,No,Equity,N/A,N/A
BTF,"Valkyrie Bitcoin Strategy ETF",14.03,"Valkyrie Bitcoin Strategy ETF",11,690,No,Currency,N/A,N/A
FPX,"FT US Equity Opportunities ETF",144.28,"First Trust US Equity Opportunities ETF",11,27,No,Equity,N/A,N/A
SPHD,"S&P 500 High Dividend Low Vol Invesco ETF",48.5,"Invesco S&P 500 High Dividend Low Volatility ETF",11,855,No,Equity,N/A,N/A
GSLC,"GS Activebeta U.S. Large Cap Equity ETF",122.56,"Goldman Sachs ActiveBeta U.S. Large Cap Equity ETF",12,62,No,Equity,N/A,N/A
XLG,"S&P 500 Top 50 Invesco ETF",52.52,"Invesco S&P 500 Top 50 ETF",12,2601,No,Equity,N/A,N/A
SPUU,"S&P 500 Bull 2X ETF Direxion",159.3,"Direxion Daily S&P 500 Bull 2X Shares",12,124,No,"Portfolio-Multi Asset",N/A,N/A
BBP,"Virtus Lifesci Biotech Products ETF",62.41,"Virtus LifeSci Biotech Products ETF",12,1,No,"Portfolio-Multi Asset",N/A,N/A
NOBL,"S&P 500 Dividend Aristocrats ETF",102.82,"ProShares S&P 500 Dividend Aristocrats ETF",12,1055,No,"Portfolio-Multi Asset",N/A,N/A
MSFX,"T-Rex 2X Long Microsoft Daily Target ETF",33.98,"T-Rex 2X Long Microsoft Daily Target ETF",12,105,No,Equity,N/A,N/A
FNGG,"NYSE Fang+ Bull 2X ETF Direxion",215.11,"Direxion Daily Select Large Caps & FANGs Bull 2X Shares",12,1404,No,Equity,N/A,N/A
HEAL,"GX Telemedicine & Digital Health ETF",10.66,"Global X HealthTech ETF",12,13,No,Equity,N/A,N/A
IWB,"Russell 1000 Ishares ETF",343.15,"iShares Russell 1000 ETF",12,899,No,Equity,N/A,N/A
PRFZ,"FTSE RAFI US 1500 Small/Mid Invesco ETF",42.08,"Invesco FTSE RAFI US 1500 Small- Mid ETF",12,17,No,Equity,N/A,N/A
VEU,"FTSE All-World Ex-US ETF Vanguard",67.47,"Vanguard FTSE All-World ex-US ETF",12,1439,No,Equity,N/A,N/A
ITM,"Vaneck Intermediate Muni ETF",45.51,"VanEck Vectors AMT-Free Intermediate Municipal Index ETF",12,65,No,"Fixed Income",N/A,N/A
TUA,"Simplify Short-Term Treasury Futures ETF",21.74,"Simplify Short Term Treasury Futures Strategy ETF",12,4951,No,"Fixed Income",N/A,N/A
SPTL,"SPDR Long Term Treasury Portfolio ETF",26.2,"SPDR Portfolio Long Term Treasury ETF",13,4098,No,"Fixed Income",N/A,N/A
VTC,"Total Corporate Bond Vanguard ETF",76.75,"Vanguard Total Corporate Bond ETF",13,181,No,"Fixed Income",N/A,N/A
LVHD,"Franklin U.S. Low Vol High Div ETF",40.23,"Legg Mason Low Volatility High Dividend ETF",13,20,No,Equity,N/A,N/A
ASMG,"Leverage Shares 2X Long Asml Daily ETF",15.66,"Leverage Shares 2X Long ASML Daily ETF",13,185,No,Equity,N/A,N/A
MUB,"Natl Muni Bond Ishares ETF",104.26,"iShares National Muni Bond ETF",13,95774,No,"Fixed Income","Finance - Investment Funds",Finance
OUNZ,"Vaneck Merk Gold ETF",31.95,"Vaneck Merk Gold ETF",13,1656,No,Commodity,N/A,N/A
CTEC,"GX Cleantech ETF",7.86,"Global X CleanTech ETF",13,235,No,Equity,N/A,N/A
BWX,"BBG International Treasury Bond SPDR ETF",23.19,"SPDR Bloomberg International Treasury Bond ETF",13,543,No,"Fixed Income","Finance - Investment Funds",Finance
IGLB,"Long-Term Corp Bond Ishares ETF",49.7,"iShares Long-Term Corporate Bond ETF",14,2319,No,"Fixed Income",N/A,N/A
VPU,"Utilities ETF Vanguard",177.01,"Vanguard Utilities ETF",14,629,No,Equity,N/A,N/A
RDTE,"Roundhill Russell 2000 0Dte Covered Call ETF",34.73,"Roundhill Small Cap 0Dte Covered Call Strategy ETF",14,190,No,Equity,N/A,N/A
SKYY,"Cloud Computing ETF FT",123.61,"First Trust Cloud Computing ETF",14,921,No,Equity,N/A,N/A
VOOG,"S&P 500 Growth ETF Vanguard",400.01,"Vanguard S&P 500 Growth ETF",14,1441,No,Equity,N/A,N/A
PCEF,"CEF Income Composite Invesco ETF",19.65,"Invesco CEF Income Composite ETF",15,37,No,"Portfolio-Multi Asset",N/A,N/A
CQQQ,"China Technology Invesco ETF",43.83,"Invesco China Technology ETF",15,1014,No,Equity,N/A,N/A
SGOL,"Physical Gold ETF",31.63,"Aberdeen Standard Physical Swiss Gold Shares ETF",15,19902,No,Commodity,N/A,N/A
FXF,"Swiss Franc Trust Currencyshares",111.57,"Invesco CurrencyShares Swiss Franc Trust",15,4535,No,Currency,N/A,N/A
RPAR,"Rpar Risk Parity ETF",19.87,"RPAR Risk Parity ETF",15,357,No,"Portfolio-Multi Asset",N/A,N/A
DBMF,"IM Dbi Managed Futures Strategy ETF",25.76,"iM DBi Managed Futures Strategy ETF",15,1052,No,Equity,N/A,N/A
DRV,"Real Estate Bear -3X ETF Direxion",25.41,"Direxion Daily MSCI Real Estate Bear 3X Shares",16,4706,No,Equity,N/A,N/A
AAPX,"T-Rex 2X Long Apple Daily Target ETF",19.98,"T-Rex 2X Long Apple Daily Target ETF",16,364,No,Equity,N/A,N/A
PFFA,"Virtus Infracap U.S. Preferred Stock ETF",21.29,"Virtus InfraCap U.S. Preferred Stock ETF",16,1354,No,Alternative,N/A,N/A
ONEQ,"Nasdaq Composite ETF",81.14,"Fidelity Nasdaq Composite Index ETF",17,522,No,Equity,N/A,N/A
CWB,"BBG Convertible Securities SPDR ETF",83.46,"SPDR Bloomberg Convertible Securities ETF",17,1086,No,"Fixed Income",N/A,N/A
IYF,"US Financials Ishares ETF",121.25,"iShares U.S. Financials ETF",17,897,No,Equity,N/A,N/A
DJTU,"T-Rex 2X Long Djt Daily Target ETF",12.14,"T-REX 2X Long DJT Daily Target ETF",17,900,No,Equity,N/A,N/A
IHAK,"Ishares Cybersecurity and Tech ETF",53.96,"iShares Cybersecurity and Tech ETF",17,105,No,Equity,N/A,N/A
IGM,"North American Tech Ishares ETF",113.61,"iShares North American Tech ETF",17,1752,No,Equity,N/A,N/A
AMZA,"Infracap MLP ETF",42.76,"InfraCap MLP ETF",17,603,No,Equity,"Finance - Investment Funds",Finance
FLJP,"Japan Franklin FTSE ETF",31.51,"Franklin FTSE Japan ETF",17,66,No,Equity,N/A,N/A
PFIX,"Simplify Interest Rate Hedge ETF",54.74,"Simplify Interest Rate Hedge ETF",17,270,No,"Fixed Income",N/A,N/A
MGV,"Vanguard Mega Cap Value ETF",132.17,"Vanguard Mega Cap Value ETF",18,102,No,Equity,N/A,N/A
ACWI,"ACWI Ishares MSCI ETF",129.58,"iShares MSCI ACWI ETF",18,8486,No,Equity,"Finance - Investment Funds",Finance
QQQE,"Nasdaq-100 Equal Weighted Index ETF Direxion",99.37,"Direxion NASDAQ-100 Equal Weighted Index Shares",18,783,No,Equity,N/A,N/A
SMHX,"Vaneck Fabless Semiconductor ETF",31.92,"VanEck Fabless Semiconductor ETF",18,46,No,Equity,N/A,N/A
ITOT,"S&P Total US Stock Market Ishares Core ETF",136.62,"iShares Core S&P Total U.S. Stock Market ETF",19,1712,No,Equity,N/A,N/A
FPE,"Preferred Securities and Income ETF FT",17.89,"First Trust Preferred Securities and Income ETF",19,198,No,"Portfolio-Multi Asset",N/A,N/A
BITS,"GX Blockchain & Bitcoin Strategy ETF",76.97,"Global X Blockchain & Bitcoin Strategy ETF",19,128,No,Alternative,N/A,N/A
MSFL,"Graniteshares 2X Long Msft Daily ETF",30.79,"GraniteShares 2x Long MSFL Daily ETF",19,585,No,Equity,N/A,N/A
ARTY,"Ishares Robotics and Artificial Intelligence ETF",41.67,"iShares Future AI & Tech ETF",20,607,No,Equity,N/A,N/A
ASHS,"Xt Harvest CSI 500 China A-Shares Small Cap ETF",29.78,"Deutsche X-trackers Harvest CSI 500 China A-Shares Small Cap ETF",20,976,No,"Portfolio-Multi Asset",N/A,N/A
VB,"Smallcap ETF Vanguard",243.59,"Vanguard Small-Cap ETF",20,1123,No,Equity,N/A,N/A
UX,"Roundhill Uranium ETF",25.66,"Roundhill Uranium ETF",20,63,No,Commodity,N/A,N/A
HIBS,"S&P 500 High Beta Bear -3X ETF Direxion",8.58,"Daily S&P 500 High Beta Bear 3X Shares",20,1334,No,Equity,N/A,N/A
SIZE,"USA Size Factor Ishares Edge MSCI ETF",156.73,"iShares Edge MSCI USA Size Factor ETF",20,20,No,"Portfolio-Multi Asset",N/A,N/A
KSA,"Saudi Arabia Ishares MSCI ETF",38.89,"iShares MSCI Saudi Arabia ETF",20,2802,No,Equity,N/A,N/A
HYSA,"Bondbloxx USD High Yield Bond Sector Rotation Et",15.14,"BondBloxx USD High Yield Bond Sector Rotation ETF",20,172,No,"Fixed Income",N/A,N/A
KCCA,"KS California Carbon Allowance ETF",15.43,"KraneShares California Carbon Allowance ETF",20,4116,No,Commodity,N/A,N/A
IETC,"US Technology Ishares Evolved ETF",95.55,"iShares Evolved U.S. Technology ETF",20,100,No,Equity,N/A,N/A
PHB,"Fundamental Hi-Yld Corp Bond Invesco ETF",18.41,"Invesco Fundamental High Yield Corporate Bond ETF",20,804,No,"Fixed Income",N/A,N/A
AIRR,"Rba American Industrial Renaissance ETF FT",84.33,"First Trust RBA American Industrial Renaissance ETF",20,78,No,"Portfolio-Multi Asset",N/A,N/A
QMOM,"Quantitative Momentum ETF",63.97,"Alpha Architect U.S. Quantitative Momentum ETF",20,140,No,"Portfolio-Multi Asset",N/A,N/A
SDOG,"Alps Sector Dividend Dogs ETF",58.93,"ALPS Sector Dividend Dogs ETF",20,13,No,Equity,N/A,N/A
DVY,"Select Dividend Ishares ETF",136.05,"iShares Select Dividend ETF",20,15080,No,Equity,"Finance - Investment Funds",Finance
SRLN,"Blackstone Gso Senior Loan SPDR",41.44,"SPDR Blackstone Senior Loan ETF",20,861,No,"Portfolio-Multi Asset",N/A,N/A
BBH,"Vaneck Biotech ETF",159.05,"VanEck Vectors Biotech ETF",20,77,No,Equity,"Finance - Investment Funds",Finance
NVDW,"Roundhill Nvda Weeklypay ETF",48.83,"Roundhill NVDA WeeklyPay ETF",21,58,No,Equity,N/A,N/A
DTCR,"GX Data Center Reits & Digital Infr ETF",18.52,"Global X Data Center & Digital Infrastructure ETF",21,7516,No,Equity,N/A,N/A
DBB,"DB Base Metals Fund Invesco",19.23,"Invesco DB Base Metals Fund",21,594,No,Commodity,"Finance - Investment Funds",Finance
HERO,"GX Video Games & Esports ETF",31.66,"Global X Video Games & Esports ETF",21,172,No,Equity,N/A,N/A
QUAL,"USA Quality Factor Ishares Edge MSCI ETF",184.94,"iShares Edge MSCI USA Quality Factor ETF",21,563,No,"Portfolio-Multi Asset",N/A,N/A
VBR,"Smallcap Value ETF Vanguard",201.18,"Vanguard Small-Cap Value ETF",22,863,No,Equity,N/A,N/A
DLLL,"Graniteshares 2X Long Dell Daily ETF",26.12,"GraniteShares 2x Long DELL Daily ETF",22,119,No,Equity,N/A,N/A
NLR,"Vaneck Uranium & Nuclear Energy ETF",105.16,"VanEck Vectors Uranium Plus Nuclear Energy ETF",22,5181,No,Equity,N/A,N/A
DBO,"DB Oil Fund Invesco",13.79,"Invesco DB Oil Fund",22,2892,No,Commodity,N/A,N/A
PDBC,"Optimum Yield Diversified Commodity Strategy",13.31,"Invesco Optimum Yield Diversified Commodity Strategy No K-1 ETF",23,1231,No,Commodity,N/A,N/A
IDV,"Intl Select Dividend Ishares ETF",35.15,"iShares International Select Dividend ETF",23,1111,No,Equity,"Finance - Investment Funds",Finance
MSFD,"Msft Bear -1X ETF Direxion",11.13,"Direxion Daily MSFT Bear 1X Shares",23,439,No,Equity,N/A,N/A
IEV,"Europe 350 Ishares ETF",64.27,"iShares Europe ETF",23,960,No,Equity,N/A,N/A
ARCX,"ETF Tradr 2X Long Achr Daily ETF",19.7,"Tradr 2X Long ACHR Daily ETF",23,108,No,Equity,"Oil - Production & Pipeline",Oils-Energy
RETL,"Retail Bull 3X ETF Direxion",8.51,"Direxion Daily Retail Bull 3X Shares",23,3207,No,Equity,N/A,N/A
DGS,"Wisdomtree Emerging Market Smallcap Fund",55.74,"WisdomTree Emerging Markets SmallCap Dividend Fund",24,33,No,Equity,N/A,N/A
IWP,"Russell Midcap Growth Ishares ETF",139.69,"iShares Russell Mid-Cap Growth ETF",24,8217,No,Equity,"Finance - Investment Funds",Finance
BTFX,"Valkyrie Bitcoin Futures Leveraged Strategy ETF",58.1,"Valkyrie Bitcoin Futures Leveraged Strategy ETF",24,14,No,Currency,N/A,N/A
IAI,"US Broker-Dealers & Sec Exch Ishares ETF",170.67,"iShares U.S. Broker-Dealers & Securities Exchanges ETF",24,1684,No,Equity,N/A,N/A
BTCL,"T-Rex 2X Long Bitcoin Daily Target ETF",57.51,"T-Rex 2X Long Bitcoin Daily Target ETF",24,915,No,Currency,N/A,N/A
SPLV,"S&P 500 Low Vol Invesco ETF",72.67,"Invesco S&P 500 Low Volatility ETF",25,6782,No,"Portfolio-Multi Asset",N/A,N/A
WIP,"DB Intl Govt Infl-Protected Bond SPDR",39.1,"SPDR FTSE International Government Inflation-Protected Bond ETF",25,17,No,"Fixed Income",N/A,N/A
SKF,"Ultrashort Financials -2X ETF",28.1,"ProShares UltraShort Financials",25,1164,No,Equity,N/A,N/A
PYPY,"Yieldmax Pypl Option Income Strategy ETF",12.73,"YieldMax PYPL Option Income Strategy ETF",25,109,No,Equity,N/A,N/A
EWP,"Spain Ishares MSCI ETF",45.28,"iShares MSCI Spain ETF",25,6807,No,Equity,"Finance - Investment Funds",Finance
SCHA,"Schwab U.S. Smallcap ETF",26.12,"Schwab U.S. Small-Cap ETF",26,1283,No,Equity,N/A,N/A
BDRY,"Breakwave Dry Bulk Shipping ETF",6.25,"Breakwave Dry Bulk Shipping ETF",26,3020,No,Equity,N/A,N/A
TARK,"Tradr 2X Long Innovation ETF",59.44,"Tradr 2X Long Innovation ETF",26,474,No,Equity,N/A,N/A
XES,"S&P Oil & Gas Eqpt & Services SPDR",68.12,"SPDR S&P Oil & Gas Equipment & Services ETF",26,625,No,Equity,N/A,N/A
HDGE,"Active Bear ETF",16.36,"AdvisorShares Ranger Equity Bear ETF",26,838,No,Equity,N/A,N/A
SJB,"Short High Yield -1X ETF",15.64,"ProShares Short High Yield",27,4588,No,"Fixed Income",N/A,N/A
MGK,"Vanguard Mega Cap Growth ETF",369.74,"Vanguard Mega Cap Growth ETF",27,2321,No,Equity,N/A,N/A
XYLD,"GX S&P 500 Covered Call ETF",39.05,"Global X S&P 500 Covered Call ETF",28,1102,No,"Portfolio-Multi Asset",N/A,N/A
EIDO,"Indonesia Ishares MSCI ETF",17.47,"iShares MSCI Indonesia ETF",28,3465,No,Equity,N/A,N/A
BLV,"Long Term Bond Index ETF Vanguard",68.68,"Vanguard Long-Term Bond ETF",28,824,No,"Fixed Income",N/A,N/A
PAVE,"GX U.S. Infrastructure Development ETF",44.85,"Global X U.S. Infrastructure Development ETF",28,1049,No,Equity,N/A,N/A
GOVT,"US Treasury Bond Ishares ETF",22.8,"iShares U.S. Treasury Bond ETF",28,803,No,"Fixed Income",N/A,N/A
EMXC,"Emrg Mkts Ex China Ishares MSCI ETF",63.47,"iShares MSCI Emerging Markets ex China ETF",28,486,No,Equity,N/A,N/A
TSDD,"Graniteshares 2X Short Tsla Daily ETF",25.64,"GraniteShares 2x Short TSLA Daily ETF",29,944,No,Equity,N/A,N/A
YBIT,"Yieldmax Bitcoin Option Income Strategy ETF",10.9,"YieldMax Bitcoin Option Income Strategy ETF",29,878,No,Currency,N/A,N/A
YCL,"Ultra Yen 2X ETF",22.5,"ProShares Ultra Yen",29,1658,No,Currency,N/A,N/A
IGE,"Natural Resources North American Ishares ETF",45.35,"iShares North American Natural Resources ETF",29,44,No,Equity,"Finance - Investment Funds",Finance
ETU,"T-Rex 2X Long Ether Daily Target ETF",17.38,"T-Rex 2X Long Ether Daily Target ETF",29,321,No,Equity,N/A,N/A
SBIT,"Proshares Ultrashort Bitcoin ETF",31.88,"ProShares UltraShort Bitcoin ETF",29,3044,No,Currency,N/A,N/A
UGA,"US Gasoline",63.82,"United States Gasoline Fund",30,1219,No,Commodity,N/A,N/A
VTEB,"Tax-Exempt Bond Vanguard",48.95,"Vanguard Tax-Exempt Bond ETF",30,2330,No,"Fixed Income",N/A,N/A
SOYB,"Teucrium Soybean",21.43,"Teucrium Soybean Fund",30,5660,No,Commodity,N/A,N/A
VNQI,"Global Ex-US Real Estate Vanguard",45.97,"Vanguard Global ex-U.S. Real Estate ETF",30,209,No,"Portfolio-Multi Asset",N/A,N/A
JNK,"BBG High Yield Bond SPDR ETF",96.66,"SPDR Bloomberg High Yield Bond ETF",30,6032,Yes,"Fixed Income","Finance - Investment Funds",Finance
TAIL,"Cambria Tail Risk ETF",11.88,"Cambria Tail Risk ETF",30,316,No,"Portfolio-Multi Asset",N/A,N/A
CRWL,"Graniteshares 2X Long Crwd Daily ETF",42.56,"GraniteShares 2x Long CRWD Daily ETF",30,1088,No,Equity,N/A,N/A
SPEM,"SPDR Emerging Markets Portfolio ETF",42.83,"SPDR Portfolio Emerging Markets ETF",31,41,No,Equity,N/A,N/A
AGG,"US Aggregate Bond Ishares Core ETF",98.49,"iShares Core U.S. Aggregate Bond ETF",31,3010,No,"Fixed Income","Finance - Investment Funds",Finance
YETH,"Roundhill Ether Covered Call Strategy ETF",24.99,"Roundhill Ether Covered Call Strategy ETF",31,425,No,Currency,N/A,N/A
BKCH,"GX Blockchain ETF",58.07,"Global X Blockchain ETF",31,613,No,Equity,N/A,N/A
SPMO,"S&P 500 Momentum Invesco ETF",112.07,"Invesco S&P 500 Momentum ETF",32,1813,No,"Portfolio-Multi Asset",N/A,N/A
IWMY,"DeFiance R2000 Enhanced Options Income ETF",24.4,"Defiance R2000 Enhanced Options Income ETF",32,869,No,Equity,N/A,N/A
MIDU,"Mid Cap Bull 3X ETF Direxion",48.52,"Direxion Daily Mid Cap Bull 3X Shares",32,931,No,Equity,N/A,N/A
FIAT,"Yieldmax Short Coin Option Income Strategy ETF",3.19,"YieldMax Short COIN Option Income Strategy ETF",32,2921,No,Equity,N/A,N/A
SPMB,"Mortgage Backed Bond ETF SPDR",21.96,"SPDR Portfolio Mortgage Backed Bond ETF",32,491,No,"Fixed Income",N/A,N/A
ERY,"Energy Bear -2X ETF Direxion",21.1,"Direxion Daily Energy Bear 2x Shares",32,5961,No,Equity,N/A,N/A
OARK,"Yieldmax Innovation Option Income Strategy ETF",9.05,"YieldMax ARKK Option Income Strategy ETF",33,462,No,Equity,N/A,N/A
MVLL,"Graniteshares 2X Long Mrvl Daily ETF",19.88,"GraniteShares 2x Long MRVL Daily ETF",33,910,No,Equity,N/A,N/A
IHF,"US Healthcare Providers Ishares ETF",46,"iShares U.S. Healthcare Providers ETF",33,1152,No,Equity,N/A,N/A
AAAU,"GS Physical Gold ETF",32.75,"Perth Mint Physical Gold ETF",34,2544,No,Commodity,N/A,N/A
GDXY,"Yieldmax Gold Miners Option Income Strategy ETF",14.8,"YieldMax Gold Miners Option Income Strategy ETF",34,1004,No,Equity,N/A,N/A
DOG,"Short Dow30 -1X ETF",25.29,"ProShares Short Dow30",34,1423,No,Equity,N/A,N/A
VTV,"Value ETF Vanguard",178.25,"Vanguard Value ETF",34,3096,No,Equity,N/A,N/A
LTPZ,"15+ Year US TIPS Index Pimco ETF",51.81,"PIMCO 15 Plus Year U.S. TIPS Index ETF",34,2847,No,"Fixed Income","Finance - Investment Funds",Finance
EUO,"Ultrashort Euro -2X ETF",27.78,"ProShares UltraShort Euro",35,2770,No,Currency,N/A,N/A
XAR,"S&P Aerospace & Defense SPDR",210,"SPDR S&P Aerospace & Defense ETF",35,1087,No,Equity,N/A,N/A
AVL,"Avgo Bull 2X ETF Direxion",39.34,"Direxion Daily AVGO Bull 2X Shares",35,569,No,Equity,N/A,N/A
CANE,"Teucrium Sugar",11.07,"Teucrium Sugar Fund",36,2159,No,Commodity,N/A,N/A
IONL,"Graniteshares 2X Long Ionq Daily ETF",54.28,"GraniteShares 2x Long IONQ Daily ETF",36,353,No,Equity,N/A,N/A
SCHK,"Schwab 1000 Index ETF",30.15,"Schwab 1000 Index ETF",36,1456,No,Equity,N/A,N/A
SGOV,"Ishares 0-3 Month Treasury Bond ETF",100.45,"iShares 0-3 Month Treasury Bond ETF",37,319,No,"Fixed Income",N/A,N/A
TSLG,"Leverage Shares 2X Long Tsla Daily ETF",5.03,"Leverage Shares 2X Long TSLA Daily ETF",38,1187,No,Equity,N/A,N/A
IWN,"Russell 2000 Value Ishares ETF",165.16,"iShares Russell 2000 Value ETF",39,6618,No,Equity,"Finance - Investment Funds",Finance
PLTW,"Roundhill Pltr Weeklypay ETF",44.48,"Roundhill PLTR WeeklyPay ETF",40,778,No,Equity,N/A,N/A
OEF,"S&P 100 Ishares ETF",306.97,"iShares S&P 100 ETF",40,1482,No,Equity,N/A,N/A
AVUV,"Avantis U.S. Small Cap Value ETF",94.83,"Avantis U.S. Small Cap Value ETF",40,571,No,Equity,N/A,N/A
EWS,"Singapore Ishares MSCI ETF",26.34,"iShares MSCI Singapore ETF",40,343,No,Equity,"Finance - Investment Funds",Finance
UBT,"Ultra 20+ Year Treasury 2X ETF",16.5,"ProShares Ultra 20 Plus Year Treasury",40,883,No,"Fixed Income",N/A,N/A
RSPG,"S&P 500 EW Energy Invesco ETF",77.11,"Invesco S&P 500 Equal Weight Energy ETF",41,70,No,Equity,N/A,N/A
OILK,"Crude Oil Strategy K-1 Free ETF",41.41,"ProShares K-1 Free Crude Oil Strategy ETF",41,650,No,Commodity,N/A,N/A
RBLU,"T-Rex 2X Long Rblx Daily Target ETF",65.11,"T-REX 2X Long RBLX Daily Target ETF",41,77,No,Equity,N/A,N/A
DDM,"Ultra Dow30 2X ETF",99.57,"ProShares Ultra Dow30",41,1100,No,Equity,N/A,N/A
MRNY,"Yieldmax Mrna Option Income Strategy ETF",2.64,"YieldMax MRNA Option Income Strategy ETF",42,1951,No,Equity,N/A,N/A
IEI,"3-7 Year Treas Bond Ishares ETF",118.21,"iShares 3-7 Year Treasury Bond ETF",43,24515,No,"Fixed Income",N/A,N/A
DBA,"DB Agriculture Fund Invesco",25.93,"Invesco DB Agriculture Fund",44,3565,No,Commodity,"Finance - Investment Funds",Finance
DGT,"Global Dow ETF SPDR",152.05,"SPDR Global Dow ETF",44,3,No,Equity,N/A,N/A
QQQY,"DeFiance Nasdaq 100 Enhanced Options Income ETF",26.01,"Defiance Nasdaq 100 Enhanced Options Income ETF",45,807,No,Alternative,N/A,N/A
UWM,"Ultra Russell 2000 2X ETF",40.42,"ProShares Ultra Russell 2000",45,1396,No,Equity,N/A,N/A
ARKX,"Ark Space Exploration & Innovation ETF",24.3,"ARK Space Exploration & Innovation ETF",46,2098,No,Equity,N/A,N/A
VTWO,"Russell 2000 Vanguard",90.38,"Vanguard Russell 2000 ETF",46,20865,No,Equity,N/A,N/A
DFAX,"Dimensional World Ex U.S. Core Equity 2 ETF",29.61,"Dimensional World ex U.S. Core Equity 2 ETF",46,96,No,Equity,N/A,N/A
MRAL,"Graniteshares 2X Long Mara Daily ETF",26.74,"GraniteShares 2x Long MARA Daily ETF",47,920,No,Equity,"Finance - Consumer Loans",Finance
UBRL,"Graniteshares 2X Long Uber Daily ETF",35.74,"GraniteShares 2x Long UBER Daily ETF",47,1418,No,Equity,N/A,N/A
AMDY,"Yieldmax Amd Option Income Strategy ETF",7.98,"YieldMax AMD Option Income Strategy ETF",48,6205,No,Equity,N/A,N/A
VXZ,"Ipath S&P 500 VIX Mid-Term Futures ETN",58.01,"iPath S&P 500 VIX Mid-Term Futures ETN",48,4159,No,Alternative,N/A,N/A
SOXY,"Yieldmax Target 12 Semiconductor Option Income E",52.65,"YieldMax Target 12 Semiconductor Option Income ETF",48,74,No,Equity,N/A,N/A
RYLD,"GX Russell 2000 Covered Call ETF",15.03,"Global X Russell 2000 Covered Call ETF",48,5108,No,"Portfolio-Multi Asset",N/A,N/A
FCG,"Natural Gas ETF FT",23.63,"First Trust Natural Gas ETF",49,2171,No,Equity,N/A,N/A
SDIV,"GX Superdividend ETF",23.08,"Global X SuperDividend ETF",49,772,No,Equity,N/A,N/A
LFGY,"Yieldmax Crypto Industry & Tech Portfolio Option",40.5,"YieldMax Crypto Industry & Tech Portfolio Option Income ETF",49,457,No,Equity,N/A,N/A
DUG,"Ultrashort Oil & Gas -2X ETF",34.75,"ProShares UltraShort Oil & Gas",49,348,No,Equity,N/A,N/A
DFE,"Wisdomtree Europe Smallcap Dividend Fund",71.04,"WisdomTree Europe SmallCap Dividend Fund",50,29,No,Equity,N/A,N/A
VIG,"Dividend Appreciation ETF Vanguard",206.78,"Vanguard Dividend Appreciation ETF",50,7411,No,Equity,N/A,N/A
TFLO,"Treasury Floating Rate Bond Ishares ETF",50.52,"iShares Treasury Floating Rate Bond ETF",50,103,No,"Portfolio-Multi Asset",N/A,N/A
FXL,"Technology Alphadex ETF FT",160.3,"First Trust Technology AlphaDEX Fund",50,171,No,Equity,N/A,N/A
TSL,"Graniteshares 1.25X Long Tsla Daily ETF",11.46,"GraniteShares 1.25x Long TSLA Daily ETF",52,859,No,Equity,Solar,Oils-Energy
EMLC,"Vaneck JPM EM Local Currency Bond ETF",25.21,"VanEck Vectors J.P. Morgan EM Local Currency Bond ETF",52,992,No,"Fixed Income",N/A,N/A
SHY,"1-3 Year Treasury Bond Ishares ETF",82.47,"iShares 1-3 Year Treasury Bond ETF",52,5576,No,"Fixed Income","Finance - Investment Funds",Finance
YMAG,"Yieldmax Magnificent 7 Option Income ETF",15.3,"YieldMax Magnificent 7 Fund of Option Income ETFs",52,3679,No,Equity,N/A,N/A
VIXM,"Proshares VIX Mid-Term Futures ETF",16.63,"ProShares VIX Mid-Term Futures ETF",53,18234,No,Alternative,N/A,N/A
FTEC,"Fidelity Info Tech MSCI ETF",201.29,"Fidelity MSCI Information Technology Index ETF",54,825,No,Equity,N/A,N/A
SPYD,"SPDR S&P 500 High Dividend Portfolio ETF",43.45,"SPDR Portfolio S&P 500 High Dividend ETF",54,2314,No,"Portfolio-Multi Asset",N/A,N/A
UTSL,"Utilities Bull 3X ETF Direxion",37.15,"Direxion Daily Utilities Bull 3X Shares",54,651,No,Equity,N/A,N/A
EWT,"Taiwan Ishares MSCI ETF",58.03,"iShares MSCI Taiwan ETF",56,34093,No,Equity,N/A,N/A
FBY,"Yieldmax Meta Option Income Strategy ETF",17.03,"YieldMax META Option Income Strategy ETF",57,660,No,Equity,N/A,N/A
SLVR,"Sprott Silver Miners & Physical Silver ETF",30.63,"Sprott Silver Miners & Physical Silver ETF",59,1619,No,"Portfolio-Multi Asset",Unclassified,N/A
SIVR,"Physical Silver ETF",34.64,"Aberdeen Standard Physical Silver Shares ETF",60,9092,No,Commodity,N/A,N/A
EMLP,"North American Energy Infr Fund FT",37.02,"First Trust North American Energy Infrastructure Fund",61,525,No,Equity,N/A,N/A
VYM,"High Dividend Yield Vanguard ETF",134.95,"Vanguard High Dividend Yield ETF",61,25656,No,Equity,N/A,N/A
AIVI,"Wisdomtree International Dividend Top 100 Fund",48.51,"WisdomTree International AI Enhanced Value Fund",63,5,No,Equity,N/A,N/A
GMEU,"T-Rex 2X Long Gme Daily Target ETF",14.44,"T-REX 2X Long GME Daily Target ETF",64,1443,No,Equity,N/A,N/A
ARKQ,"Ark Autonomous Tech & Robotics ETF",89.22,"ARK Autonomous Technology & Robotics ETF",65,3554,No,"Portfolio-Multi Asset",N/A,N/A
YOLO,"Advisorshares Pure Cannabis ETF",2.12,"AdvisorShares Pure Cannabis ETF",65,1185,No,Equity,N/A,N/A
CORN,"Teucrium Corn",17.39,"Teucrium Corn Fund",66,10741,No,Commodity,N/A,N/A
CHAT,"Roundhill Generative Ai & Technology ETF",48.62,"Roundhill Generative AI & Technology ETF",66,808,No,Equity,N/A,N/A
CRSH,"Yieldmax Short Tsla Option Income Strategy ETF",4.98,"YieldMax Short TSLA Option Income Strategy ETF",66,2540,No,Equity,N/A,N/A
IYT,"Transportation Average Ishares ETF",70.78,"iShares Transportation Average ETF",66,21307,No,Equity,N/A,N/A
YCS,"Ultrashort Yen New -2X ETF",42.84,"ProShares UltraShort Yen",67,882,No,Currency,N/A,N/A
IWD,"Russell 1000 Value Ishares ETF",196.26,"iShares Russell 1000 Value ETF",68,54481,No,Equity,"Finance - Investment Funds",Finance
PPA,"Aerospace & Defense Invesco ETF",142.7,"Invesco Aerospace & Defense ETF",68,405,No,Equity,N/A,N/A
DBC,"DB Commodity Index Fund Invesco",22.29,"Invesco DB Commodity Index Tracking Fund",72,5082,No,Commodity,"Finance - Investment Funds",Finance
NFLY,"Yieldmax Nflx Option Income Strategy ETF",18.59,"YieldMax NFLX Option Income Strategy ETF",72,975,No,Equity,N/A,N/A
TOPT,"Ishares Top 20 U.S. Stocks ETF",27.51,"iShares Top 20 U.S. Stocks ETF",74,2008,No,Equity,N/A,N/A
NVDD,"Nvda Bear -1X ETF Direxion",4.52,"Direxion Daily NVDA Bear 1X Shares",75,1241,No,Equity,N/A,N/A
CWI,"ACWI Ex-US MSCI ETF SPDR",32.77,"SPDR MSCI ACWI ex-US ETF",76,165,No,Equity,N/A,N/A
DRIP,"S&P Oil & Gas Exp. & Prod. Bear -2X ETF Direxion",9.04,"Direxion Daily S&P Oil & Gas Exp. & Prod. Bear 2X Shares",77,12366,No,"Portfolio-Multi Asset",N/A,N/A
ECH,"Chile Ishares MSCI ETF",31.04,"iShares MSCI Chile ETF",77,1628,No,Equity,"Finance - Investment Funds",Finance
GOOY,"Yieldmax Googl Option Income Strategy ETF",12.24,"YieldMax GOOGL Option Income Strategy ETF",77,1322,No,Equity,N/A,N/A
FXB,"British Pound Sterling Trust Currencyshares",130.71,"Invesco CurrencyShares British Pound Sterling Trust",80,5220,No,Currency,N/A,N/A
EWC,"Canada Ishares MSCI ETF",46.13,"iShares MSCI Canada ETF",81,432539,No,Equity,N/A,N/A
MNRS,"Grayscale Bitcoin Miners ETF",27.36,"Grayscale Bitcoin Miners ETF",83,156,No,Equity,N/A,N/A
DFLV,"Dimensional US Large Cap Value ETF",31.5,"Dimensional US Large Cap Value ETF",84,404,No,Equity,N/A,N/A
DAX,"GX DAX Germany ETF",45.98,"Global X DAX Germany ETF",86,769,No,Equity,N/A,N/A
MOO,"Vaneck Agribusiness ETF",75.09,"VanEck Vectors Agribusiness ETF",86,584,No,Equity,N/A,N/A
XRPT,"Volatility Shares XRP 2X ETF",13.98,"2x XRP ETF",86,687,No,Equity,N/A,N/A
LLYX,"DeFiance Daily Target 2X Long Lly ETF",16.02,"Defiance Daily Target 2X Long LLY ETF",88,2023,No,Equity,N/A,N/A
NVDS,"Tradr 1.5X Short Nvda Daily ETF",13.77,"Tradr 1.5X Short NVDA Daily ETF",88,4045,No,Equity,N/A,N/A
GLL,"Ultrashort Gold -2X ETF",22.21,"ProShares UltraShort Gold",91,25912,No,Commodity,N/A,N/A
KIE,"S&P Insurance ETF SPDR",57.94,"SPDR S&P Insurance ETF",92,6132,No,Equity,N/A,N/A
VXUS,"Total Intl Stock ETF Vanguard",69.38,"Vanguard Total International Stock ETF",92,4922,No,Equity,N/A,N/A
EWU,"UK Ishares MSCI ETF",40.01,"iShares MSCI United Kingdom ETF",92,27757,No,Equity,"Finance - Investment Funds",Finance
EWH,"Hong Kong Ishares MSCI ETF",19.93,"iShares MSCI Hong Kong ETF",93,8850,No,Equity,"Finance - Investment Funds",Finance
IWF,"Russell 1000 Growth Ishares ETF",428.83,"iShares Russell 1000 Growth ETF",93,6619,No,Equity,"Finance - Investment Funds",Finance
GSG,"S&P GSCI Commodity-Indexed Ishares ETF",22.55,"iShares S&P GSCI Commodity-Indexed Trust",94,1794,No,Commodity,"Finance - Investment Funds",Finance
FDN,"DJ Internet Index ETF FT",269.51,"First Trust Dow Jones Internet Index Fund",94,1209,No,Equity,"Finance - Investment Funds",Finance
MCHI,"China Ishares MSCI ETF",54.58,"iShares MSCI China ETF",95,42621,No,Equity,N/A,N/A
PFF,"US Preferred Stock Ishares ETF",31.19,"iShares U.S. Preferred Stock ETF",95,17006,No,"Fixed Income","Finance - Investment Funds",Finance
EETH,"Proshares Ether Strategy ETF",50.67,"ProShares Ether Strategy ETF",95,3390,No,Currency,N/A,N/A
NFLU,"T-Rex 2X Long Nflx Daily Target ETF",68.81,"T-Rex 2X Long NFLX Daily Target ETF",96,1342,No,Equity,N/A,N/A
TEMT,"Qbts Daily ETF Tradr 2X Long Tem Daily ETF",18.47,"Tradr 2X Long TEM Daily ETF",97,1261,No,Equity,N/A,N/A
VGK,"Europe ETF FTSE Vanguard",78.69,"Vanguard FTSE Europe ETF",98,9579,No,Equity,N/A,N/A
HIBL,"S&P 500 High Beta Bull 3X ETF Direxion",47.01,"Daily S&P 500 High Beta Bull 3X Shares",98,453,No,Equity,N/A,N/A
BND,"Total Bond Market ETF Vanguard",73.09,"Vanguard Total Bond Market ETF",99,2442,No,"Fixed Income",N/A,N/A
RDVI,"FT Rising Dividend ETF",24.98,"FT Cboe Vest Rising Dividend Achievers Target Income ETF",100,309,No,Equity,N/A,N/A
AMZY,"Yieldmax Amzn Option Income Strategy ETF",15.95,"YieldMax AMZN Option Income Strategy ETF",100,1397,No,Equity,N/A,N/A
ACWV,"Ishares Global Min Vol Factor ETF",118.12,"iShares MSCI Global Min Vol Factor ETF",100,98,No,"Portfolio-Multi Asset",N/A,N/A
LIT,"GX Lithium & Battery Tech ETF",39.41,"Global X Lithium & Battery Tech ETF",102,5868,No,Equity,N/A,N/A
RDTL,"Graniteshares 2X Long Rddt Daily ETF",26.54,"GraniteShares 2x Long RDDT Daily ETF",102,836,No,Equity,N/A,N/A
SPYV,"SPDR S&P 500 Value Portfolio ETF",53.02,"SPDR Portfolio S&P 500 Value ETF",105,4873,No,Equity,N/A,N/A
ETHD,"Proshares Ultrashort Ether ETF",11.4,"ProShares UltraShort Ether ETF",106,1196,No,Currency,N/A,N/A
BRZU,"Brazil Bull 2X ETF Direxion",62.34,"Direxion Daily MSCI Brazil Bull 2X Shares",106,2839,No,"Portfolio-Multi Asset",N/A,N/A
AIQ,"GX Artificial Intelligence & Tech ETF",43.77,"Global X Future Analytics Tech ETF",106,4228,No,Equity,"Medical Services",N/A
SMIN,"India Smallcap Ishares MSCI ETF",77.14,"iShares MSCI India Small-Cap ETF",106,757,No,Equity,N/A,N/A
PEY,"High Yield Equity Dividend Achievers Invesco ETF",21.34,"Invesco High Yield Equity Dividend Achievers ETF",106,1337,No,Equity,N/A,N/A
TLH,"10-20 Year Treas Bond Ishares ETF",100.29,"iShares 10-20 Year Treasury Bond ETF",106,1655,No,"Fixed Income",N/A,N/A
BITQ,"Bitwise Crypto Industry Innovators ETF",20.63,"Bitwise Crypto Industry Innovators ETF",109,6390,No,Equity,N/A,N/A
IJH,"S&P Midcap 400 Ishares Core ETF",63.65,"iShares Core S&P Mid-Cap ETF",110,9257,No,Equity,"Finance - Investment Funds",Finance
SNOY,"Yieldmax Snow Option Income Strategy ETF",17.14,"YieldMax SNOW Option Income Strategy ETF",110,312,No,Equity,N/A,N/A
VGLT,"Long-Term Govt Bond Vanguard",55.31,"Vanguard Long-Term Government Bond ETF",115,4335,No,"Fixed Income",N/A,N/A
BLOK,"Transformational Data Sharing Amplify ETF",58.57,"Amplify Transformational Data Sharing ETF",116,3258,No,Equity,N/A,N/A
ARGT,"GX MSCI Argentina ETF",83.46,"Global X MSCI Argentina ETF",116,11106,No,Equity,N/A,N/A
ARKW,"Ark Next Generation Internet ETF",150.04,"ARK Next Generation Internet ETF",117,3512,No,Equity,N/A,N/A
QBTX,"Tradr 2X Long Qbts Daily ETF",85.25,"Tradr 2X Long QBTS Daily ETF",119,1248,No,Equity,N/A,N/A
VUG,"Growth ETF Vanguard",442.5,"Vanguard Growth ETF",123,6000,No,Equity,N/A,N/A
MULL,"Graniteshares 2X Long Mu Daily ETF",21,"GraniteShares 2x Long MU Daily ETF",126,373,No,Equity,N/A,N/A
AIYY,"Yieldmax Ai Option Income Strategy ETF",4.47,"YieldMax AI Option Income Strategy ETF",126,2488,No,"Portfolio-Multi Asset",N/A,N/A
VCLT,"Long-Term Corp Bond Vanguard",75.06,"Vanguard Long-Term Corporate Bond ETF",127,3876,No,"Fixed Income",N/A,N/A
XOVR,"Ershares Private-Public Crossover ETF",19.2,"ERShares Private-Public Crossover ETF",127,1715,No,Equity,N/A,N/A
APPX,"Tradr 2X Long App Daily ETF",39.44,"Tradr 2X Long APP Daily ETF",128,738,No,Equity,N/A,N/A
IVW,"S&P 500 Growth Ishares ETF",110.88,"iShares S&P 500 Growth ETF",135,4685,No,Equity,N/A,N/A
ZROZ,"25+ Year Zero Cpn U.S. Trsy Idx Pimoc ETF",65.01,"PIMCO 25 Plus Year Zero Coupon U.S. Treasury Index ETF",139,7014,No,"Fixed Income",N/A,N/A
CURE,"Healthcare Bull 3X ETF Direxion",79.66,"Direxion Daily Healthcare Bull 3x Shares",139,2226,No,Equity,N/A,N/A
FINX,"GX Fintech ETF",34.76,"Global X FinTech ETF",140,731,No,Equity,N/A,N/A
ERX,"Energy Bull 2X ETF Direxion",55.22,"Direxion Daily Energy Bull 3X Shares",140,9496,No,Equity,N/A,N/A
QRFT,"Qraft Ai-Enhanced U.S. Large Cap ETF",57.07,"QRAFT AI Enhanced U.S. Large Cap ETF",141,0,No,Equity,N/A,N/A
TUR,"Turkey Ishares MSCI ETF",32.79,"iShares MSCI Turkey ETF",146,10823,No,Equity,"Finance - Investment Funds",Finance
NVDQ,"T-Rex 2X Inverse Nvidia Daily Target ETF",1.27,"T-Rex 2X Inverse NVIDIA Daily Target ETF",148,4496,No,Equity,"Medical Instruments",Medical
RIOX,"DeFiance Daily Target 2X Long Riot ETF",17.17,"Defiance Daily Target 2X Long RIOT ETF",149,1366,No,Equity,N/A,N/A
SOLZ,"Solana ETF",17.48,"Solana ETF",149,371,No,Equity,N/A,N/A
EPV,"Ultrashort FTSE Europe -2X ETF",25.25,"ProShares UltraShort FTSE Europe",150,1322,No,Equity,N/A,N/A
EWW,"Mexico Ishares MSCI ETF",60.28,"iShares MSCI Mexico ETF",151,12754,Yes,Equity,N/A,N/A
HACK,"ETFMG Prime Cyber Security ETF",87.7,"ETFMG Prime Cyber Security ETF",152,3322,No,Equity,N/A,N/A
SVOL,"Simplify Volatility Premium ETF",17.99,"Simplify Volatility Premium ETF",158,15853,No,Equity,N/A,N/A
EUFN,"Europe Financials Ishares MSCI ETF",32.51,"iShares MSCI Europe Financials ETF",160,10618,No,Equity,N/A,N/A
ETHT,"Proshares Ultra Ether ETF",47.01,"ProShares Ultra Ether ETF",170,5328,No,Currency,N/A,N/A
CWEB,"CSI China Internet Bull 2X ETF Direxion",38.75,"Direxion Daily CSI China Internet Index Bull 2X Shares",172,31708,No,Equity,N/A,N/A
IVVW,"Ishares S&P 500 Buywrite ETF",45.41,"Ishares S&P 500 Buywrite ETF",172,11,No,Equity,N/A,N/A
EUAD,"Stoxx Europe Aerospace & Defense ETF",43.39,"Select STOXX Europe Aerospace & Defense ETF",175,4419,No,Equity,N/A,N/A
AMLP,"Alps Alerian MLP ETF",48.7,"Alerian MLP ETF",179,18913,No,Equity,N/A,N/A
VWO,"FTSE EM ETF Vanguard",49.61,"Vanguard FTSE Emerging Markets ETF",181,27488,No,Equity,"Finance - Investment Funds",Finance
DFSV,"Dimensional US Small Cap Value ETF",30.84,"Dimensional US Small Cap Value ETF",186,77,No,Equity,N/A,N/A
AMZZ,"Graniteshares 2X Long Amzn Daily ETF",31.7,"GraniteShares 2x Long AMZN Daily ETF",188,2351,No,Equity,N/A,N/A
REM,"Mortgage Real Estate Ishares ETF",22.06,"iShares Mortgage Real Estate ETF",190,5724,No,Equity,N/A,N/A
BKLN,"Senior Loan Invesco ETF",20.97,"Invesco Senior Loan ETF",190,18658,No,"Fixed Income",N/A,N/A
VTIP,"Short-Term Infl Protected Vanguard",49.88,"Vanguard Short-Term Inflation-Protected Securities ETF",191,1438,No,"Fixed Income",N/A,N/A
MTUM,"USA Momentum Factor Ishares Edge MSCI ETF",237.89,"iShares Edge MSCI USA Momentum Factor ETF",192,18079,No,"Portfolio-Multi Asset",N/A,N/A
BOTZ,"GX Robotics & Artificial Intelligence ETF",32.77,"Global X Robotics & Artificial Intelligence ETF",194,8928,No,Equity,N/A,N/A
SOLT,"2X Solana ETF",15.99,"2x Solana ETF",199,2359,No,Equity,N/A,N/A
PIN,"India Invesco ETF",27.05,"Invesco India ETF",200,161,No,Equity,"Finance - Investment Funds",Finance
QTUM,"DeFiance Quantum ETF",93.54,"Defiance Quantum ETF",200,6015,No,Equity,N/A,N/A
FLIN,"Franklin India ETF",39.85,"Franklin FTSE India ETF",201,123,No,Equity,N/A,N/A
JNUG,"Junior Gold Miners Bull 2X ETF Direxion",78.11,"Direxion Daily Junior Gold Miners Index Bull 3X Shares",201,16791,No,"Portfolio-Multi Asset",N/A,N/A
IYW,"US Technology Ishares ETF",176.3,"iShares U.S. Technology ETF",202,13131,No,Equity,"Finance - Investment Funds",Finance
VGT,"Information Technology ETF Vanguard",676.85,"Vanguard Information Technology ETF",204,16030,No,Equity,N/A,N/A
IJR,"S&P Smallcap Ishares Core ETF",112.95,"iShares Core S&P Small-Cap ETF",204,13253,No,Equity,"Finance - Investment Funds",Finance
TSLR,"Graniteshares 2X Long Tsla Daily ETF",16.18,"GraniteShares 2x Long TSLA Daily ETF",204,9861,No,Equity,N/A,N/A
QID,"Ultrashort QQQ -2X ETF",24.94,"ProShares UltraShort QQQ",207,41883,No,Equity,N/A,N/A
REMX,"Vaneck Rare Earth Strategic Metals ETF",41.94,"VanEck Vectors Rare Earth/Strategic Metals ETF",211,3987,No,Equity,N/A,N/A
TBF,"Short 20+ Year Treasury -1X ETF",24.5,"ProShares Short 20 Plus Year Treasury",215,2149,No,"Fixed Income",N/A,N/A
PALL,"Physical Palladium ETF",101.25,"Aberdeen Standard Physical Palladium Shares ETF",219,5800,No,Commodity,"Finance - Investment Funds",Finance
BLCN,"Siren Nasdaq Nexgen Economy ETF",24.35,"Siren Nasdaq NexGen Economy ETF",229,166,No,Equity,N/A,N/A
JEPI,"JPM Equity Premium Income ETF",56.85,"JPMorgan Equity Premium Income ETF",233,24802,No,Equity,N/A,N/A
QYLD,"GX Nasdaq-100 Covered Call ETF",16.77,"Global X Nasdaq 100 Covered Call ETF",237,15270,No,Equity,N/A,N/A
JDST,"Junior Gold Miners Bear -2X ETF Direxion",9.9,"Direxion Daily Junior Gold Miners Index Bear 3X Shares",239,5605,No,"Portfolio-Multi Asset",N/A,N/A
RWM,"Short Russell 2000 -1X ETF",18.18,"ProShares Short Russell2000",243,1603,No,Equity,N/A,N/A
TSMY,"Yieldmax Tsm Option Income Strategy ETF",16.75,"YieldMax TSM Option Income Strategy ETF",244,325,No,Equity,N/A,N/A
ITA,"US Aerospace & Defense Ishares ETF",188.91,"iShares U.S. Aerospace & Defense ETF",257,17283,No,Equity,N/A,N/A
VEA,"FTSE Developed Markets Vanguard",57.31,"Vanguard FTSE Developed Markets ETF",260,6555,No,Equity,N/A,N/A
BNO,"US Brent Oil",30.72,"United States Brent Oil Fund",272,12216,No,Commodity,N/A,N/A
SOFX,"DeFiance Daily Target 2X Long Sofi ETF",24.86,"Defiance Daily Target 2X Long SOFI ETF",273,1190,No,Equity,N/A,N/A
BITI,"Proshares Short Bitcoin Strategy -1X ETF",18.9,"ProShares Short Bitcoin Strategy ETF",273,18049,No,Currency,"Medical - Drugs",Medical
SHLD,"GX Defense Tech ETF",60.3,"Global X Defense Tech ETF",278,11686,No,Equity,"Retail - Discount",Retail-Wholesale
MJ,"ETFMG Alternative Harvest ETF",21.25,"ETFMG Alternative Harvest ETF",279,6577,No,Equity,N/A,N/A
DXJ,"Wisdomtree Japan Hedged Equity Fund",114.35,"WisdomTree Japan Hedged Equity Fund",282,1735,No,Equity,N/A,N/A
XLRE,"S&P 500 Real Estate Sector SPDR",41.4,"Real Estate Select Sector SPDR Fund",284,40449,No,Equity,N/A,N/A
KBWB,"KBW Bank Invesco ETF",73.19,"Invesco KBW Bank ETF",286,15695,No,"Portfolio-Multi Asset",N/A,N/A
HYD,"Vaneck High Yield Muni ETF",50.01,"VanEck Vectors High-Yield Municipal Index ETF",290,3837,No,"Fixed Income",N/A,N/A
SMCY,"Yieldmax Smci Option Income Strategy ETF",20.08,"YieldMax SMCI Option Income Strategy ETF",291,3765,No,Equity,N/A,N/A
CIBR,"Nasdaq Cybersecurity ETF",76.32,"First Trust Nasdaq Cybersecurity ETF",294,10293,No,"Portfolio-Multi Asset",N/A,N/A
SMST,"DeFiance Daily Target 1.5X Short Mstr ETF",21.59,"Defiance Daily Target 1.5X Short MSTR ETF",297,10573,Yes,Equity,N/A,N/A
UDOW,"Ultrapro Dow30 3X ETF",96.61,"ProShares UltraPro Dow30",301,12113,No,"Portfolio-Multi Asset",N/A,N/A
SPYI,"Neos S&P 500 High Income ETF",50.76,"NEOS S&P 500 High Income ETF",301,7537,No,"Fixed Income",N/A,N/A
URTY,"Ultrapro Russell 2000 3X ETF",43.6,"ProShares UltraPro Russell2000",301,10505,No,"Portfolio-Multi Asset",N/A,N/A
QQQI,"Neos Nasdaq 100 High Income ETF",52.42,"NEOS Nasdaq 100 High Income ETF",311,5099,No,Equity,N/A,N/A
WEAT,"Teucrium Wheat",4.52,"Teucrium Wheat Fund",315,61767,Yes,Commodity,N/A,N/A
DFAC,"Dimensional U.S. Core Equity 2 ETF",36.45,"Dimensional U.S. Core Equity 2 ETF",324,495,No,Equity,N/A,N/A
VNQ,"Real Estate Vanguard ETF",89.19,"Vanguard REIT ETF",325,43478,No,Equity,"Finance - Investment Funds",Finance
SCHB,"Schwab U.S. Broad Market ETF",24.1,"Schwab U.S. Broad Market ETF",340,7165,No,Equity,N/A,N/A
OIH,"Vaneck Oil Services ETF",247.93,"VanEck Vectors Oil Services ETF",340,44303,No,Equity,"Finance - Investment Funds",Finance
BUG,"GX Cybersecurity ETF",37.41,"Global X Cybersecurity ETF",347,4364,No,Equity,N/A,N/A
URNJ,"Sprott Junior Uranium Miners ETF",19.38,"Sprott Junior Uranium Miners ETF",347,9798,No,Equity,N/A,N/A
DFEN,"Aerospace & Defense Bull 3X ETF Direxion",51.98,"Direxion Daily Aerospace & Defense Bull 3X Shares",347,8871,No,Equity,N/A,N/A
MSOX,"Advisorshares Msos 2X Daily ETF",3.59,"AdvisorShares MSOS 2x Daily ETF",348,17320,No,Equity,N/A,N/A
CONI,"Graniteshares 1X Short Coin Daily ETF",2.08,"GraniteShares 1x Short COIN Daily ETF",348,5094,No,Equity,N/A,N/A
DIG,"Ultra Oil & Gas 2X ETF",35.76,"ProShares Ultra Oil & Gas",352,7939,No,Equity,N/A,N/A
BABX,"Graniteshares 2X Long Baba Daily ETF",20.75,"GraniteShares 2x Long BABA Daily ETF",353,984,No,Equity,N/A,N/A
UGL,"Ultra Gold 2X ETF",34.77,"ProShares Ultra Gold",354,37234,No,Commodity,N/A,N/A
QDTE,"Roundhill Innovation-100 0Dte Covered Call ETF",35.52,"Roundhill N-100 0DTE Covered Call Strategy ETF",373,3319,No,Equity,N/A,N/A
MSFU,"Msft Bull 2X ETF Direxion",50.77,"Direxion Daily MSFT Bull 1.5X Shares",379,4423,No,Equity,N/A,N/A
SCHG,"Schwab U.S. Largecap Growth ETF",29.44,"Schwab U.S. Large-Cap Growth ETF",383,13418,No,Equity,N/A,N/A
EMB,"USD Emrg Mkts Bond Ishares JPM ETF",92.38,"iShares J.P. Morgan USD Emerging Markets Bond ETF",390,94278,Yes,"Fixed Income","Finance - Investment Funds",Finance
CHAU,"CSI 300 China A Share Bull 2X ETF Direxion",15.19,"Direxion Daily CSI 300 China A Share Bull 2X Shares",394,26494,No,"Portfolio-Multi Asset",N/A,N/A
TWM,"Ultrashort Russell 2000 -2X ETF",40.27,"ProShares UltraShort Russell2000",424,865,No,Equity,N/A,N/A
SRTY,"Ultrapro Short Russell 2000 -3X ETF",15.37,"ProShares UltraPro Short Russell2000",439,2805,No,"Portfolio-Multi Asset",N/A,N/A
VT,"Total World Stock Index ETF Vanguard",129.65,"Vanguard Total World Stock ETF",439,6858,No,Equity,N/A,N/A
SDOW,"Ultrapro Short Dow 30 -3X ETF",40.48,"ProShares UltraPro Short Dow30",443,20910,No,"Portfolio-Multi Asset",N/A,N/A
AVGX,"DeFiance Daily Target 2X Long Avgo ETF",36.17,"Defiance Daily Target 2x Long AVGO ETF",451,10618,No,Equity,N/A,N/A
SPYG,"SPDR S&P 500 Growth Portfolio ETF",96,"SPDR Portfolio S&P 500 Growth ETF",460,9774,No,Equity,N/A,N/A
UDN,"DB US Dollar Index Bearish -1X Fund Invesco",18.8,"Invesco DB US Dollar Index Bearish Fund",461,50129,No,Currency,N/A,N/A
MDY,"S&P Midcap 400 SPDR",581.66,"SPDR S&P MIDCAP 400 ETF Trust",468,19330,No,Equity,N/A,N/A
TMV,"20-Yr Treasury Bear -3X ETF Direxion",38.32,"Direxion Daily 20 Plus Year Treasury Bear 3X Shares",469,32570,No,"Fixed Income",N/A,N/A
PLTY,"Yieldmax Pltr Option Income Strategy ETF",66.21,"YieldMax PLTR Option Income Strategy ETF",472,5362,No,Equity,N/A,N/A
ETHW,"Bitwise Ethereum ETF",19.86,"Bitwise Ethereum ETF",472,6070,No,Currency,N/A,N/A
BITU,"Proshares Ultra Bitcoin ETF",55.37,"ProShares Ultra Bitcoin ETF",494,12859,No,Currency,N/A,N/A
QQQM,"Invesco Nasdaq 100 ETF",228.97,"Invesco NASDAQ 100 ETF",501,23620,No,Equity,N/A,N/A
FAZ,"Financial Bear -3X ETF Direxion",4.41,"Direxion Daily Financial Bear 3X Shares",538,74184,Yes,Equity,"Finance - Investment Funds",Finance
DXD,"Ultrashort Dow30 -2X ETF",23.85,"ProShares UltraShort Dow30",541,5957,No,Equity,N/A,N/A
XXRP,"Teucrium 2X Long Daily XRP ETF",31,"Teucrium 2x Long Daily XRP ETF",543,2222,No,Equity,N/A,N/A
SH,"Short S&P500 -1X ETF",39.35,"ProShares Short S&P500",546,53928,No,Equity,N/A,N/A
ARKF,"Ark Fintech Innovation ETF",51.23,"ARK FinTech Innovation ETF",547,12772,No,Equity,N/A,N/A
DUST,"Gold Miners Bear -2X ETF Direxion",25.13,"Direxion Daily Gold Miners Bear 2X Shares",555,16125,No,Equity,N/A,N/A
GUSH,"S&P Oil & Gas Exp. & Prod. Bull 2X ETF Direxion",24.44,"Direxion Daily S&P Oil & Gas Exp. & Prod. Bull 2X Shares",562,37553,No,Equity,N/A,N/A
YMAX,"Yieldmax Universe Fund of Option Income ETF",13.82,"YieldMax Universe Fund of Option Income ETFs",594,11184,No,"Portfolio-Multi Asset",N/A,N/A
VIXY,"Proshares VIX Short-Term Futures ETF",44.2,"ProShares VIX Short-Term Futures ETF",610,13700,No,Alternative,N/A,N/A
DRN,"Real Estate Bull 3X ETF Direxion",9.5,"Direxion Daily MSCI Real Estate Bull 3X Shares",622,13331,No,Equity,N/A,N/A
EDV,"Extended Dur Trs Idx ETF Vanguard",65.36,"Vanguard Extended Duration Treasury ETF",642,15002,No,"Fixed Income",N/A,N/A
FNGS,"Microsectors Fang+ ETN",65.46,"MicroSectors FANG plus Index ETN",643,2511,No,Equity,N/A,N/A
COPX,"GX Copper Miners ETF",44.91,"Global X Copper Miners ETF",651,21611,No,Equity,N/A,N/A
PPLT,"Physical Platinum ETF",122.86,"Aberdeen Standard Physical Platinum Shares ETF",691,11638,No,Commodity,"Finance - Investment Funds",Finance
XDTE,"Roundhill S&P 500 0Dte Covered Call Strategy ETF",44.33,"Roundhill S&P 500 0DTE Covered Call Strategy ETF",716,1775,No,Equity,N/A,N/A
SIL,"GX Silver Miners ETF",48.26,"Global X Silver Miners ETF",733,48846,No,Equity,N/A,N/A
SCO,"Ultrashort Bloomberg Crude Oil -2X ETF",16.71,"ProShares UltraShort Bloomberg Crude Oil",747,26629,No,Commodity,N/A,N/A
USD,"Ultra Semiconductors 2X ETF",77.41,"ProShares Ultra Semiconductors",752,9476,No,Equity,N/A,N/A
FBL,"Graniteshares 2X Long Meta Daily ETF",44.94,"GraniteShares 2x Long META Daily ETF",752,5512,No,Equity,N/A,N/A
WGMI,"Valkyrie Bitcoin Miners ETF",25.24,"Valkyrie Bitcoin Miners ETF",875,33747,No,Equity,N/A,N/A
BITB,"Bitwise Bitcoin ETF",60.86,"Bitwise Bitcoin ETF",879,14951,No,Currency,N/A,N/A
IGV,"North American Tech-Software Ishares ETF",111.42,"iShares North American Tech-Software ETF",879,109147,Yes,Equity,N/A,N/A
GRNY,"Fundstrat Granny Shots US Large Cap ETF",22.75,"Fundstrat Granny Shots US Large Cap ETF",887,17604,No,Equity,N/A,N/A
URNM,"Sprott Uranium Miners ETF",44.44,"Sprott Uranium Miners ETF",888,78690,No,Equity,N/A,N/A
TSLS,"Tsla Bear -1X ETF Direxion",8.35,"Direxion Daily TSLA Bear 1X Shares",917,14920,No,Equity,N/A,N/A
FXE,"Euro Trust Currencyshares",108.17,"Invesco CurrencyShares Euro Trust",927,31935,No,Currency,N/A,N/A
VTI,"Total Stock Market ETF Vanguard",307.5,"Vanguard Total Stock Market ETF",953,33514,Yes,Equity,"Finance - Investment Funds",Finance
NVD,"Graniteshares 2X Short Nvda Daily ETF",11.85,"GraniteShares 2x Short NVDA Daily ETF",1022,8805,No,Equity,N/A,N/A
TAN,"Solar Invesco ETF",38.58,"Invesco Solar ETF",1038,98133,Yes,Equity,N/A,N/A
IBB,"Nasdaq Biotechnology Ishares ETF",132.29,"iShares Nasdaq Biotechnology ETF",1118,57433,No,Equity,"Finance - Investment Funds",Finance
TSLZ,"T-Rex 2X Inverse Tesla Daily Target ETF",1.845,"T-REX 2X Inverse Tesla Daily Target ETF",1193,91973,Yes,Equity,N/A,N/A
MAGS,"Roundhill Magnificent Seven ETF",55.66,"The Magnificent Seven ETF",1194,56027,Yes,Equity,"Protection - Safety","Industrial Products"
SSO,"Ultra S&P500 2X ETF",99.5,"ProShares Ultra S&P500",1235,26196,Yes,Equity,N/A,N/A
QWLD,"World Qlty Mix MSCI ETF SPDR",135.46,"SPDR MSCI World StrategicFactors ETF",1236,79,No,"Portfolio-Multi Asset",N/A,N/A
CPER,"US Copper",34.3,"United States Copper Index Fund",1237,10429,No,Commodity,N/A,N/A
BTC,"Grayscale Bitcoin Mini Trust ETF",49.57,"Grayscale Bitcoin Mini Trust ETF",1245,14813,No,Currency,N/A,N/A
ECNS,"China Smallcap Ishares MSCI ETF",32.16,"iShares MSCI China Small-Cap ETF",1269,67,No,Equity,N/A,N/A
ROBN,"T-Rex 2X Long Hood Daily Target ETF",52.67,"T-Rex 2X Long HOOD Daily Target ETF",1275,26974,No,Equity,N/A,N/A
SPLG,"SPDR Portfolio S&P 500 ETF",73.41,"SPDR Portfolio Large Cap ETF",1284,26223,No,Equity,N/A,N/A
AGQ,"Ultra Silver 2X ETF",48.15,"ProShares Ultra Silver",1298,44954,Yes,Commodity,N/A,N/A
QLD,"Ultra QQQ 2X ETF",119.45,"ProShares Ultra QQQ",1420,29314,No,Equity,N/A,N/A
YANG,"FTSE China Bear -3X ETF Direxion",32.18,"Direxion Daily FTSE China Bear 3X Shares",1448,59532,Yes,Equity,N/A,N/A
SVXY,"Short VIX Short-Term -1X Futures ETF",43.85,"ProShares Short VIX Short-Term Futures ETF",1489,50772,Yes,"Portfolio-Multi Asset",N/A,N/A
SARK,"Tradr 2X Short Innovation Daily ETF",34.67,"Tradr 2X Short Innovation Daily ETF",1508,4279,No,Equity,N/A,N/A
IVV,"S&P 500 Ishares Core ETF",627.03,"iShares Core S&P 500 ETF",1577,24637,Yes,Equity,"Finance - Investment Funds",Finance
INDA,"India MSCI Ishares ETF",55.66,"iShares MSCI India ETF",1606,110583,No,Equity,N/A,N/A
METU,"Meta Bull 2X ETF Direxion",44.42,"Direxion Daily META Bull 2X Shares",1630,7999,No,Equity,N/A,N/A
FXY,"Japanese Yen Trust Currencyshares",62.93,"Invesco CurrencyShares Japanese Yen Trust",1663,75914,No,Currency,N/A,N/A
XLC,"S&P 500 Communication Sector SPDR",107.06,"Communication Services Select Sector SPDR Fund",1689,76658,Yes,Equity,N/A,N/A
FEZ,"Euro Stoxx 50 ETF SPDR",61.24,"SPDR EURO STOXX 50 ETF",1690,134078,Yes,Equity,N/A,N/A
EWG,"Germany Ishares MSCI ETF",43.26,"iShares MSCI Germany ETF",1707,97948,No,Equity,"Finance - Investment Funds",Finance
NVDU,"Nvda Bull 2X ETF Direxion",104.81,"Direxion Daily NVDA Bull 1.5X Shares",1708,14926,No,Equity,N/A,N/A
HIMZ,"DeFiance Daily Target 2X Long Hims ETF",22.39,"Defiance Daily Target 2X Long HIMS ETF",1786,16593,No,Equity,N/A,N/A
XLB,"S&P 500 Materials Sector SPDR",91.78,"Materials Select Sector SPDR Fund",1787,398981,Yes,Equity,"Finance - Investment Funds",Finance
JEPQ,"JPM Nasdaq Equity Premium Income ETF",54.3,"JPMorgan Nasdaq Equity Premium Income ETF",1879,52129,No,"Fixed Income",N/A,N/A
MSTZ,"T-Rex 2X Inverse Mstr Daily Target ETF",3.79,"T-Rex 2X Inverse MSTR Daily Target ETF",1908,50499,Yes,Equity,N/A,N/A
UCO,"Ultra Bloomberg Crude Oil 2X ETF",24.22,"ProShares Ultra Bloomberg Crude Oil",1928,53704,Yes,Commodity,N/A,N/A
SDS,"Ultrashort S&P500 -2X ETF",16.38,"ProShares UltraShort S&P500",2006,79497,No,Equity,N/A,N/A
TECS,"Technology Bear -3X ETF Direxion",25.37,"Direxion Daily Technology Bear 3X Shares",2031,13192,No,Equity,N/A,N/A
FXC,"Canadian Dollar Trust Currencyshares",71.41,"Invesco CurrencyShares Canadian Dollar Trust",2042,17038,No,Currency,N/A,N/A
NAIL,"Homebuilders & Supplies Bull 3X ETF Direxion",63.07,"Direxion Daily Homebuilders & Supplies Bull 3X Shares",2169,29003,No,Equity,N/A,N/A
TBT,"Ultrashort Lehman 20 Year Treasury -2X ETF",35.88,"ProShares UltraShort 20 Plus Year Treasury",2272,44576,No,"Fixed Income",N/A,N/A
IYR,"US Real Estate Ishares ETF",95.02,"iShares U.S. Real Estate ETF",2295,144583,Yes,Equity,"Finance - Investment Funds",Finance
GBTC,"Grayscale Bitcoin Trust ETF",88.08,"Grayscale Bitcoin Trust ETF",2306,41228,Yes,Currency,N/A,N/A
DPST,"Regional Banks Bull 3X ETF Direxion",103.29,"Direxion Daily Regional Banks Bull 3X Shares",2307,56000,Yes,Equity,N/A,N/A
LABD,"S&P Biotech Bear -3X ETF Direxion",6.23,"Direxion Daily S&P Biotech Bear 3x Shares",2420,32885,Yes,"Portfolio-Multi Asset",N/A,N/A
CONY,"Yieldmax Coin Option Income Strategy ETF",9.56,"YieldMax COIN Option Income Strategy ETF",2465,42493,No,Equity,N/A,N/A
TSLQ,"Tradr 2X Short Tsla Daily ETF",20.46,"Tradr 2X Short TSLA Daily ETF",2466,27048,No,Equity,N/A,N/A
SMCX,"DeFiance Daily Target 2X Long Smci ETF",50.64,"Defiance Daily Target 2x Long SMCI ETF",2562,26873,No,Equity,N/A,N/A
FAS,"Financial Bull 3X ETF Direxion",168.46,"Direxion Daily Financial Bull 3X Shares",2607,55436,Yes,Equity,"Finance - Investment Funds",Finance
IAU,"Gold Trust Ishares",62.52,"iShares Gold Trust",2642,169363,Yes,Commodity,"Finance - Investment Funds",Finance
VOO,"S&P 500 ETF Vanguard",573.61,"Vanguard S&P 500 ETF",2738,89979,Yes,Equity,N/A,N/A
PSQ,"Short QQQ -1X ETF",33.43,"ProShares Short QQQ",2811,37708,No,Equity,N/A,N/A
SOXX,"Semiconductor Ishares ETF",244.12,"iShares PHLX Semiconductor ETF",2837,151055,Yes,Equity,N/A,N/A
NVDY,"Yieldmax Nvda Option Income Strategy ETF",17.21,"YieldMax NVDA Option Income Strategy ETF",3007,28887,No,Equity,N/A,N/A
FBTC,"Fidelity Wise Origin Bitcoin Fund",97.65,"Fidelity Wise Origin Bitcoin Fund",3046,80778,Yes,Currency,N/A,N/A
TECL,"Technology Bull 3X ETF Direxion",98.26,"Direxion Daily Technology Bull 3X Shares",3120,52645,No,Equity,N/A,N/A
TSLT,"T-Rex 2X Long Tesla Daily Target ETF",13.76,"T-REX 2X Long Tesla Daily Target ETF",3122,15064,No,Equity,N/A,N/A
ICLN,"Global Clean Energy Ishares ETF",13.6,"iShares Global Clean Energy ETF",3130,55061,Yes,Equity,N/A,N/A
NUGT,"Gold Miners Bull 2X ETF Direxion",72.52,"Direxion Daily Gold Miners Bull 2X Shares",3213,34679,Yes,Equity,N/A,N/A
SILJ,"ETFMG Prime Junior Silver Miners ETF",14.83,"ETFMG Prime Junior Silver Miners ETF",3419,260096,Yes,Equity,N/A,N/A
SCHD,"Schwab US Dividend Equity ETF",27.29,"Schwab U.S. Dividend Equity ETF",3497,139108,Yes,Equity,N/A,N/A
SPXU,"Ultrapro Short S&P500 -3X ETF",16.36,"ProShares UltraPro Short S&P500",3613,87948,Yes,Equity,N/A,N/A
EWJ,"Japan Ishares MSCI ETF",73.3,"iShares MSCI Japan ETF",3637,91512,No,Equity,"Finance - Investment Funds",Finance
ARKB,"Ark 21Shares Bitcoin ETF",37.18,"ARK 21Shares Bitcoin ETF",3721,28358,No,Currency,N/A,N/A
XLY,"S&P 500 Cons Disc Sector SPDR",218.95,"Consumer Discretionary Select Sector SPDR Fund",3760,264867,Yes,Equity,"Finance - Investment Funds",Finance
KBE,"S&P Bank ETF SPDR",58.38,"SPDR S&P Bank ETF",3803,83765,No,Equity,N/A,N/A
XRT,"S&P Retail SPDR",80.19,"SPDR S&P Retail ETF",3865,363256,Yes,Equity,N/A,N/A
AAPU,"Aapl Bull 2X ETF Direxion",23.14,"Direxion Daily AAPL Bull 1.5X Shares",3944,19045,No,Equity,N/A,N/A
GGLL,"Googl Bull 2X ETF Direxion",34.72,"Direxion Daily GOOGL Bull 1.5X Shares",4081,30830,No,Equity,N/A,N/A
GDXJ,"Vaneck Junior Gold Miners ETF",67.22,"VanEck Vectors Junior Gold Miners ETF",4493,168602,Yes,Equity,N/A,N/A
UUP,"DB US Dollar Index Bullish Fund Invesco",27.09,"Invesco DB US Dollar Index Bullish Fund",4581,95104,No,Currency,N/A,N/A
ULTY,"Yieldmax Ultra Option Income Strategy ETF",6.29,"YieldMax Ultra Option Income Strategy ETF",4651,29190,No,Equity,N/A,N/A
XOP,"S&P Oil & Gas Expl & Prod SPDR",130.71,"SPDR S&P Oil & Gas Exploration & Production ETF",4756,320017,Yes,Equity,N/A,N/A
SPXL,"S&P 500 Bull 3X ETF Direxion",178.12,"Direxion Daily S&P 500 Bull 3X Shares",5280,85880,Yes,Equity,N/A,N/A
PTIR,"Graniteshares 2X Long Pltr Daily ETF",21.27,"GraniteShares 2x Long PLTR Daily ETF",5305,5894,No,Equity,N/A,N/A
AMZU,"Amzn Bull 2X ETF Direxion",37.55,"Direxion Daily AMZN Bull 1.5X Shares",5645,17901,No,Equity,N/A,N/A
UPRO,"Ultrapro S&P 500 3X ETF",93.88,"ProShares UltraPro S&P500",5763,83601,Yes,Equity,N/A,N/A
CONL,"Graniteshares 2X Long Coin Daily ETF",51.87,"GraniteShares 2x Long COIN Daily ETF",5897,70449,No,Equity,N/A,N/A
JETS,"US Global Jets ETF",23.87,"U.S. Global Jets ETF",6325,330022,Yes,Equity,N/A,N/A
TZA,"Small Cap Bear -3X ETF Direxion",10.66,"Direxion Daily Small Cap Bear 3X Shares",6370,120936,Yes,Equity,N/A,N/A
SVIX,"vs TR Short VIX -1X Futures ETF",16.37,"VS -1x Short VIX Futures ETF",6716,92029,Yes,Equity,N/A,N/A
AMDL,"Graniteshares 2X Long Amd Daily ETF",8.07,"GraniteShares 2x Long AMDL Daily ETF",6939,164275,No,Equity,N/A,N/A
ITB,"US Home Construction Ishares ETF",99.21,"iShares U.S. Home Construction ETF",6951,124438,Yes,Equity,N/A,N/A
XLI,"S&P 500 Industrial Sector SPDR",149.9,"Industrial Select Sector SPDR Fund",6966,591108,Yes,Equity,N/A,N/A
NVDX,"T-Rex 2X Long Nvidia Daily Target ETF",15.39,"T-Rex 2X Long NVIDIA Daily Target ETF",7200,72676,Yes,Equity,N/A,N/A
RSP,"S&P 500 EW Invesco ETF",184.71,"Invesco S&P 500 Equal Weight ETF",7458,190188,Yes,Equity,"Finance - Investment Funds",Finance
XLK,"S&P 500 Technology Sector SPDR",257.83,"Technology Select Sector SPDR Fund",8200,366124,Yes,Equity,N/A,N/A
URA,"GX Uranium ETF",36.73,"Global X Uranium ETF",8817,276489,Yes,Equity,N/A,N/A
ETH,"Grayscale Ethereum Mini Trust ETF",26.1,"Grayscale Ethereum Mini Trust ETF",9772,28817,No,Currency,N/A,N/A
ARKG,"Ark Genomic Revolution ETF",26.07,"ARK Genomic Revolution ETF",9825,321767,Yes,"Portfolio-Multi Asset",N/A,N/A
XLV,"S&P 500 Healthcare Sector SPDR",135.49,"Health Care Select Sector SPDR Fund",10284,403905,Yes,Equity,N/A,N/A
EWY,"South Korea Ishares MSCI ETF",72.08,"iShares MSCI South Korea ETF",11336,195046,No,Equity,"Finance - Investment Funds",Finance
IEF,"7-10 Year Treasury Bond Ishares ETF",94.81,"iShares 7-10 Year Treasury Bond ETF",11522,467314,Yes,"Fixed Income","Finance - Investment Funds",Finance
ETHU,"Volatility Shares 2X Ether ETF",67.43,"Volatility Shares 2x Ether ETF",11856,94352,Yes,Currency,N/A,N/A
MSTY,"Yieldmax Mstr Option Income Strategy ETF",21.39,"YieldMax MSTR Option Income Strategy ETF",12569,96385,Yes,"Portfolio-Multi Asset",N/A,N/A
ETHE,"Grayscale Ethereum Trust ETF",22.93,"Grayscale Ethereum Trust ETF",13787,74586,No,Currency,N/A,N/A
XHB,"S&P Homebuilders SPDR",105,"SPDR S&P Homebuilders ETF",15009,154014,Yes,Equity,N/A,N/A
KOLD,"Ultrashort Bloomberg Natural Gas -2X ETF",29.3,"ProShares UltraShort Bloomberg Natural Gas",15301,83645,Yes,Commodity,N/A,N/A
TMF,"20-Yr Treasury Bull 3X ETF Direxion",37.74,"Direxion Daily 20 Plus Year Treasury Bull 3X Shares",15897,288759,Yes,"Fixed Income",N/A,N/A
BOIL,"Ultra Bloomberg Natural Gas 2X ETF",39.84,"ProShares Ultra Bloomberg Natural Gas",16549,82857,Yes,Commodity,N/A,N/A
SPXS,"S&P 500 Bear -3X ETF Direxion",4.57,"Direxion Daily S&P 500 Bear 3X Shares",17569,441400,Yes,Equity,N/A,N/A
UVIX,"vs TR 2X Long VIX Futures ETF",19.83,"VS 2x Long VIX Futures ETF",26647,172411,Yes,Equity,N/A,N/A
MSTX,"DeFiance Daily Target 1.75X Long Mstr ETF",41.57,"Defiance Daily Target 1.75X Long MSTR ETF",27178,163754,Yes,Equity,"Medical - Biomedical",Medical
BITX,"Volatility 2X Bitcoin Strategy ETF",57.97,"Volatility Shares 2x Bitcoin Strategy ETF",27924,213170,Yes,Currency,N/A,N/A
MSOS,"Advisorshares Pure US Cannabis ETF",2.76,"AdvisorShares Pure US Cannabis ETF",29494,257553,Yes,Equity,N/A,N/A
ASHR,"Xt Harvest CSI 300 China A-Shares ETF",27.91,"Deutsche X-trackers Harvest CSI 300 China A-Shares ETF",29515,887852,Yes,"Portfolio-Multi Asset",N/A,N/A
TSLY,"Yieldmax Tsla Option Income Strategy ETF",7.72,"YieldMax TSLA Option Income Strategy ETF",31084,54227,No,Equity,N/A,N/A
YINN,"FTSE China Bull 3X ETF Direxion",38.88,"Direxion Daily FTSE China Bull 3X Shares",31991,255608,Yes,Equity,N/A,N/A
KWEB,"KS CSI China Internet ETF",34.02,"KraneShares CSI China Internet ETF",33246,1605103,Yes,"Portfolio-Multi Asset",N/A,N/A
BITO,"Proshares Bitcoin Strategy ETF",21.51,"ProShares Bitcoin Strategy ETF",33375,477870,Yes,Currency,N/A,N/A
VXX,"Ipath.B S&P 500 VIX Short-Term Futures ETN",45.26,"iPath S&P 500 VIX Short-Term Futures ETN",36074,234311,Yes,Alternative,N/A,N/A
NVDL,"Graniteshares 2X Long Nvda Daily ETF",74.5,"GraniteShares 2x Long NVDA Daily ETF",36896,206753,Yes,Equity,N/A,N/A
TNA,"Small Cap Bull 3X ETF Direxion",37.12,"Direxion Daily Small Cap Bull 3X Shares",37570,386565,Yes,Equity,N/A,N/A
XLU,"S&P 500 Utilities Sector SPDR",81.9,"Utilities Select Sector SPDR Fund",37877,603734,Yes,Equity,"Finance - Investment Funds",Finance
LABU,"S&P Biotech Bull 3X ETF Direxion",66.95,"Direxion Daily S&P Biotech Bull 3x Shares",38557,57804,Yes,"Portfolio-Multi Asset",N/A,N/A
UNG,"US Natural Gas Fund",14.2,"United States Natural Gas Fund",39671,227719,Yes,Commodity,N/A,N/A
KRE,"S&P Regional Banking ETF SPDR",63.12,"SPDR S&P Regional Banking ETF",44064,1907263,Yes,Equity,N/A,N/A
SOXS,"Semiconductor Bear -3X ETF Direxion",7.36,"Direxion Daily Semiconductor Bear 3X Shares",45112,404998,Yes,Equity,N/A,N/A
DIA,"Dow Industrials SPDR",444.52,"SPDR Dow Jones Industrial Average ETF",47048,444316,Yes,Equity,"Finance - Investment Funds",Finance
EFA,"EAFE Ishares MSCI ETF",89.87,"iShares MSCI EAFE ETF",48920,1110567,Yes,Equity,"Finance - Investment Funds",Finance
XLP,"S&P 500 Cons Staples Sector SPDR",80.82,"Consumer Staples Select Sector SPDR Fund",49869,273214,Yes,Equity,N/A,N/A
XME,"S&P Metals & Mining SPDR",68.49,"SPDR S&P Metals & Mining ETF",53855,127315,No,Equity,"Finance - Investment Funds",Finance
MSTU,"T-Rex 2X Long Mstr Daily Target ETF",8.97,"T-Rex 2X Long MSTR Daily Target ETF",58121,484302,Yes,Equity,N/A,N/A
LQD,"Invst Grade Corp Bond Ishares Iboxx $ ETF",108.72,"iShares iBoxx $ Investment Grade Corporate Bond ETF",60316,767950,Yes,"Fixed Income","Finance - Investment Funds",Finance
USO,"US Oil Fund",76.93,"United States Oil Fund",65919,612153,Yes,Commodity,"Finance - Investment Funds",Finance
SMH,"Vaneck Semiconductor ETF",285.42,"VanEck Vectors Semiconductor ETF",76530,1004511,Yes,Equity,N/A,N/A
ARKK,"Ark Innovation ETF",72.37,"ARK Innovation ETF",84805,943039,Yes,"Portfolio-Multi Asset",N/A,N/A
GDX,"Vaneck Gold Miners ETF",51.5,"VanEck Vectors Gold Miners ETF",90441,2093601,Yes,Equity,N/A,N/A
UVXY,"Ultra VIX Short-Term 2X Futures ETF",17.14,"ProShares Ultra VIX Short-Term Futures ETF",100173,409457,Yes,"Portfolio-Multi Asset",N/A,N/A
XLF,"S&P 500 Financials Sector SPDR",52.4,"Financial Select Sector SPDR Fund",101342,4754626,Yes,Equity,"Finance - Investment Funds",Finance
XBI,"S&P Biotech SPDR",87.87,"SPDR S&P Biotech ETF",103482,679477,Yes,Equity,"Finance - Investment Funds",Finance
XLE,"S&P 500 Energy Sector SPDR",88.06,"Energy Select Sector SPDR Fund",111670,2000949,Yes,Equity,N/A,N/A
EEM,"Emrg Mkts Ishares MSCI ETF",48.29,"iShares MSCI Emerging Markets ETF",114653,6122654,Yes,Equity,"Finance - Investment Funds",Finance
SQQQ,"Ultrapro Short QQQ -3X ETF",19.13,"ProShares UltraPro Short QQQ",120934,697482,Yes,Equity,N/A,N/A
EWZ,"Brazil Ishares MSCI ETF",28.16,"iShares MSCI Brazil ETF",134069,2673053,Yes,Equity,"Finance - Investment Funds",Finance
ETHA,"Ishares Ethereum Trust ETF",20.97,"iShares Ethereum Trust ETF",144317,501737,Yes,Currency,N/A,N/A
TSLL,"Tsla Bull 2X ETF Direxion",10.09,"Direxion Daily TSLA Bull 1.5X Shares",146449,1251264,Yes,Equity,N/A,N/A
SOXL,"Semiconductor Bull 3X ETF Direxion",26.65,"Direxion Daily Semiconductor Bull 3X Shares",216849,1499169,Yes,Equity,N/A,N/A
FXI,"China Largecap Ishares ETF",36.18,"iShares China Large-Cap ETF",224149,3927119,Yes,Equity,"Finance - Investment Funds",Finance
TQQQ,"Ultrapro QQQ 3X ETF",84.75,"ProShares UltraPro QQQ",253227,952142,Yes,Equity,N/A,N/A
GLD,"Gold SPDR",305.52,"SPDR Gold Shares",320434,3535944,Yes,Commodity,"Finance - Investment Funds",Finance
TLT,"20+ Year Treas Bond Ishares ETF",86.93,"iShares 20 plus Year Treasury Bond ETF",378201,5065313,Yes,"Fixed Income","Finance - Investment Funds",Finance
HYG,"High Yield Corp Bond Ishares Iboxx $ ETF",80.21,"iShares iBoxx $ High Yield Corporate Bond ETF",404756,7241151,Yes,"Fixed Income","Finance - Investment Funds",Finance
SLV,"Silver Trust Ishares",33,"iShares Silver Trust",423414,6154415,Yes,Commodity,N/A,N/A
IBIT,"Ishares Bitcoin Trust ETF",63.58,"iShares Bitcoin Trust ETF",673159,4125761,Yes,Currency,N/A,N/A
IWM,"Russell 2000 Ishares ETF",223.65,"iShares Russell 2000 ETF",1102151,11410196,Yes,Equity,"Finance - Investment Funds",Finance
QQQ,"Nasdaq QQQ Invesco ETF",556.25,"Invesco QQQ Trust",3760527,8004520,Yes,Equity,"Finance - Investment Funds",Finance
SPY,"S&P 500 SPDR",624.06,"SPDR S&P 500 ETF",8291081,17115940,Yes,Equity,"Finance - Investment Funds",Finance
