Symbol,Name,Industry,Sector,Market Cap,P/E ttm,Price/Book,ROA%,ROE%,Debt/Equity,Price/Cash Flow,Ent Value,EBITDA(a),EBIT(a),Shares Out,Net Income(a),Beta,% Insider,% Institutional,Sales(a),Float,% Float,Price/Sales,Earnings Date,Latest Earnings
A,Agilent Technologies,Medical Products,Medical,34138932000,22.29,5.57,13.24%,25.92%,0.55,19.25,36154932000,1674000000,1417000000,284065000,1289000000,1.23,0.26%,87.42%,N/L,N/L,N/L,N/L,N/L,2025-08-27
AA,Alcoa Corp,Metal Products - Distribution,Basic Materials,7984538000,7.68,1.34,7.44%,19.27%,0.43,8.78,9391538000,2726000000,2084000000,258902000,60000000,2.25,1.08%,82.39%,N/L,N/L,N/L,N/L,N/L,2025-07-16
AACT,Ares Acquisition Corporation II Cl A,Unclassified,N/A,708297000,0,N/A,4.12%,-101.04%,0,27.42,707317000,-4020000,-4020000,61860000,25990000,-0.01,N/A,72.95%,N/L,N/L,N/L,N/L,N/L,2025-08-21
AAL,American Airlines Gp,Transportation - Airline,Transportation,7584388000,7.54,N/A,1.69%,-23.75%,-6.53,2.09,36524388000,6506000000,4261000000,659512000,846000000,1.36,0.57%,52.44%,N/L,N/L,N/L,N/L,N/L,2025-07-24
AAOI,Applied Optoelect,Electronics - Semiconductors,Computers and Technology,1506909000,0,4.64,-7.40%,-15.39%,0.01,N/A,1432089000,-36120000,-58200000,55544000,-186730000,2.78,4.50%,61.72%,N/L,N/L,N/L,N/L,N/L,2025-08-07
AAON,Aaon Inc,Building Prdcts - Air Heating,Construction,6783483000,40.4,7.74,14.23%,20.23%,0.29,27.219999,6915863000,260340000,197260000,81366000,168560000,0.95,18.70%,70.81%,N/L,N/L,N/L,N/L,N/L,2025-08-10
AAP,Advance Auto Parts Inc,Retail - Wholesale Auto Parts,Retail-Wholesale,3516457000,0,1.62,-0.37%,-1.76%,0.81,12.98,3436197000,-329450000,-621430000,59926000,-335790000,1.04,0.35%,88.75%,N/L,N/L,N/L,N/L,N/L,2025-08-14
AAPL,Apple Inc,Computer - Micro,Computers and Technology,3194474560000,30.15,47.799999,31.35%,167.24%,1.47,27.99,3961334400000,138809000000,127364000000,14935826000,93736000000,1.2,0.06%,67.73%,N/L,N/L,N/L,N/L,N/L,2025-07-31
AB,Alliancebernstein Holding LP,Finance - Investment Mgmt,Finance,4746816000,12.65,2.39,18.62%,18.63%,0,12.75,4746816000,0,0,110700000,423370000,0.82,2.70%,19.25%,N/L,N/L,N/L,N/L,N/L,2025-07-24
ABAT,American Battery Technology Co.,Electronics Products - Misc,Computers and Technology,289900000,0,4.35,-60.49%,-74.43%,0,N/A,282900000,-49870000,-55840000,91886000,-52500000,-2.23,5.24%,9.88%,N/L,N/L,N/L,N/L,N/L,2025-02-12
ABBV,Abbvie Inc,Large Cap Pharma,Medical,336111168000,18.58,230.899994,13.11%,412.03%,47.8,12.78,397731168000,18451000000,10065000000,1766403000,4278000000,0.48,0.25%,70.23%,N/L,N/L,N/L,N/L,N/L,2025-07-31
ABCL,Abcellera Biologics Inc,Medical - Biomedical,Medical,1524947000,0,1.46,-12.38%,-15.98%,0,N/A,1343617000,-134190000,-231190000,298424000,-162860000,0.62,28.90%,61.42%,N/L,N/L,N/L,N/L,N/L,2025-08-07
ABNB,Airbnb Inc Cl A,Leisure & Recreation Services,Consumer Discretionary,88518416000,35.76,11.18,10.74%,30.91%,0.25,33.299999,83649416000,2555000000,2490000000,626413000,2648000000,1.13,27.91%,80.76%,N/L,N/L,N/L,N/L,N/L,2025-08-06
ABR,Arbor Realty Trust,REIT - Mortgage Trusts,Finance,2321293000,8.01,0.93,2.44%,13.29%,1.53,4.9,8373013000,357300000,280030000,192160000,264640000,1.37,3.80%,57.25%,N/L,N/L,N/L,N/L,N/L,2025-07-21
ABSI,Absci Corp,Medical - Biomedical,Medical,368646000,0,2.25,-45.89%,-53.69%,0.02,N/A,315476000,-86690000,-100080000,127559000,-103110000,2.01,10.49%,52.05%,N/L,N/L,N/L,N/L,N/L,2025-08-13
ABT,Abbott Laboratories,Medical Products,Medical,220158864000,25.64,4.46,10.88%,18.83%,0.27,19.08,226667872000,12508000000,9290000000,1739836000,13402000000,0.73,0.46%,75.18%,N/L,N/L,N/L,N/L,N/L,2025-07-17
ACAD,Acadia Pharmaceutica,Medical - Biomedical,Medical,3891166000,33.9,5.04,10.75%,17.46%,0,32.700001,3571576000,94940000,88360000,167362000,226450000,0.64,26.50%,96.71%,N/L,N/L,N/L,N/L,N/L,2025-08-06
ACB,Aurora Cannabis Inc,Medical Products,Medical,272231000,80.17,0.62,0.10%,0.13%,0.1,7.87,183381000,29020000,10080000,56246000,1630000,1.75,0.01%,47.63%,N/L,N/L,N/L,N/L,N/L,2025-08-06
ACGL,Arch Capital Grp Ltd,Insurance - Proprty & Casualty,Finance,33311972000,10.53,1.6,4.54%,15.79%,0.15,8.67,36071972000,4609000000,4374000000,374755000,4312000000,0.51,4.20%,89.07%,N/L,N/L,N/L,N/L,N/L,2025-07-29
ACHC,Acadia Healthcr Company,Medical - Hospitals,Medical,2050175000,7.6,0.66,4.46%,8.72%,0.72,4.41,4047895000,785830000,632150000,92122000,255610000,0.93,1.30%,N/A,N/L,N/L,N/L,N/L,N/L,2025-08-05
ACHR,Archer Aviation Inc,Aerospace - Defense,Aerospace,6154413000,0,5.96,-61.07%,-79.78%,0.06,N/A,5377113000,-499800000,-511500000,549011000,-536800000,3.1,7.65%,59.34%,N/L,N/L,N/L,N/L,N/L,2025-08-11
ACHV,Achieve Life Sciences Inc,Medical - Drugs,Medical,92956000,0,9.11,-103.32%,-176.11%,0.13,N/A,80336000,-45730000,-45980000,34685000,-39830000,1.51,3.00%,33.52%,N/L,N/L,N/L,N/L,N/L,2025-08-07
ACI,Albertsons Companies Inc Cl A,Consumer Prdts - Misc Staple,Consumer Staples,11196920000,9.83,3.67,4.63%,37.92%,2.43,3.11,18723420000,4034890000,1535790000,559846000,958600000,0.44,1.35%,71.35%,N/L,N/L,N/L,N/L,N/L,2025-07-15
ACMR,Acm Research Inc,Semi-Eqpt Material Services,Computers and Technology,1761171000,19.74,1.52,5.74%,9.63%,0.2,15.24,1536541000,161510000,151540000,58843000,103630000,1.5,25.00%,66.75%,N/L,N/L,N/L,N/L,N/L,2025-08-06
ACN,Accenture Plc,IT Services,Computers and Technology,177345040000,22.2,5.59,13.44%,26.55%,0.16,18.09,173365424000,12697680000,10529640000,626329000,7264790000,1.29,0.02%,75.14%,N/L,N/L,N/L,N/L,N/L,2025-06-20
ACRS,Aclaris Therapts,Medical - Drugs,Medical,184078000,0,1.26,-22.74%,-30.73%,0,N/A,159508000,-53360000,-54170000,108281000,-132070000,0.38,6.40%,98.34%,N/L,N/L,N/L,N/L,N/L,2025-08-06
ACVA,Acv Auctions Inc Cl A,Auction Valuation Services,Business Services,2494128000,0,5.67,-5.17%,-12.06%,0.38,N/A,2393058000,250000,-36560000,171065000,-79700000,1.71,2.90%,88.55%,N/L,N/L,N/L,N/L,N/L,2025-08-11
ADAP,Adaptimmune Ther ADR,Medical - Biomedical,Medical,91947000,0,N/A,-23.65%,-163.73%,-0.68,N/A,51047000,-43530000,-54760000,265052000,-70810000,2.18,12.74%,31.37%,N/L,N/L,N/L,N/L,N/L,2025-08-11
ADBE,Adobe Systems Inc,Computer - Software,Computers and Technology,157267904000,22.86,13.77,24.17%,53.68%,0.54,21.66,155282912000,9245000000,8388000000,424200000,5560000000,1.51,0.16%,81.79%,N/L,N/L,N/L,N/L,N/L,2025-09-11
ADI,Analog Devices,Semi Analog & Mixed,Computers and Technology,113055216000,33.64,3.21,6.99%,9.56%,0.19,21.25,118097824000,5084630000,2980310000,496248000,1635270000,1.02,0.33%,86.81%,N/L,N/L,N/L,N/L,N/L,2025-08-20
ADM,Archer Daniels Midland,Agriculture Operations,Consumer Staples,26592908000,14.02,1.21,3.64%,8.71%,0.38,7.63,27276908000,2753000000,1612000000,480450000,1800000000,0.69,1.20%,78.28%,N/L,N/L,N/L,N/L,N/L,2025-08-05
ADMA,Adma Biologics,Medical - Biomedical,Medical,4299600000,30.91,11.06,30.51%,47.16%,0.19,31.98,4268790000,161120000,152270000,238734000,197670000,0.43,3.50%,75.68%,N/L,N/L,N/L,N/L,N/L,2025-08-14
ADNT,Adient Plc,Auto - Truck Original Parts,Auto-Tires-Trucks,1909706000,11.6,0.98,1.90%,7.70%,1.23,3.87,3459706000,747000000,415000000,84017000,18000000,1.69,0.72%,92.44%,N/L,N/L,N/L,N/L,N/L,2025-08-06
ADP,Automatic Data Processing,Internet - Software,Computers and Technology,125280016000,31.15,21.23,7.18%,77.33%,0.68,23.33,125357920000,6893700000,5306800000,405923000,3752000000,0.76,0.21%,80.03%,N/L,N/L,N/L,N/L,N/L,2025-07-30
ADSK,Autodesk Inc,Internet - Software,Computers and Technology,64901920000,49.77,24.620001,12.63%,50.77%,0.76,38.900002,65289920000,1746000000,1354000000,214000000,1112000000,1.44,0.15%,90.24%,N/L,N/L,N/L,N/L,N/L,2025-09-04
ADT,ADT Inc,Protection - Safety,Industrial Products,7060145000,10.97,1.98,4.35%,18.58%,2.16,4.08,14563144000,3927230000,2679780000,836510000,501050000,1.21,2.70%,87.22%,N/L,N/L,N/L,N/L,N/L,2025-07-24
ADUR,Aduro Clean Technologies Inc,Technology Services,Business Services,331734000,0,N/A,0.00%,0.00%,0,N/A,331734000,0,0,30631000,-7436861,N/A,N/A,N/A,N/L,N/L,N/L,N/L,N/L,N/A
AEHR,Aehr Test Systems,Electronics - Measuring Inst,Computers and Technology,647221000,0,5.1,-0.13%,-0.15%,0,17.799999,598061000,11440000,-2470000,29771000,-3910000,2.29,6.20%,69.69%,N/L,N/L,N/L,N/L,N/L,2025-07-08
AEM,Agnico-Eagle Mines Ltd,Mining - Gold,Basic Materials,63780436000,25.16,2.93,8.38%,12.09%,0.05,17.379999,63996964000,6839870000,5325790000,502802000,1895580000,0.5,0.51%,68.34%,N/L,N/L,N/L,N/L,N/L,2025-07-30
AEO,American Eagle Outfitters,Retail - Apparel & Shoes,Retail-Wholesale,2034166000,10.07,1.33,5.99%,13.34%,0.07,3.81,1725206000,702210000,475330000,173268000,329380000,1.45,8.70%,97.33%,N/L,N/L,N/L,N/L,N/L,2025-09-04
AEP,American Electric Power Company,Utility - Electric Power,Utilities,58649272000,18.53,2.13,3.08%,11.68%,1.69,9.1,103569872000,11144200000,7751400000,534195000,2967100000,0.42,0.07%,75.24%,N/L,N/L,N/L,N/L,N/L,2025-07-30
AER,Aercap Holdings N.V.,Transportation - Equip & Lease,Transportation,20953318000,9.03,1.22,3.26%,13.84%,2.69,4.07,64846248000,7473580000,4675130000,186783000,2098630000,1.38,0.52%,96.42%,N/L,N/L,N/L,N/L,N/L,2025-07-30
AES,The Aes Corp,Utility - Electric Power,Utilities,9824537000,7.26,1.27,2.80%,18.06%,3.96,3.41,36881536000,1859000000,595000000,711923000,1679000000,0.95,0.64%,93.13%,N/L,N/L,N/L,N/L,N/L,2025-07-31
AESI,Atlas Energy Solutions Inc Cl A,Oil - US Integrated,Oils-Energy,1736875000,28.67,1.34,2.70%,4.99%,0.41,8.25,2175905000,343740000,225210000,123621000,59940000,1.2,15.98%,34.59%,N/L,N/L,N/L,N/L,N/L,2025-08-04
AEVA,Aeva Technologies Inc,Auto - Truck Original Parts,Auto-Tires-Trucks,1182444000,0,18.84,-85.08%,-117.06%,0,N/A,1153584000,-146040000,-151450000,55023000,-152260000,1.95,27.20%,62.92%,N/L,N/L,N/L,N/L,N/L,2025-08-06
AEYE,Audioeye Inc,Internet - Software,Computers and Technology,180766000,52.4,20.540001,9.46%,36.54%,1.45,29.549999,181936000,-810000,-3700000,12458000,-4250000,0.9,28.80%,51.11%,N/L,N/L,N/L,N/L,N/L,2025-08-07
AFCG,Advanced Flower Capital Inc,REIT - Mortgage Trusts,Finance,103038000,3.4,0.51,7.26%,12.18%,0.11,3.16,99428000,24830000,23800000,22596000,16780000,1.07,26.80%,26.53%,N/L,N/L,N/L,N/L,N/L,2025-08-14
AFL,Aflac Inc,Insurance - Accident & Health,Finance,55886476000,14.21,2.1,3.30%,15.55%,0.29,11.56,57155476000,5443000000,4592000000,540645000,5443000000,0.81,0.90%,67.44%,N/L,N/L,N/L,N/L,N/L,2025-08-05
AFRM,Affirm Holdings Inc Cl A,Internet - Software,Computers and Technology,21643232000,0,7.38,-0.61%,-2.22%,2.15,N/A,25581262000,-162640000,-218790000,322600000,-517760000,3.63,11.82%,69.29%,N/L,N/L,N/L,N/L,N/L,2025-08-27
AG,First Majestic Silver,Mining - Silver,Basic Materials,4175767000,0,1.48,-0.10%,-0.14%,0.07,32.32,4183077000,337070000,211580000,487254000,-101890000,0.82,0.85%,27.16%,N/L,N/L,N/L,N/L,N/L,2025-08-14
AGEN,Agenus Inc,Medical - Biomedical,Medical,163405000,0,N/A,-82.33%,0.00%,-0.1,N/A,156135000,-87560000,-100900000,27417000,-227210000,1.51,5.50%,61.46%,N/L,N/L,N/L,N/L,N/L,2025-08-14
AGI,Alamos Gold Inc,Mining - Gold,Basic Materials,10875955000,31.37,3.01,6.71%,9.83%,0.07,19.75,10798755000,956300000,737900000,420408000,284300000,0.54,0.46%,64.33%,N/L,N/L,N/L,N/L,N/L,2025-07-30
AGL,Agilon Health Inc,Medical Services,Medical,852741000,0,1.71,-12.75%,-45.47%,0.07,N/A,693781000,-253510000,-277970000,413952000,-260150000,0.16,3.57%,N/A,N/L,N/L,N/L,N/L,N/L,2025-08-05
AGNC,Agnc Investment Corp,REIT - Mortgage Trusts,Finance,9907841000,5.94,1.05,1.76%,19.63%,6.6,4.93,70726840000,593000000,470000000,1020375000,863000000,1.28,0.42%,38.28%,N/L,N/L,N/L,N/L,N/L,2025-07-21
AGX,Argan Inc,Building & Construction - Misc,Construction,3218046000,31.47,8.41,12.82%,29.61%,0,34.860001,3072786000,107930000,106020000,13641000,85460000,0.54,6.69%,79.43%,N/L,N/L,N/L,N/L,N/L,2025-09-04
AHCO,Adapthealth Corp Cl. A,Medical Products,Medical,1273909000,12.63,0.79,2.40%,6.96%,1.24,2.43,3145329000,671090000,287010000,134948000,90420000,1.63,1.55%,82.67%,N/L,N/L,N/L,N/L,N/L,2025-08-05
AHH,Armada Hoffler Properties Inc,REIT - Equity Trust Resident,Finance,713293000,5.85,1.03,0.81%,2.98%,1.63,4.28,2200373000,283040000,193720000,101320000,35650000,1.1,10.20%,66.35%,N/L,N/L,N/L,N/L,N/L,2025-08-04
AI,C3.Ai Inc Cl A,IT Services,Computers and Technology,3495380000,0,4.15,-27.48%,-33.51%,0,N/A,3331020000,-311830000,-324440000,134386000,-288700000,1.99,33.54%,38.96%,N/L,N/L,N/L,N/L,N/L,2025-09-03
AIG,American International Group,Insurance - Multi Line,Finance,46164036000,16.3,1.1,1.87%,7.13%,0.21,6.99,53784036000,-4446000000,-8043000000,576330000,-1404000000,0.63,0.50%,90.60%,N/L,N/L,N/L,N/L,N/L,2025-08-06
AIOT,Powerfleet Inc,Transportation - Services,Transportation,609506000,0,1.37,-6.27%,-11.67%,0.52,N/A,792876000,21600000,-25890000,133371000,-50990000,1.32,7.79%,73.40%,N/L,N/L,N/L,N/L,N/L,2025-08-28
AIRO,Airo Group Holdings Inc,Aerospace - Defense,Aerospace,462388000,0,N/A,0.00%,0.00%,0,N/A,462388000,0,0,20174000,-38694239,N/A,N/A,0.00%,N/L,N/L,N/L,N/L,N/L,2022-06-30
AIRS,Airsculpt Technologies Inc,Technology Services,Business Services,380307000,0,4.76,-5.85%,-15.01%,0.95,37.509998,446777000,9790000,-2100000,58780000,-8250000,2.46,76.58%,91.54%,N/L,N/L,N/L,N/L,N/L,2025-08-01
AISP,Airship Ai Holdings Inc,Technology Services,Business Services,180555000,0,N/A,-51.77%,0.00%,0,N/A,169145000,-3590000,-3810000,31844000,-57460000,0.33,57.90%,5.89%,N/L,N/L,N/L,N/L,N/L,2025-08-13
AJG,Arthur J. Gallagher & Company,Insurance - Brokers,Finance,80707360000,29.95,3.54,3.80%,14.83%,0.56,24.74,78451960000,4152600000,3310300000,256100000,1462700000,0.71,1.60%,85.53%,N/L,N/L,N/L,N/L,N/L,2025-07-31
AKAM,Akamai Technologies,Internet - Services,Computers and Technology,11806134000,18.34,2.57,6.59%,14.09%,0.25,8.97,12437544000,1274890000,619960000,146206000,504920000,0.77,2.00%,94.28%,N/L,N/L,N/L,N/L,N/L,2025-08-07
AKBA,Akebia Therapeutics,Medical - Drugs,Medical,934984000,0,40.900002,-18.92%,0.00%,1.89,N/A,921804000,19660000,-22040000,262636000,-69410000,0.88,3.00%,33.92%,N/L,N/L,N/L,N/L,N/L,2025-08-14
AKRO,Akero Therapeutics Inc,Medical - Biomedical,Medical,4030542000,0,3.71,-13.97%,-15.19%,0.03,N/A,3725792000,-318830000,-306340000,79718000,-252060000,-0.15,7.07%,N/A,N/L,N/L,N/L,N/L,N/L,2025-08-08
ALAB,Astera Labs Inc,Internet - Software,Computers and Technology,20157806000,1216.8,19.27,2.36%,2.57%,0,N/A,20078256000,-27010000,-21820000,164917000,-83420000,1.18,N/A,60.47%,N/L,N/L,N/L,N/L,N/L,2025-08-05
ALB,Albemarle Corp,Chemical - Diversified,Basic Materials,9852932000,0,1.23,-0.92%,-1.92%,0.34,21.99,14411972000,-1280950000,-1869590000,117661000,-1179450000,1.63,0.33%,92.87%,N/L,N/L,N/L,N/L,N/L,2025-07-30
ALC,Alcon Inc,Medical Instruments,Medical,45309396000,30.63,2.06,4.92%,6.95%,0.21,16.540001,48276396000,2739000000,1513000000,493244000,1018000000,0.95,1.52%,53.86%,N/L,N/L,N/L,N/L,N/L,2025-08-19
ALGM,Allegro Microsystems Inc,Electronics - Semiconductors,Computers and Technology,6231973000,655.2,6.48,0.70%,1.04%,0.38,75.599998,6453523000,47220000,-19800000,184925000,-73010000,1.75,0.40%,56.45%,N/L,N/L,N/L,N/L,N/L,2025-07-31
ALGN,Align Technology,Medical - Dental Suppliers,Medical,14900016000,29.09,3.9,8.36%,13.53%,0,22.49,13856126000,762800000,617770000,72485000,421360000,1.63,0.66%,88.43%,N/L,N/L,N/L,N/L,N/L,2025-07-30
ALGT,Allegiant Travel Com,Transportation - Airline,Transportation,924250000,13.76,0.83,1.42%,5.46%,1.81,3.05,2688440000,325550000,67300000,18255000,-240240000,1.71,14.70%,85.81%,N/L,N/L,N/L,N/L,N/L,2025-08-04
ALHC,Alignment Healthcare Inc,Medical Services,Medical,2326634000,0,21.129999,-11.75%,-80.49%,2.95,N/A,2215204000,-11570000,-37350000,197843000,-128040000,1.16,7.00%,86.19%,N/L,N/L,N/L,N/L,N/L,2025-07-30
ALK,Alaska Air Group,Transportation - Airline,Transportation,6402744000,12.02,1.58,2.70%,12.62%,1.16,5.34,10105744000,1553000000,970000000,122752000,395000000,1.41,1.00%,81.90%,N/L,N/L,N/L,N/L,N/L,2025-07-23
ALKS,Alkermes Plc,Medical - Biomedical,Medical,4308863000,11.74,2.89,17.98%,27.52%,0,10.01,4017713000,419690000,391160000,164901000,367070000,0.44,4.40%,95.21%,N/L,N/L,N/L,N/L,N/L,2025-07-29
ALKT,Alkami Technology Inc,Internet - Software,Computers and Technology,2808325000,0,8.46,-4.56%,-7.06%,1.18,N/A,2713965000,-35300000,-46020000,103020000,-40840000,0.59,18.10%,54.97%,N/L,N/L,N/L,N/L,N/L,2025-07-30
ALL,Allstate Corp,Insurance - Proprty & Casualty,Finance,51824880000,11.6,2.56,4.10%,24.62%,0.37,9.21,61206880000,6311000000,5756000000,264818000,4667000000,0.33,1.70%,76.47%,N/L,N/L,N/L,N/L,N/L,2025-07-30
ALLT,Allot Communications,Technology Services,Business Services,363872000,0,6.29,-1.73%,-4.90%,0,168.410004,346822000,2230000,-3990000,46531000,-5870000,1.36,3.40%,51.50%,N/L,N/L,N/L,N/L,N/L,2025-08-26
ALLY,Ally Financial,Finance - Consumer Loans,Finance,11838524000,11.63,0.96,0.59%,9.48%,1.09,5.73,21365524000,4070000000,2871000000,307175000,668000000,1.15,0.67%,88.76%,N/L,N/L,N/L,N/L,N/L,2025-07-18
ALMS,Alumis Inc,Medical - Biomedical,Medical,211095000,0,1.25,-107.29%,-406.27%,0,N/A,41565000,-351540000,-354690000,54406000,-294230000,N/A,40.70%,N/A,N/L,N/L,N/L,N/L,N/L,2025-08-12
ALNT,Allient Inc,Electronics - Misc Components,Computers and Technology,672759000,28.67,2.44,3.86%,8.45%,0.81,12.95,860839000,65620000,39190000,16929000,13170000,1.51,15.60%,61.57%,N/L,N/L,N/L,N/L,N/L,2025-08-06
ALNY,Alnylam Pharmaceuticals,Medical - Biomedical,Medical,42872880000,0,370.48999,-6.48%,-510.31%,0,N/A,41906452000,-58700000,-115370000,130388000,-278160000,0.23,1.50%,92.97%,N/L,N/L,N/L,N/L,N/L,2025-07-31
ALT,Altimmune Inc,Medical - Drugs,Medical,330917000,0,2.23,-58.43%,-65.44%,0,N/A,293947000,-101820000,-98210000,81107000,-95060000,0.47,4.10%,78.05%,N/L,N/L,N/L,N/L,N/L,2025-08-14
ALTS,Alt5 Sigma Corporation,Finance - Misc Services,Finance,123581000,0,15.3,-8.96%,-113.79%,0.39,N/A,150261000,-4500000,-7930000,17455000,-6250000,2.21,4.90%,6.27%,N/L,N/L,N/L,N/L,N/L,2025-07-04
AM,Antero Midstream Corp,Oil - US Integrated,Oils-Energy,8180268000,19.63,3.92,7.24%,19.75%,1.49,13.31,11297228000,1022470000,805790000,479219000,400890000,1.01,0.61%,53.97%,N/L,N/L,N/L,N/L,N/L,2025-07-30
AMAT,Applied Materials,Electronics - Semiconductors,Computers and Technology,149015856000,20.43,7.96,22.43%,40.14%,0.33,20.4,147252864000,8724000000,8332000000,802498000,7177000000,1.69,0.24%,80.56%,N/L,N/L,N/L,N/L,N/L,2025-08-14
AMBA,Ambarella Inc,Electronics - Semiconductors,Computers and Technology,2855311000,0,5.02,-14.43%,-17.50%,0,N/A,2710681000,-87530000,-113010000,42414000,-117130000,2.05,5.30%,82.09%,N/L,N/L,N/L,N/L,N/L,2025-08-26
AMBC,Ambac Financial Group,Insurance - Proprty & Casualty,Finance,409486000,0,0.43,-0.28%,-1.80%,0.15,37.029999,653066000,-15440000,-35090000,46427000,-556450000,0.86,6.20%,84.49%,N/L,N/L,N/L,N/L,N/L,2025-08-04
AMBP,Ardagh Metal Packaging S.A.,Metal Production & Fabrication,Basic Materials,2247352000,18.48,N/A,2.71%,-98.66%,-17.72,3.89,5539352000,815000000,366000000,597700000,-3000000,0.56,0.02%,16.93%,N/L,N/L,N/L,N/L,N/L,2025-07-24
AMC,AMC Entertainment Holdings,Leisure & Recreation Services,Consumer Discretionary,1403838000,0,N/A,-5.68%,0.00%,-2.32,N/A,4798138000,507500000,197200000,431950000,-352600000,1.43,0.32%,28.80%,N/L,N/L,N/L,N/L,N/L,2025-08-01
AMCR,Amcor Plc,Containers - Paper Products,Industrial Products,14077641000,13.75,3.66,6.11%,26.49%,2.24,8.71,20104640000,1922000000,1317000000,1445343000,730000000,0.73,0.60%,45.14%,N/L,N/L,N/L,N/L,N/L,2025-08-21
AMD,Adv Micro Devices,Computer - Integrated Systems,Computers and Technology,269915136000,55.52,4.53,6.83%,8.30%,0.07,35.099998,267849136000,7405000000,4228000000,1621404000,1641000000,2.05,0.06%,71.34%,N/L,N/L,N/L,N/L,N/L,2025-08-05
AMGN,Amgen Inc,Medical - Biomedical,Medical,164849904000,14.86,26.73,12.39%,176.11%,9.24,10.16,212975904000,13037000000,7445000000,537706000,4090000000,0.49,0.76%,76.50%,N/L,N/L,N/L,N/L,N/L,2025-08-05
AMKR,Amkor Technology,Electronics - Semiconductors,Computers and Technology,5227705000,16.52,1.25,4.56%,7.60%,0.27,5.48,5253615000,995060000,396860000,247056000,354010000,1.85,26.90%,42.76%,N/L,N/L,N/L,N/L,N/L,2025-07-28
AMLX,Amylyx Pharmaceuticals Inc,Medical - Drugs,Medical,726499000,0,3.67,-63.84%,-77.21%,0,N/A,649109000,-323680000,-314730000,89141000,-301740000,-0.49,11.70%,95.84%,N/L,N/L,N/L,N/L,N/L,2025-08-14
AMPL,Amplitude Inc Cl A,Technology Services,Business Services,1256685000,0,4.33,-21.21%,-32.50%,0,N/A,1084125000,-100770000,-106880000,98796000,-94320000,1.54,23.83%,73.20%,N/L,N/L,N/L,N/L,N/L,2025-08-06
AMPX,Amprius Technologies Inc,Technology Services,Business Services,967001000,0,13.89,-38.69%,-67.67%,0,N/A,911841000,-40560000,-45610000,117927000,-44670000,2.68,12.90%,5.04%,N/L,N/L,N/L,N/L,N/L,2025-08-07
AMR,Alpha Metallurgical Resources Inc,Mining - Misc,Basic Materials,1753149000,68.36,1.12,1.09%,1.62%,0,4.64,1277359000,422920000,222720000,13053000,187580000,0.66,16.00%,84.29%,N/L,N/L,N/L,N/L,N/L,2025-08-08
AMRZ,Amrize Ltd,Building & Construction - Misc,Construction,0,0,N/A,0.00%,0.00%,0,N/A,0,0,0,0,1419000000,N/A,N/A,N/A,N/L,N/L,N/L,N/L,N/L,2025-08-06
AMSC,Amer Superconductor,Electronics - Misc Components,Computers and Technology,1706529000,100.02,8.61,5.53%,8.89%,0,74.510002,1625419000,7200000,660000,39503000,6030000,2.91,4.80%,52.28%,N/L,N/L,N/L,N/L,N/L,2025-07-30
AMT,American Tower Corp,REIT - Equity Trust Other,Finance,107610880000,22.02,10.9,4.82%,30.20%,3.71,19.969999,142004480000,8684800000,6505900000,468138000,2255000000,0.82,0.17%,92.69%,N/L,N/L,N/L,N/L,N/L,2025-07-29
AMTM,Amentum Holdings Inc,Engineering & R&D Services,Industrial Products,6226610000,0,1.34,0.00%,0.00%,1.02,8.28,10453610000,902000000,629000000,243322000,-82000000,N/A,18.67%,39.93%,N/L,N/L,N/L,N/L,N/L,2025-08-05
AMTX,Aemetis Inc,Biofuels,Oils-Energy,176627000,0,N/A,-35.80%,0.00%,-1.11,N/A,613597000,-31670000,-46520000,55369000,-87540000,1.57,14.70%,27.02%,N/L,N/L,N/L,N/L,N/L,2025-08-07
AMZN,Amazon.com Inc,Internet Commerce,Retail-Wholesale,2457048640000,38.01,8.06,10.90%,24.14%,0.17,21.969999,2195488640000,124486000000,71691000000,10616353000,59248000000,1.33,9.70%,72.20%,N/L,N/L,N/L,N/L,N/L,2025-07-31
AN,Autonation Inc,Retail - Wsale Auto & Trucks,Retail-Wholesale,7662728000,11.34,3.14,5.44%,30.08%,1.88,8.24,11672528000,1795000000,1545400000,37701000,692200000,0.99,1.00%,94.62%,N/L,N/L,N/L,N/L,N/L,2025-07-25
ANET,Arista Networks Inc,Internet - Software,Computers and Technology,143526656000,50.52,14.15,21.72%,30.48%,0,54.619999,140764288000,3144840000,3143270000,1255921000,2852050000,1.4,3.39%,82.47%,N/L,N/L,N/L,N/L,N/L,2025-08-05
ANF,Abercrombie & Fitch Company,Retail - Apparel & Shoes,Retail-Wholesale,4399355000,9.24,3.72,16.76%,42.32%,0,6.43,3626625000,881850000,712500000,47643000,566220000,1.46,2.29%,N/A,N/L,N/L,N/L,N/L,N/L,2025-08-27
ANVS,Annovis Bio Inc,Medical - Biomedical,Medical,56315000,0,2.31,-193.50%,-300.56%,0,N/A,45765000,-25160000,-25160000,19486000,-24590000,1.57,20.80%,15.83%,N/L,N/L,N/L,N/L,N/L,2025-08-13
ANY,Sphere 3D Corp,Finance - Misc Services,Finance,17409000,0,0.59,-43.50%,-51.77%,0,N/A,11999000,-10730000,-17840000,26458000,-9470000,3.22,3.60%,17.28%,N/L,N/L,N/L,N/L,N/L,2025-08-12
AON,AON Plc,Insurance - Brokers,Finance,80521872000,22.66,10.7,6.82%,52.71%,2.45,19.27,96577872000,5388000000,4702000000,215940000,2654000000,0.84,1.10%,86.14%,N/L,N/L,N/L,N/L,N/L,2025-07-25
AOS,Smith A.O. Corp,Machinery - Electrical,Industrial Products,10240374000,20.04,5.69,16.52%,28.42%,0.15,17.02,10193974000,785900000,707100000,142109000,533600000,1.2,0.76%,76.10%,N/L,N/L,N/L,N/L,N/L,2025-07-24
AOSL,Alpha and Omega Semi,Electronics - Semiconductors,Computers and Technology,802735000,0,0.91,-0.22%,-0.28%,0.02,15.59,653915000,35440000,-18320000,29415000,-11080000,2.11,16.90%,78.97%,N/L,N/L,N/L,N/L,N/L,2025-08-06
APA,Apa Corp,Oil - US Exploration & Product,Oils-Energy,6907783000,4.8,1.08,7.63%,23.22%,0.83,1.99,12326782000,6596000000,4330000000,361664000,804000000,1.25,0.69%,83.01%,N/L,N/L,N/L,N/L,N/L,2025-08-06
APD,Air Products and Chemicals,Chemical - Diversified,Basic Materials,66594064000,24.14,3.94,7.06%,15.48%,0.9,15.65,77758768000,2928700000,1477600000,222544000,3828200000,0.85,0.41%,81.66%,N/L,N/L,N/L,N/L,N/L,2025-07-31
APG,Api Group Corp,Business Services,Business Services,14596390000,27.68,4.83,7.59%,20.98%,0.92,11.26,16850390000,770000000,468000000,415260000,250000000,1.58,17.00%,86.62%,N/L,N/L,N/L,N/L,N/L,2025-07-31
APH,Amphenol Corp,Electronics - Connectors,Computers and Technology,127032080000,41.95,10.9,14.10%,30.58%,0.69,42.619999,130609880000,4069400000,3496900000,1209599000,2424000000,1.13,1.67%,97.01%,N/L,N/L,N/L,N/L,N/L,2025-07-23
APLD,Applied Digital Corp,Finance - Misc Services,Finance,2419503000,0,5.49,-19.65%,-77.49%,1.52,N/A,2520203000,21300000,-58060000,225070000,-149270000,6.04,11.81%,65.67%,N/L,N/L,N/L,N/L,N/L,2025-07-30
APLE,Apple Hospitality REIT Inc,REIT - Equity Trust Other,Finance,2990579000,7.82,0.92,3.82%,5.84%,0.51,7.38,4563369000,590450000,399850000,237914000,214060000,1.04,7.10%,89.66%,N/L,N/L,N/L,N/L,N/L,2025-08-06
APLS,Apellis Pharmaceuticals Inc,Medical - Biomedical,Medical,2462110000,0,15.38,-25.35%,-99.19%,2.19,N/A,2408990000,-173930000,-186220000,125682000,-197880000,0.67,6.50%,96.29%,N/L,N/L,N/L,N/L,N/L,2025-07-31
APLT,Applied Therapeutics Inc,Medical - Biomedical,Medical,67956000,0,1.97,-84.02%,-184.67%,0,N/A,-11444000,-103300000,-104290000,141576000,-105620000,1.82,1.60%,98.31%,N/L,N/L,N/L,N/L,N/L,2025-08-06
APO,Apollo Asset Management Inc,Finance - Investment Mgmt,Finance,86369888000,22.94,2.8,1.06%,13.45%,0.33,23.219999,81417888000,8142000000,7190000000,571494000,4577000000,1.59,8.20%,77.06%,N/L,N/L,N/L,N/L,N/L,2025-08-05
APP,Applovin Corp Cl A,Technology Services,Business Services,123220240000,64.97,211.649994,34.45%,224.65%,6.45,60.259998,125987808000,2840450000,2386310000,338387000,1579780000,2.42,13.66%,41.85%,N/L,N/L,N/L,N/L,N/L,2025-08-06
APPF,Appfolio Cl A,Internet - Software,Computers and Technology,9531110000,84.06,20.379999,20.78%,25.83%,0,71.540001,9488610000,175750000,155930000,36029000,204070000,0.88,4.68%,85.19%,N/L,N/L,N/L,N/L,N/L,2025-07-31
APPN,Appian Corp Cl A,Internet - Software,Computers and Technology,2197891000,0,N/A,-6.08%,0.00%,-7.81,N/A,2329771000,-31530000,-42150000,74228000,-92260000,1.72,43.00%,52.70%,N/L,N/L,N/L,N/L,N/L,2025-08-07
APPS,Digital Turbine,Internet - Software,Computers and Technology,589445000,269.5,3.68,0.39%,1.89%,2.65,6.57,958155000,28840000,-54070000,107957000,-92100000,2.57,5.80%,63.66%,N/L,N/L,N/L,N/L,N/L,2025-08-05
APTV,Aptiv Plc,Auto - Truck Original Parts,Auto-Tires-Trucks,15439235000,10.29,1.67,6.99%,17.24%,0.86,6.41,22309236000,3055000000,2079000000,217730000,1787000000,1.46,0.45%,94.21%,N/L,N/L,N/L,N/L,N/L,2025-07-31
AQST,Aquestive Therapeutics Inc,Medical - Drugs,Medical,412211000,0,N/A,-50.31%,0.00%,-0.55,N/A,373161000,-29750000,-41180000,99328000,-44140000,1.97,8.35%,32.45%,N/L,N/L,N/L,N/L,N/L,2025-08-05
AR,Antero Resources Corp,Oil - US Exploration & Product,Oils-Energy,10101443000,36.15,1.39,2.20%,4.01%,0.17,13.68,11590673000,1723280000,982130000,310527000,57230000,0.68,6.70%,83.04%,N/L,N/L,N/L,N/L,N/L,2025-07-30
ARBE,Arbe Robotics Ltd,Technology Services,Business Services,164235000,0,2.56,-56.72%,-114.62%,0.13,N/A,181075000,-49660000,-50250000,105279000,-49320000,0.44,53.53%,33.42%,N/L,N/L,N/L,N/L,N/L,2025-08-07
ARBK,Argo Blockchain Plc ADR,Finance - Misc Services,Finance,24671000,0,N/A,0.00%,0.00%,-1.36,N/A,56201000,320000,-8040000,71947000,-55100000,1.7,0.00%,2.42%,N/L,N/L,N/L,N/L,N/L,2025-08-27
ARCC,Ares Capital Corp,Finance - SBIC & Commercial,Finance,16042546000,10.28,1.16,5.25%,11.05%,1.02,10.45,28941546000,1543000000,1516000000,694182000,1522000000,0.67,0.48%,27.38%,N/L,N/L,N/L,N/L,N/L,2025-07-29
ARDX,Ardelyx Inc,Medical - Drugs,Medical,1026404000,0,7.16,-13.81%,-34.45%,1.04,N/A,1112324000,-37560000,-39620000,239255000,-39140000,0.6,4.80%,58.92%,N/L,N/L,N/L,N/L,N/L,2025-08-04
ARE,Alexandria Real Estate Equities,REIT - Equity Trust Other,Finance,14215499000,8.74,0.65,-0.03%,-0.05%,0.6,9.74,25919990000,3171260000,2036120000,172959000,322950000,1.25,1.08%,96.54%,N/L,N/L,N/L,N/L,N/L,2025-07-21
AREC,American Resources Corp,Mining - Misc,Basic Materials,97421000,0,N/A,-20.29%,0.00%,-1.89,N/A,258981000,-21840000,-27050000,80513000,-40110000,0.9,16.80%,9.32%,N/L,N/L,N/L,N/L,N/L,2025-08-18
ARES,Ares Management LP,Finance - Investment Mgmt,Finance,60815544000,42.8,8.82,3.66%,16.29%,0.51,58.16,62744172000,1010280000,851700000,326579000,463740000,1.37,36.86%,50.03%,N/L,N/L,N/L,N/L,N/L,2025-08-01
ARLP,Alliance Resource Pt,Coal,Oils-Energy,3593415000,12.32,1.96,10.00%,15.77%,0.26,5.48,3929625000,933220000,647770000,128428000,360860000,0.54,16.80%,18.11%,N/L,N/L,N/L,N/L,N/L,2025-07-28
ARM,Arm Holdings Plc ADR,Electronics - Semiconductors,Computers and Technology,172391392000,150.93,24.51,13.42%,17.97%,0,127.660004,170306400000,1014000000,831000000,1056514000,792000000,4.19,N/A,7.53%,N/L,N/L,N/L,N/L,N/L,2025-07-30
ARMK,Aramark Holdings Corp,Business Services,Business Services,11502296000,25.52,3.77,3.54%,15.07%,2.16,13.52,16108766000,1658610000,1223060000,262071000,262520000,1.28,2.51%,N/A,N/L,N/L,N/L,N/L,N/L,2025-08-05
ARQQ,Arqit Quantum Inc,Internet - Software,Computers and Technology,488516000,0,31.34,0.00%,0.00%,0,N/A,469806000,-21160000,0,12745000,-54580000,2.35,54.60%,16.60%,N/L,N/L,N/L,N/L,N/L,2025-05-22
ARQT,Arcutis Biotherapeutics Inc,Medical - Biomedical,Medical,1771342000,0,12.55,-32.94%,-80.66%,0.75,N/A,1806592000,-125610000,-121310000,119202000,-140040000,1.77,9.40%,N/A,N/L,N/L,N/L,N/L,N/L,2025-08-06
ARR,Armour Residential R,REIT - Mortgage Trusts,Finance,1544275000,4.89,0.92,1.64%,15.89%,7.33,4.58,12111935000,529040000,529390000,91594000,-14390000,1.36,0.35%,54.17%,N/L,N/L,N/L,N/L,N/L,2025-07-23
ARRY,Array Technologies Inc,Solar,Oils-Energy,1054100000,10.77,N/A,9.83%,"1,227.67%",-6.94,2.35,1774170000,354550000,59680000,152547000,-240390000,1.74,0.45%,N/A,N/L,N/L,N/L,N/L,N/L,2025-08-07
ARVN,Arvinas Inc,Medical - Biomedical,Medical,572249000,0,0.87,-4.11%,-7.74%,0,N/A,472349000,-106100000,-95500000,72991000,-198900000,2.17,4.73%,95.19%,N/L,N/L,N/L,N/L,N/L,2025-07-29
ARWR,Arrowhead Pharma,Medical - Biomedical,Medical,2173694000,0,3.26,-12.49%,-45.33%,0.4,N/A,2464184000,-103200000,-118550000,138100000,-599490000,0.93,4.30%,62.61%,N/L,N/L,N/L,N/L,N/L,2025-08-07
AS,Amer Sports Inc,Leisure & Recreational Prdcts,Consumer Discretionary,20857802000,59.39,3.9,3.90%,7.21%,0.18,39.439999,21439702000,849800000,576000000,553845000,72600000,3.36,N/A,40.25%,N/L,N/L,N/L,N/L,N/L,2025-08-19
ASAN,Asana Inc Cl A,Internet - Software,Computers and Technology,3506298000,0,14.88,-24.34%,-87.78%,0.16,N/A,3360728000,-200900000,-244470000,235322000,-255540000,1.13,61.28%,26.21%,N/L,N/L,N/L,N/L,N/L,2025-09-02
ASML,Asml Holdings NY Reg ADR,Semi-Eqpt Wafer Fabrication,Computers and Technology,279821408000,30.26,14.26,19.10%,49.47%,0.21,31.049999,271112352000,13179720000,12185700000,393422000,8193230000,1.73,N/A,26.07%,N/L,N/L,N/L,N/L,N/L,2025-07-16
ASO,Academy Sports and Outdoors Inc,Leisure & Recreational Prdcts,Consumer Discretionary,3688088000,10.31,1.9,7.70%,19.62%,0.25,7.17,3884838000,626170000,505530000,66476000,418450000,1.29,3.62%,N/A,N/L,N/L,N/L,N/L,N/L,2025-09-09
ASPI,Asp Isotopes Inc,Chemical - Diversified,Basic Materials,878171000,0,15.86,-41.80%,-88.40%,0.05,N/A,818661000,-28020000,-28490000,83875000,-32330000,3.35,21.40%,16.80%,N/L,N/L,N/L,N/L,N/L,2025-08-18
ASPN,Aspen Aerogels Inc,Building & Construction - Misc,Construction,637956000,18.98,2.03,4.39%,6.69%,0.44,9.24,573516000,-216020000,-247240000,82105000,13380000,2.65,4.30%,97.64%,N/L,N/L,N/L,N/L,N/L,2025-08-07
ASST,Asset Entities Inc Cl B,Technology Services,Business Services,64981000,0,13.86,-200.79%,-227.23%,0,N/A,62321000,-6690000,-6690000,15772000,-6390000,17.37,56.47%,5.52%,N/L,N/L,N/L,N/L,N/L,2025-08-13
ASTL,Algoma Steel Group Inc,Steel - Producers,Basic Materials,653739000,0,0.61,-6.19%,-12.98%,0.44,4.57,684949000,-82590000,-167840000,104934000,77980000,1.65,7.77%,72.00%,N/L,N/L,N/L,N/L,N/L,2025-07-29
ASTS,Ast Spacemobile Inc,Wireless Equipment,Computers and Technology,17196592000,0,24.790001,-13.79%,-23.56%,0.61,N/A,16787552000,-128800000,-195870000,316492000,-300080000,2.27,34.15%,60.95%,N/L,N/L,N/L,N/L,N/L,2025-08-13
ATAI,Atai Life Sciences N.V.,Medical - Outpatient & Hm Care,Medical,715207000,0,4.91,-77.55%,-102.10%,0.14,N/A,718197000,-98510000,-98980000,200338000,-149270000,1.44,26.80%,28.41%,N/L,N/L,N/L,N/L,N/L,2025-08-12
ATGE,Adtalem Global Education Inc,Schools,Consumer Discretionary,4289946000,17.89,2.97,8.89%,17.47%,0.39,13.63,4717456000,446760000,333140000,37265000,136780000,0.9,2.00%,98.84%,N/L,N/L,N/L,N/L,N/L,2025-08-07
ATI,Ati Inc,Steel - Specialty,Basic Materials,13400049000,34.42,6.64,7.66%,21.37%,0.96,26.27,14574149000,792100000,640600000,141068000,367800000,1.13,1.10%,N/A,N/L,N/L,N/L,N/L,N/L,2025-07-31
ATKR,Atkore Inc,Wire & Cable Products,Industrial Products,2680045000,9.01,1.93,10.61%,20.81%,0.54,4.5,3093495000,488680000,335320000,33652000,472870000,2.05,1.99%,N/A,N/L,N/L,N/L,N/L,N/L,2025-08-05
ATLX,Atlas Lithium Corp,Mining - Misc,Basic Materials,95963000,0,3.68,-67.24%,-166.50%,0,N/A,80423000,-40300000,-40500000,17837000,-42240000,-0.86,33.60%,18.35%,N/L,N/L,N/L,N/L,N/L,2025-08-08
ATOM,Atomera Inc,Electronics - Semiconductors,Computers and Technology,162117000,0,6.92,-77.31%,-92.12%,0,N/A,136337000,-17960000,-19330000,30704000,-18440000,1.24,13.00%,30.79%,N/L,N/L,N/L,N/L,N/L,2025-08-05
ATOS,Atossa Therapeutics Inc,Medical Instruments,Medical,108490000,0,1.7,-31.53%,-33.90%,0,N/A,37300000,-28040000,-28060000,129170000,-25500000,0.9,7.60%,12.74%,N/L,N/L,N/L,N/L,N/L,2025-08-11
ATUS,Altice USA Inc Cl A,Communications Components,Computers and Technology,1253428000,0,N/A,-0.49%,0.00%,-48.08,0.88,26054098000,4964570000,3302710000,467697000,-102920000,1.58,44.60%,54.85%,N/L,N/L,N/L,N/L,N/L,2025-08-07
ATYR,Atyr Pharma Inc,Medical - Biomedical,Medical,518893000,0,6.59,-64.77%,-87.09%,0,N/A,507833000,-68220000,-67050000,89004000,-64020000,0.89,3.70%,61.72%,N/L,N/L,N/L,N/L,N/L,2025-08-12
AU,Anglogold Ashanti Ltd ADR,Mining - Gold,Basic Materials,21053658000,17.24,2.44,12.29%,21.19%,0.23,12.43,21592658000,2952000000,2200000000,419730000,1004000000,0.48,N/A,36.09%,N/L,N/L,N/L,N/L,N/L,2025-08-01
AUPH,Aurinia Pharm Ord,Medical - Drugs,Medical,1206479000,24.51,3.54,9.93%,14.27%,0,29.41,1123049000,54080000,34630000,135104000,5750000,1.16,12.20%,36.83%,N/L,N/L,N/L,N/L,N/L,2025-07-31
AUR,Aurora Innovation Inc Cl A,Technology Services,Business Services,11356178000,0,6.44,-37.72%,-42.79%,0,N/A,11145178000,-783000000,-804000000,1768875000,-748000000,2.48,11.85%,44.71%,N/L,N/L,N/L,N/L,N/L,2025-07-30
AUTL,Autolus Therapeutics Plc ADR,Medical - Biomedical,Medical,670675000,0,1.89,-29.67%,-52.82%,0,N/A,441865000,-248810000,-256530000,266141000,-220660000,1.81,25.70%,72.83%,N/L,N/L,N/L,N/L,N/L,2025-08-12
AVAV,Aerovironment Inc,Aerospace - Defense Equipment,Aerospace,13464442000,82.94,8.65,8.80%,10.68%,0.03,50.130001,13453582000,119710000,59160000,49342000,43620000,0.96,1.27%,86.38%,N/L,N/L,N/L,N/L,N/L,2025-09-03
AVDL,Avadel Pharmaceuticals Plc ADR,Medical - Drugs,Medical,1067031000,0,14.68,-16.30%,-36.07%,0,N/A,1015661000,-16690000,-19370000,96739000,-48830000,1.42,5.20%,69.19%,N/L,N/L,N/L,N/L,N/L,2025-08-14
AVGO,Broadcom Ltd,Electronics - Semiconductors,Computers and Technology,1364853248000,57.74,19.51,14.58%,35.49%,0.97,48.209999,1423071232000,33156000000,23146000000,4703471000,5895000000,1.12,2.00%,76.43%,N/L,N/L,N/L,N/L,N/L,2025-09-04
AVIR,Atea Pharmaceuticals Inc,Medical - Biomedical,Medical,333758000,0,0.78,-29.27%,-31.26%,0,N/A,269058000,-173600000,-162190000,85579000,-168390000,0.25,18.10%,86.67%,N/L,N/L,N/L,N/L,N/L,2025-08-06
AVPT,Avepoint Inc Cl A,Internet - Software,Computers and Technology,3772005000,0,10.39,-4.63%,-8.80%,0,N/A,3481265000,19030000,13650000,203233000,-29090000,1.33,26.19%,44.49%,N/L,N/L,N/L,N/L,N/L,2025-08-07
AVTR,Avantor Inc,Medical Services,Medical,9683120000,13.87,1.57,5.50%,11.93%,0.67,8.71,13477020000,1056000000,639300000,681430000,711500000,1.05,1.20%,95.08%,N/L,N/L,N/L,N/L,N/L,2025-08-01
AVXL,Anavex Lf SC,Medical - Biomedical,Medical,1036108000,0,10.9,-36.38%,-40.93%,0,N/A,903918000,-55170000,-55170000,85417000,-43000000,0.72,11.40%,31.55%,N/L,N/L,N/L,N/L,N/L,2025-08-05
AWK,American Water Works,Utility - Water Supply,Utilities,27364084000,25.59,2.6,3.32%,10.35%,1.28,14.89,40397084000,3368000000,2580000000,195012000,1051000000,0.69,0.11%,86.58%,N/L,N/L,N/L,N/L,N/L,2025-07-30
AXON,Axon Enterprise Inc,Aerospace - Defense Equipment,Aerospace,57221256000,435.13,21.6,2.83%,5.81%,0.68,254.580002,56766416000,81900000,33470000,77851000,377030000,1.29,4.40%,79.08%,N/L,N/L,N/L,N/L,N/L,2025-08-04
AXP,American Express Company,Finance - Misc Services,Finance,216843776000,21.63,6.64,3.62%,32.87%,1.8,19.16,226139776000,17187000000,15511000000,695882000,10129000000,1.25,0.20%,84.33%,N/L,N/L,N/L,N/L,N/L,2025-07-18
AXSM,Axsome Thera,Medical - Biomedical,Medical,4964466000,0,97.139999,-36.69%,-272.80%,3.41,N/A,4829826000,-253300000,-263900000,49236000,-287220000,0.46,22.30%,81.49%,N/L,N/L,N/L,N/L,N/L,2025-08-04
AXTI,Axt Inc,Electronics - Semiconductors,Computers and Technology,107169000,0,0.53,-5.32%,-8.54%,0.25,N/A,162729000,-12760000,-21740000,45604000,-11620000,2.07,8.80%,49.52%,N/L,N/L,N/L,N/L,N/L,2025-07-31
AZ,A2Z Cust2Mate Solutions Corp,Internet - Software,Computers and Technology,309216000,0,10.04,-121.98%,-256.23%,0.01,N/A,296626000,-15860000,-16720000,29590000,-17000000,1.46,27.95%,12.64%,N/L,N/L,N/L,N/L,N/L,2025-08-13
AZN,Astrazeneca Plc ADR,Medical - Biomedical,Medical,225343520000,17.06,5.56,12.83%,33.14%,0.73,11.7,248698528000,17250000000,10562000000,3101342000,7035000000,0.37,N/A,20.35%,N/L,N/L,N/L,N/L,N/L,2025-07-29
AZO,Autozone,Retail - Wholesale Auto Parts,Retail-Wholesale,64122472000,26.63,N/A,14.03%,-56.07%,-2.23,20.74,72848680000,4272510000,3710770000,16782000,2662430000,0.39,2.10%,92.74%,N/L,N/L,N/L,N/L,N/L,2025-05-27
B,Barrick Mining Corp,Mining - Gold,Basic Materials,37088312000,14.96,1.1,5.25%,7.51%,0.14,9.01,37743312000,6953000000,5038000000,1705994000,2144000000,0.28,5.22%,90.82%,N/L,N/L,N/L,N/L,N/L,2025-08-11
BA,Boeing Company,Aerospace - Defense,Aerospace,175728400000,0,N/A,-8.57%,0.00%,-16.13,N/A,215797408000,-8324000000,-10160000000,754005000,-11817000000,1.41,0.09%,64.82%,N/L,N/L,N/L,N/L,N/L,2025-07-29
BABA,Alibaba Group Holding ADR,Internet Commerce,Retail-Wholesale,286397952000,14.58,1.95,8.05%,13.64%,0.1,11.21,276853952000,26991000000,21140000000,2386053000,17929000000,0.21,12.50%,13.47%,N/L,N/L,N/L,N/L,N/L,2025-08-21
BAC,Bank of America Corp,Finance - Investment Brokers,Finance,364919392000,14.15,1.32,0.84%,10.25%,1.05,12.56,100162392000,80101000000,78242000000,7531876000,27132000000,1.3,0.30%,70.71%,N/L,N/L,N/L,N/L,N/L,2025-07-16
BAH,Booz Allen Hamilton Holding Corp,Consulting,Business Services,14039454000,18.13,14.54,11.77%,72.35%,3.99,14.88,17152454000,1700000000,1535000000,124188000,935000000,0.48,0.91%,91.82%,N/L,N/L,N/L,N/L,N/L,2025-07-25
BALL,Ball Corporation,Containers - Metal & Glass,Industrial Products,16370436000,18.14,2.99,5.29%,15.41%,1.21,11.02,21158436000,2082000000,1462000000,277418000,4008000000,1.08,0.81%,86.51%,N/L,N/L,N/L,N/L,N/L,2025-08-05
BAM,Brookfield Asset Management Ltd,Finance - Misc Services,Finance,103193872000,41.57,11.54,35.46%,52.70%,0.07,11.24,103181872000,582000000,582000000,1637478000,541000000,1.43,11.00%,68.41%,N/L,N/L,N/L,N/L,N/L,2025-08-06
BANC,First Pactrust Bancorp,Banks - Southwest,Finance,2230508000,13.26,0.74,0.65%,7.37%,0.27,11.42,1168738000,435280000,395160000,147618000,126890000,0.67,2.69%,86.88%,N/L,N/L,N/L,N/L,N/L,2025-07-23
BARK,Bark Inc,Consumer Services - Misc,Consumer Discretionary,172716000,0,1.9,-5.97%,-14.70%,0.43,N/A,121266000,-23520000,-35150000,169329000,-32880000,1.88,14.80%,28.76%,N/L,N/L,N/L,N/L,N/L,2025-08-07
BATRA,Atlanta Braves Holdings Inc,Media Conglomerates,Consumer Discretionary,3052245000,0,6.19,-1.35%,-4.07%,1.4,97.650002,3556765000,92260000,29430000,61874000,-31270000,0.69,4.83%,12.31%,N/L,N/L,N/L,N/L,N/L,2025-08-07
BAX,Baxter International Inc,Medical Products,Medical,14994972000,11.02,2.09,5.12%,17.24%,1.43,6.05,26356972000,1782000000,310000000,513175000,-649000000,0.61,0.21%,90.19%,N/L,N/L,N/L,N/L,N/L,2025-07-31
BB,Blackberry Ltd,Internet - Software,Computers and Technology,2325844000,99,3.25,1.30%,2.29%,0.27,74.690002,2254444000,96200000,51500000,594845000,-79000000,1.47,0.37%,54.48%,N/L,N/L,N/L,N/L,N/L,2025-06-24
BBAI,Bigbear.Ai Holdings Inc,IT Services,Computers and Technology,2151887000,0,11.48,-15.71%,-57.83%,0.51,39.400002,2237147000,53740000,-56560000,291189000,-295550000,3.46,1.10%,7.55%,N/L,N/L,N/L,N/L,N/L,2025-08-11
BBAR,Bbva Banco Frances S.A.,Banks - Foreign,Finance,3245326000,9.22,1.27,2.54%,13.53%,0.19,7.59,267066000,2769580000,2682010000,204237000,396450000,1.19,N/A,0.00%,N/L,N/L,N/L,N/L,N/L,2025-08-20
BBD,Banco Bradesco S.A. ADR,Banks - Foreign,Finance,29798076000,7.68,1.04,1.02%,12.33%,0.63,6.2,21810886000,24018160000,22769590000,10642170000,3198690000,0.71,0.33%,0.00%,N/L,N/L,N/L,N/L,N/L,2025-07-30
BBIO,Bridgebio Pharma Inc,Medical - Generic Drugs,Medical,8791490000,0,N/A,-94.43%,0.00%,-1.13,N/A,9831780000,-691610000,-697690000,189881000,-535760000,1.15,18.20%,99.85%,N/L,N/L,N/L,N/L,N/L,2025-08-05
BBWI,Bath & Body Works Inc,Retail - Misc & Diversified,Retail-Wholesale,6678475000,9.14,N/A,15.18%,-47.44%,-2.68,6.73,9888474000,1570000000,1288000000,211612000,798000000,1.72,0.26%,95.14%,N/L,N/L,N/L,N/L,N/L,2025-08-27
BBY,Best Buy Company,Retail - Consumer Electronics,Retail-Wholesale,14253242000,10.63,5.16,8.86%,46.39%,0.42,5.29,13829242000,2985000000,1644000000,211347000,927000000,1.24,0.47%,80.96%,N/L,N/L,N/L,N/L,N/L,2025-09-04
BCAB,Bioatla Inc,Medical - Biomedical,Medical,20727000,0,N/A,-116.55%,-373.47%,0,N/A,-28323000,-73010000,-73940000,58418000,-69780000,0.91,11.50%,77.23%,N/L,N/L,N/L,N/L,N/L,2025-08-14
BCAX,Bicara Therapeutics Inc,Medical - Biomedical,Medical,640798000,0,1.42,0.00%,0.00%,0,N/A,151088000,-77730000,-77790000,54536000,-68000000,N/A,15.50%,N/A,N/L,N/L,N/L,N/L,N/L,2025-08-12
BCE,BCE Inc,Diversified Comm Services,Utilities,22567130000,11.31,2.29,3.87%,19.22%,1.92,3.82,47961240000,11001320000,7322400000,932526000,251050000,0.61,0.15%,41.46%,N/L,N/L,N/L,N/L,N/L,2025-08-07
BCRX,Biocryst Pharma Inc,Medical - Drugs,Medical,1789088000,0,N/A,-11.06%,0.00%,-1.81,N/A,2512768000,22940000,33170000,209250000,-88880000,1.04,4.80%,85.88%,N/L,N/L,N/L,N/L,N/L,2025-08-04
BCS,Barclays Plc ADR,Banks - Foreign,Finance,69455504000,9.85,0.73,0.38%,8.04%,5.75,7.77,135632816000,13143290000,10927410000,3540036000,8059720000,1.1,0.02%,3.39%,N/L,N/L,N/L,N/L,N/L,2025-08-07
BDN,Brandywine Realty Trust,REIT - Equity Trust Other,Finance,707370000,5.99,0.81,-9.31%,-32.12%,2.22,313.589996,2824000000,421310000,224590000,172951000,-195910000,1.42,3.30%,87.27%,N/L,N/L,N/L,N/L,N/L,2025-07-23
BDX,Becton Dickinson and Company,Medical - Dental Suppliers,Medical,53114008000,13.03,2.09,7.36%,15.99%,0.7,8.69,69198008000,4513000000,2227000000,286607000,1705000000,0.25,0.36%,86.97%,N/L,N/L,N/L,N/L,N/L,2025-08-07
BE,Bloom Energy Corp Cl A,Other Alt Energy,Oils-Energy,7974744000,0,12.77,0.50%,2.51%,1.88,182.770004,8190074000,112710000,52860000,232229000,-29230000,3.22,3.60%,77.04%,N/L,N/L,N/L,N/L,N/L,2025-07-31
BEAM,Beam Therapeutics Inc,Medical - Biomedical,Medical,2184098000,0,1.88,-30.97%,-44.24%,0,N/A,1902128000,-431570000,-430730000,100557000,-376740000,2.07,3.50%,99.68%,N/L,N/L,N/L,N/L,N/L,2025-08-05
BEEM,Beam Global,Auto - Truck Original Parts,Auto-Tires-Trucks,40262000,0,1.59,-16.41%,-25.73%,0.01,N/A,35892000,-8870000,-13370000,15426000,-11280000,1.36,3.03%,26.59%,N/L,N/L,N/L,N/L,N/L,2025-08-12
BEKE,Ke Holdings Inc ADR,Internet - Services,Computers and Technology,23574772000,35.27,2.51,3.74%,6.75%,0,31.629999,20832982000,734240000,595540000,1208343000,556890000,-0.76,6.80%,39.34%,N/L,N/L,N/L,N/L,N/L,2025-08-11
BELFB,BEL Fuse Inc Cl B,Electronics Products - Misc,Computers and Technology,1518012000,24.12,3.46,6.46%,14.47%,0.76,22.43,1822852000,88470000,71860000,12667000,40960000,1.51,5.37%,58.39%,N/L,N/L,N/L,N/L,N/L,2025-07-24
BEN,Franklin Resources,Finance - Investment Mgmt,Finance,13043431000,10.99,0.99,3.74%,9.13%,0.93,7.21,22078130000,1735200000,1218500000,525521000,464800000,1.45,22.90%,47.56%,N/L,N/L,N/L,N/L,N/L,2025-08-01
BEP,Brookfield Renewable,Utility - Electric Power,Utilities,7731584000,0,0.24,-0.06%,-0.15%,1.06,3.9,39334584000,5771000000,3761000000,283832000,-181000000,0.99,N/A,63.16%,N/L,N/L,N/L,N/L,N/L,2025-08-01
BEPC,Brookfield Renewable Corp,Other Alt Energy,Oils-Energy,5281095000,0,0.43,0.13%,0.42%,0.11,4.23,5900095000,3855000000,2593000000,144886000,236000000,1.16,N/A,75.12%,N/L,N/L,N/L,N/L,N/L,2025-08-01
BF.B,Brown Forman Inc Cl B,Beverages - Alcohol,Consumer Staples,14633832000,16.93,3.69,10.63%,23.19%,0.68,15.4,16922832000,1194000000,1107000000,472669000,869000000,0.55,2.66%,34.67%,N/L,N/L,N/L,N/L,N/L,2025-09-04
BFH,Bread Financial Hldgs Inc,Finance - Misc Services,Finance,2945155000,7.39,0.9,1.83%,13.10%,1.67,5.18,3824155000,3904000000,3701000000,46549000,277000000,1.38,0.85%,99.52%,N/L,N/L,N/L,N/L,N/L,2025-07-24
BFLY,Butterfly Network Inc,Medical Information Systems,Medical,487159000,0,2.15,-21.13%,-29.97%,0,N/A,398379000,-59920000,-70260000,247289000,-72490000,2.46,25.18%,37.85%,N/L,N/L,N/L,N/L,N/L,2025-08-01
BG,Bunge Ltd,Agriculture Products,Basic Materials,10385472000,9.66,0.89,4.40%,9.98%,0.58,6.05,13316472000,1870000000,1402000000,134405000,1137000000,0.67,0.80%,86.23%,N/L,N/L,N/L,N/L,N/L,2025-07-30
BGC,Bgc Partners Cl A,Finance - Investment Brokers,Finance,4798741000,9.69,4.26,11.82%,46.98%,1.48,7.87,5403011000,365450000,223320000,488173000,126990000,1.12,26.30%,52.11%,N/L,N/L,N/L,N/L,N/L,2025-07-31
BGS,B&G Foods Holdings,Food - Misc & Diversified,Consumer Staples,359889000,7.88,0.68,1.41%,7.00%,3.91,0.65,2329759000,379090000,-105420000,79798000,-251250000,0.54,3.20%,66.15%,N/L,N/L,N/L,N/L,N/L,2025-08-04
BHC,Bausch Health Companies Inc,Medical - Generic Drugs,Medical,2505482000,1.81,N/A,5.26%,-540.45%,-89.63,0.88,22920482000,4032000000,2628000000,370086000,-46000000,0.41,8.05%,78.65%,N/L,N/L,N/L,N/L,N/L,2025-07-30
BHF,Brighthouse Financial Inc,Insurance - Life,Finance,2882506000,2.53,0.54,0.54%,25.60%,0.59,3,992506000,352000000,682000000,57409000,388000000,0.88,1.40%,81.24%,N/L,N/L,N/L,N/L,N/L,2025-08-07
BHP,Bhp Billiton Ltd ADR,Mining - Misc,Basic Materials,134775904000,0,2.77,0.00%,0.00%,0.41,9.01,142992896000,32017000000,0,2535765000,7897000000,0.8,0.02%,3.79%,N/L,N/L,N/L,N/L,N/L,2025-08-25
BHR,Braemar Hotels & Resorts Inc,REIT - Equity Trust Other,Finance,159572000,11.95,0.68,-0.31%,-2.60%,5.14,1.52,1678612000,325820000,219740000,67047000,-1690000,1.13,1.80%,64.79%,N/L,N/L,N/L,N/L,N/L,2025-07-31
BHVN,Biohaven Ltd,Medical - Biomedical,Medical,1378525000,0,5.38,-164.01%,-257.07%,0,N/A,1279395000,-915570000,-923430000,102113000,-846420000,0.91,16.00%,88.78%,N/L,N/L,N/L,N/L,N/L,2025-08-14
BIDU,Baidu Inc ADR,Internet - Services,Computers and Technology,31366588000,10.2,0.81,5.29%,8.35%,0.25,5.3,33742588000,5586000000,2775000000,345447000,3255000000,0.33,16.70%,0.00%,N/L,N/L,N/L,N/L,N/L,2025-08-20
BIGC,Bigcommerce Holdings Inc,Internet - Software,Computers and Technology,414107000,0,10.4,-2.97%,-33.21%,4.14,1175.099976,540217000,-11500000,-26260000,80098000,-27030000,1.15,4.99%,79.21%,N/L,N/L,N/L,N/L,N/L,2025-07-31
BIIB,Biogen Inc,Medical - Biomedical,Medical,19271362000,8.38,1.14,8.32%,14.03%,0.27,5.74,21443562000,3514300000,2550900000,146528000,1632200000,0.14,0.18%,87.93%,N/L,N/L,N/L,N/L,N/L,2025-07-31
BILI,Bilibili Inc ADR,Broadcast - Radio & TV,Consumer Discretionary,9766242000,0,5.02,-1.12%,-2.59%,0.35,52.849998,9017762000,276460000,-67700000,417986000,-184510000,0.91,22.20%,16.08%,N/L,N/L,N/L,N/L,N/L,2025-08-28
BILL,Bill Holdings Inc,Internet - Software,Computers and Technology,4731000000,150.8,1.19,0.51%,1.21%,0.06,30.98,3925070000,125330000,15930000,103027000,-28880000,1.35,4.20%,97.99%,N/L,N/L,N/L,N/L,N/L,2025-08-28
BIRK,Birkenstock Holding Plc,Shoes and Related Apparel,Consumer Staples,9900466000,32.83,3.31,5.53%,10.22%,0.43,26.290001,10810386000,1031150000,921270000,187829000,207850000,1.31,N/A,19.93%,N/L,N/L,N/L,N/L,N/L,2025-08-14
BITF,Bitfarms Ltd,Technology Services,Business Services,685785000,0,1,-11.18%,-12.70%,0,6.8,627825000,24750000,-116220000,557549000,-54060000,3.45,9.50%,20.59%,N/L,N/L,N/L,N/L,N/L,2025-08-14
BJ,Bj's Wholesale Club Holdings Inc,Consumer Prdts - Misc Staple,Consumer Staples,13759714000,23.86,6.94,8.16%,31.98%,0.28,17.01,14497784000,1078270000,815100000,132051000,534420000,0.45,1.40%,98.60%,N/L,N/L,N/L,N/L,N/L,2025-08-22
BK,Bank of New York Mellon Corp,Banks - Major Regional,Finance,72201600000,14.79,1.83,1.16%,13.46%,0.76,11.17,-36771400000,16919000000,15116000000,715434000,4530000000,1.07,0.14%,85.31%,N/L,N/L,N/L,N/L,N/L,2025-07-15
BKNG,Booking Holdings Inc,Internet Commerce,Retail-Wholesale,183274080000,29.4,N/A,23.29%,-143.67%,-2.66,26.85,183965088000,9059000000,8468000000,32540000,5882000000,1.4,0.16%,92.42%,N/L,N/L,N/L,N/L,N/L,2025-07-29
BKR,Baker Hughes Company,Oil - Field Services,Oils-Energy,45624036000,18.22,2.54,6.53%,14.56%,0.35,12.96,48283036000,4456000000,3320000000,990750000,2979000000,0.91,0.27%,92.06%,N/L,N/L,N/L,N/L,N/L,2025-07-22
BKSY,Blacksky Technology Inc,Technology Services,Business Services,626077000,0,7.31,-16.72%,-45.63%,1.3,N/A,719367000,49910000,-3420000,31652000,-57220000,2.07,4.50%,27.15%,N/L,N/L,N/L,N/L,N/L,2025-08-07
BL,Blackline Inc,Internet - Software,Computers and Technology,3489920000,52.81,8.53,4.05%,18.70%,1.59,26.91,3533160000,75200000,20370000,62320000,165810000,0.93,8.60%,95.13%,N/L,N/L,N/L,N/L,N/L,2025-08-05
BLBD,Blue Bird Corp,Auto - Domestic,Auto-Tires-Trucks,1453568000,14.04,7.65,20.87%,64.84%,0.49,11.79,1420868000,147570000,132060000,31565000,105550000,1.41,1.10%,93.59%,N/L,N/L,N/L,N/L,N/L,2025-08-06
BLDP,Ballard Power Sys,Utility - Electric Power,Utilities,638681000,0,0.96,-17.90%,-20.41%,0,N/A,34731000,-158320000,-169880000,299850000,-324250000,1.71,0.16%,28.02%,N/L,N/L,N/L,N/L,N/L,2025-08-11
BLDR,Builders Firstsource,Building Prds Retail - Wsale,Retail-Wholesale,15080876000,12.78,3.36,11.18%,28.02%,1.02,7.87,18631366000,1973610000,1406090000,110515000,1077900000,1.69,2.00%,95.53%,N/L,N/L,N/L,N/L,N/L,2025-07-31
BLK,Blackrock Inc,Finance - Investment Mgmt,Finance,174025280000,23.93,3.6,5.26%,15.83%,0.38,24.09,181327280000,8557000000,7978000000,154926000,6369000000,1.41,1.98%,80.69%,N/L,N/L,N/L,N/L,N/L,2025-07-15
BLKB,Blackbaud Inc,Computer - Software,Computers and Technology,3173078000,26.63,95.43,4.88%,38.58%,36.34,13.04,3438558000,271920000,147720000,48518000,-283170000,1.14,1.97%,94.21%,N/L,N/L,N/L,N/L,N/L,2025-07-30
BLMN,Bloomin' Brands Inc,Retail - Restaurants,Retail-Wholesale,853557000,5.92,2.21,4.31%,55.08%,2.38,2.36,1810897000,491110000,290200000,84931000,-128020000,1.32,3.00%,N/A,N/L,N/L,N/L,N/L,N/L,2025-08-06
BLNK,Blink Charging Company,Electronic Misc Services,Computers and Technology,115043000,0,1.16,-24.69%,-39.14%,0,1.5,73273000,63790000,-76600000,102717000,-198130000,3.22,1.60%,44.64%,N/L,N/L,N/L,N/L,N/L,2025-08-07
BMA,Banco Macro S.A. ADR,Banks - Foreign,Finance,4580991000,0,1.11,0.41%,1.50%,0.11,8.75,2144821000,19970000,-131980000,63900000,358050000,1.6,18.34%,0.00%,N/L,N/L,N/L,N/L,N/L,2025-08-28
BMBL,Bumble Inc,Internet - Software,Computers and Technology,849052000,0,0.65,3.32%,5.81%,0.75,N/A,1662752000,-571000000,-641620000,103291000,-557010000,1.94,15.84%,94.85%,N/L,N/L,N/L,N/L,N/L,2025-08-06
BMEA,Biomea Fusion Inc,Medical - Biomedical,Medical,68757000,0,2.37,-134.84%,-197.71%,0,N/A,10477000,-130970000,-132720000,37572000,-138430000,-0.13,18.42%,96.72%,N/L,N/L,N/L,N/L,N/L,2025-07-30
BMI,Badger Meter,Industrial Controls,Computers and Technology,5687810000,41.36,8.26,15.71%,21.57%,0,35.529999,5392500000,202970000,170780000,29469000,124940000,0.83,0.80%,89.01%,N/L,N/L,N/L,N/L,N/L,2025-07-22
BMO,Bank of Montreal,Banks - Foreign,Finance,82208544000,15.63,1.5,0.55%,10.15%,0.11,11.86,-37680560000,19299140000,17748920000,718355000,5376540000,1.07,1.00%,45.82%,N/L,N/L,N/L,N/L,N/L,2025-08-26
BMRN,Biomarin Pharmaceuticals,Medical - Biomedical,Medical,11316701000,18.62,1.98,8.95%,11.34%,0,18.41,10373861000,698270000,610190000,191776000,426860000,0.17,0.85%,98.71%,N/L,N/L,N/L,N/L,N/L,2025-08-04
BMY,Bristol-Myers Squibb Company,Medical - Biomedical,Medical,98558976000,6.67,5.71,15.98%,87.62%,2.85,8.31,137861984000,23052000000,13452000000,2035081000,-8948000000,0.36,0.09%,76.41%,N/L,N/L,N/L,N/L,N/L,2025-07-31
BN,Brookfield Corp,Real Estate Operations,Finance,111454888000,16.14,0.72,1.36%,4.20%,1.55,6.86,335298880000,28184000000,18447000000,1648741000,641000000,1.66,11.00%,61.60%,N/L,N/L,N/L,N/L,N/L,2025-08-07
BNED,Barnes & Noble Education Inc C,Consumer Prdts - Misc Discr,Consumer Discretionary,314659000,0,0.99,-0.55%,-2.76%,0.5,N/A,500539000,63590000,9880000,34054000,-63210000,1.78,1.00%,38.51%,N/L,N/L,N/L,N/L,N/L,2025-07-28
BNS,Bank of Nova Scotia,Banks - Foreign,Finance,70396944000,12.27,1.32,0.60%,11.27%,0.54,9.37,-84955392000,10953890000,9660820000,1243323000,5699800000,1.12,N/A,49.13%,N/L,N/L,N/L,N/L,N/L,2025-08-26
BNTX,Biontech Se ADR,Medical - Biomedical,Medical,27719718000,0,1.38,-3.41%,-3.94%,0.02,N/A,17431438000,-1111730000,-1434200000,240393000,-719920000,1.29,19.20%,15.52%,N/L,N/L,N/L,N/L,N/L,2025-08-04
BOOT,Boot Barn Holdings Inc,Retail - Apparel & Shoes,Retail-Wholesale,5336341000,28.87,4.53,9.34%,16.98%,0,21.190001,5266571000,301940000,239350000,30579000,180940000,1.69,1.00%,N/A,N/L,N/L,N/L,N/L,N/L,2025-07-31
BORR,Borr Drilling Ltd,Oil & Gas - Drilling,Oils-Energy,522057000,11.74,0.55,1.52%,5.14%,2.17,2.97,2570157000,586200000,484700000,236225000,82100000,1.79,7.90%,83.12%,N/L,N/L,N/L,N/L,N/L,2025-08-13
BOX,Box Inc,Internet - Software,Computers and Technology,4743600000,150.18,N/A,5.22%,-20.17%,-2.33,43.259998,5265810000,142630000,67970000,143789000,244620000,0.9,3.90%,86.74%,N/L,N/L,N/L,N/L,N/L,2025-08-26
BP,BP Plc ADR,Oil - International Integrated,Oils-Energy,85402128000,11.48,1.11,2.74%,9.51%,0.75,3.4,105745128000,43306000000,26684000000,2652240000,381000000,0.54,1.00%,11.01%,N/L,N/L,N/L,N/L,N/L,2025-08-05
BRBR,Bellring Brands Inc Cl A,Food - Misc & Diversified,Consumer Staples,6951816000,24.98,N/A,32.69%,-133.63%,-3.75,23.799999,7713816000,487600000,451100000,126997000,246500000,0.7,1.07%,94.97%,N/L,N/L,N/L,N/L,N/L,2025-08-04
BRCC,Brc Inc Cl A,Consumer Prdts - Misc Staple,Consumer Staples,432839000,0,9.17,-0.46%,-2.09%,1.56,20.219999,491119000,5720000,-5530000,213221000,-2950000,0.9,69.00%,16.29%,N/L,N/L,N/L,N/L,N/L,2025-08-04
BRK.B,Berkshire Hathaway Cl B,Insurance - Proprty & Casualty,Finance,1044301120000,22.61,1.58,4.01%,7.20%,0.19,17.190001,1121334144000,76036000000,63181000000,2157335000,88995000000,0.83,6.05%,39.25%,N/L,N/L,N/L,N/L,N/L,2025-08-01
BRKR,Bruker Corp,Industrial Scientific,Computers and Technology,6355251000,17.21,3.34,5.95%,19.47%,1.15,11.27,8284251000,403900000,220100000,151532000,113100000,1.18,27.30%,79.52%,N/L,N/L,N/L,N/L,N/L,2025-08-04
BRO,Brown & Brown,Insurance - Brokers,Finance,29636978000,25.76,4.31,6.76%,17.77%,0.56,22.719999,30958978000,1982000000,1789000000,286680000,993000000,0.82,17.02%,71.01%,N/L,N/L,N/L,N/L,N/L,2025-07-28
BROS,Dutch Bros Inc Cl A,Retail - Restaurants,Retail-Wholesale,9786679000,121.79,11.95,2.34%,7.73%,0.36,52.98,9730399000,204600000,111590000,164482000,35260000,2.65,42.40%,85.54%,N/L,N/L,N/L,N/L,N/L,2025-08-06
BRSL,Brightstar Lottery Plc,Gaming,Consumer Discretionary,2939565000,22.08,1.45,1.50%,7.86%,2.85,5.3,7596565000,970000000,568000000,202032000,348000000,1.52,1.24%,44.33%,N/L,N/L,N/L,N/L,N/L,2025-07-29
BRSP,Brightspire Capital Inc,REIT - Mortgage Trusts,Finance,640568000,7.45,0.63,2.31%,8.07%,1.67,4.64,2062128000,9440000,-32590000,130462000,-131980000,1.47,2.36%,56.57%,N/L,N/L,N/L,N/L,N/L,2025-07-29
BRZE,Braze Inc Cl A,Internet - Software,Computers and Technology,3082814000,0,6.4,-10.26%,-18.89%,0,N/A,2999754000,-79250000,-122300000,105612000,-103740000,1.1,18.20%,90.47%,N/L,N/L,N/L,N/L,N/L,2025-09-04
BSGM,Biosig Technologies,Medical Instruments,Medical,130743000,0,46.310001,-398.16%,"-5,336.99%",0,N/A,130713000,-12480000,-12670000,27295000,-10330000,1.71,17.03%,7.16%,N/L,N/L,N/L,N/L,N/L,2025-08-13
BSM,Black Stone Minerals LP,E&P MLP,Oils-Energy,2609666000,10.33,3.39,22.26%,32.76%,0.06,8.15,2932626000,315270000,268990000,211138000,271330000,0.3,17.80%,14.49%,N/L,N/L,N/L,N/L,N/L,2025-08-04
BSX,Boston Scientific Corp,Medical Products,Medical,157028400000,37.53,7,10.78%,19.39%,0.5,29.1,167360400000,5370000000,3715000000,1479446000,1854000000,0.68,0.50%,89.07%,N/L,N/L,N/L,N/L,N/L,2025-07-23
BSY,Bentley Systems Inc Cl B,Internet - Software,Computers and Technology,17099140000,62.07,16.110001,9.02%,29.18%,1.13,49.290001,18423220000,430590000,358640000,291844000,234700000,1.09,20.56%,44.16%,N/L,N/L,N/L,N/L,N/L,2025-08-06
BTBT,Bit Digital Inc,Technology Services,Business Services,937361000,0,1.61,-9.19%,-10.83%,0,86.019997,847481000,-6860000,-39170000,297575000,28310000,5.25,2.32%,47.70%,N/L,N/L,N/L,N/L,N/L,2025-08-18
BTCM,Bit Mining Ltd,Technology Services,Business Services,43410000,0,0.75,0.00%,0.00%,0,9.22,41600000,3530000,-19220000,15073000,12070000,3.13,19.68%,5.34%,N/L,N/L,N/L,N/L,N/L,2025-02-28
BTDR,Bitdeer Technologies Group,Technology Services,Business Services,1639182000,0,2.14,-14.00%,-34.00%,0.27,N/A,1284362000,-92820000,-173920000,111966000,-599150000,2.22,N/A,22.25%,N/L,N/L,N/L,N/L,N/L,2025-08-11
BTE,Baytex Energy Corp,Oil - C$ Exploration & Product,Oils-Energy,1590416000,7.64,0.56,4.16%,7.90%,0.52,1.4,3225626000,2605730000,1594290000,768317000,172670000,1.13,0.76%,46.15%,N/L,N/L,N/L,N/L,N/L,2025-07-31
BTG,B2Gold Corp,Mining - Gold,Basic Materials,4590362000,19.56,1.46,4.97%,7.46%,0.13,8.08,4691272000,1049670000,682260000,1322871000,-629890000,0.45,1.18%,61.40%,N/L,N/L,N/L,N/L,N/L,2025-08-07
BTI,British American Tobacco Industries ADR,Tobacco,Consumer Staples,107780832000,0,1.82,0.00%,0.00%,0.74,8.15,148230208000,11421870000,0,2062791000,3920600000,0.33,0.03%,16.16%,N/L,N/L,N/L,N/L,N/L,2025-02-13
BTM,Bitcoin Depot Inc,Finance - Misc Services,Finance,342140000,0,N/A,-6.71%,0.00%,-12.09,N/A,368150000,61670000,50340000,64312000,-11690000,0.87,70.23%,9.18%,N/L,N/L,N/L,N/L,N/L,2025-08-21
BTU,Peabody Energy Corp,Coal,Oils-Energy,2030720000,6.33,0.57,6.34%,10.05%,0.09,2.91,1678420000,1124300000,781300000,121600000,370900000,0.52,0.41%,87.44%,N/L,N/L,N/L,N/L,N/L,2025-07-31
BUD,Anheuser-Busch Inbev S.A. ADR,Beverages - Alcohol,Consumer Staples,126163288000,19.63,1.42,6.86%,16.09%,0,9.99,187158288000,20978000000,15434000000,1797198000,5855000000,0.82,4.50%,5.53%,N/L,N/L,N/L,N/L,N/L,2025-07-31
BULL,Webull Corp Cl A,Finance - Misc Services,Finance,7405586000,100.56,N/A,2.14%,-2.15%,0,36.099998,6195626000,-10840000,-259890000,461551000,-22690000,-0.19,35.00%,92.48%,N/L,N/L,N/L,N/L,N/L,2025-08-28
BUR,Burford Capital Ltd,Finance - Misc Services,Finance,3013176000,14.94,0.96,3.35%,6.41%,0.56,20.76,4306856000,459730000,454200000,218663000,146480000,0.67,8.90%,0.00%,N/L,N/L,N/L,N/L,N/L,2025-08-07
BURL,Burlington Stores Inc,Retail - Discount,Retail-Wholesale,17627140000,32.87,12.91,6.48%,44.03%,1.22,20,18343250000,1476190000,1125540000,63087000,503640000,1.64,1.10%,N/A,N/L,N/L,N/L,N/L,N/L,2025-09-04
BVN,Compania Mina Buenaventura S.A. ADR,Mining - Silver,Basic Materials,4407030000,12.98,1.27,6.83%,9.63%,0.18,11.17,4555370000,445660000,398780000,253715000,402690000,0.43,19.34%,0.00%,N/L,N/L,N/L,N/L,N/L,2025-07-24
BW,Babcock & Wilcox Enterprises,Electrical Power,Computers and Technology,102340000,0,N/A,-7.84%,0.00%,-1.57,N/A,458770000,52070000,26610000,98404000,-59920000,1.69,3.90%,83.17%,N/L,N/L,N/L,N/L,N/L,2025-08-14
BWA,Borgwarner Inc,Auto - Truck Original Parts,Auto-Tires-Trucks,7914315000,8.19,1.34,6.85%,16.13%,0.65,4.79,9583314000,1807000000,1134000000,219720000,338000000,1.09,0.45%,95.67%,N/L,N/L,N/L,N/L,N/L,2025-07-31
BWEN,Broadwind Energy Inc,Machinery - General Industrial,Industrial Products,63524000,0,0.95,-0.58%,-1.23%,0.12,7.14,63544000,9670000,2990000,22687000,1150000,1.44,6.40%,33.27%,N/L,N/L,N/L,N/L,N/L,2025-08-12
BWXT,Bwx Technologies Inc,Aerospace - Defense Equipment,Aerospace,13517774000,41.33,11.95,10.95%,30.26%,1.09,33.540001,14496354000,351500000,265640000,91361000,281940000,0.7,0.47%,94.39%,N/L,N/L,N/L,N/L,N/L,2025-08-04
BX,Blackstone Inc,Finance - Misc Services,Finance,129950320000,35.62,6.63,8.73%,20.47%,0.67,35.77,139896496000,5944230000,5908260000,729648000,2776510000,1.65,1.00%,70.00%,N/L,N/L,N/L,N/L,N/L,2025-07-24
BXMT,Blackstone Mortgage Trust Inc Cl A,REIT - Mortgage Trusts,Finance,3364684000,13.3,0.91,1.23%,6.74%,4.32,10.27,18766124000,1505260000,1517030000,171580000,-204090000,1.1,1.02%,64.15%,N/L,N/L,N/L,N/L,N/L,2025-07-30
BXP,Bxp Inc,REIT - Equity Trust Other,Finance,11367735000,10.09,1.43,1.16%,3.72%,2.04,9.25,26623916000,2813340000,1924880000,158325000,14270000,1.15,1.49%,98.72%,N/L,N/L,N/L,N/L,N/L,2025-07-29
BXSL,Blackstone Secured Lending Fund,Finance - SBIC & Commercial,Finance,7453148000,9.35,1.18,5.67%,12.49%,1.18,10.44,14279628000,717910000,730550000,229681000,694100000,0.46,0.10%,36.49%,N/L,N/L,N/L,N/L,N/L,2025-08-06
BYD,Boyd Gaming Corp,Gaming,Consumer Discretionary,6995773000,11.81,4.96,9.49%,39.81%,2.6,8.13,9851003000,1446300000,1162070000,81403000,577950000,1.26,27.94%,76.81%,N/L,N/L,N/L,N/L,N/L,2025-07-24
BYND,Beyond Meat Inc,Food - Meat Products,Consumer Staples,278354000,0,N/A,-23.00%,0.00%,0,N/A,145404000,-131790000,-158850000,76471000,-160280000,2.19,7.50%,52.48%,N/L,N/L,N/L,N/L,N/L,2025-08-06
BYON,Beyond Inc,Internet Commerce,Retail-Wholesale,581981000,0,4.34,-34.55%,-77.62%,0.17,N/A,420761000,-137930000,-156990000,57679000,-258800000,3.25,1.60%,76.30%,N/L,N/L,N/L,N/L,N/L,2025-07-28
BYRN,Byrna Technologies Inc,Technology Services,Business Services,536950000,61.95,8.88,13.10%,16.96%,0,61.91,520120000,11450000,9950000,22704000,12790000,2.02,9.75%,25.46%,N/L,N/L,N/L,N/L,N/L,2025-07-10
BZAI,Blaize Holdings Inc,Unclassified,N/A,440292000,0,24.34,-21.91%,0.00%,0.26,N/A,442502000,-42330000,-42330000,101684000,-4110000,0.25,68.50%,97.12%,N/L,N/L,N/L,N/L,N/L,2025-08-14
BZFD,Buzzfeed Inc,Media Conglomerates,Consumer Discretionary,91690000,0,0.97,-8.70%,-24.44%,0.25,N/A,78560000,26610000,1380000,38525000,-10100000,3.46,19.21%,37.64%,N/L,N/L,N/L,N/L,N/L,2025-08-07
BZH,Beazer Homes USA,Building - Residential & Comm,Construction,746666000,7.85,0.6,3.65%,7.81%,0.88,4.87,1529406000,134920000,120050000,30303000,140180000,2.09,6.52%,85.65%,N/L,N/L,N/L,N/L,N/L,2025-07-31
BZUN,Baozun Inc ADR,IT Services,Computers and Technology,161694000,0,0.29,-1.84%,-4.46%,0.38,18.68,332534000,13830000,-19710000,57748000,-18680000,0.31,59.20%,47.29%,N/L,N/L,N/L,N/L,N/L,2025-08-27
C,Citigroup Inc,Finance - Investment Brokers,Finance,179433200000,14.09,0.9,0.57%,7.29%,1.48,10.61,-66010800000,79762000000,75451000000,1867734000,12684000000,1.34,0.08%,71.72%,N/L,N/L,N/L,N/L,N/L,2025-07-15
CADL,Candel Therapeutics Inc,Medical - Biomedical,Medical,351723000,0,4.62,-63.13%,-136.74%,0.13,N/A,261573000,-32610000,-33600000,50103000,-55180000,-0.91,16.60%,13.93%,N/L,N/L,N/L,N/L,N/L,2025-08-12
CAE,Cae Inc,Aerospace - Defense Equipment,Aerospace,9195210000,32.76,2.55,3.58%,8.17%,0.71,16.110001,11508640000,822120000,524080000,320614000,291290000,1.3,18.30%,67.36%,N/L,N/L,N/L,N/L,N/L,2025-08-13
CAG,Conagra Brands Inc,Food - Misc & Diversified,Consumer Staples,9171679000,8.39,1.03,5.25%,12.52%,0.81,6.18,16366579000,1754800000,1364600000,477443000,1152400000,0.11,0.51%,83.75%,N/L,N/L,N/L,N/L,N/L,2025-07-10
CAH,Cardinal Health,Medical - Dental Suppliers,Medical,37505704000,19.78,N/A,4.21%,-68.84%,-4.05,15.02,37464704000,3373000000,2663000000,238677000,852000000,0.68,0.09%,87.17%,N/L,N/L,N/L,N/L,N/L,2025-08-12
CAKE,Cheesecake Fact,Retail - Restaurants,Retail-Wholesale,3257951000,17.99,9.56,5.98%,46.06%,1.85,12.37,3625831000,395210000,293760000,49528000,156780000,1.16,8.40%,94.48%,N/L,N/L,N/L,N/L,N/L,2025-07-29
CAL,Caleres Inc,Shoes and Related Apparel,Consumer Staples,520474000,5.77,0.84,4.68%,14.94%,0,2.98,490834000,175520000,118680000,33797000,107260000,1.03,4.10%,98.44%,N/L,N/L,N/L,N/L,N/L,2025-09-11
CALM,Cal-Maine Foods IN,Agriculture Products,Basic Materials,5145906000,4.24,2.02,44.18%,54.81%,0,3.95,4908026000,1323120000,1242880000,49046000,277890000,0.17,13.45%,84.67%,N/L,N/L,N/L,N/L,N/L,2025-07-22
CAMT,Camtek Ltd,Electronics - Measuring Inst,Computers and Technology,4368361000,35.56,7.31,15.09%,24.57%,0,31.58,4011141000,131300000,119540000,45594000,118520000,1.34,79.40%,41.93%,N/L,N/L,N/L,N/L,N/L,2025-08-05
CAN,Canaan Inc ADR,Finance - Misc Services,Finance,296937000,0,1.28,-57.73%,-98.53%,0.18,N/A,224387000,-164720000,-193140000,372896000,-249750000,3.29,0.29%,70.14%,N/L,N/L,N/L,N/L,N/L,2025-08-21
CAPR,Capricor Therap,Medical Products,Medical,322480000,0,2.32,-48.36%,-62.42%,0,N/A,311190000,-41140000,-42570000,45677000,-40470000,0.82,10.50%,21.68%,N/L,N/L,N/L,N/L,N/L,2025-08-06
CAR,Avis Budget Group,Transportation - Services,Transportation,7277354000,0,N/A,-0.84%,0.00%,-8.24,1.74,29672354000,7419000000,3364000000,35192000,-1821000000,2.19,52.80%,96.35%,N/L,N/L,N/L,N/L,N/L,2025-07-29
CARR,Carrier Global Corp,Building Prdcts - Air Heating,Construction,69210640000,27.49,4.8,6.76%,18.10%,0.79,19.629999,77519640000,4007000000,2775000000,857310000,5604000000,1.31,7.20%,91.00%,N/L,N/L,N/L,N/L,N/L,2025-07-29
CART,Maplebear Inc [Instacart],Internet Commerce,Retail-Wholesale,12708448000,32.79,4.12,10.51%,14.12%,0,24.43,11616448000,522000000,455000000,262517000,457000000,1.21,26.00%,63.09%,N/L,N/L,N/L,N/L,N/L,2025-08-07
CAT,Caterpillar Inc,Machinery - Construct & Mining,Industrial Products,204314464000,20.9,11.2,11.64%,53.77%,2.14,15.95,235834464000,14285000000,12132000000,471042000,10792000000,1.38,0.33%,70.98%,N/L,N/L,N/L,N/L,N/L,2025-08-05
CAVA,Cava Group Inc,Retail - Restaurants,Retail-Wholesale,10180393000,146.2,13.74,6.19%,10.62%,0,89.389999,9814273000,173780000,113420000,115660000,130320000,2.65,6.80%,73.15%,N/L,N/L,N/L,N/L,N/L,2025-08-28
CB,Chubb Ltd,Insurance - Proprty & Casualty,Finance,107855400000,12.53,1.45,3.47%,12.34%,0.25,11.9,123635400000,11533000000,11577000000,400726000,9272000000,0.53,0.77%,83.81%,N/L,N/L,N/L,N/L,N/L,2025-07-22
CBOE,CBOE Global Markets Inc,Securities Exchanges,Finance,25812798000,27.41,5.78,10.99%,22.29%,0.32,22.889999,26333498000,1589500000,1376900000,104713000,761000000,0.43,0.22%,82.67%,N/L,N/L,N/L,N/L,N/L,2025-08-01
CBRL,Cracker Barrel,Retail - Restaurants,Retail-Wholesale,1464723000,19.72,3.17,3.53%,16.83%,1.04,7.09,1929343000,204190000,73270000,22267000,40930000,1.45,1.40%,96.01%,N/L,N/L,N/L,N/L,N/L,2025-09-18
CC,Chemours Company,Chemical - Diversified,Basic Materials,2120881000,13.73,3.61,2.07%,23.82%,7.08,3.8,5515881000,700000000,331000000,149674000,86000000,1.65,0.47%,76.26%,N/L,N/L,N/L,N/L,N/L,2025-08-07
CCCC,C4 Therapeutics Inc,Medical - Biomedical,Medical,160476000,0,0.83,-28.96%,-45.86%,0,N/A,104976000,-120130000,-116550000,71007000,-105320000,2.94,8.73%,78.81%,N/L,N/L,N/L,N/L,N/L,2025-08-07
CCEP,Coca-Cola Europacific Partners Plc,Beverages - Soft,Consumer Staples,46113136000,0,4.75,0.00%,0.00%,1.26,15.5,56683088000,3316640000,0,460947000,1534420000,0.77,3.00%,31.35%,N/L,N/L,N/L,N/L,N/L,2025-08-06
CCI,Crown Castle Inc,REIT - Equity Trust Other,Finance,48544968000,19.78,N/A,-11.67%,-619.62%,-19.45,17.52,72335968000,10207000000,3479000000,435459000,-3903000000,0.88,0.10%,90.77%,N/L,N/L,N/L,N/L,N/L,2025-07-23
CCIR,Cohen Circle Acquisition Corp. I Cl A,N/A,N/A,N/A,N/A,N/A,N/A,N/A,N/A,N/A,N/A,N/A,N/A,N/A,2105923,N/A,N/A,N/A,N/L,N/L,N/L,N/L,N/L,N/A
CCJ,Cameco Corp,Mining - Misc,Basic Materials,34656804000,173.74,7.7,2.98%,4.47%,0.15,83.230003,35153676000,829680000,624820000,435387000,125420000,1.03,1.00%,70.21%,N/L,N/L,N/L,N/L,N/L,2025-07-31
CCL,Carnival Corp,Leisure & Recreation Services,Consumer Discretionary,34730272000,15.76,3.47,5.20%,27.87%,2.72,7.49,60994272000,9567000000,6869000000,1167404000,1916000000,2.61,7.60%,67.19%,N/L,N/L,N/L,N/L,N/L,2025-06-24
CCO,Clear Channel Outdoor Holdings,Advertising Marketing Services,Business Services,556321000,0,N/A,-2.71%,0.00%,-1.55,3.97,6106921000,723090000,471880000,496715000,-179250000,2.58,7.70%,85.52%,N/L,N/L,N/L,N/L,N/L,2025-08-05
CCS,Century Communities Inc,Building - Residential & Comm,Construction,1821518000,6.76,0.72,6.14%,10.99%,0.52,4.93,2911928000,502060000,477770000,30547000,333820000,1.44,11.90%,99.54%,N/L,N/L,N/L,N/L,N/L,2025-07-23
CDE,Coeur Mining Inc,Mining - Non Ferrous,Basic Materials,5936388000,28.48,2.19,5.55%,9.96%,0.18,17.59,6471358000,513640000,370460000,639697000,58900000,1.32,1.50%,63.01%,N/L,N/L,N/L,N/L,N/L,2025-08-06
CDLX,Cardlytics Inc,Technology Services,Business Services,128630000,0,2.2,-42.07%,-172.36%,0.72,N/A,108900000,131670000,-29430000,52502000,-189300000,1.21,4.40%,68.10%,N/L,N/L,N/L,N/L,N/L,2025-08-06
CDNA,Caredx Inc,Medical Services,Medical,712160000,11.17,1.88,14.25%,21.16%,0,9.44,597470000,-29190000,-49570000,55681000,52550000,2.19,4.40%,N/A,N/L,N/L,N/L,N/L,N/L,2025-08-06
CDNS,Cadence Design Sys,Computer - Software,Computers and Technology,90701824000,66.39,18.559999,15.60%,29.36%,0.52,62.110001,90533976000,1696620000,1496210000,273042000,1055480000,0.99,1.99%,84.85%,N/L,N/L,N/L,N/L,N/L,2025-07-28
CE,Celanese Corp,Chemical - Specialty,Basic Materials,6422191000,8.35,1.11,3.06%,11.28%,2.28,3.59,18039190000,242000000,-581000000,109407000,-1522000000,1.14,0.33%,98.87%,N/L,N/L,N/L,N/L,N/L,2025-08-11
CEG,Constellation Energy Corp,Other Alt Energy,Oils-Energy,102597048000,35.74,7.56,5.43%,21.93%,0.87,18.51,111211048000,7755000000,5055000000,313417000,3749000000,1.12,0.23%,82.24%,N/L,N/L,N/L,N/L,N/L,2025-08-07
CELC,Celcuity Inc,Medical - Biomedical,Medical,521415000,0,6.13,-49.44%,-96.21%,1.14,N/A,596635000,-125440000,-126900000,37866000,-111780000,0.45,15.77%,63.33%,N/L,N/L,N/L,N/L,N/L,2025-08-13
CELH,Celsius Holdings Inc,Food - Misc & Diversified,Consumer Staples,12021040000,77.18,26.940001,10.05%,42.12%,0,48.77,11130850000,145970000,124570000,257741000,145070000,1.45,2.55%,60.95%,N/L,N/L,N/L,N/L,N/L,2025-08-05
CELU,Celularity Inc,Medical - Biomedical,Medical,70889000,0,8.51,0.00%,0.00%,4.78,N/A,112439000,-28880000,-36800000,23949000,-57890000,0.74,22.10%,19.02%,N/L,N/L,N/L,N/L,N/L,2025-01-07
CENX,Century Aluminum C,Metal Production & Fabrication,Basic Materials,2136639000,19.34,3.08,6.43%,19.06%,0.7,5.03,2629139000,247400000,165600000,93303000,336800000,2.55,0.76%,61.59%,N/L,N/L,N/L,N/L,N/L,2025-08-14
CEP,Cantor Equity Partners Inc Cl A,Unclassified,N/A,360832000,0,N/A,0.00%,0.00%,0,241.190002,360802000,-610000,-610000,12800000,1540000,N/A,4.90%,N/A,N/L,N/L,N/L,N/L,N/L,2025-08-21
CF,Cf Industries Holdings,Fertilizers,Basic Materials,15817802000,12.32,2.17,9.82%,17.39%,0.41,7.59,17174802000,2823000000,1898000000,169537000,1218000000,0.96,0.42%,93.06%,N/L,N/L,N/L,N/L,N/L,2025-08-06
CFG,Citizens Financial Group Inc/Ri,Banks - Northeast,Finance,21633762000,14.8,0.93,0.72%,6.94%,0.5,10.32,24911762000,3179000000,2681000000,437134000,1509000000,0.76,0.65%,94.90%,N/L,N/L,N/L,N/L,N/L,2025-07-17
CFLT,Confluent Inc Cl A,Internet - Software,Computers and Technology,9309667000,0,8.83,-10.78%,-29.92%,0,N/A,8923687000,-366550000,-408970000,340390000,-345070000,0.99,9.20%,78.09%,N/L,N/L,N/L,N/L,N/L,2025-07-30
CG,The Carlyle Group,Finance - Investment Mgmt,Finance,22914078000,16.44,3.52,6.40%,23.79%,1.56,14.86,29824878000,1591000000,1406900000,361136000,1020400000,1.86,26.30%,55.88%,N/L,N/L,N/L,N/L,N/L,2025-08-06
CGC,Canopy Growth Corp,Medical Products,Medical,233868000,0,0.58,-40.78%,-88.54%,0.62,N/A,370598000,-53200000,-84190000,205147000,-429870000,0.73,1.30%,3.33%,N/L,N/L,N/L,N/L,N/L,2025-08-08
CGNX,Cognex Corp,Electronic Test Equipment,Computers and Technology,5720840000,61.02,3.97,4.81%,6.37%,0,48.849998,5534750000,159950000,126950000,167865000,106170000,1.47,1.60%,88.12%,N/L,N/L,N/L,N/L,N/L,2025-07-30
CHCT,Community Healthcare Trust Inc,REIT - Equity Trust Other,Finance,469277000,7.52,1.01,-0.53%,-1.10%,1.08,11.43,950857000,117490000,73780000,28338000,-3180000,0.73,5.10%,87.84%,N/L,N/L,N/L,N/L,N/L,2025-07-29
CHD,Church & Dwight Company,Consumer Prdts - Misc Staple,Consumer Staples,23945512000,28.61,5.26,9.52%,19.28%,0.48,21.889999,25186012000,1036500000,797400000,246277000,585300000,0.51,2.00%,86.60%,N/L,N/L,N/L,N/L,N/L,2025-08-01
CHDN,Churchill Downs IN,Gaming,Consumer Discretionary,7961178000,18.77,7.66,6.10%,41.46%,4.55,12.95,12635378000,922000000,717300000,70124000,426800000,0.95,5.34%,82.59%,N/L,N/L,N/L,N/L,N/L,2025-07-23
CHEF,The Chefs Warehouse,Food - Misc & Diversified,Consumer Staples,2531765000,39.67,4.65,3.70%,13.15%,1.29,19.26,3123885000,199870000,134940000,40684000,55480000,1.74,11.90%,91.55%,N/L,N/L,N/L,N/L,N/L,2025-07-30
CHGG,Chegg Inc,Internet - Software,Computers and Technology,168381000,0,0.85,-1.69%,-6.22%,0,1.92,6901000,-724470000,-804960000,106570000,-837070000,1.82,3.70%,95.18%,N/L,N/L,N/L,N/L,N/L,2025-08-05
CHPT,Chargepoint Hldgs Inc,Auto - Truck Original Parts,Auto-Tires-Trucks,279778000,0,2.41,-23.35%,-131.65%,2.6,N/A,351898000,-207310000,-239710000,458201000,-277070000,2.23,3.50%,37.77%,N/L,N/L,N/L,N/L,N/L,2025-09-03
CHRS,Coherus Oncology Inc,Medical - Biomedical,Medical,120570000,0,N/A,-26.51%,0.00%,-0.2,3.5,31280000,-109310000,-114590000,115933000,28510000,0.86,8.08%,72.82%,N/L,N/L,N/L,N/L,N/L,2025-08-14
CHRW,C.H. Robinson Ww,Transportation - Services,Transportation,12194861000,21.45,7.03,10.79%,35.37%,0.8,19.02,13426751000,816020000,718860000,118731000,465690000,0.89,1.47%,93.15%,N/L,N/L,N/L,N/L,N/L,2025-07-30
CHTR,Charter Communications Inc,Cable TV,Consumer Discretionary,43477744000,10.61,2.6,3.47%,27.70%,4.63,3.92,138023744000,30561000000,21888000000,140364000,5083000000,1.08,0.83%,81.76%,N/L,N/L,N/L,N/L,N/L,2025-07-25
CHWY,Chewy Inc,Internet Commerce,Retail-Wholesale,15076275000,137.96,41.16,3.89%,35.04%,0,67.199997,14480505000,239430000,124870000,415210000,392740000,1.71,0.43%,93.09%,N/L,N/L,N/L,N/L,N/L,2025-08-27
CHYM,Chime Financial Inc Cl A,Finance - Misc Services,Finance,12590780000,0,N/A,0.00%,0.00%,0,N/A,12590780000,0,0,364422000,-25344000,N/A,N/A,N/A,N/L,N/L,N/L,N/L,N/L,2025-08-07
CI,The Cigna Group,Medical - HMO,Medical,79173168000,10.65,1.94,4.97%,18.63%,0.75,7.77,103595168000,13609000000,10834000000,267143000,3434000000,0.44,0.70%,86.99%,N/L,N/L,N/L,N/L,N/L,2025-07-31
CIA,Citizens Inc,Insurance - Life,Finance,205114000,19,0.96,0.67%,5.50%,0,9.82,175844000,15120000,8790000,50150000,14910000,0.36,1.60%,13.73%,N/L,N/L,N/L,N/L,N/L,2025-08-05
CIEN,Ciena Corp,Communications Components,Computers and Technology,12525116000,88.07,4.44,2.55%,5.08%,0.55,46.450001,13135026000,360400000,226930000,141367000,83960000,1.11,0.93%,91.99%,N/L,N/L,N/L,N/L,N/L,2025-09-03
CIFR,Cipher Mining Inc,Technology Services,Business Services,2169210000,0,3.36,-14.88%,-17.77%,0.05,39.16,2195950000,103800000,100000,335272000,-44640000,2.72,2.89%,12.26%,N/L,N/L,N/L,N/L,N/L,2025-08-07
CIO,City Office REIT Inc,REIT - Equity Trust Other,Finance,278470000,6.11,0.45,-1.28%,-2.98%,0.89,6.46,1003480000,146270000,85690000,40358000,-17680000,1.65,4.30%,67.47%,N/L,N/L,N/L,N/L,N/L,2025-07-31
CIVI,Civitas Resources Inc,Oil - US Exploration & Product,Oils-Energy,2879238000,4.15,0.44,4.91%,11.13%,0.76,1.03,7296938000,5511290000,3402160000,92580000,838720000,1.07,0.52%,94.55%,N/L,N/L,N/L,N/L,N/L,2025-08-06
CL,Colgate-Palmolive Company,Consumer Prdts - Misc Staple,Consumer Staples,71260232000,24.3,97.790001,18.14%,461.04%,11.28,20.26,78113232000,4902000000,4297000000,810420000,2889000000,0.37,0.34%,80.41%,N/L,N/L,N/L,N/L,N/L,2025-08-01
CLBT,Cellebrite Di Ltd,Internet - Software,Computers and Technology,3429210000,41.66,9.61,13.09%,35.36%,0,39.919998,3237550000,67640000,59940000,239470000,-283010000,1.28,5.70%,45.88%,N/L,N/L,N/L,N/L,N/L,2025-08-14
CLDX,Celldex Therapeutics,Medical - Biomedical,Medical,1550067000,0,2.19,-22.35%,-23.46%,0,N/A,1522647000,-229790000,-217220000,66384000,-157860000,1.13,4.40%,N/A,N/L,N/L,N/L,N/L,N/L,2025-08-14
CLF,Cleveland-Cliffs Inc,Steel - Producers,Basic Materials,5659311000,0,0.89,-6.03%,-17.97%,1.17,8.98,12670310000,-305000000,-1256000000,494695000,-754000000,1.91,1.71%,67.68%,N/L,N/L,N/L,N/L,N/L,2025-07-21
CLFD,Clearfield Inc,Wireless Equipment,Computers and Technology,612852000,0,2.34,-0.59%,-0.68%,0.01,N/A,598912000,-6030000,-9040000,13831000,-12450000,1.71,17.80%,88.73%,N/L,N/L,N/L,N/L,N/L,2025-08-06
CLMT,Calumet Inc,Oil - US Integrated,Oils-Energy,1454312000,0,N/A,-8.77%,0.00%,-3.12,N/A,3761812000,110100000,-76900000,86207000,-222000000,0.93,4.07%,34.41%,N/L,N/L,N/L,N/L,N/L,2025-08-08
CLNE,Clean Energy Fuels,Utility - Gas Distribution,Utilities,464062000,0,0.8,-15.13%,-26.37%,0.45,N/A,639632000,58080000,14910000,220982000,-83070000,2.63,4.30%,49.94%,N/L,N/L,N/L,N/L,N/L,2025-08-07
CLOV,Clover Health Investments Corp,Medical Information Systems,Medical,1544563000,0,4.63,-4.00%,-7.42%,0,N/A,1350023000,-24030000,-22840000,508917000,-43010000,1.86,24.07%,19.77%,N/L,N/L,N/L,N/L,N/L,2025-08-05
CLRB,Cellectar Biosciences Inc,Medical Products,Medical,9214000,0,1.06,-158.04%,-619.70%,0,N/A,-12176000,-45880000,-46170000,1810000,-44580000,0.51,5.04%,16.41%,N/L,N/L,N/L,N/L,N/L,2025-05-13
CLS,Celestica Inc,Electronic Manufacturing,Computers and Technology,19573936000,42.93,12.11,7.66%,25.57%,0.6,33.560001,19947336000,792300000,640400000,114992000,428000000,1.81,0.52%,67.38%,N/L,N/L,N/L,N/L,N/L,2025-07-28
CLSD,Clearside Biomedi,Medical - Biomedical,Medical,38637000,0,N/A,-114.23%,0.00%,0,N/A,18617000,-25840000,-25730000,77709000,-34350000,2.05,6.20%,18.75%,N/L,N/L,N/L,N/L,N/L,2025-08-11
CLSK,Cleanspark Inc,Finance - Misc Services,Finance,3320758000,0,1.83,-3.71%,-4.65%,0,27.07,3196478000,149730000,-5010000,280944000,-145780000,4.23,2.65%,43.12%,N/L,N/L,N/L,N/L,N/L,2025-08-08
CLX,Clorox Company,Consumer Prdts - Misc Staple,Consumer Staples,16122724000,19.67,85.25,14.91%,324.23%,13.07,16.209999,18401724000,1207000000,972000000,123253000,280000000,0.51,0.57%,78.53%,N/L,N/L,N/L,N/L,N/L,2025-07-31
CM,Canadian Imperial Bank of Commerce,Banks - Foreign,Finance,68905352000,12.72,1.76,0.75%,14.51%,0.14,11.26,-18798716000,14182190000,13322590000,931531000,5227390000,1.05,N/A,49.88%,N/L,N/L,N/L,N/L,N/L,2025-09-04
CMA,Comerica Inc,Banks - Major Regional,Finance,8934769000,12.88,1.29,0.92%,10.92%,0.84,10.44,9197769000,1445000000,1342000000,131413000,698000000,0.92,0.19%,80.74%,N/L,N/L,N/L,N/L,N/L,2025-07-18
CMBM,Cambium Networks Corp,Wireless National,Utilities,26549000,0,0.67,0.00%,0.00%,1.55,N/A,32959000,-66820000,-76180000,28244000,-77420000,1.41,57.30%,87.17%,N/L,N/L,N/L,N/L,N/L,2025-08-14
CMCSA,Comcast Corp A,Cable TV,Consumer Discretionary,125751160000,8.08,1.52,6.34%,19.70%,1.14,4.21,217759168000,53049000000,38247000000,3733704000,16192000000,0.95,1.32%,84.32%,N/L,N/L,N/L,N/L,N/L,2025-07-31
CME,CME Group Inc,Securities Exchanges,Finance,100738072000,25.29,3.6,2.61%,14.60%,0.13,24.450001,100523872000,4750700000,4413900000,360358000,3525800000,0.44,0.30%,87.75%,N/L,N/L,N/L,N/L,N/L,2025-07-23
CMG,Chipotle Mexican Grill,Retail - Restaurants,Retail-Wholesale,63002740000,40.12,17.469999,17.01%,43.50%,0,33.259998,62254200000,2628310000,2293280000,1347364000,1534110000,1.08,0.81%,91.31%,N/L,N/L,N/L,N/L,N/L,2025-07-23
CMI,Cummins Inc,Engines - Internal Combustion,Auto-Tires-Trucks,50903232000,16.62,4.2,9.53%,26.88%,0.46,12.41,54676232000,5026000000,3961000000,137755000,3946000000,1.03,0.41%,83.46%,N/L,N/L,N/L,N/L,N/L,2025-08-05
CMP,Compass Minerals Intl Inc,Chemical - Diversified,Basic Materials,845437000,0,3.69,-4.36%,-24.24%,3.41,7.82,1742737000,89300000,-18300000,41504000,-206100000,1.11,1.52%,99.78%,N/L,N/L,N/L,N/L,N/L,2025-09-16
CMPO,Composecure Inc,Financial Transaction Services,Business Services,1461101000,13.72,N/A,29.35%,-33.46%,0,11.81,1579281000,92850000,82520000,102318000,-53720000,0.94,52.10%,37.56%,N/L,N/L,N/L,N/L,N/L,2025-08-07
CMPS,Compass Pathways Plc ADR,Medical Services,Medical,405123000,0,2.08,-59.42%,-81.75%,0.16,N/A,269813000,-189020000,-189250000,93562000,-155120000,2.12,3.93%,46.19%,N/L,N/L,N/L,N/L,N/L,2025-07-31
CMS,Cms Energy Corp,Utility - Electric Power,Utilities,21770244000,21.5,2.51,2.90%,12.06%,1.89,9.69,38205244000,4069000000,2829000000,299124000,1003000000,0.38,0.40%,93.57%,N/L,N/L,N/L,N/L,N/L,2025-07-31
CMTL,Comtech Telecom Company,Wireless Equipment,Computers and Technology,66727000,0,0.58,-3.34%,-15.38%,0.75,0.84,388917000,-12040000,-56390000,29395000,-99990000,1.24,2.10%,0.00%,N/L,N/L,N/L,N/L,N/L,2025-06-09
CNC,Centene Corp,Medical - HMO,Medical,14126949000,3.46,0.48,4.75%,14.56%,0.65,2.7,18606948000,6092000000,4851000000,497603000,3305000000,0.44,0.36%,93.63%,N/L,N/L,N/L,N/L,N/L,2025-07-25
CNH,CNH Industrial N.V.,Machinery - Farm,Industrial Products,16629940000,15.18,2.09,2.56%,14.32%,3.29,8.54,39700940000,4067000000,3462000000,1249432000,1246000000,1.5,1.00%,59.88%,N/L,N/L,N/L,N/L,N/L,2025-08-01
CNI,Canadian National Railway,Transportation - Rail,Transportation,60060448000,18.35,3.84,8.04%,21.71%,0.96,12.85,75016240000,7296630000,5915850000,626478000,3246150000,0.97,2.40%,80.74%,N/L,N/L,N/L,N/L,N/L,2025-07-22
CNK,Cinemark Holdings Inc,Movie & TV Production & Dist,Consumer Discretionary,3339949000,19.07,9.32,5.05%,51.68%,6.53,7.56,4617349000,679800000,520100000,115012000,309700000,1.88,2.10%,N/A,N/L,N/L,N/L,N/L,N/L,2025-08-01
CNM,Core & Main Inc Cl A,Machinery - Tools & Related,Industrial Products,12965041000,30.31,7.05,6.80%,23.55%,1.24,21.299999,15218041000,1102000000,908000000,197127000,411000000,1.04,3.53%,94.19%,N/L,N/L,N/L,N/L,N/L,2025-09-03
CNMD,C O N M E D Corp,Medical - Dental Suppliers,Medical,1576393000,11.47,1.57,5.86%,14.36%,0.91,7.38,2457723000,258840000,181280000,30940000,132420000,1.2,3.10%,N/A,N/L,N/L,N/L,N/L,N/L,2025-07-30
CNP,Centerpoint Energy Inc,Utility - Electric Power,Utilities,25038648000,24.73,2.24,2.26%,9.16%,2.03,9.94,45977648000,4901000000,3462000000,652728000,1019000000,0.57,0.14%,91.77%,N/L,N/L,N/L,N/L,N/L,2025-07-24
CNQ,Canadian Natural Resources,Oil - C$ Exploration & Product,Oils-Energy,65627672000,11.22,2.36,10.37%,20.90%,0.43,6.47,79266184000,18281830000,13406040000,2090719000,4456160000,1.03,5.00%,74.03%,N/L,N/L,N/L,N/L,N/L,2025-08-07
CNR,Core Natural Resources Inc,Coal,Oils-Energy,4114852000,11.75,1.11,4.79%,8.32%,0.09,4.14,3899002000,690160000,462880000,52660000,286410000,0.68,1.41%,86.54%,N/L,N/L,N/L,N/L,N/L,2025-08-05
CNX,CNX Resources Corp,Oil - US Exploration & Product,Oils-Energy,4499439000,14.2,1.14,4.13%,8.93%,0.71,6.16,6610369000,695180000,198080000,144723000,-90490000,0.66,3.10%,95.16%,N/L,N/L,N/L,N/L,N/L,2025-07-24
CNXC,Concentrix Corp,Business Services,Business Services,3816164000,5.88,0.91,5.56%,16.31%,1.14,2.76,8311174000,1346120000,615000000,63025000,251220000,0.53,3.20%,90.34%,N/L,N/L,N/L,N/L,N/L,2025-06-26
CODI,Compass Diversified Holdings,Finance - Investment Funds,Finance,513862000,3.03,0.44,0.00%,0.00%,1.14,1.62,2647252000,482850000,329890000,75236000,12810000,1.02,1.80%,72.73%,N/L,N/L,N/L,N/L,N/L,2025-07-30
COF,Capital One Financial Corp,Finance - Consumer Loans,Finance,81550928000,12.33,0.73,1.40%,10.01%,0.65,9.06,82868928000,12514000000,9277000000,383138000,4750000000,1.15,1.26%,89.84%,N/L,N/L,N/L,N/L,N/L,2025-07-22
COGT,Cogent Biosciences Inc,Medical - Biomedical,Medical,1374242000,0,12.52,-75.61%,-149.79%,0,N/A,1386672000,-293630000,-288460000,113856000,-255860000,1.88,7.29%,N/A,N/L,N/L,N/L,N/L,N/L,2025-08-05
COHR,Coherent Corp,Technology Services,Business Services,15565861000,40.13,2.68,3.56%,9.07%,0.65,17.559999,18566040000,924470000,347060000,155441000,-156150000,1.88,0.56%,83.33%,N/L,N/L,N/L,N/L,N/L,2025-08-21
COIN,Coinbase Global Inc Cl A,Finance - Misc Services,Finance,99434240000,56.51,9.62,1.23%,20.25%,0.4,45.639999,101244848000,2380030000,2252510000,253879000,2579070000,3.7,17.65%,68.84%,N/L,N/L,N/L,N/L,N/L,2025-07-31
COKE,Coca-Cola Consolidated Inc,Beverages - Soft,Consumer Staples,10356747000,14.92,6.5,12.28%,46.75%,1.19,11.14,11007277000,1090870000,894770000,87178000,633130000,0.79,0.00%,48.24%,N/L,N/L,N/L,N/L,N/L,2025-07-24
COLB,Columbia Banking Sys,Banks - West,Finance,5217338000,8.25,0.94,1.15%,11.39%,0,7.65,3339078000,1111080000,1039680000,210207000,533680000,0.62,0.68%,92.53%,N/L,N/L,N/L,N/L,N/L,2025-07-24
COLD,Americold Realty Trust,REIT - Equity Trust Other,Finance,4732047000,11.49,1.46,-1.54%,-3.60%,0.19,17.299999,5035237000,828250000,462100000,284720000,-94310000,0.84,0.23%,98.14%,N/L,N/L,N/L,N/L,N/L,2025-08-07
COLM,Columbia Sprtswr,Textile - Apparel,Consumer Staples,3344896000,15.46,1.95,7.97%,12.57%,0,12.38,2813026000,328510000,272570000,55169000,223270000,0.97,48.30%,47.76%,N/L,N/L,N/L,N/L,N/L,2025-07-31
COMM,Commscope Holding Company,Communications Infrastructure,Computers and Technology,1726278000,14.96,N/A,1.68%,-4.51%,-2.84,4.99,11627078000,974400000,603900000,216597000,-315500000,2.38,2.60%,88.04%,N/L,N/L,N/L,N/L,N/L,2025-08-07
COMP,Compass Inc Cl A,Internet - Software,Computers and Technology,3763396000,0,5.8,-5.62%,-15.34%,0.08,N/A,3539596000,97100000,14000000,521246000,-154400000,2.58,4.08%,67.05%,N/L,N/L,N/L,N/L,N/L,2025-07-30
COOP,Mr.Cooper Group Inc,Finance - Consumer Loans,Finance,10055221000,13.4,1.96,4.22%,15.66%,1,13.8,13973221000,833000000,789000000,63993000,669000000,1.05,1.73%,89.82%,N/L,N/L,N/L,N/L,N/L,2025-07-23
COP,Conocophillips,Oil - US Integrated,Oils-Energy,120032472000,12.21,1.85,8.64%,16.54%,0.36,6.37,138749472000,35508000000,25584000000,1264165000,9245000000,0.61,0.24%,82.36%,N/L,N/L,N/L,N/L,N/L,2025-08-07
COR,Cencora Inc,Medical Services,Medical,56278440000,19.59,47.709999,4.26%,344.71%,6.66,14.61,57533872000,5166350000,4047510000,193823000,1509120000,0.57,10.80%,97.52%,N/L,N/L,N/L,N/L,N/L,2025-08-06
CORT,Corcept Therapeutics,Medical - Drugs,Medical,7241813000,58.27,10.49,16.64%,20.40%,0,54.419998,7114143000,101270000,110870000,106045000,141210000,0.15,20.80%,93.61%,N/L,N/L,N/L,N/L,N/L,2025-07-31
CORZ,Core Scientific Inc,Finance - Misc Services,Finance,4098031000,0,N/A,0.00%,0.00%,0,N/A,4098031000,0,0,297822000,-32500000,6.71,1.40%,0.00%,N/L,N/L,N/L,N/L,N/L,2025-08-06
COSM,Cosmos Health Inc,Medical - Drugs,Medical,20028000,0,0.62,-8.57%,-17.25%,0.36,5.08,28258000,-11220000,-12470000,28751000,-16180000,5.2,15.61%,12.61%,N/L,N/L,N/L,N/L,N/L,2025-08-19
COST,Costco Wholesale,Retail - Discount,Retail-Wholesale,414863840000,54.07,15.27,10.52%,30.48%,0.21,44.02,410854848000,12321000000,10084000000,443477000,7367000000,0.97,0.18%,68.48%,N/L,N/L,N/L,N/L,N/L,2025-05-29
COTY,Coty Inc,Cosmetics & Toiletries,Consumer Staples,4464604000,20.63,1.17,1.87%,5.61%,1.04,5.67,8082404000,870700000,449600000,871993000,89400000,1.91,6.00%,42.36%,N/L,N/L,N/L,N/L,N/L,2025-08-20
COUR,Coursera Inc,Technology Services,Business Services,1996518000,0,2.4,-3.36%,-5.22%,0,N/A,1270388000,-73030000,-97880000,161400000,-79530000,1.36,16.80%,89.55%,N/L,N/L,N/L,N/L,N/L,2025-07-24
CP,Canadian Pacific Kansas City Ltd,Transportation - Rail,Transportation,70618352000,24.09,2.07,4.79%,8.68%,0.46,16.59,86589304000,6623080000,5236460000,917956000,2713400000,1.07,0.01%,72.20%,N/L,N/L,N/L,N/L,N/L,2025-07-30
CPA,Copa Holdings S.A.,Transportation - Airline,Transportation,4533971000,7.53,1.83,10.88%,25.91%,0.65,4.84,5591461000,1415130000,1084420000,41173000,608110000,1.31,N/A,70.09%,N/L,N/L,N/L,N/L,N/L,2025-08-06
CPB,The Campbell's Company,Food - Misc & Diversified,Consumer Staples,9736926000,10.96,2.52,5.77%,23.22%,1.57,7.23,15389926000,1360000000,932000000,298130000,567000000,0.08,20.19%,52.35%,N/L,N/L,N/L,N/L,N/L,2025-09-04
CPNG,Coupang Inc Cl A,Internet Commerce,Retail-Wholesale,54922296000,131.04,12.45,2.65%,10.07%,0.23,64.620003,49946296000,983000000,550000000,1815613000,154000000,1.16,12.78%,83.72%,N/L,N/L,N/L,N/L,N/L,2025-08-05
CPRI,Capri Holdings Ltd,Retail - Apparel & Shoes,Retail-Wholesale,2318366000,0,6.21,-7.27%,-39.55%,3.97,N/A,3628366000,-366000000,-559000000,117923000,-1182000000,1.67,2.30%,84.34%,N/L,N/L,N/L,N/L,N/L,2025-08-06
CPRT,Copart Inc,Auction Valuation Services,Business Services,45146240000,30.44,5.09,16.36%,18.20%,0,28.67,43656672000,1833930000,1643670000,966936000,1363020000,1.07,9.68%,85.78%,N/L,N/L,N/L,N/L,N/L,2025-09-03
CPRX,Catalyst Pharm Inc,Medical - Drugs,Medical,2557816000,8.98,3.23,36.59%,42.45%,0,8.59,2040266000,306510000,268740000,121975000,163890000,0.66,10.40%,79.22%,N/L,N/L,N/L,N/L,N/L,2025-08-06
CPT,Camden Property Trust,REIT - Equity Trust Resident,Finance,12130385000,16.54,2.59,1.32%,2.47%,0.8,16.26,15583765000,1449940000,867930000,106838000,163290000,0.77,1.80%,97.22%,N/L,N/L,N/L,N/L,N/L,2025-07-31
CR,Crane Company,Machinery - General Industrial,Industrial Products,10967164000,35.49,6.17,11.94%,19.29%,0.14,32.279999,10907464000,418500000,367500000,57501000,294700000,1.26,2.12%,75.14%,N/L,N/L,N/L,N/L,N/L,2025-07-28
CRBG,Corebridge Financial Inc,Insurance - Multi Line,Finance,19585990000,7.14,1.51,0.73%,22.19%,0.96,6.46,31171990000,1682000000,1489000000,549705000,2230000000,1.06,0.29%,98.25%,N/L,N/L,N/L,N/L,N/L,2025-08-04
CRBU,Caribou Biosciences Inc,Medical - Biomedical,Medical,212051000,0,1.01,-45.35%,-55.70%,0,N/A,195761000,-164330000,-163530000,93005000,-149110000,2.48,8.28%,77.51%,N/L,N/L,N/L,N/L,N/L,2025-08-05
CRCL,Circle Internet Group Inc Cl A,Finance - Misc Services,Finance,42919064000,0,N/A,0.00%,0.00%,0,N/A,42919064000,0,0,222540000,155667000,N/A,N/A,N/A,N/L,N/L,N/L,N/L,N/L,2025-08-12
CRDF,Cardiff Oncology Inc,Medical - Biomedical,Medical,264108000,0,3.89,-62.85%,-76.45%,0,N/A,212638000,-52290000,-52100000,66526000,-45430000,1.52,7.70%,16.29%,N/L,N/L,N/L,N/L,N/L,2025-08-14
CRDL,Cardiol Therapeutics,Medical - Drugs,Medical,119016000,0,9.44,-141.09%,-209.63%,0,N/A,96696000,-31320000,-31590000,82650000,-26770000,1.04,5.25%,12.49%,N/L,N/L,N/L,N/L,N/L,2025-08-11
CRDO,Credo Technology Group Holding Ltd,Electronics - Semiconductors,Computers and Technology,17373602000,374.7,25.200001,7.55%,8.77%,0,229.080002,17137272000,59930000,37990000,171642000,52180000,2.57,16.04%,80.46%,N/L,N/L,N/L,N/L,N/L,2025-09-03
CRESY,Cresud Sacif ADR,Agriculture Operations,Consumer Staples,697584000,9.75,0.4,1.92%,4.42%,0.43,3.49,1419494000,-63050000,-84200000,61407000,156920000,1.08,36.20%,12.90%,N/L,N/L,N/L,N/L,N/L,2025-09-04
CRGX,Cargo Therapeutics Inc,Medical - Biomedical,Medical,208417000,0,0.74,-39.58%,-45.93%,0,N/A,144037000,-227920000,-234990000,46110000,-167500000,0.28,2.92%,93.16%,N/L,N/L,N/L,N/L,N/L,2025-08-11
CRGY,Crescent Energy Company Cl A,Other Alt Energy,Oils-Energy,2348263000,5.1,0.73,4.54%,14.21%,1.1,1.78,6487543000,2275030000,1312170000,255246000,-114610000,1.74,13.20%,52.11%,N/L,N/L,N/L,N/L,N/L,2025-08-04
CRH,CRH Plc ADR,Building & Construction - Misc,Construction,67605344000,19.28,N/A,6.95%,15.88%,0.71,N/A,77815344000,6868000000,5070000000,675648000,3458000000,1.26,0.12%,62.50%,N/L,N/L,N/L,N/L,N/L,2025-08-06
CRI,Carter's Inc,Shoes and Related Apparel,Consumer Staples,958398000,6.01,1.41,8.27%,23.50%,0.59,3.93,1043598000,345350000,255790000,36441000,185510000,0.98,2.00%,N/A,N/L,N/L,N/L,N/L,N/L,2025-07-25
CRK,Comstock Resources,Oil - US Exploration & Product,Oils-Energy,6075120000,0,2.73,-0.24%,-0.67%,1.34,8.4,9020410000,1549880000,743010000,292918000,-229650000,0.37,2.20%,36.13%,N/L,N/L,N/L,N/L,N/L,2025-07-30
CRL,Charles River Laboratories Intl,Medical Services,Medical,8690094000,17.05,2.72,6.93%,15.19%,0.78,8.16,10776824000,1138940000,562200000,49116000,22200000,1.49,1.30%,98.91%,N/L,N/L,N/L,N/L,N/L,2025-08-06
CRM,Salesforce Inc,Computer - Software,Computers and Technology,257269136000,33.72,4.22,7.99%,12.94%,0.14,19.32,256854144000,13010000000,7438000000,956000000,6197000000,1.36,3.20%,80.43%,N/L,N/L,N/L,N/L,N/L,2025-08-27
CRMD,Cormedix Inc,Medical - Biomedical,Medical,779309000,52.27,6.79,17.02%,22.57%,0,N/A,738659000,14940000,14480000,67825000,-17930000,1.58,5.30%,34.18%,N/L,N/L,N/L,N/L,N/L,2025-08-13
CRML,Critical Metals Corp,Mining - Misc,Basic Materials,427933000,0,N/A,0.00%,0.00%,-1.01,N/A,445943000,-3710000,0,98602000,-147490000,1.14,65.70%,86.44%,N/L,N/L,N/L,N/L,N/L,N/A
CRNC,Cerence Inc,IT Services,Computers and Technology,398406000,56.06,2.76,1.31%,6.16%,1.73,0.61,558816000,605350000,-14450000,43258000,-588080000,2.81,0.60%,91.44%,N/L,N/L,N/L,N/L,N/L,2025-08-06
CRNT,Ceragon Networks Ltd,Wireless Non-US,Computers and Technology,203650000,6.63,1.24,9.23%,19.04%,0.15,4.48,193540000,46690000,34580000,88930000,24060000,1.06,19.00%,13.31%,N/L,N/L,N/L,N/L,N/L,2025-08-06
CRON,Cronos Group Inc,Medical - Drugs,Medical,790648000,0,0.72,-0.07%,-0.07%,0,4448.549805,-68162000,-52250000,-61590000,385682000,41080000,1.03,7.30%,8.71%,N/L,N/L,N/L,N/L,N/L,2025-08-07
CROX,Crocs Inc,Textile - Apparel,Consumer Staples,5984724000,8.21,3.07,16.02%,43.07%,0.75,7.32,7153574000,1088300000,1018460000,56063000,950070000,1.38,3.00%,93.44%,N/L,N/L,N/L,N/L,N/L,2025-08-07
CRS,Carpenter Technology Corp,Steel - Specialty,Basic Materials,13760905000,38.5,7.63,10.85%,21.16%,0.39,34.970001,14256005000,644300000,495600000,49779000,186500000,1.39,2.90%,92.03%,N/L,N/L,N/L,N/L,N/L,2025-07-31
CRSP,Crispr Therapeutics Ag,Medical - Biomedical,Medical,5592933000,0,3.12,-17.13%,-20.08%,0,N/A,5294673000,-455140000,-474400000,86364000,-366250000,1.82,4.30%,69.20%,N/L,N/L,N/L,N/L,N/L,2025-08-04
CRUS,Cirrus Logic Inc,Electronics - Semiconductors,Computers and Technology,5189819000,16.31,2.73,14.58%,17.66%,0,13.65,4650199000,461310000,410360000,51298000,331510000,0.95,1.16%,87.96%,N/L,N/L,N/L,N/L,N/L,2025-08-05
CRVS,Corvus Pharma Com,Medical - Biomedical,Medical,321076000,0,6.56,-13.90%,-24.04%,0,N/A,312336000,-32290000,-31230000,68169000,-62290000,0.58,28.50%,46.64%,N/L,N/L,N/L,N/L,N/L,2025-08-05
CRWD,Crowdstrike Holdings Inc,Security,Computers and Technology,116628128000,0,32.990002,0.17%,0.43%,0.21,174.240005,113048808000,283060000,-252020000,249248000,-19270000,1.16,3.32%,71.16%,N/L,N/L,N/L,N/L,N/L,2025-08-27
CRWV,Coreweave Inc Cl A,Internet - Software,Computers and Technology,55494940000,0,27.42,0.00%,0.00%,4.57,N/A,55494940000,-10620000,-10620000,479977000,-863448000,N/A,N/A,N/A,N/L,N/L,N/L,N/L,N/L,2025-08-12
CSCO,Cisco Systems Inc,Computer - Networks,Computers and Technology,272012288000,22.69,5.89,9.87%,26.48%,0.5,17.959999,284125280000,14840000000,12333000000,3959998000,10320000000,0.9,0.01%,73.33%,N/L,N/L,N/L,N/L,N/L,2025-08-13
CSGP,Costar Group Inc,IT Services,Computers and Technology,39386740000,166,4.58,2.36%,2.88%,0.12,78.339996,35697640000,271100000,4700000,423650000,138700000,0.89,1.09%,96.60%,N/L,N/L,N/L,N/L,N/L,2025-07-22
CSIQ,Canadian Solar Inc,Solar,Oils-Energy,853893000,0,0.22,-1.27%,-4.34%,1.4,2.1,3682613000,367480000,-133960000,66972000,36050000,1.38,21.50%,52.36%,N/L,N/L,N/L,N/L,N/L,2025-08-21
CSTM,Constellium N.V.,Metal Products - Distribution,Basic Materials,1953689000,30.02,2.58,1.34%,7.74%,2.54,5.51,3730689000,958030000,654030000,142918000,56000000,1.69,1.54%,92.59%,N/L,N/L,N/L,N/L,N/L,2025-07-29
CSWC,Capital Southwest,Finance - Investment Mgmt,Finance,1253077000,9.45,1.33,6.93%,14.40%,0.58,10.01,1722127000,119650000,120440000,53711000,70550000,0.95,2.80%,23.42%,N/L,N/L,N/L,N/L,N/L,2025-08-06
CSX,CSX Corp,Transportation - Rail,Transportation,66666540000,21.08,5.27,7.41%,25.47%,1.57,12.51,84236544000,8479000000,6713000000,1864277000,3470000000,1.23,0.55%,73.57%,N/L,N/L,N/L,N/L,N/L,2025-07-23
CTAS,Cintas Corp,Business Services,Business Services,90270624000,50.54,19.209999,19.14%,41.21%,0.52,39.02,92431656000,2853900000,2359720000,403787000,1812280000,1.05,15.00%,63.46%,N/L,N/L,N/L,N/L,N/L,2025-07-17
CTLP,Cantalope Inc,Financial Transaction Services,Business Services,809483000,50.36,3.36,5.45%,9.02%,0.16,33.169998,790833000,48040000,35710000,73058000,11990000,1.17,6.30%,75.75%,N/L,N/L,N/L,N/L,N/L,2025-09-09
CTMX,Cytomx Thera,Medical - Biomedical,Medical,193490000,4.98,7.69,32.21%,-553.71%,0,6.6,155440000,32420000,35960000,80621000,31870000,2.05,6.60%,67.77%,N/L,N/L,N/L,N/L,N/L,2025-08-14
CTOS,Custom Truck One Source,Auto - Truck Original Parts,Auto-Tires-Trucks,1344880000,0,1.61,-1.43%,-6.02%,1.97,6.99,2868790000,378900000,137370000,225651000,-28660000,1.18,4.50%,90.07%,N/L,N/L,N/L,N/L,N/L,2025-07-30
CTRA,Coterra Energy Inc,Oil - US Exploration & Product,Oils-Energy,18035856000,12.51,1.28,6.55%,10.61%,0.3,5.79,19293856000,5393000000,3565000000,763261000,1121000000,0.35,1.70%,87.92%,N/L,N/L,N/L,N/L,N/L,2025-08-04
CTSH,Cognizant Tech Sol,IT Services,Computers and Technology,37793860000,15.79,2.54,12.26%,16.73%,0.04,13.09,36437860000,4126000000,3584000000,492942000,2240000000,0.96,0.32%,92.44%,N/L,N/L,N/L,N/L,N/L,2025-07-30
CTVA,Corteva Inc,Agriculture Operations,Consumer Staples,50091740000,26.21,2.04,4.67%,7.84%,0.17,16.67,49688740000,3702000000,2475000000,682170000,907000000,0.76,0.14%,81.54%,N/L,N/L,N/L,N/L,N/L,2025-08-06
CTXR,Citius Pharmaceuticals Inc,Medical - Drugs,Medical,17759000,0,0.26,-37.66%,-58.63%,0,N/A,14509000,-42770000,-42980000,10634000,-39140000,1.23,10.70%,16.88%,N/L,N/L,N/L,N/L,N/L,2025-08-11
CURI,Curiositystream Inc,Movie & TV Production & Dist,Consumer Discretionary,274876000,0,4.46,-8.67%,-12.49%,0,41.310001,266926000,9580000,-9600000,57626000,-12940000,1.72,49.60%,6.79%,N/L,N/L,N/L,N/L,N/L,2025-08-05
CVE,Cenovus Energy Inc,Oil - C$ Integrated,Oils-Energy,26112604000,13.44,1.26,5.04%,9.56%,0.26,4.49,29739714000,10225890000,6671030000,1805851000,2293030000,0.93,N/A,51.19%,N/L,N/L,N/L,N/L,N/L,2025-07-31
CVNA,Carvana Company Cl A,Internet Commerce,Retail-Wholesale,71121176000,114.42,39.27,4.99%,44.86%,3.18,152.550003,74993176000,1570000000,1250000000,214143000,210000000,3.59,17.12%,56.71%,N/L,N/L,N/L,N/L,N/L,2025-07-30
CVS,CVS Corp,Medical Services,Medical,76786656000,9.24,0.96,3.17%,10.59%,0.84,6.47,134470656000,14216000000,9619000000,1265019000,4614000000,0.57,1.22%,80.66%,N/L,N/L,N/L,N/L,N/L,2025-07-31
CVX,Chevron Corp,Oil - International Integrated,Oils-Energy,270411648000,16.76,1.81,6.45%,10.73%,0.2,7.88,288167648000,59763000000,42481000000,1746394000,17661000000,0.83,0.21%,72.42%,N/L,N/L,N/L,N/L,N/L,2025-08-01
CWAN,Clearwater Analytics Holdings Inc Cl A,Internet - Software,Computers and Technology,6039615000,124.29,4.72,4.35%,5.22%,0.04,118.150002,5905425000,37210000,19480000,283284000,424380000,0.74,3.31%,50.10%,N/L,N/L,N/L,N/L,N/L,2025-08-06
CWEN,Clearway Energy Inc Cl C,Other Alt Energy,Oils-Energy,6360771000,39.72,1.19,0.65%,1.68%,1.41,7.05,12807771000,2181000000,1358000000,202186000,88000000,0.87,0.89%,84.53%,N/L,N/L,N/L,N/L,N/L,2025-08-05
CWH,Camping World Holdings Inc,Auto - Truck Original Parts,Auto-Tires-Trucks,1842770000,0,4,-0.57%,-8.66%,3.29,40.119999,3150950000,333240000,249630000,102036000,-38640000,1.86,35.60%,52.54%,N/L,N/L,N/L,N/L,N/L,2025-07-29
CX,Cemex S.A.B. DE C.V. ADR,Building - CMT & CNT & AG,Construction,12186821000,13.52,0.9,3.21%,7.01%,0.56,5.58,19159820000,6499560000,5249560000,1449087000,939000000,1.38,1.00%,82.97%,N/L,N/L,N/L,N/L,N/L,2025-07-24
CXAI,Cxapp Inc,Technology Services,Business Services,21390000,0,1.38,-50.17%,-102.38%,0,N/A,16510000,-7100000,-11160000,19806000,-19410000,0.87,11.06%,14.41%,N/L,N/L,N/L,N/L,N/L,2025-08-11
CXM,Sprinklr Inc Cl A,Technology Services,Business Services,2383898000,64.57,3.64,3.51%,6.86%,0,43.290001,2238628000,35180000,16500000,258838000,121610000,0.8,60.53%,40.19%,N/L,N/L,N/L,N/L,N/L,2025-09-03
CXW,Corecivic Inc,REIT - Equity Trust Other,Finance,2262845000,11.82,1.48,2.88%,5.75%,0.67,9.92,3125875000,436530000,304850000,109158000,68870000,0.77,2.30%,85.13%,N/L,N/L,N/L,N/L,N/L,2025-08-06
CYBR,Cyberark Soft Ord,Security,Computers and Technology,18718990000,1706.09,7.64,0.43%,0.71%,0,803.179993,18192520000,-42520000,-87160000,49427000,-93460000,1,1.40%,91.84%,N/L,N/L,N/L,N/L,N/L,2025-08-07
CYH,Community Health Systems,Medical - Hospitals,Medical,388648000,0,N/A,-0.78%,0.00%,-6.69,1.15,12162648000,1557000000,1071000000,140306000,-516000000,2.06,11.70%,84.99%,N/L,N/L,N/L,N/L,N/L,2025-07-23
CYTK,Cytokinetics,Medical - Biomedical,Medical,4440296000,0,N/A,-43.75%,0.00%,-0.39,N/A,4450186000,-556110000,-565640000,119427000,-589530000,0.59,2.70%,N/A,N/L,N/L,N/L,N/L,N/L,2025-08-07
CZR,Caesars Entertainment Inc,Leisure & Recreation Services,Consumer Discretionary,6147534000,0,1.39,-0.35%,-2.60%,2.84,3.56,17328534000,5794000000,3963000000,207968000,-278000000,2.29,0.82%,91.79%,N/L,N/L,N/L,N/L,N/L,2025-07-29
D,Dominion Energy Inc,Utility - Electric Power,Utilities,50101472000,19.33,1.69,2.59%,9.51%,1.44,9.94,92532472000,8582000000,5943000000,852791000,2124000000,0.56,0.11%,73.04%,N/L,N/L,N/L,N/L,N/L,2025-08-01
DAC,Danaos Corp,Transportation - Ship,Transportation,1751453000,3.57,0.5,11.65%,14.66%,0.22,2.49,2032853000,888830000,709900000,18988000,505070000,1.36,41.00%,19.01%,N/L,N/L,N/L,N/L,N/L,2025-08-04
DAIO,Data I O Corp,Electronics - Misc Components,Computers and Technology,30768000,0,1.81,-10.55%,-14.42%,0,N/A,20438000,-2010000,-2570000,9240000,-3090000,0.98,2.60%,36.95%,N/L,N/L,N/L,N/L,N/L,2025-07-24
DAL,Delta Air Lines Inc,Transportation - Airline,Transportation,35820728000,9.26,2.05,5.01%,24.86%,0.86,5.43,48945728000,10785000000,8272000000,652948000,3457000000,1.49,0.88%,69.93%,N/L,N/L,N/L,N/L,N/L,2025-07-10
DAR,Darling International Inc,Food - Misc & Diversified,Consumer Staples,5426436000,52.52,1.23,1.05%,2.37%,0.86,7.1,9354885000,1369060000,859610000,158159000,278880000,1.23,2.62%,94.44%,N/L,N/L,N/L,N/L,N/L,2025-07-24
DASH,Doordash Inc Cl A,Internet - Services,Computers and Technology,105902096000,316.48,12.31,2.68%,4.39%,0,149.520004,101700096000,1310000000,749000000,423744000,123000000,1.7,5.83%,90.64%,N/L,N/L,N/L,N/L,N/L,2025-08-06
DAVA,Endava Plc ADR,IT Services,Computers and Technology,882513000,30.91,1.26,2.35%,3.59%,0.21,12.15,986283000,76170000,27130000,59031000,21560000,1.14,18.77%,62.23%,N/L,N/L,N/L,N/L,N/L,2025-09-18
DAVE,Dave Inc,Technology Services,Business Services,2809538000,50.73,13.98,20.90%,34.86%,0.38,41.639999,2834818000,72040000,64360000,13340000,57870000,3.98,28.48%,18.01%,N/L,N/L,N/L,N/L,N/L,2025-08-06
DAY,Dayforce Inc,Internet - Software,Computers and Technology,9592860000,53.52,3.67,1.98%,6.97%,0.47,25.309999,10229560000,308400000,94400000,159881000,18100000,1.08,4.50%,N/A,N/L,N/L,N/L,N/L,N/L,2025-08-06
DB,Deutsche Bank Ag,Banks - Foreign,Finance,66693764000,12.83,0.76,0.35%,6.01%,1.39,11.19,-19083184000,11032050000,8047620000,1992048000,4698480000,0.97,N/A,27.90%,N/L,N/L,N/L,N/L,N/L,2025-07-24
DBRG,Digitalbridge Group Inc,REIT - Mortgage Trusts,Finance,1954790000,29.53,1.2,2.88%,6.06%,0.12,37.029999,2763880000,177590000,141590000,176266000,70520000,1.67,3.62%,92.69%,N/L,N/L,N/L,N/L,N/L,2025-08-07
DBX,Dropbox Inc,Internet - Services,Computers and Technology,7817061000,15.77,N/A,18.89%,-79.66%,-2.19,11.8,8843261000,698800000,526600000,281493000,452300000,0.65,29.95%,94.84%,N/L,N/L,N/L,N/L,N/L,2025-08-07
DCI,Donaldson Company,Pollution Controls,Industrial Products,8381283000,19.85,5.67,14.63%,28.86%,0.44,16.59,8656983000,650300000,551900000,116520000,414000000,0.98,2.70%,82.81%,N/L,N/L,N/L,N/L,N/L,2025-08-27
DCOM,Dime Community Bancshares Inc,Banks - Southeast,Finance,1241831000,14.73,0.94,0.62%,6.90%,0.55,16.65,955161000,112620000,104160000,43819000,29080000,1.07,7.10%,75.27%,N/L,N/L,N/L,N/L,N/L,2025-07-24
DD,Dupont Denemours Inc,Chemical - Diversified,Basic Materials,31709668000,17.35,1.35,4.94%,7.58%,0.31,10.76,35176668000,3356000000,2162000000,418499000,703000000,1.04,0.61%,73.96%,N/L,N/L,N/L,N/L,N/L,2025-08-05
DDD,3D Systems Corp,Printing - Commercial,Industrial Products,245543000,0,1.75,-15.07%,-43.70%,1.46,N/A,288183000,-94630000,-129320000,136413000,-255590000,1.87,4.88%,64.49%,N/L,N/L,N/L,N/L,N/L,2025-09-04
DDOG,Datadog Inc Cl A,Internet - Software,Computers and Technology,51747688000,299.1,17.33,3.27%,6.39%,0,219.910004,50500708000,88680000,29870000,345353000,183750000,1.03,8.70%,78.29%,N/L,N/L,N/L,N/L,N/L,2025-08-07
DE,Deere & Company,Machinery - Farm,Industrial Products,140120464000,24.9,5.74,5.32%,24.39%,2.73,15.16,198071456000,9224000000,7106000000,270827000,7100000000,1.08,0.29%,68.58%,N/L,N/L,N/L,N/L,N/L,2025-08-14
DECK,Deckers Outdoor Corp,Retail - Apparel & Shoes,Retail-Wholesale,17461598000,16.1,6.34,27.32%,40.54%,0,15.35,15572408000,1250820000,1179090000,149436000,966090000,0.99,0.40%,97.79%,N/L,N/L,N/L,N/L,N/L,2025-07-24
DEFT,DeFi Technologies Inc,Technology Services,Business Services,976280000,8.3,19.08,18.71%,171.79%,0.16,N/A,1016140000,105320000,103800000,337813000,-28500000,4.02,N/A,N/A,N/L,N/L,N/L,N/L,N/L,2025-08-13
DELL,Dell Technologies Inc,Computer - Micro,Computers and Technology,89078568000,17.25,N/A,6.43%,-226.48%,-7.92,10.48,104808568000,9605000000,6482000000,678849000,4592000000,1.02,42.00%,76.37%,N/L,N/L,N/L,N/L,N/L,2025-08-28
DENN,Dennys Corp,Retail - Restaurants,Retail-Wholesale,214742000,8.63,N/A,5.41%,-57.90%,-7.3,4.92,474342000,71410000,55920000,51251000,21570000,1.65,4.20%,85.07%,N/L,N/L,N/L,N/L,N/L,2025-08-04
DEO,Diageo Plc ADR,Beverages - Alcohol,Consumer Staples,59555340000,0,4.73,0.00%,0.00%,1.86,13.44,81214336000,6494000000,0,556332000,3870000000,0.56,N/A,8.97%,N/L,N/L,N/L,N/L,N/L,2025-08-07
DFDV,DeFi Development Corp,Internet - Software,Computers and Technology,372974000,0,78.089996,-55.29%,-67.47%,0,N/A,370454000,-2270000,-2580000,19446000,-2730000,-7.12,39.64%,0.48%,N/L,N/L,N/L,N/L,N/L,2025-08-12
DG,Dollar General Corp,Retail - Discount,Retail-Wholesale,23670836000,17.81,3.08,4.25%,17.93%,0.75,10.41,28976746000,2715780000,1744080000,220071000,1125250000,0.31,0.56%,91.77%,N/L,N/L,N/L,N/L,N/L,2025-09-04
DGX,Quest Diagnostics Inc,Medical - Outpatient & Hm Care,Medical,18847764000,18.37,2.65,6.64%,15.24%,0.84,12.73,24598764000,2022000000,1529000000,111823000,871000000,0.49,8.16%,88.06%,N/L,N/L,N/L,N/L,N/L,2025-07-22
DHI,D.R. Horton,Building - Residential & Comm,Construction,43323380000,11.6,1.75,11.07%,15.74%,0.26,9.73,44697080000,5433100000,5346000000,298124000,4756400000,1.38,0.54%,90.63%,N/L,N/L,N/L,N/L,N/L,2025-07-22
DHR,Danaher Corp,Medical Services,Medical,147134368000,26.93,2.77,6.85%,10.70%,0.31,18.57,160556368000,7202000000,4825000000,716052000,3899000000,0.77,11.10%,79.05%,N/L,N/L,N/L,N/L,N/L,2025-07-22
DHT,Dht Holdings,Transportation - Ship,Transportation,1758658000,10.11,1.68,12.09%,17.08%,0.34,6.06,2089948000,401630000,287120000,160608000,181380000,0.05,1.60%,58.53%,N/L,N/L,N/L,N/L,N/L,2025-08-06
DIN,Dineequity Inc,Retail - Restaurants,Retail-Wholesale,383775000,4.82,N/A,4.39%,-34.70%,-5.6,3.07,1364475000,211490000,172340000,15626000,64890000,1.18,4.56%,92.83%,N/L,N/L,N/L,N/L,N/L,2025-08-06
DINO,HF Sinclair Corp,Oil - Refining and Marketing,Oils-Energy,8135544000,0,0.89,0.03%,0.05%,0.29,8.02,9973544000,1621470000,789470000,188410000,177000000,0.93,0.34%,88.29%,N/L,N/L,N/L,N/L,N/L,2025-07-31
DIS,Walt Disney Company,Media Conglomerates,Consumer Discretionary,218372192000,21.25,2.03,5.41%,9.99%,0.39,12.5,258185184000,25494000000,16993000000,1797746000,4972000000,1.56,0.16%,65.71%,N/L,N/L,N/L,N/L,N/L,2025-08-06
DJT,Trump Media & Technology Group Corp,Internet - Software,Computers and Technology,4224969000,0,4.73,-13.76%,-14.17%,0.01,N/A,4064349000,-119580000,-122510000,220625000,-400860000,4.71,53.00%,4.29%,N/L,N/L,N/L,N/L,N/L,2025-08-08
DK,Delek US Holdings,Oil - Refining and Marketing,Oils-Energy,1377896000,0,3.29,-6.64%,-63.88%,7.07,40.099998,3407496000,-253200000,-627700000,60727000,-560400000,0.98,1.80%,97.01%,N/L,N/L,N/L,N/L,N/L,2025-08-06
DKNG,Draftkings Inc,Gaming,Consumer Discretionary,39893996000,0,44.869999,-8.51%,-34.55%,0.67,N/A,38563808000,-245640000,-516490000,889300000,-507290000,1.67,51.19%,37.70%,N/L,N/L,N/L,N/L,N/L,2025-08-06
DKS,Dick's Sporting Goods Inc,Retail - Misc & Diversified,Retail-Wholesale,17385406000,15.02,5.54,11.28%,38.06%,0.49,10.84,17179686000,1911990000,1509250000,80047000,1165310000,1.07,32.55%,89.83%,N/L,N/L,N/L,N/L,N/L,2025-09-03
DLO,Dlocal Ltd Cl A,Financial Transaction Services,Business Services,3091695000,18.05,5.67,15.19%,37.55%,0,17.870001,2716985000,176860000,159460000,285475000,120420000,1.11,45.44%,90.13%,N/L,N/L,N/L,N/L,N/L,2025-08-13
DLR,Digital Realty Trust,REIT - Equity Trust Other,Finance,59918484000,25.57,2.89,3.06%,6.59%,0.78,24.65,74926856000,4121550000,2301950000,336791000,615190000,0.95,0.13%,99.71%,N/L,N/L,N/L,N/L,N/L,2025-07-24
DLTR,Dollar Tree Inc,Retail - Discount,Retail-Wholesale,23876908000,22.13,6.15,5.35%,19.36%,0.88,15.08,26051608000,1981100000,1454200000,208696000,-3030100000,0.86,6.60%,97.40%,N/L,N/L,N/L,N/L,N/L,2025-09-03
DNA,Ginkgo Bioworks Hldgs Inc,Medical - Biomedical,Medical,817107000,0,1.26,-27.14%,-52.35%,0,N/A,255537000,-311990000,-422870000,58532000,-547030000,1.48,9.72%,78.63%,N/L,N/L,N/L,N/L,N/L,2025-08-14
DNB,Dun & Bradstreet Holdings Inc,Business Information,Business Services,4071396000,10.34,1.23,4.32%,11.51%,1.07,4.02,7394196000,1412800000,791800000,446425000,-28600000,1.12,10.44%,86.68%,N/L,N/L,N/L,N/L,N/L,2025-08-07
DNN,Denison Mines Corp,Mining - Misc,Basic Materials,1989953000,0,5.59,-17.19%,-19.96%,0,N/A,1910753000,-78710000,-85960000,896375000,-66500000,1.48,0.58%,36.74%,N/L,N/L,N/L,N/L,N/L,2025-08-14
DNUT,Krispy Kreme Inc,Consumer Prdts - Misc Staple,Consumer Staples,754308000,0,0.65,-0.81%,-2.13%,0.87,6.15,1625898000,220690000,93000000,170658000,3100000,1.29,3.00%,81.72%,N/L,N/L,N/L,N/L,N/L,2025-08-07
DOC,Healthpeak Properties Inc,REIT - Equity Trust Other,Finance,12227284000,10.31,1.48,0.83%,1.83%,1.01,10.91,20761634000,2520000000,1553570000,694732000,243140000,1.03,0.23%,93.57%,N/L,N/L,N/L,N/L,N/L,2025-07-24
DOCN,Digitalocean Holdings Inc,Internet - Software,Computers and Technology,2621779000,21.45,N/A,8.41%,-60.69%,-7.06,10.7,3678699000,249730000,117110000,91034000,84490000,1.76,0.96%,49.77%,N/L,N/L,N/L,N/L,N/L,2025-08-05
DOCS,Doximity Inc Cl A,Medical Information Systems,Medical,11414186000,52.74,10.58,19.78%,22.96%,0,48.16,11204576000,236760000,227790000,187826000,223190000,1.37,37.40%,87.19%,N/L,N/L,N/L,N/L,N/L,2025-08-07
DOCU,Docusign Inc,Internet - Software,Computers and Technology,16138772000,59.5,8.06,7.34%,14.27%,0,27.459999,15490152000,583140000,237560000,202063000,1067890000,1.08,1.01%,77.64%,N/L,N/L,N/L,N/L,N/L,2025-09-04
DOMO,Domo Inc Cl B,Internet - Software,Computers and Technology,642151000,0,N/A,-36.37%,0.00%,-0.67,N/A,714561000,-25420000,-52180000,40235000,-81940000,1.84,15.24%,76.64%,N/L,N/L,N/L,N/L,N/L,2025-09-04
DOUG,Douglas Elliman Inc,Real Estate Operations,Finance,268876000,0,1.53,-1.55%,-4.39%,0.2,N/A,159386000,-17310000,-25050000,88738000,-76320000,1.75,6.79%,59.56%,N/L,N/L,N/L,N/L,N/L,2025-07-31
DOV,Dover Corp,Machinery - General Industrial,Industrial Products,25569898000,20.83,3.58,10.02%,18.77%,0.36,17.209999,26254368000,1546370000,1208530000,137104000,2697130000,1.26,1.30%,84.46%,N/L,N/L,N/L,N/L,N/L,2025-07-24
DOW,Dow Inc,Chemical - Diversified,Basic Materials,18032050000,358.14,0.95,0.10%,0.31%,0.95,4.3,32051050000,4317000000,1423000000,706862000,1116000000,0.89,0.50%,64.00%,N/L,N/L,N/L,N/L,N/L,2025-07-24
DPRO,Draganfly Inc,IT Services,Computers and Technology,32024000,0,32.630001,-183.42%,-831.19%,0,N/A,27464000,-10070000,-10490000,5428000,-10130000,2.37,N/A,10.39%,N/L,N/L,N/L,N/L,N/L,2025-08-12
DPZ,Domino's Pizza Inc,Retail - Restaurants,Retail-Wholesale,16483259000,27.66,N/A,33.17%,-15.09%,-1.27,24.290001,21077098000,971710000,878680000,33949000,584170000,1.09,0.83%,94.63%,N/L,N/L,N/L,N/L,N/L,2025-07-21
DQ,Daqo New Energy ADR,Chemical - Specialty,Basic Materials,1561087000,0,0.29,-6.48%,-7.16%,0,N/A,522737000,-326660000,-533020000,67057000,-345220000,0.6,24.30%,47.22%,N/L,N/L,N/L,N/L,N/L,2025-08-25
DRI,Darden Restaurants,Retail - Restaurants,Retail-Wholesale,23931110000,21.21,10.27,9.23%,51.81%,0.92,14.41,25820010000,2394500000,1878400000,117034000,1049600000,0.74,0.58%,93.64%,N/L,N/L,N/L,N/L,N/L,2025-09-18
DRS,Leonardo Drs Inc,Aerospace - Defense Equipment,Aerospace,12887414000,47.45,4.91,6.67%,10.63%,0.14,36.900002,12654414000,422000000,331000000,266049000,213000000,0.63,0.34%,18.76%,N/L,N/L,N/L,N/L,N/L,2025-07-30
DRVN,Driven Brands Holdings Inc,Retail - Wholesale Auto Parts,Retail-Wholesale,2809103000,17.62,4.36,2.79%,19.61%,4.12,8.1,5332343000,229230000,31090000,164275000,-292500000,1.09,3.50%,77.08%,N/L,N/L,N/L,N/L,N/L,2025-08-05
DSP,Viant Technology Inc,Technology Services,Business Services,913478000,0,3.47,-3.05%,-4.72%,0,113.639999,708428000,20770000,4310000,62567000,2360000,1.12,29.40%,11.38%,N/L,N/L,N/L,N/L,N/L,2025-08-11
DT,Dynatrace Inc,IT Services,Computers and Technology,16340141000,77.46,6.19,5.90%,9.08%,0,57.919998,15323101000,241080000,192980000,301757000,483680000,0.91,0.57%,94.28%,N/L,N/L,N/L,N/L,N/L,2025-08-06
DUK,Duke Energy Corp,Utility - Electric Power,Utilities,93216432000,19.25,1.83,2.66%,9.88%,1.62,8.34,174564432000,20643000000,14224000000,777257000,4524000000,0.37,0.14%,65.31%,N/L,N/L,N/L,N/L,N/L,2025-08-05
DUOL,Duolingo Inc Cl A,Technology Services,Business Services,16549344000,177.81,18.34,7.64%,11.70%,0.06,164.039993,15818214000,80040000,69740000,45454000,88570000,0.89,15.67%,91.59%,N/L,N/L,N/L,N/L,N/L,2025-08-06
DVA,Davita Healthcare Partners Inc,Medical - Outpatient & Hm Care,Medical,10960335000,15.37,N/A,4.66%,176.11%,-1501.73,7.57,21222756000,3482660000,2758800000,75500000,936340000,1.11,2.00%,90.12%,N/L,N/L,N/L,N/L,N/L,2025-08-05
DVAX,Dynavax Technologies,Medical - Biomedical,Medical,1364120000,79.71,2.57,2.20%,3.59%,0,70.480003,1268240000,-16470000,-9980000,120081000,27310000,1.03,2.98%,96.96%,N/L,N/L,N/L,N/L,N/L,2025-08-05
DVN,Devon Energy Corp,Oil - US Exploration & Product,Oils-Energy,21150772000,6.82,1.45,10.62%,21.90%,0.6,3.46,29187772000,10823000000,7560000000,642100000,2891000000,1.02,0.71%,69.72%,N/L,N/L,N/L,N/L,N/L,2025-08-05
DX,Dynex Capital,REIT - Mortgage Trusts,Finance,1366341000,30.17,1.04,0.62%,4.53%,5.19,31.08,7415762000,355740000,306200000,107164000,113900000,0.92,1.00%,38.34%,N/L,N/L,N/L,N/L,N/L,2025-07-21
DXC,Dxc Technology Company,IT Services,Computers and Technology,2592104000,4.25,0.76,4.77%,19.36%,1.11,1.35,4672104000,3071000000,1753000000,181266000,389000000,1.2,0.61%,96.20%,N/L,N/L,N/L,N/L,N/L,2025-07-31
DXCM,Dexcom Inc,Medical Instruments,Medical,34893600000,52.57,15.01,10.00%,30.05%,0.55,38.59,35524500000,850300000,632600000,392107000,576200000,1.44,0.32%,97.75%,N/L,N/L,N/L,N/L,N/L,2025-07-30
DYN,Dyne Therapeutics Inc,Medical - Drugs,Medical,1130987000,0,1.57,-48.84%,-52.83%,0,N/A,695537000,-399030000,-397100000,113667000,-317420000,1.08,14.14%,96.68%,N/L,N/L,N/L,N/L,N/L,2025-08-11
E,Eni S.P.A. ADR,Oil - International Integrated,Oils-Energy,58555640000,10.18,0.95,3.51%,9.16%,0.52,4.12,82585840000,21517080000,13293120000,1687969000,2839430000,0.9,0.01%,1.18%,N/L,N/L,N/L,N/L,N/L,2025-07-25
EA,Electronic Arts Inc,Gaming,Consumer Discretionary,38112936000,30.05,6.23,10.37%,18.73%,0.23,24.309999,37460936000,1943000000,1587000000,251272000,1121000000,0.73,0.24%,90.23%,N/L,N/L,N/L,N/L,N/L,2025-07-29
EAF,Graftech International Ltd,Metal Production & Fabrication,Basic Materials,397553000,0,N/A,-9.72%,0.00%,-10.37,N/A,1232023000,-9830000,-72080000,258151000,-131170000,1.51,0.72%,92.83%,N/L,N/L,N/L,N/L,N/L,2025-07-25
EAT,Brinker International,Retail - Restaurants,Retail-Wholesale,6823229000,18.99,26.139999,14.37%,333.03%,2,18.91,7544929000,806900000,636100000,44451000,155300000,1.7,1.72%,N/A,N/L,N/L,N/L,N/L,N/L,2025-08-13
EB,Eventbrite Inc,Internet - Services,Computers and Technology,231841000,0,1.35,-2.16%,-10.12%,1.39,90.860001,8031000,-14810000,-32940000,94629000,-15570000,2.07,21.46%,91.64%,N/L,N/L,N/L,N/L,N/L,2025-08-07
EBAY,Ebay Inc,Internet Commerce,Retail-Wholesale,37539232000,20.98,7.68,9.80%,36.60%,1.36,17.219999,42531232000,2649000000,2325000000,461000000,1975000000,1.26,0.64%,87.48%,N/L,N/L,N/L,N/L,N/L,2025-07-30
EBS,Emergent Biosolutions,Medical - Biomedical,Medical,389173000,0,0.73,-0.17%,-0.52%,1.2,3.89,947273000,82800000,-33400000,54278000,-190600000,2.09,1.20%,78.40%,N/L,N/L,N/L,N/L,N/L,2025-08-06
EC,Ecopetrol S.A. ADR,Oil - International Integrated,Oils-Energy,17639064000,5.66,0.86,2.36%,6.70%,0.13,0.88,134140680000,61039490000,44322480000,2055835000,15225270000,0.84,0.00%,0.00%,N/L,N/L,N/L,N/L,N/L,2025-08-13
ECL,Ecolab Inc,Chemical - Specialty,Basic Materials,77077264000,39.56,8.6,8.82%,22.53%,0.85,26.879999,83385368000,3775200000,2839800000,283633000,2112400000,1.03,0.04%,74.91%,N/L,N/L,N/L,N/L,N/L,2025-07-29
ED,Consolidated Edison Company,Utility - Electric Power,Utilities,36843868000,18.55,1.55,2.76%,8.61%,1.07,8.79,60670868000,7119000000,4964000000,360296000,1820000000,0.26,0.19%,66.29%,N/L,N/L,N/L,N/L,N/L,2025-08-07
EDAP,Edap Tms Sa ADR,Medical Instruments,Medical,52349000,0,1.44,-26.43%,-51.42%,0.21,N/A,31759000,-20540000,-23320000,37392000,-20580000,0,0.23%,62.74%,N/L,N/L,N/L,N/L,N/L,2025-08-27
EDIT,Editas Medicine,Medical - Biomedical,Medical,263696000,0,4.37,-63.87%,-139.25%,0,N/A,132156000,-248070000,-248090000,83713000,-237090000,2.15,2.10%,71.90%,N/L,N/L,N/L,N/L,N/L,2025-08-06
EDU,New Oriental Education & Technology Group ADR,Schools,Consumer Discretionary,7921456000,18.73,1.94,5.31%,9.91%,0,19.440001,6354686000,554280000,447460000,169697000,309590000,0.28,15.50%,0.00%,N/L,N/L,N/L,N/L,N/L,2025-07-30
EE,Excelerate Energy Inc Cl A,Other Alt Energy,Oils-Energy,2719329000,16.48,1.36,1.44%,2.20%,0.25,19.08,2683649000,437560000,333220000,114018000,32880000,1.4,1.83%,21.79%,N/L,N/L,N/L,N/L,N/L,2025-08-06
EFC,Ellington Financial Llc,REIT - Mortgage Trusts,Finance,1251352000,8.44,0.96,0.95%,12.06%,9.02,7.99,15872373000,562300000,566460000,94513000,145860000,0.98,4.10%,55.62%,N/L,N/L,N/L,N/L,N/L,2025-08-07
EFX,Equifax Inc,Consulting,Business Services,30486244000,32.8,5.95,7.84%,18.89%,0.86,19.17,34744344000,2413800000,1733200000,123797000,604100000,1.6,1.40%,96.20%,N/L,N/L,N/L,N/L,N/L,2025-07-22
EGBN,Eagle Bancorp Inc,Banks - Northeast,Finance,493626000,0,0.43,-0.28%,-2.54%,0.06,3.01,-63744000,254460000,141680000,30377000,-47040000,1.05,3.39%,78.03%,N/L,N/L,N/L,N/L,N/L,2025-07-23
EGO,Eldorado Gold Corp,Mining - Gold,Basic Materials,4220316000,12.96,1.06,5.69%,8.41%,0.23,7.29,4278946000,934030000,679040000,203880000,289120000,0.46,0.63%,69.58%,N/L,N/L,N/L,N/L,N/L,2025-07-31
EGP,Eastgroup Properties,REIT - Equity Trust Other,Finance,8774508000,19.31,2.6,4.67%,7.29%,0.43,19.73,10260538000,649140000,459730000,53334000,227750000,1.01,1.00%,92.14%,N/L,N/L,N/L,N/L,N/L,2025-07-23
EH,Ehang Holdings Ltd ADR,Aerospace - Defense Equipment,Aerospace,1436981000,0,11.25,-16.60%,-29.95%,0.18,N/A,1362191000,-36190000,-38070000,71885000,-31480000,1.06,39.60%,94.03%,N/L,N/L,N/L,N/L,N/L,2025-08-28
EIX,Edison International,Utility - Electric Power,Utilities,20373256000,9.98,1.15,2.53%,13.21%,2.04,3.74,58406256000,10891000000,7725000000,384764000,1546000000,0.75,1.20%,88.95%,N/L,N/L,N/L,N/L,N/L,2025-07-31
EL,Estee Lauder Companies,Cosmetics & Toiletries,Consumer Staples,32521582000,42.33,7.18,3.57%,15.60%,1.68,17.690001,36897584000,1529000000,704000000,359752000,390000000,1.17,12.78%,55.15%,N/L,N/L,N/L,N/L,N/L,2025-08-20
ELAN,Elanco Animal Health Inc,Medical - Outpatient & Hm Care,Medical,7409958000,15.63,1.15,3.57%,7.54%,0.69,6.52,11262958000,1264000000,602000000,496646000,338000000,1.67,0.89%,97.48%,N/L,N/L,N/L,N/L,N/L,2025-08-07
ELDN,Eledon Pharmaceuticals Inc,Medical - Biomedical,Medical,216773000,0,1.95,-41.62%,-79.54%,0,N/A,196223000,-80110000,-77670000,59882000,-36180000,-0.16,12.30%,56.77%,N/L,N/L,N/L,N/L,N/L,2025-08-18
ELEV,Elevation Oncology Inc,Medical - Biomedical,Medical,21617000,0,0.46,-48.14%,-74.68%,0.67,N/A,3287000,-50480000,-49050000,59224000,-44490000,1.48,8.10%,83.70%,N/L,N/L,N/L,N/L,N/L,2025-08-05
ELF,E.L.F. Beauty Inc,Cosmetics & Toiletries,Consumer Staples,6856993000,52.06,8.84,10.74%,17.98%,0.34,36.669998,6964983000,202700000,158040000,56735000,112090000,1.52,3.90%,92.44%,N/L,N/L,N/L,N/L,N/L,2025-08-06
ELTX,Elicio Therapeutics Inc,Medical - Biomedical,Medical,158210000,0,17.58,-185.70%,0.00%,0,N/A,139410000,-44230000,-45480000,15997000,-51900000,1.16,50.90%,35.03%,N/L,N/L,N/L,N/L,N/L,2025-08-12
ELV,Elevance Health Inc,Medical Services,Medical,65098960000,8.49,1.44,6.36%,17.59%,0.68,7.16,87677960000,10390000000,8997000000,225178000,5980000000,0.6,0.29%,89.24%,N/L,N/L,N/L,N/L,N/L,2025-07-17
EME,Emcor Group,Building - Heavy Construction,Construction,28424010000,25.41,8.78,14.01%,37.12%,0.08,23.34,27084460000,1537350000,1403670000,44758000,1007150000,1.24,0.83%,92.59%,N/L,N/L,N/L,N/L,N/L,2025-07-31
EMN,Eastman Chemical Company,Chemical - Diversified,Basic Materials,9041672000,9.44,1.5,6.40%,16.59%,0.8,6.18,12771672000,1800000000,1291000000,115460000,905000000,1.22,1.93%,83.65%,N/L,N/L,N/L,N/L,N/L,2025-07-31
EMR,Emerson Electric Company,Machinery - Electrical,Industrial Products,84166880000,25.45,4.29,7.57%,13.22%,0.75,16.58,88265880000,6135000000,4215000000,562500000,1968000000,1.29,0.50%,74.30%,N/L,N/L,N/L,N/L,N/L,2025-08-06
EMX,Emx Royalty Group,Mining - Misc,Basic Materials,341927000,310,2.93,0.13%,0.17%,0.3,105.510002,349707000,16030000,9500000,109242000,-3290000,0.38,4.97%,21.54%,N/L,N/L,N/L,N/L,N/L,2025-08-11
ENB,Enbridge Inc,Oil - Production & Pipeline,Oils-Energy,98052728000,21.96,2.21,3.10%,10.41%,1.45,12.25,175845760000,15365940000,11595060000,2180403000,3970840000,0.79,0.42%,54.60%,N/L,N/L,N/L,N/L,N/L,2025-08-01
ENPH,Enphase Energy Inc,Solar,Oils-Energy,4629893000,22.48,5.27,6.63%,24.55%,1.48,22.65,5468153000,211100000,138310000,130751000,102660000,1.67,3.10%,72.12%,N/L,N/L,N/L,N/L,N/L,2025-07-22
ENR,Energizer Holdings Inc,Consumer Prdts - Misc Staple,Consumer Staples,1749958000,7.13,12.88,5.77%,184.22%,23.6,3.63,4738059000,619200000,388100000,72193000,38100000,0.63,0.98%,93.74%,N/L,N/L,N/L,N/L,N/L,2025-08-04
ENSG,The Ensign Group IN,Medical - Nursing Homes,Medical,8627249000,25.33,4.1,6.81%,17.33%,0.07,20.93,8308329000,551330000,466130000,57492000,297970000,1.03,3.90%,96.12%,N/L,N/L,N/L,N/L,N/L,2025-07-24
ENTG,Entegris Inc,Electrical - Manufacturing,Computers and Technology,13906089000,30.47,3.68,5.40%,12.49%,0,16.200001,17557990000,1117910000,724690000,151400000,292790000,1.27,0.67%,N/A,N/L,N/L,N/L,N/L,N/L,2025-07-30
ENVA,Enova International Inc,Finance - Consumer Loans,Finance,2684336000,10.86,2.37,5.35%,23.51%,3.14,10.14,5925146000,721870000,665880000,25367000,209450000,1.48,8.40%,89.43%,N/L,N/L,N/L,N/L,N/L,2025-07-24
ENVX,Enovix Corp,Electronics Products - Misc,Computers and Technology,2820539000,0,11.65,-33.04%,-78.11%,0.76,N/A,2726939000,-170140000,-215100000,192004000,-222240000,2.09,15.70%,50.92%,N/L,N/L,N/L,N/L,N/L,2025-07-31
EOG,Eog Resources,Oil - US Exploration & Product,Oils-Energy,64615720000,10.21,2.2,14.17%,22.35%,0.16,6.25,62275720000,15825000000,11717000000,545787000,6403000000,0.76,0.13%,89.91%,N/L,N/L,N/L,N/L,N/L,2025-08-07
EOLS,Evolus Inc,Medical Products,Medical,614456000,0,N/A,-20.14%,-759.04%,-18.46,N/A,649016000,-31750000,-38920000,64476000,-50420000,0.97,5.90%,90.69%,N/L,N/L,N/L,N/L,N/L,2025-08-05
EOSE,Eos Energy Enterprises Inc,Industrial Services,Industrial Products,1449748000,0,N/A,-225.98%,0.00%,-0.35,N/A,2166978000,-177870000,-187000000,227590000,-685870000,2.01,3.63%,54.87%,N/L,N/L,N/L,N/L,N/L,2025-07-30
EPD,Enterprise Products Partners LP,Oil Gas Prod Pipeline MLP,Oils-Energy,68428888000,11.91,2.31,7.75%,19.90%,1.06,8.17,99536888000,9807000000,7277000000,2168903000,5901000000,0.64,32.60%,26.07%,N/L,N/L,N/L,N/L,N/L,2025-07-28
EQ,Equillium Inc,Medical - Biomedical,Medical,14384000,0,1.24,-46.75%,-74.34%,0,N/A,-3706000,-8890000,-8270000,35719000,-8070000,1.86,31.60%,27.05%,N/L,N/L,N/L,N/L,N/L,2025-08-14
EQIX,Equinix Inc,REIT - Equity Trust Retail,Finance,78395080000,22.02,5.56,2.66%,6.96%,1,26.790001,88707080000,3482000000,1453000000,97819000,815000000,0.93,0.27%,94.94%,N/L,N/L,N/L,N/L,N/L,2025-07-30
EQNR,Equinor ASA ADR,Oil - Refining and Marketing,Oils-Energy,70824928000,9.44,1.71,5.43%,16.91%,0.45,3.76,82065928000,51877000000,41971000000,2792781000,8806000000,0.58,0.01%,5.51%,N/L,N/L,N/L,N/L,N/L,2025-07-23
EQR,Equity Residential,REIT - Equity Trust Resident,Finance,25596828000,17.35,2.29,4.86%,8.93%,0.7,12.72,34011996000,3333800000,2351590000,379944000,1035830000,0.88,1.10%,92.68%,N/L,N/L,N/L,N/L,N/L,2025-08-04
EQT,Eqt Corp,Oil - US Exploration & Product,Oils-Energy,32569536000,22.14,1.34,3.70%,6.24%,0.34,10.73,41691624000,5472620000,3295200000,624057000,230580000,0.65,0.65%,90.81%,N/L,N/L,N/L,N/L,N/L,2025-07-22
EQX,Equinox Gold Corp,Mining - Gold,Basic Materials,4832118000,37.41,0.87,1.08%,2.20%,0.42,9.07,5940618000,470670000,248050000,756200000,339290000,1.11,8.35%,38.85%,N/L,N/L,N/L,N/L,N/L,2025-08-13
ERII,Energy Recovery Inc,Pollution Controls,Industrial Products,756446000,37.59,3.84,8.75%,9.96%,0,29.24,726816000,25070000,20580000,54499000,23050000,1.01,3.20%,83.58%,N/L,N/L,N/L,N/L,N/L,2025-08-06
ERJ,Embraer-Empresa Brasileira DE Aeronautica ADR,Aerospace - Defense,Aerospace,8786199000,15.98,2.52,4.76%,16.43%,0.59,12.4,9714299000,966200000,722600000,183658000,352500000,1.72,1.00%,34.65%,N/L,N/L,N/L,N/L,N/L,2025-08-05
ERO,Ero Copper Corp,Mining - Non Ferrous,Basic Materials,1465855000,15,2.1,6.44%,14.24%,0.89,10.05,1780345000,159340000,93400000,103594000,-68480000,1.18,N/A,71.30%,N/L,N/L,N/L,N/L,N/L,2025-07-31
ES,Eversource Energy,Utility - Electric Power,Utilities,24475190000,14.47,1.56,2.81%,11.04%,1.8,7.13,51308880000,6539300000,4762930000,367385000,811650000,0.62,0.41%,79.99%,N/L,N/L,N/L,N/L,N/L,2025-07-31
ESPR,Esperion Theraptc,Medical - Drugs,Medical,299281000,0,N/A,-29.47%,0.00%,-0.33,62.02,295491000,-38410000,-39970000,198199000,-51750000,0.7,1.70%,47.39%,N/L,N/L,N/L,N/L,N/L,2025-08-05
ESTA,Establishment Labs Holdings Inc,Medical Services,Medical,1226370000,0,32.279999,-26.64%,-196.25%,5.72,N/A,1355600000,-50520000,-58100000,28917000,-84600000,0.8,11.09%,72.91%,N/L,N/L,N/L,N/L,N/L,2025-08-07
ESTC,Elastic N.V.,Internet - Software,Computers and Technology,9483376000,0,9.99,-1.61%,-4.46%,0.61,182.130005,9321896000,48000000,-54930000,105535000,-108110000,1.07,15.90%,97.03%,N/L,N/L,N/L,N/L,N/L,2025-09-04
ET,Energy Transfer LP,Oil Gas Prod Pipeline MLP,Oils-Energy,60811104000,13.42,1.44,3.88%,11.47%,1.3,6.35,124528104000,19692000000,14527000000,3431778000,4448000000,0.79,3.28%,38.22%,N/L,N/L,N/L,N/L,N/L,2025-08-06
ETN,Eaton Corp,Machinery - Electrical,Industrial Products,153456128000,34.61,8.12,11.31%,23.41%,0.5,29.049999,162053120000,5750000000,4829000000,391300000,3794000000,1.17,0.30%,82.97%,N/L,N/L,N/L,N/L,N/L,2025-08-05
ETOR,Etoro Group Ltd Cl A,Insurance - Brokers,Finance,5331094000,0,N/A,0.00%,0.00%,0,N/A,5152404000,155910000,144570000,81916000,192380000,N/A,N/A,N/A,N/L,N/L,N/L,N/L,N/L,2025-08-12
ETR,Entergy Corp,Utility - Electric Power,Utilities,37977036000,22.4,2.5,2.65%,11.43%,1.94,9.39,65210016000,7583220000,5139660000,430774000,1061180000,0.59,0.39%,88.07%,N/L,N/L,N/L,N/L,N/L,2025-07-30
ETSY,Etsy Inc,Internet Commerce,Retail-Wholesale,6513453000,27.23,N/A,12.30%,-39.60%,-2.51,17.5,7990353000,397860000,289790000,104282000,303280000,1.74,2.80%,99.53%,N/L,N/L,N/L,N/L,N/L,2025-07-30
EU,Encore Energy Corp,Mining - Misc,Basic Materials,568656000,0,1.92,-13.96%,-16.08%,0,N/A,528956000,-73350000,-77950000,187058000,-61390000,1.86,N/A,20.86%,N/L,N/L,N/L,N/L,N/L,2025-08-13
EVER,Everquote Inc Cl A,Insurance - Multi Line,Finance,918464000,21.74,6.18,22.81%,35.40%,0,24.360001,816344000,43660000,37990000,35724000,32170000,0.34,29.79%,91.54%,N/L,N/L,N/L,N/L,N/L,2025-08-04
EVGO,Evgo Inc,Auto - Truck Original Parts,Auto-Tires-Trucks,1105085000,0,N/A,-5.67%,0.00%,-2.08,53.189999,1684415000,-47880000,-113680000,306968000,-44330000,2.34,58.79%,17.44%,N/L,N/L,N/L,N/L,N/L,2025-08-05
EVLV,Evolv Technologies Hldgs Inc,IT Services,Computers and Technology,1118453000,0,9.09,-16.59%,-34.13%,0,N/A,1081433000,-57040000,-74420000,163996000,-54020000,1.7,11.30%,66.65%,N/L,N/L,N/L,N/L,N/L,2025-08-14
EVTL,Vertical Aerospace Ltd,Aerospace - Defense,Aerospace,672879000,0,N/A,0.00%,0.00%,0,N/A,641879000,-61250000,-63770000,96678000,-998350000,1.26,74.80%,81.17%,N/L,N/L,N/L,N/L,N/L,2025-08-05
EW,Edwards Lifesciences Corp,Medical Instruments,Medical,46928000000,29.49,4.37,11.67%,15.25%,0.06,27.76,44480500000,1541200000,1386000000,586600000,4174600000,1.11,1.29%,79.46%,N/L,N/L,N/L,N/L,N/L,2025-07-24
EWBC,East West Bancorp,Banks - West,Finance,14280048000,12.12,1.74,1.56%,15.09%,0.45,10.44,12092078000,1951520000,1739180000,137825000,1165590000,0.93,1.04%,89.53%,N/L,N/L,N/L,N/L,N/L,2025-07-22
EWCZ,European Wax Center Cl A,Cosmetics & Toiletries,Consumer Staples,283754000,9.47,2.81,3.35%,23.65%,3.83,6.48,604814000,93200000,67330000,55205000,10460000,1.5,5.03%,82.14%,N/L,N/L,N/L,N/L,N/L,2025-08-13
EXAS,Exact Sciences Cor,Medical - Biomedical,Medical,9147057000,0,3.84,-1.68%,-3.75%,0,8.66,8795317000,892440000,-191880000,188638000,-1028860000,0.95,1.20%,88.82%,N/L,N/L,N/L,N/L,N/L,2025-08-06
EXC,Exelon Corp,Utility - Electric Power,Utilities,44409488000,15.96,1.6,2.58%,10.29%,1.71,7.2,88301488000,11955000000,8359000000,1009536000,2460000000,0.39,0.10%,80.92%,N/L,N/L,N/L,N/L,N/L,2025-07-31
EXE,Expand Energy Corporation,Other Alt Energy,Oils-Energy,23362398000,36.35,1.38,3.10%,4.64%,0.3,12.08,28647398000,2610000000,938000000,237979000,-714000000,0.48,0.19%,97.93%,N/L,N/L,N/L,N/L,N/L,2025-07-29
EXEL,Exelixis Inc,Medical - Biomedical,Medical,12435485000,20.74,5.79,21.94%,28.81%,0,23.25,12218115000,790820000,762020000,272708000,521270000,0.28,2.82%,85.27%,N/L,N/L,N/L,N/L,N/L,2025-07-28
EXFY,Expensify Inc Cl A,Financial Transaction Services,Business Services,178435000,0,1.33,-5.16%,-7.60%,0,N/A,129665000,6910000,-510000,80376000,-10060000,1.75,12.27%,68.42%,N/L,N/L,N/L,N/L,N/L,2025-08-07
EXK,Endeavour Silver Corp,Mining - Silver,Basic Materials,1659064000,190,3.47,0.80%,1.18%,0.27,38.220001,1672864000,70390000,39260000,289540000,-31480000,1.5,0.80%,20.06%,N/L,N/L,N/L,N/L,N/L,2025-08-07
EXPE,Expedia Group Inc,Internet Commerce,Retail-Wholesale,23814848000,19.66,10.43,5.28%,52.59%,2.68,9.07,24506848000,3649000000,2206000000,127121000,1234000000,1.57,9.13%,90.76%,N/L,N/L,N/L,N/L,N/L,2025-08-07
EXPI,eXp World Holdings Inc,Real Estate Operations,Finance,1738942000,364.67,8.06,0.91%,1.85%,0,62.43,1570352000,-900000,-11190000,156169000,-21270000,2.52,27.96%,27.17%,N/L,N/L,N/L,N/L,N/L,2025-07-31
EZPW,Ezcorp Inc,Finance - Consumer Loans,Finance,736637000,10.8,0.87,5.97%,11.53%,0.73,6.17,884157000,191660000,156990000,55014000,83100000,0.52,2.13%,99.83%,N/L,N/L,N/L,N/L,N/L,2025-07-30
F,Ford Motor Company,Auto - Domestic,Auto-Tires-Trucks,45611020000,7.56,1.06,2.11%,13.49%,3.48,3.36,181198016000,10180000000,4313000000,3976549000,5879000000,1.49,0.48%,58.74%,N/L,N/L,N/L,N/L,N/L,2025-07-30
FANG,Diamondback Energy,Oil - US Exploration & Product,Oils-Energy,42250416000,9.04,1.02,6.53%,11.22%,0.33,6.62,55061416000,11279000000,8429000000,292168000,3338000000,1.05,0.70%,90.01%,N/L,N/L,N/L,N/L,N/L,2025-08-04
FAST,Fastenal Company,Industrial Services,Industrial Products,54799664000,46.09,14.45,24.62%,32.33%,0.06,41.450001,54743864000,1738300000,1562900000,1147637000,1150600000,0.96,0.37%,81.38%,N/L,N/L,N/L,N/L,N/L,2025-07-14
FATE,Fate Therapeutics,Medical - Biomedical,Medical,142109000,0,0.5,-34.60%,-47.17%,0,N/A,106049000,-175870000,-185750000,114604000,-186260000,2.18,5.51%,97.54%,N/L,N/L,N/L,N/L,N/L,2025-08-12
FCEL,Fuelcell Energy Inc,Other Alt Energy,Oils-Energy,128085000,0,0.21,-15.03%,-21.16%,0.23,N/A,114565000,-104560000,-140750000,22791000,-126010000,4.09,0.35%,42.78%,N/L,N/L,N/L,N/L,N/L,2025-09-04
FCNCA,First Citizens Bancs,Banks - Southeast,Finance,27854256000,11.77,1.32,1.16%,11.98%,1.7,9,43083256000,5599000000,5469000000,13289000,2777000000,0.64,13.40%,78.01%,N/L,N/L,N/L,N/L,N/L,2025-07-25
FCX,Freeport-Mcmoran Inc,Mining - Non Ferrous,Basic Materials,64510204000,30.33,2.14,3.87%,7.37%,0.32,14.6,68647200000,8774000000,6533000000,1437073000,1889000000,1.64,0.75%,80.77%,N/L,N/L,N/L,N/L,N/L,2025-07-23
FDS,Factset Research Systems Inc,Business Information,Business Services,15861545000,25.3,7.39,15.37%,31.60%,0.66,20.280001,16804534000,854440000,698850000,37807000,537130000,0.84,1.10%,91.24%,N/L,N/L,N/L,N/L,N/L,2025-09-18
FDX,Fedex Corp,Transportation - Air Freight,Transportation,57370636000,12.97,2.02,5.14%,16.34%,0.73,6.5,72447632000,13766000000,9502000000,235899000,4092000000,1.35,8.87%,84.47%,N/L,N/L,N/L,N/L,N/L,2025-09-18
FE,Firstenergy Corp,Utility - Electric Power,Utilities,24205922000,15.05,1.72,3.06%,11.49%,1.79,7.23,48074920000,5839000000,4051000000,577156000,978000000,0.39,0.17%,89.41%,N/L,N/L,N/L,N/L,N/L,2025-07-30
FETH,Fidelity Ethereum Fund,N/A,N/A,N/A,N/A,N/A,N/A,N/A,N/A,N/A,N/A,N/A,N/A,N/A,0,N/A,N/A,N/A,N/L,N/L,N/L,N/L,N/L,N/A
FFAI,Faraday Future Intelligent Electric Inc,Auto - Truck Original Parts,Auto-Tires-Trucks,284083000,0,1.86,-49.99%,-155.53%,0.46,N/A,363633000,-74080000,-148110000,97623000,-355850000,4.64,0.54%,71.74%,N/L,N/L,N/L,N/L,N/L,2025-08-13
FFWM,First Foundation,Banks - Southwest,Finance,409458000,255.5,0.43,-0.01%,-0.08%,1.58,32.93,906348000,-42550000,-62120000,82386000,-92410000,0.97,9.50%,73.10%,N/L,N/L,N/L,N/L,N/L,2025-07-31
FHB,First Hawaiian Inc,Banks - West,Finance,3195777000,13.7,1.2,0.99%,8.99%,0,12.02,2025587000,355000000,316990000,125719000,230130000,0.83,0.61%,97.63%,N/L,N/L,N/L,N/L,N/L,2025-07-25
FHI,Federated Investors,Finance - Investment Mgmt,Finance,3897405000,11.74,3.59,17.10%,32.17%,0.32,13.82,3796585000,417090000,394660000,79103000,268310000,0.78,3.80%,75.94%,N/L,N/L,N/L,N/L,N/L,2025-07-31
FHN,First Horizon Corp,Banks - Southwest,Finance,11569985000,12.92,1.28,1.13%,10.55%,0.14,12.01,10115985000,1789000000,1688000000,507233000,775000000,0.61,0.87%,80.28%,N/L,N/L,N/L,N/L,N/L,2025-07-16
FI,Fiserv Inc,Financial Transaction Services,Business Services,78746264000,14.87,3.01,6.69%,19.69%,1.07,9.65,102350264000,9231000000,6093000000,554434000,3131000000,0.91,0.74%,90.98%,N/L,N/L,N/L,N/L,N/L,2025-07-23
FICO,Fair Isaac and Company,IT Services,Computers and Technology,37304588000,73.31,N/A,29.91%,-51.41%,-2.25,81.339996,39362940000,826810000,812980000,24342000,512810000,1.28,3.46%,85.75%,N/L,N/L,N/L,N/L,N/L,2025-07-30
FIGS,Figs Inc Cl A,Retail - Apparel & Shoes,Retail-Wholesale,1063084000,649,2.76,0.23%,0.30%,0,286.75,977434000,2560000,1610000,162551000,2720000,1.32,22.30%,92.21%,N/L,N/L,N/L,N/L,N/L,2025-08-07
FINV,Finvolution Group ADR,Finance - Misc Services,Finance,2264055000,6.5,1.1,11.86%,18.15%,0,6.71,1340475000,391500000,381980000,253250000,326490000,0.39,44.00%,31.15%,N/L,N/L,N/L,N/L,N/L,2025-08-19
FIS,Fidelity National Information Services,Financial Transaction Services,Business Services,43050872000,14.97,2.81,8.62%,18.15%,0.72,9.3,52870872000,3452000000,1695000000,525395000,1450000000,1.06,0.21%,96.23%,N/L,N/L,N/L,N/L,N/L,2025-08-05
FITB,Fifth Third Bancorp,Banks - Major Regional,Finance,28595358000,12.63,1.5,1.15%,13.31%,0.69,9.64,42034360000,4474000000,3979000000,667492000,2314000000,0.91,0.53%,83.79%,N/L,N/L,N/L,N/L,N/L,2025-07-17
FIVE,Five Below Inc,Retail - Misc & Diversified,Retail-Wholesale,7634891000,25.86,4.06,6.89%,17.00%,0,16.93,7303171000,682790000,515340000,55058000,253610000,1.04,1.90%,N/A,N/L,N/L,N/L,N/L,N/L,2025-08-27
FIVN,Five9 Inc,Internet - Software,Computers and Technology,2199685000,63.62,3.29,1.79%,6.06%,0.65,13.11,2270625000,109180000,-36040000,76272000,-12800000,1.19,1.60%,96.64%,N/L,N/L,N/L,N/L,N/L,2025-07-31
FIX,Comfort Systems USA,Building Prdcts - Air Heating,Construction,24295304000,28.92,11.17,15.17%,40.97%,0.04,29.959999,23813694000,969180000,823010000,35275000,522430000,1.51,1.59%,96.51%,N/L,N/L,N/L,N/L,N/L,2025-07-24
FL,Footlocker Inc,Retail - Apparel & Shoes,Retail-Wholesale,2432893000,23.52,0.92,1.52%,3.65%,0.17,7.19,2477893000,204000000,2000000,95445000,12000000,1.72,0.89%,N/A,N/L,N/L,N/L,N/L,N/L,2025-08-27
FLEX,Flextronics Intl Ltd,Electronics Products - Misc,Computers and Technology,18681414000,19.18,3.65,5.47%,20.25%,0.74,12.73,20084414000,1778000000,1239000000,373703000,838000000,1.07,0.57%,94.30%,N/L,N/L,N/L,N/L,N/L,2025-07-24
FLG,Flagstar Financial Inc,Banks - Northeast,Finance,4727761000,0,0.65,-0.70%,-9.68%,1.74,N/A,4226761000,392000000,27000000,415080000,-1118000000,1.1,19.35%,67.88%,N/L,N/L,N/L,N/L,N/L,2025-07-25
FLNC,Fluence Energy Inc Cl A,Other Alt Energy,Oils-Energy,1702930000,0,3.4,-1.18%,-4.40%,0,42.029999,1254240000,3170000,-14400000,181549000,22720000,2.65,0.65%,53.16%,N/L,N/L,N/L,N/L,N/L,2025-08-06
FLNG,Flex Lng Ltd,Transportation - Ship,Transportation,1246575000,10.47,1.58,4.56%,14.83%,2.27,6.03,2619615000,346600000,268610000,53871000,117680000,0.45,0.32%,0.00%,N/L,N/L,N/L,N/L,N/L,2025-08-13
FLO,Flowers Foods,Food - Misc & Diversified,Consumer Staples,3433104000,12.85,2.41,7.28%,18.91%,1.26,7.91,4449734000,651330000,492120000,211138000,248120000,0.33,11.57%,75.45%,N/L,N/L,N/L,N/L,N/L,2025-08-15
FLR,Fluor Corp,Engineering & R&D Services,Industrial Products,9321686000,21.64,2.56,5.67%,14.59%,0.3,19.959999,7596686000,429000000,356000000,164665000,2145000000,1.34,1.70%,88.07%,N/L,N/L,N/L,N/L,N/L,2025-08-01
FLS,Flowserve Corp,Machinery - General Industrial,Industrial Products,7169179000,19.62,3.34,6.85%,17.68%,0.7,16.440001,7997929000,522180000,436580000,130729000,282760000,1.25,0.76%,93.93%,N/L,N/L,N/L,N/L,N/L,2025-07-30
FLWS,1-800-Flowers.com,Retail - Mail Order,Retail-Wholesale,405538000,0,1.25,-3.04%,-7.12%,0.5,4.68,433208000,88780000,14540000,63564000,-6110000,1.48,51.00%,38.43%,N/L,N/L,N/L,N/L,N/L,2025-09-04
FMC,FMC Corp,Agriculture Operations,Consumer Staples,5397318000,12.85,1.2,3.46%,9.12%,0.91,8.62,8405317000,667000000,490700000,124909000,341100000,0.77,0.67%,91.86%,N/L,N/L,N/L,N/L,N/L,2025-07-30
FMX,Fomento Economico Mexicano S.A.B. DE C.V. ADR,Beverages - Soft,Consumer Staples,35277600000,23.58,1.82,3.53%,7.86%,0.38,10.22,35678600000,4491030000,2606030000,357785000,1283000000,0.65,5.68%,61.00%,N/L,N/L,N/L,N/L,N/L,2025-07-28
FN,Fabrinet,Electronics - Misc Components,Computers and Technology,11067839000,33.65,5.73,13.26%,17.99%,0,32.25,10657869000,354140000,308740000,35831000,296180000,1.04,0.38%,97.38%,N/L,N/L,N/L,N/L,N/L,2025-08-18
FNB,F.N.B. Corp,Banks - Southeast,Finance,5627366000,11.14,0.86,1.04%,7.94%,0.41,9.69,6220366000,821640000,754640000,359806000,465000000,0.92,1.37%,79.25%,N/L,N/L,N/L,N/L,N/L,2025-07-17
FND,Floor & Decor Holdings Inc,Retail - Home Furniture,Retail-Wholesale,8597720000,42.77,3.81,3.95%,9.32%,0.09,19.51,8606680000,493570000,261100000,107606000,205870000,1.7,2.10%,N/A,N/L,N/L,N/L,N/L,N/L,2025-07-31
FNGR,Fingermotion Inc,Technology Services,Business Services,106934000,0,5.15,-13.12%,-44.33%,0.07,N/A,106934000,-5510000,-5670000,59408000,-5110000,-0.84,8.20%,3.90%,N/L,N/L,N/L,N/L,N/L,2025-07-18
FNKO,Funko Inc Cl A,Consumer Prdts - Misc Discr,Consumer Discretionary,240615000,0,1.13,-1.60%,-5.01%,0.55,4.14,328765000,129540000,66960000,54935000,-14720000,0.8,3.27%,99.15%,N/L,N/L,N/L,N/L,N/L,2025-08-07
FNV,Franco Nev Corp,Mining - Gold,Basic Materials,31372728000,45.56,4.98,10.82%,11.40%,0,37.130001,29921428000,1047200000,821900000,192648000,552100000,0.41,0.70%,77.06%,N/L,N/L,N/L,N/L,N/L,2025-08-11
FOA,Finance of America Companies Inc Cl A,Finance - Mortgage & Rel Svs,Finance,268734000,18.1,0.66,-0.04%,-3.12%,25.76,4.51,9839084000,169170000,129330000,11059000,15490000,1.44,25.00%,97.20%,N/L,N/L,N/L,N/L,N/L,2025-08-05
FOSL,Fossil Group,Retail - Apparel & Shoes,Retail-Wholesale,98687000,0,0.76,-4.76%,-23.80%,1.44,N/A,139927000,-65490000,-81490000,53634000,-102670000,2.39,7.80%,61.14%,N/L,N/L,N/L,N/L,N/L,2025-08-14
FOUR,Shift4 Payments Inc,Financial Transaction Services,Business Services,9465502000,27.8,9.14,7.17%,32.97%,2.8,15.26,11094602000,767600000,461700000,88620000,229600000,1.8,25.15%,98.87%,N/L,N/L,N/L,N/L,N/L,2025-08-05
FOXA,Fox Corp Cl A,Broadcast - Radio & TV,Consumer Discretionary,25479852000,12.76,2.18,8.99%,17.99%,0.62,12.66,28599852000,3850000000,3445000000,449618000,1501000000,0.51,21.77%,52.52%,N/L,N/L,N/L,N/L,N/L,2025-08-05
FPH,Five Point Holdings Llc Cl A,Real Estate Developers,Finance,813455000,5.9,0.43,2.54%,3.64%,0,10.9,406585000,178780000,159420000,148712000,68300000,1.53,21.49%,38.09%,N/L,N/L,N/L,N/L,N/L,2025-07-24
FPI,Farmland Partners Inc,REIT - Equity Trust Other,Finance,475629000,37.7,1.06,7.78%,13.98%,0,8.29,397189000,34500000,28680000,44913000,59910000,0.83,8.30%,58.00%,N/L,N/L,N/L,N/L,N/L,2025-07-23
FRO,Frontline Plc,Transportation - Ship,Transportation,4122978000,14.07,1.8,4.77%,12.67%,1.58,5.7,7453838000,1294970000,955940000,222623000,495580000,0.25,48.08%,22.70%,N/L,N/L,N/L,N/L,N/L,2025-08-29
FROG,Jfrog Ltd,Internet - Software,Computers and Technology,4759279000,0,5.96,-5.03%,-7.24%,0,N/A,4709409000,-82540000,-97430000,114571000,-69240000,1.06,14.10%,85.02%,N/L,N/L,N/L,N/L,N/L,2025-08-07
FRPT,Freshpet Inc CS,Food - Misc & Diversified,Consumer Staples,3451461000,108.71,3.33,2.11%,3.16%,0,30.34,3182831000,93740000,18040000,48777000,46930000,1.79,4.43%,N/A,N/L,N/L,N/L,N/L,N/L,2025-08-04
FRSH,Freshworks Inc Cl A,Internet - Software,Computers and Technology,4186235000,0,3.96,-3.13%,-4.41%,0,N/A,3565915000,-75220000,-107200000,295013000,-95370000,0.95,11.17%,75.58%,N/L,N/L,N/L,N/L,N/L,2025-07-29
FRT,Federal Realty Investment Trust,REIT - Equity Trust Retail,Finance,8083906000,13.87,2.62,3.55%,9.97%,1.39,12.72,12787026000,1169040000,826440000,85780000,295210000,1.09,1.00%,93.86%,N/L,N/L,N/L,N/L,N/L,2025-08-06
FSK,FS KKR Capital Corp,Finance - SBIC & Commercial,Finance,6225956000,7.95,0.95,5.27%,11.78%,1.22,7.56,13298956000,830000000,811000000,280070000,585000000,0.96,0.18%,36.26%,N/L,N/L,N/L,N/L,N/L,2025-08-06
FSLR,First Solar Inc,Solar,Oils-Energy,19874460000,15.37,2.37,10.84%,16.31%,0.06,11.28,18862850000,1796020000,1372520000,107244000,1292040000,1.52,0.48%,92.08%,N/L,N/L,N/L,N/L,N/L,2025-07-31
FSLY,Fastly Inc,Internet - Software,Computers and Technology,1035952000,0,1.09,-8.13%,-12.29%,0.35,N/A,1087382000,-70170000,-159830000,144686000,-158060000,1.23,6.70%,79.71%,N/L,N/L,N/L,N/L,N/L,2025-08-06
FSM,Fortuna Mines,Mining - Misc,Basic Materials,2093467000,11.48,1.38,9.02%,12.94%,0.08,5.66,1988167000,502740000,272780000,306960000,128740000,0.94,1.00%,33.80%,N/L,N/L,N/L,N/L,N/L,2025-08-06
FTAI,Ftai Aviation Ltd,Aerospace - Defense Equipment,Aerospace,12017511000,40.26,398.829987,8.41%,438.32%,0,21.01,11902511000,603170000,329680000,102556000,8680000,1.62,1.30%,88.96%,N/L,N/L,N/L,N/L,N/L,2025-07-29
FTHM,Fathom Holdings Inc,Technology Services,Business Services,43492000,0,0.88,-26.78%,-45.16%,0.43,N/A,50142000,-14640000,-20160000,28150000,-21580000,2.12,39.70%,55.49%,N/L,N/L,N/L,N/L,N/L,2025-08-11
FTI,Technipfmc Plc,Oil - Field Services,Oils-Energy,15280898000,17.14,4.77,9.54%,29.42%,0.29,13.35,15008398000,1450900000,1058200000,419229000,842900000,1.07,1.80%,96.58%,N/L,N/L,N/L,N/L,N/L,2025-07-24
FTK,Flotek Industries,Oil - Field Services,Oils-Energy,368697000,27.93,3.13,8.71%,12.76%,0,21.629999,369037000,23390000,16570000,29854000,10500000,1.36,3.02%,10.90%,N/L,N/L,N/L,N/L,N/L,2025-08-05
FTNT,Fortinet Inc,Security,Computers and Technology,80230904000,46.77,40.82,18.67%,148.79%,0.51,40.459999,78349304000,2303700000,1936000000,765416000,1745200000,1.06,17.20%,83.71%,N/L,N/L,N/L,N/L,N/L,2025-08-06
FTRE,Fortrea Holdings Inc,Medical - Biomedical,Medical,615400000,16.27,0.69,1.06%,2.84%,1.41,4.14,1621400000,38000000,-72900000,90500000,-328500000,1.76,0.38%,N/A,N/L,N/L,N/L,N/L,N/L,2025-08-06
FTV,Fortive Corp,Electronic Test Equipment,Computers and Technology,17510720000,13.03,1.69,7.95%,13.19%,0.38,9.24,20404720000,1681900000,1138000000,339882000,832900000,1.09,0.92%,94.94%,N/L,N/L,N/L,N/L,N/L,2025-07-30
FUBO,Fubo TV,Broadcast - Radio & TV,Consumer Discretionary,1256867000,0,3.16,-8.49%,-36.53%,0.86,N/A,1428847000,-73820000,-115130000,341540000,-172250000,2.22,5.30%,39.31%,N/L,N/L,N/L,N/L,N/L,2025-08-05
FULC,Fulcrum Therapeutics Inc,Medical - Biomedical,Medical,421576000,0,1.85,-0.19%,-0.20%,0,N/A,363366000,-10880000,-12470000,53979000,-9730000,2.37,7.00%,89.83%,N/L,N/L,N/L,N/L,N/L,2025-07-30
FUN,Cedar Fair LP,Leisure & Recreation Services,Consumer Discretionary,3194791000,52.87,1.75,0.12%,0.66%,2.86,7.23,8044691000,926310000,565730000,101101000,-231160000,0.76,1.80%,64.65%,N/L,N/L,N/L,N/L,N/L,2025-08-14
FUTU,Futu Holdings Ltd ADR,Technology Services,Business Services,22764692000,27.81,5.96,4.34%,23.07%,0.33,32.709999,13157332000,1054210000,1045210000,139140000,700730000,0.6,35.20%,0.00%,N/L,N/L,N/L,N/L,N/L,2025-08-19
FVRR,Fiverr International Ltd,Internet Commerce,Retail-Wholesale,923700000,27.98,2.46,3.39%,10.28%,1.27,20.74,968250000,-8580000,-16860000,35844000,18250000,1.54,15.90%,59.00%,N/L,N/L,N/L,N/L,N/L,2025-07-30
FWRD,Foward Air Corp,Transportation - Truck,Transportation,976883000,0,4.19,-25.08%,-242.42%,7.39,0.64,2547543000,1357890000,185510000,30423000,-816970000,1.41,17.20%,97.03%,N/L,N/L,N/L,N/L,N/L,2025-08-11
FWRG,First Watch Restaurant Group Inc,Retail - Restaurants,Retail-Wholesale,1053959000,100.12,1.74,0.73%,1.84%,0.34,13.35,1218919000,148020000,89740000,60993000,18930000,0.9,6.00%,96.11%,N/L,N/L,N/L,N/L,N/L,2025-08-05
FYBR,Frontier Communications Parent Inc,Communication Network Software,Computers and Technology,9176557000,0,1.88,-1.87%,-7.73%,2.43,7.13,20206556000,3626000000,2021000000,250247000,-322000000,0.95,1.60%,N/A,N/L,N/L,N/L,N/L,N/L,2025-07-29
GAMB,Gambling.com Group Ltd,Advertising Marketing Services,Business Services,378917000,8.56,2.54,21.19%,34.63%,0.6,7.82,388117000,43610000,37810000,34763000,30680000,0.93,57.90%,72.26%,N/L,N/L,N/L,N/L,N/L,2025-08-14
GAP,Gap Inc,Retail - Apparel & Shoes,Retail-Wholesale,7780639000,8.77,2.3,7.51%,27.86%,0.45,5.67,6935639000,1671000000,1167000000,376604000,844000000,2.14,30.56%,58.81%,N/L,N/L,N/L,N/L,N/L,2025-09-04
GCI,Gannett Inc,Advertising Marketing Services,Business Services,540349000,28.46,3.62,2.38%,24.41%,5.07,3.01,1264099000,333740000,177450000,146436000,-26350000,2.6,4.20%,76.71%,N/L,N/L,N/L,N/L,N/L,2025-07-31
GCT,Gigacloud Technology Inc Cl A,Technology Services,Business Services,916297000,7.82,2.21,11.73%,31.90%,0,7.32,655857000,132630000,124110000,38068000,125810000,2.35,24.71%,34.94%,N/L,N/L,N/L,N/L,N/L,2025-08-05
GD,General Dynamics Corp,Aerospace - Defense,Aerospace,84469184000,21.09,3.58,7.21%,17.99%,0.43,18.200001,91534184000,5914000000,5028000000,268993000,3782000000,0.46,1.50%,86.14%,N/L,N/L,N/L,N/L,N/L,2025-07-23
GDDY,Godaddy Inc,Internet Services - Delivery,Computers and Technology,23648736000,32.54,118.650002,9.33%,211.09%,18.99,27.969999,26354736000,1229100000,1093800000,142488000,936900000,1.05,0.61%,90.28%,N/L,N/L,N/L,N/L,N/L,2025-08-07
GDOT,Green Dot Corp,Financial Transaction Services,Business Services,571964000,7.13,0.59,1.45%,8.82%,0.07,4.24,-971946000,131240000,48530000,54891000,-26700000,0.76,1.40%,92.56%,N/L,N/L,N/L,N/L,N/L,2025-08-11
GDRX,Goodrx Holdings Inc Cl A,Medical Services,Medical,1785845000,35.5,2.71,3.91%,7.85%,0.75,15.62,1829205000,228390000,156350000,357169000,16390000,1.24,4.53%,63.77%,N/L,N/L,N/L,N/L,N/L,2025-08-06
GDS,Gds Holdings Ltd ADR,Technology Services,Business Services,7008576000,900.5,2.14,0.21%,0.78%,1.11,19.059999,9555926000,646560000,180060000,190554000,476470000,0.31,7.99%,33.71%,N/L,N/L,N/L,N/L,N/L,2025-08-20
GDYN,Grid Dynamics Holdings Inc,IT Services,Computers and Technology,884372000,173,1.7,1.19%,1.37%,0,29.959999,549712000,20140000,1400000,84548000,4040000,1.04,7.20%,71.18%,N/L,N/L,N/L,N/L,N/L,2025-07-31
GE,GE Aerospace,Aerospace - Defense,Aerospace,288004608000,47.69,14.69,4.86%,31.32%,0.98,46.25,293658624000,11406000000,10222000000,1060439000,6555000000,1.37,0.21%,74.77%,N/L,N/L,N/L,N/L,N/L,2025-07-17
GEHC,GE Healthcare Technologies Inc,Medical Products,Medical,35536456000,16.69,3.82,6.38%,24.95%,1.1,13.29,43307456000,3294000000,2714000000,457885000,1993000000,1.14,0.28%,82.06%,N/L,N/L,N/L,N/L,N/L,2025-07-30
GEL,Genesis Energy LP,Oil Refining & Marketing MLP,Oils-Energy,1939830000,0,10.52,-1.84%,-19.29%,18.33,7.48,6831020000,829360000,501560000,122464000,-63950000,1.05,0.72%,66.82%,N/L,N/L,N/L,N/L,N/L,2025-07-31
GEN,Gen Digital Inc,Technology Services,Business Services,18985240000,15.03,8.29,8.16%,59.37%,3.64,11.25,26238240000,2206000000,1787000000,620230000,643000000,1.01,12.20%,81.38%,N/L,N/L,N/L,N/L,N/L,2025-08-07
GENI,Genius Sports Ltd,Internet - Content,Computers and Technology,2290037000,0,3.25,-5.26%,-6.90%,0,125.980003,2154817000,19170000,-54680000,215229000,-63040000,1.86,16.60%,81.91%,N/L,N/L,N/L,N/L,N/L,2025-08-06
GEO,Geo Group Inc,Government Services,Business Services,3689053000,34.58,2.58,2.67%,7.36%,1.24,14.58,5320573000,552860000,418390000,141343000,31970000,0.71,5.30%,76.10%,N/L,N/L,N/L,N/L,N/L,2025-08-06
GEOS,Geospace Technologie,Electronics - Measuring Inst,Computers and Technology,165466000,147.38,1.13,0.62%,0.69%,0,6.11,158566000,10550000,-3650000,12807000,-6580000,0.57,7.64%,57.15%,N/L,N/L,N/L,N/L,N/L,2025-08-07
GERN,Geron Corp,Medical - Biomedical,Medical,802517000,0,3.04,-26.78%,-47.86%,0.44,N/A,840117000,-145870000,-134300000,636918000,-174570000,0.64,7.42%,73.71%,N/L,N/L,N/L,N/L,N/L,2025-08-14
GES,Guess Inc,Textile - Apparel,Consumer Staples,709512000,7.34,1.29,3.43%,18.25%,0,3.83,522182000,240760000,167020000,52017000,60420000,1.23,33.70%,61.74%,N/L,N/L,N/L,N/L,N/L,2025-08-27
GETY,Getty Images Holdings Inc Cl A,Internet - Software,Computers and Technology,767400000,0,1.24,-2.41%,-8.87%,2.07,8.18,1956520000,292850000,229040000,414811000,39530000,1.87,12.30%,45.75%,N/L,N/L,N/L,N/L,N/L,2025-08-11
GEV,GE Vernova Inc,Other Alt Energy,Oils-Energy,175472880000,128.65,17.08,2.60%,13.23%,0,92.510002,167267872000,1975000000,803000000,272224000,1552000000,1.86,0.15%,N/A,N/L,N/L,N/L,N/L,N/L,2025-07-23
GEVO,Gevo Inc,Other Alt Energy,Oils-Energy,352158000,0,0.76,-13.13%,-16.41%,0.31,N/A,228388000,-45120000,-63420000,239563000,-78640000,2.52,6.80%,35.17%,N/L,N/L,N/L,N/L,N/L,2025-08-11
GFI,Gold Fields Ltd ADR,Mining - Gold,Basic Materials,22089192000,0,4.11,0.00%,0.00%,0.46,12.15,23724592000,2713700000,0,895024000,1245000000,0.54,36.80%,24.81%,N/L,N/L,N/L,N/L,N/L,2025-02-27
GFS,Globalfoundries Inc,Electronics - Semiconductors,Computers and Technology,22105462000,30.89,1.95,4.06%,6.28%,0.1,9.78,21719462000,2262000000,725000000,552913000,-265000000,1.5,N/A,N/A,N/L,N/L,N/L,N/L,N/L,2025-08-05
GGAL,Grupo Fin Galicia ADR,Banks - Foreign,Finance,7634470000,0,1.24,5.86%,29.98%,0.23,3.78,1325600000,7267990000,7061120000,147469000,1787220000,1.64,N/A,0.00%,N/L,N/L,N/L,N/L,N/L,2025-04-25
GGB,Gerdau S.A. ADR,Steel - Producers,Basic Materials,6340355000,9.12,0.67,4.44%,6.63%,0.22,4.69,7299175000,1648610000,1069000000,2078805000,846600000,1.38,0.02%,1.49%,N/L,N/L,N/L,N/L,N/L,2025-07-31
GH,Guardant Health Inc,Medical - Biomedical,Medical,5503105000,0,N/A,-26.77%,0.00%,-4.45,N/A,6120115000,-416770000,-454960000,123888000,-436370000,1.44,6.10%,92.60%,N/L,N/L,N/L,N/L,N/L,2025-07-30
GHI,Greystone Housing Impact Investors LP,Finance - Misc Services,Finance,257601000,18.23,0.88,1.06%,5.25%,3.79,13.29,1498801000,75550000,75140000,23397000,21320000,0.58,1.80%,9.01%,N/L,N/L,N/L,N/L,N/L,2025-08-07
GIII,G-III Apparel Gp,Textile - Apparel,Consumer Staples,1043458000,5.25,0.63,7.95%,12.65%,0,4.56,865068000,348930000,321490000,43306000,193570000,1.38,13.00%,92.13%,N/L,N/L,N/L,N/L,N/L,2025-09-04
GILD,Gilead Sciences Inc,Medical - Biomedical,Medical,144544544000,14.63,7.39,17.40%,51.93%,1.31,16.48,162559552000,10988000000,8221000000,1243929000,480000000,0.29,0.27%,83.67%,N/L,N/L,N/L,N/L,N/L,2025-08-07
GILT,Gilat Satellite Ntwk,Satellite Communication,Computers and Technology,442821000,18.52,1.48,5.16%,8.16%,0.2,10.62,324581000,33100000,19550000,57212000,24850000,0.4,1.13%,35.72%,N/L,N/L,N/L,N/L,N/L,2025-08-06
GIS,General Mills,Food - Misc & Diversified,Consumer Staples,27701748000,12.1,3,7.16%,24.88%,1.54,9.58,41539448000,3843800000,3304800000,542427000,2295200000,0,0.26%,75.71%,N/L,N/L,N/L,N/L,N/L,2025-09-17
GL,Globe Life Inc,Insurance - Accident & Health,Finance,11154035000,10.14,2.02,3.75%,21.55%,0.52,7.27,13728355000,1871260000,1461260000,82543000,1070760000,0.56,1.51%,81.61%,N/L,N/L,N/L,N/L,N/L,2025-07-23
GLBE,Global-E Online Ltd,Internet Commerce,Retail-Wholesale,5887795000,0,6.55,-5.17%,-6.96%,0,61.669998,5633175000,111690000,-57850000,169726000,-75550000,1.25,11.60%,94.60%,N/L,N/L,N/L,N/L,N/L,2025-08-13
GLNG,Golar Lng Ltd,Oil - International Integrated,Oils-Energy,4237849000,25.04,1.79,3.98%,6.82%,0.6,17.98,5048139000,72520000,15940000,104535000,50840000,0.56,0.02%,92.21%,N/L,N/L,N/L,N/L,N/L,2025-08-14
GLOB,Globant S.A.,Internet Software Services,Computers and Technology,4088973000,18.05,1.84,7.38%,11.08%,0.14,9.99,4239423000,390070000,227340000,44029000,165730000,1.2,2.67%,91.60%,N/L,N/L,N/L,N/L,N/L,2025-08-21
GLPI,Gaming & Leisure,REIT - Equity Trust Other,Finance,12829205000,12.34,2.82,5.74%,15.69%,1.51,11.84,20163244000,1725770000,1441120000,274833000,784620000,0.72,4.26%,91.14%,N/L,N/L,N/L,N/L,N/L,2025-07-24
GLW,Corning Inc,Communications Components,Computers and Technology,47414236000,26.28,4.29,6.64%,16.47%,0.65,15.65,52857236000,2795000000,1445000000,856471000,506000000,1.11,0.40%,69.80%,N/L,N/L,N/L,N/L,N/L,2025-07-29
GLXY,Galaxy Digital Holdings,Finance - Misc Services,Finance,10607541000,0,N/A,0.00%,0.00%,0,N/A,10607541000,0,0,346765000,346722000,N/A,N/A,N/A,N/L,N/L,N/L,N/L,N/L,2025-08-05
GM,General Motors Company,Auto - Domestic,Auto-Tires-Trucks,50840964000,5.14,0.73,3.13%,12.98%,2,2.25,160700960000,24789000000,12400000000,952078000,6008000000,1.32,0.54%,92.67%,N/L,N/L,N/L,N/L,N/L,2025-07-22
GME,Gamestop Corp,Gaming,Consumer Discretionary,10436349000,43.57,2.11,3.99%,5.25%,0.3,61.810001,5696349000,53600000,14700000,447336000,131300000,-0.81,12.28%,29.21%,N/L,N/L,N/L,N/L,N/L,2025-09-09
GMED,Globus Medical Inc,Medical Instruments,Medical,7375447000,17.19,1.76,8.56%,10.52%,0,8,7034357000,868940000,373500000,135379000,102980000,1.19,18.51%,95.16%,N/L,N/L,N/L,N/L,N/L,2025-08-07
GMRE,Global Medical REIT Inc,REIT - Equity Trust Other,Finance,457398000,7.99,1.01,0.65%,1.68%,1.24,7.23,1158478000,146710000,88380000,66871000,6630000,1.16,8.50%,57.52%,N/L,N/L,N/L,N/L,N/L,2025-08-05
GMS,Gms Inc,Building Prds Retail - Wsale,Retail-Wholesale,4175071000,17.78,2.96,6.28%,16.97%,0.89,10.26,5383821000,587620000,421700000,38059000,115470000,1.71,1.90%,95.28%,N/L,N/L,N/L,N/L,N/L,2025-09-04
GNK,Genco Shipping & Trading Ltd,Transportation - Ship,Transportation,694647000,18.39,0.77,3.71%,4.22%,0.09,4.65,732817000,200810000,124290000,42959000,76400000,1.18,2.37%,58.62%,N/L,N/L,N/L,N/L,N/L,2025-08-06
GNRC,Generac Holdings Inc,Machinery - General Industrial,Industrial Products,9273511000,20.02,3.7,9.00%,18.90%,0.54,14.88,10326461000,827010000,652000000,59082000,325260000,1.72,2.70%,84.04%,N/L,N/L,N/L,N/L,N/L,2025-07-30
GNSS,Genasys Inc,Consumer Services - Misc,Consumer Discretionary,80827000,0,10.32,-51.97%,-166.96%,1.59,N/A,75787000,-20840000,-24690000,45155000,-31730000,0.55,7.40%,40.04%,N/L,N/L,N/L,N/L,N/L,2025-08-14
GNTX,Gentex Corp,Auto - Truck Original Parts,Auto-Tires-Trucks,6164098000,13.72,2.14,14.28%,16.11%,0,10.75,5930778000,546940000,452230000,224803000,404490000,0.81,0.45%,86.76%,N/L,N/L,N/L,N/L,N/L,2025-07-25
GNW,Genworth Financial Inc,Insurance - Life,Finance,3315656000,13.35,0.31,0.27%,2.53%,0.16,7.78,2785656000,726000000,596000000,414457000,299000000,1.06,1.80%,81.85%,N/L,N/L,N/L,N/L,N/L,2025-07-30
GOGL,Golden Ocean Gp,Transportation - Ship,Transportation,1728824000,16.58,0.94,3.08%,5.56%,0.73,4.97,2899624000,493570000,348050000,199403000,223210000,1.05,N/A,22.00%,N/L,N/L,N/L,N/L,N/L,2025-08-27
GOGO,Gogo Inc,Wireless National,Utilities,2087126000,33.53,25.129999,5.98%,95.01%,10.06,24.08,2879436000,105690000,81060000,132264000,13750000,1.06,25.78%,69.60%,N/L,N/L,N/L,N/L,N/L,2025-08-07
GOOG,Alphabet Cl C,Internet - Services,Computers and Technology,2355160800000,20.58,6.46,24.88%,34.31%,0.03,20.4,2229330880000,132835000000,117524000000,12135000000,100118000000,1.01,12.99%,27.26%,N/L,N/L,N/L,N/L,N/L,2025-07-23
GOOGL,Alphabet Cl A,Internet - Services,Computers and Technology,2344239200000,20.47,6.43,24.88%,34.31%,0.03,20.290001,2218409280000,132835000000,117524000000,12135000000,100118000000,1,11.64%,40.03%,N/L,N/L,N/L,N/L,N/L,2025-07-23
GOOS,Canada Goose Holdings Inc,Retail - Apparel & Shoes,Retail-Wholesale,1388600000,18.65,3.57,6.56%,23.33%,0.74,8.58,1444370000,211870000,117940000,96834000,68130000,1.42,0.47%,83.64%,N/L,N/L,N/L,N/L,N/L,2025-07-31
GORO,Gold Resource Corp,Mining - Gold,Basic Materials,66506000,0,2.41,-28.21%,-97.94%,0,N/A,64876000,-7000000,-26880000,136450000,-56500000,0.79,1.30%,18.38%,N/L,N/L,N/L,N/L,N/L,2025-08-05
GOSS,Gossamer Bio Inc,Medical - Biomedical,Medical,418236000,0,N/A,-15.52%,-128.98%,0,N/A,372166000,-62600000,-54770000,227302000,-56530000,1.86,6.70%,81.23%,N/L,N/L,N/L,N/L,N/L,2025-08-11
GOTU,Gaotu Techedu Inc ADR,Schools,Consumer Discretionary,906413000,0,3.42,-16.71%,-42.83%,0,N/A,724703000,-137460000,-146360000,253188000,-143710000,0.36,44.90%,48.42%,N/L,N/L,N/L,N/L,N/L,2025-08-26
GPC,Genuine Parts Company,Retail - Wholesale Auto Parts,Retail-Wholesale,18596598000,18.15,3.93,5.12%,22.41%,1.03,11.97,22400958000,2038080000,1630100000,139092000,904080000,0.74,0.42%,78.83%,N/L,N/L,N/L,N/L,N/L,2025-07-22
GPCR,Structure Therapeutics Inc,Medical - Biomedical,Medical,1028733000,0,1.27,-15.71%,-16.35%,0,N/A,859223000,-200000000,-182530000,57343000,-122530000,-1.87,9.43%,91.78%,N/L,N/L,N/L,N/L,N/L,2025-08-14
GPK,Graphic Packaging Holding Company,Containers - Paper Products,Industrial Products,7037043000,9.92,2.22,6.35%,23.68%,1.81,5.27,12064043000,1625000000,1062000000,301760000,658000000,0.71,1.41%,99.67%,N/L,N/L,N/L,N/L,N/L,2025-07-29
GPN,Global Payments Inc,Financial Transaction Services,Business Services,20915150000,7.37,0.89,5.82%,12.33%,0.71,4.29,34777720000,4079470000,2079090000,243880000,1570370000,0.94,1.01%,89.76%,N/L,N/L,N/L,N/L,N/L,2025-08-06
GPRE,Green Plains Inc,Chemical - Specialty,Basic Materials,542812000,0,0.68,-6.41%,-12.76%,0.55,N/A,777492000,119510000,26650000,65399000,-82500000,1.22,3.20%,N/A,N/L,N/L,N/L,N/L,N/L,2025-08-05
GPRO,Gopro Inc Cl A,Audio & Video Products,Consumer Discretionary,237899000,0,2.11,-17.03%,-60.09%,1.08,N/A,228299000,-113740000,-120230000,157549000,-432310000,1.38,18.38%,70.09%,N/L,N/L,N/L,N/L,N/L,2025-08-11
GRAB,Grab Holdings Ltd Cl A,Internet - Software,Computers and Technology,21584720000,267,3.32,0.26%,0.38%,0.06,512,18984720000,33000000,-114000000,4027000000,-105000000,0.84,3.60%,55.52%,N/L,N/L,N/L,N/L,N/L,2025-08-21
GRAL,Grail Inc,Medical - Biomedical,Medical,1449352000,0,0.58,-15.02%,-17.99%,0,1.38,1235122000,881410000,-694420000,35973000,-2027010000,N/A,1.85%,N/A,N/L,N/L,N/L,N/L,N/L,2025-08-12
GRMN,Garmin Ltd,Electronics Products - Misc,Computers and Technology,45368436000,30.53,5.45,15.58%,19.21%,0,27.67,43288968000,1808150000,1628410000,192541000,1411440000,0.97,15.38%,81.60%,N/L,N/L,N/L,N/L,N/L,2025-07-30
GRND,Grindr Inc,Internet - Software,Computers and Technology,3582737000,63.83,11.99,14.25%,219.47%,0.9,104.839996,3814167000,132820000,115000000,195885000,-131000000,0.28,67.70%,7.22%,N/L,N/L,N/L,N/L,N/L,2025-08-07
GROY,Gold Royalty Corp,Mining - Gold,Basic Materials,463678000,0,0.77,-0.20%,-0.26%,0.05,198.949997,486328000,100000,-3180000,170470000,-3410000,0.94,N/A,33.75%,N/L,N/L,N/L,N/L,N/L,2025-08-12
GRPN,Groupon Cl A,Internet Commerce,Retail-Wholesale,1311937000,0,28.940001,-5.94%,-83.08%,1.17,N/A,1083097000,34200000,3300000,39816000,-59030000,1.08,35.66%,90.05%,N/L,N/L,N/L,N/L,N/L,2025-07-29
GRRR,Gorilla Technology Group Inc,Technology Services,Business Services,356964000,0,3.29,0.00%,0.00%,0.18,N/A,356684000,-14200000,-15600000,20139000,-64790000,-0.27,30.51%,1.33%,N/L,N/L,N/L,N/L,N/L,2025-09-17
GS,Goldman Sachs Group,Finance - Investment Brokers,Finance,223680944000,15.85,1.78,0.89%,13.84%,2.26,13.4,297475936000,24484000000,22092000000,306841000,14276000000,1.35,0.55%,71.21%,N/L,N/L,N/L,N/L,N/L,2025-07-16
GSAT,Globalstar,Satellite Communication,Computers and Technology,3110145000,0,9.16,-2.51%,-8.96%,1.46,52.880001,3230405000,173420000,84430000,126583000,-63160000,0.91,61.00%,18.89%,N/L,N/L,N/L,N/L,N/L,2025-08-14
GSHD,Goosehead Insurance Inc Cl A,Insurance - Multi Line,Finance,3288378000,69.55,N/A,8.70%,-59.49%,-2,79.75,3312658000,87810000,76850000,37530000,30430000,1.42,48.35%,N/A,N/L,N/L,N/L,N/L,N/L,2025-07-23
GSIT,Gsi Technology Inc,Computer - Storage Devices,Computers and Technology,136437000,0,4.41,-32.42%,-46.88%,0,N/A,123007000,-10170000,-10840000,29091000,-10640000,1.11,34.10%,33.15%,N/L,N/L,N/L,N/L,N/L,2025-07-31
GSK,Gsk Plc ADR,Medical - Biomedical,Medical,77737768000,9.37,4.59,11.15%,48.82%,1.35,6.85,94498704000,9299940000,6040020000,2047347000,3290590000,0.5,10.00%,15.74%,N/L,N/L,N/L,N/L,N/L,2025-07-30
GSL,Global Ship Lease Inc,Transportation - Ship,Transportation,1027608000,2.88,0.66,15.65%,25.56%,0.49,2.21,1514708000,621930000,516050000,35447000,353630000,1.19,7.40%,50.08%,N/L,N/L,N/L,N/L,N/L,2025-08-05
GSM,Ferroglobe Plc Os,Mining - Misc,Basic Materials,841683000,65.29,1.09,1.04%,1.93%,0.13,6.59,775713000,129710000,54250000,186626000,23540000,1.57,13.07%,89.64%,N/L,N/L,N/L,N/L,N/L,2025-08-05
GT,Goodyear Tire Rubber,Rubber Tires,Auto-Tires-Trucks,3117020000,12.4,0.63,1.20%,5.31%,1.49,2.16,9531020000,2072000000,884000000,285703000,70000000,1.35,1.70%,84.19%,N/L,N/L,N/L,N/L,N/L,2025-07-30
GTLB,Gitlab Inc Cl A,Internet - Software,Computers and Technology,7911428000,0,9.07,-2.33%,-4.07%,0,349.649994,7683778000,-79730000,-123680000,165200000,-6330000,0.74,16.37%,95.04%,N/L,N/L,N/L,N/L,N/L,2025-09-02
GTM,Zoominfo Technologies Inc Cl A,Internet - Software,Computers and Technology,3690382000,19.28,2.23,3.27%,12.34%,0.75,10.12,4778182000,272000000,116500000,328911000,29100000,1.06,9.00%,95.47%,N/L,N/L,N/L,N/L,N/L,2025-08-04
GTN,Gray Media Inc,Broadcast - Radio & TV,Consumer Discretionary,504669000,2.23,0.23,2.63%,12.75%,1.93,0.72,6640669000,1418000000,1084000000,101543000,375000000,1.19,15.22%,78.64%,N/L,N/L,N/L,N/L,N/L,2025-08-08
GTX,Garrett Motion Inc,Auto - Truck Original Parts,Auto-Tires-Trucks,2621903000,8.52,N/A,13.22%,-40.63%,-2.1,6.37,3966903000,592000000,465000000,202620000,282000000,0.01,0.83%,86.27%,N/L,N/L,N/L,N/L,N/L,2025-07-24
GXO,Gxo Logistics Inc,Transportation - Air Freight,Transportation,6021872000,19.68,2.09,2.75%,10.49%,0.94,8.25,8239872000,1048000000,633000000,114419000,134000000,1.64,2.30%,90.67%,N/L,N/L,N/L,N/L,N/L,2025-08-05
H,Hyatt Hotels Corp,Hotels & Motels,Consumer Discretionary,14205762000,43.43,3.69,2.62%,8.98%,1.15,17.309999,16975762000,1190000000,757000000,95456000,1296000000,1.42,23.70%,73.54%,N/L,N/L,N/L,N/L,N/L,2025-08-07
HAL,Halliburton Company,Oil - Field Services,Oils-Energy,19300602000,8.69,1.83,8.85%,21.45%,0.72,5.29,24223602000,4345000000,3266000000,859715000,2501000000,1.13,0.56%,85.23%,N/L,N/L,N/L,N/L,N/L,2025-07-22
HALO,Halozyme Therapeutic,Medical - Biomedical,Medical,7176391000,13.86,15.05,26.05%,136.91%,3.13,12.63,8566341000,746260000,668520000,123221000,444090000,1.15,2.40%,97.79%,N/L,N/L,N/L,N/L,N/L,2025-08-05
HAS,Hasbro Inc,Toys & Game & Hobby,Consumer Discretionary,10506871000,16.57,38.990002,10.31%,64.49%,2.78,13.51,13192671000,1073700000,861400000,140129000,385600000,0.59,0.85%,91.83%,N/L,N/L,N/L,N/L,N/L,2025-07-23
HASI,Ha Sustainable Infrastructure Capital Inc,Finance - Misc Services,Finance,3390772000,12.59,1.4,3.87%,11.33%,1.91,11.43,7660542000,271060000,253020000,121446000,200040000,1.68,2.00%,96.14%,N/L,N/L,N/L,N/L,N/L,2025-08-07
HBAN,Huntington Bancshares Inc,Banks - Midwest,Finance,24599098000,11.97,1.28,1.06%,11.81%,0.83,9.33,29630098000,5118000000,4496000000,1460754000,1940000000,0.93,0.89%,80.72%,N/L,N/L,N/L,N/L,N/L,2025-07-18
HBI,Hanesbrands Inc,Textile - Apparel,Consumer Staples,1617239000,8.48,37.220001,4.13%,262.15%,54.02,5.01,3683449000,395090000,213750000,353109000,-320430000,1.47,0.46%,80.31%,N/L,N/L,N/L,N/L,N/L,2025-08-07
HBM,Hudbay Minerals Inc,Mining - Misc,Basic Materials,3905243000,18.4,1.46,3.95%,8.17%,0.4,7.16,4470943000,845440000,474240000,395668000,76700000,1.63,0.25%,57.82%,N/L,N/L,N/L,N/L,N/L,2025-08-13
HCA,Hca Holdings Inc,Medical - Hospitals,Medical,80428704000,14.71,N/A,10.10%,"1,063.90%",-101.77,9.51,121526704000,17609000000,14262000000,240574000,5760000000,1.47,1.30%,62.73%,N/L,N/L,N/L,N/L,N/L,2025-07-25
HCC,Warrior Met Coal Inc,Coal,Oils-Energy,2996914000,27.1,1.47,4.34%,5.41%,0.09,7.25,2693444000,408670000,247660000,52559000,250600000,0.67,2.10%,92.28%,N/L,N/L,N/L,N/L,N/L,2025-08-06
HD,Home Depot,Retail - Home Furniture,Retail-Wholesale,373436288000,24.64,46.66,15.45%,242.51%,6.57,19.610001,425160288000,28484000000,24723000000,994928000,14806000000,1,0.10%,70.86%,N/L,N/L,N/L,N/L,N/L,2025-08-19
HDB,Hdfc Bank Ltd ADR,Banks - Foreign,Finance,197114544000,23.93,3,1.60%,11.60%,0.68,20.690001,238481936000,41223200000,40051300000,2532304000,7883500000,0.64,1.00%,17.61%,N/L,N/L,N/L,N/L,N/L,2025-07-18
HE,Hawaiian Electric Industries,Utility - Electric Power,Utilities,1871560000,8.11,1.23,1.35%,12.59%,1.77,4.43,3511180000,-1427240000,-1720770000,172494000,-1424120000,0.64,0.17%,59.91%,N/L,N/L,N/L,N/L,N/L,2025-08-07
HELE,Helen of Troy Ltd,Cosmetics & Toiletries,Consumer Staples,553156000,3.94,0.44,4.70%,8.96%,0.71,2.67,1451186000,-187290000,-243600000,22943000,123750000,0.87,0.45%,N/A,N/L,N/L,N/L,N/L,N/L,2025-07-10
HESM,Hess Midstream Partners LP,E&P MLP,Oils-Energy,8679655000,15.48,16.58,6.02%,54.89%,6.96,19.75,12147255000,1351900000,1139200000,215483000,223100000,0.63,N/A,98.97%,N/L,N/L,N/L,N/L,N/L,2025-07-30
HHH,Howard Hughes Holdings Inc,Real Estate Developers,Finance,3517291000,11.91,1.23,3.08%,10.21%,1.84,7.17,7646642000,1001320000,801380000,50391000,200550000,1.21,33.00%,93.83%,N/L,N/L,N/L,N/L,N/L,2025-08-06
HIMS,Hims & Hers Health Inc,Medical Information Systems,Medical,12903915000,133.3,23.33,15.51%,22.76%,0,162.759995,12683335000,122630000,109900000,223832000,126040000,2.02,13.71%,63.52%,N/L,N/L,N/L,N/L,N/L,2025-08-04
HIMX,Himax Technologies ADR,Electronics - Semiconductors,Computers and Technology,1668670000,19.53,1.83,5.31%,9.83%,0.59,16.379999,1485020000,100360000,78010000,174913000,79760000,2.15,31.50%,69.81%,N/L,N/L,N/L,N/L,N/L,2025-08-07
HITI,High Tide Inc,Medical Products,Medical,187574000,0,1.92,-3.93%,-6.45%,0.08,12.01,162364000,35820000,17160000,81201000,-3190000,0.53,12.44%,4.52%,N/L,N/L,N/L,N/L,N/L,2025-09-15
HIVE,Hive Digital Technologies Ltd,Finance - Misc Services,Finance,512593000,0,0.89,-17.52%,-20.30%,0.1,10.25,535843000,95780000,31290000,225812000,-3000000,3.4,9.44%,24.42%,N/L,N/L,N/L,N/L,N/L,2025-08-11
HL,Hecla Mining Company,Mining - Silver,Basic Materials,3883937000,47.54,1.88,2.64%,3.87%,0.27,15.02,4399657000,344050000,153580000,632563000,35800000,1.47,0.62%,63.01%,N/L,N/L,N/L,N/L,N/L,2025-08-06
HLF,Herbalife Ltd,Retail - Drug Stores,Retail-Wholesale,993008000,4.8,N/A,7.86%,-23.75%,-2.98,3.11,2837808000,558200000,436800000,101847000,254300000,0.89,1.73%,N/A,N/L,N/L,N/L,N/L,N/L,2025-08-06
HLIT,Harmonic Inc,Communications Components,Computers and Technology,1017873000,12.88,2.25,10.41%,18.28%,0.26,12.63,1030353000,94930000,82790000,113097000,39220000,1.05,1.21%,99.38%,N/L,N/L,N/L,N/L,N/L,2025-07-28
HLT,Hilton Inc,Hotels & Motels,Consumer Discretionary,64360836000,35.21,N/A,11.38%,-46.13%,-2.56,32.73,74152832000,2737000000,2524000000,235194000,1535000000,1.25,2.60%,95.90%,N/L,N/L,N/L,N/L,N/L,2025-07-23
HLX,Helix Energy Solutions Group,Oil - Field Services,Oils-Energy,934940000,18.72,0.58,1.90%,3.23%,0.2,4.19,882070000,277140000,136880000,151530000,55640000,1.57,6.60%,91.33%,N/L,N/L,N/L,N/L,N/L,2025-07-23
HMC,Honda Motor Company ADR,Auto - Foreign,Auto-Tires-Trucks,51679912000,9.62,0.63,2.70%,6.33%,0.91,5.05,97368224000,12911900000,3102110000,1560855000,5516520000,0.49,0.01%,5.32%,N/L,N/L,N/L,N/L,N/L,2025-08-06
HMST,Homestreet Inc,Finance - Savings & Loan,Finance,250703000,0,0.62,-0.21%,-3.95%,3.06,N/A,1069233000,-5780000,-19950000,18921000,-144340000,1.38,3.80%,74.71%,N/L,N/L,N/L,N/L,N/L,2025-08-04
HMY,Harmony Gold Mining ADR,Mining - Gold,Basic Materials,8905795000,0,3.51,0.00%,0.00%,0.05,10.38,8748615000,873020000,0,634768000,459400000,0.94,16.02%,31.79%,N/L,N/L,N/L,N/L,N/L,2025-09-04
HNGE,Hinge Health Inc Cl A,Medical Information Systems,Medical,3570792000,0,N/A,0.00%,0.00%,0,N/A,3570792000,0,0,78016000,-11933000,N/A,N/A,N/A,N/L,N/L,N/L,N/L,N/L,2025-08-05
HNST,The Honest Company,Consumer Prdts - Misc Discr,Consumer Discretionary,545673000,0,2.81,-0.64%,-0.95%,0,146.509995,470233000,6790000,-2500000,110237000,-6120000,2.35,8.90%,45.54%,N/L,N/L,N/L,N/L,N/L,2025-08-06
HOG,Harley-Davidson Inc,Auto - Domestic,Auto-Tires-Trucks,2987390000,8.95,0.92,2.83%,10.72%,2.3,4.36,8222510000,559430000,314050000,121488000,455360000,1.3,0.93%,85.10%,N/L,N/L,N/L,N/L,N/L,2025-07-30
HOLO,Microcloud Hologram Inc,Technology Services,Business Services,74583000,0,0.03,0.00%,0.00%,0,N/A,-43137000,-19130000,-24640000,14567000,-8890000,3.28,N/A,2.13%,N/L,N/L,N/L,N/L,N/L,2025-07-04
HOLX,Hologic Inc,Medical Instruments,Medical,14819192000,16,3.19,10.87%,19.71%,0.55,12.02,15193592000,1056800000,747800000,222845000,789500000,0.55,1.88%,94.73%,N/L,N/L,N/L,N/L,N/L,2025-07-30
HON,Honeywell International Inc,Conglomerates - Div Operations,Conglomerates,144115232000,21.77,8.67,8.87%,37.37%,1.5,18.67,160381232000,9119000000,7785000000,642683000,5705000000,1.07,0.20%,75.91%,N/L,N/L,N/L,N/L,N/L,2025-07-24
HOOD,Robinhood Markets Inc Cl A,Finance - Investment Brokers,Finance,92840576000,79.02,11.35,3.37%,15.42%,1.14,84.730003,91247576000,1343000000,1266000000,885461000,1411000000,2.36,14.47%,93.27%,N/L,N/L,N/L,N/L,N/L,2025-07-30
HP,Helmerich & Payne,Oil & Gas - Drilling,Oils-Energy,1664291000,6.98,0.55,4.16%,8.25%,0.73,2.18,3160231000,1228430000,820530000,99420000,344170000,0.82,4.51%,96.05%,N/L,N/L,N/L,N/L,N/L,2025-08-06
HPE,Hewlett Packard Enterprise Comp,Computer - Integrated Systems,Computers and Technology,27202236000,12.36,1.12,3.41%,9.59%,0.52,5.46,25860236000,4693000000,2129000000,1312216000,2579000000,1.35,0.36%,80.78%,N/L,N/L,N/L,N/L,N/L,2025-09-03
HPK,Highpeak Energy Inc,Oil - US Exploration & Product,Oils-Energy,1185030000,9.4,0.73,4.59%,8.79%,0.63,1.93,2146760000,1322890000,803990000,126067000,95070000,1.04,78.90%,24.13%,N/L,N/L,N/L,N/L,N/L,2025-08-04
HPP,Hudson Pacific Properties,REIT - Equity Trust Other,Finance,356308000,5.32,0.14,-4.79%,-14.12%,1.4,N/A,4974388000,670810000,291020000,141392000,-352290000,1.56,4.92%,97.58%,N/L,N/L,N/L,N/L,N/L,2025-08-05
HPQ,HP Inc,Computer - Micro,Computers and Technology,24120530000,8,N/A,7.97%,-244.99%,-7.28,5.94,29130530000,4545000000,3715000000,939273000,2775000000,1.27,0.38%,77.53%,N/L,N/L,N/L,N/L,N/L,2025-08-27
HRL,Hormel Foods Corp,Food - Meat Products,Consumer Staples,16078930000,19.66,2,6.11%,10.20%,0.36,14.3,18195800000,1163070000,905310000,549895000,805040000,0.33,0.72%,40.99%,N/L,N/L,N/L,N/L,N/L,2025-09-03
HRMY,Harmony Biosciences Holdings Inc,Medical - Biomedical,Medical,2154548000,14.01,2.92,15.92%,24.32%,0.24,12.46,1880818000,217600000,195050000,57424000,145490000,0.83,23.60%,86.23%,N/L,N/L,N/L,N/L,N/L,2025-08-05
HROW,Harrow Inc,Medical - Drugs,Medical,1327630000,0,24.35,-4.27%,-25.01%,2.01,272.299988,1499920000,23510000,4770000,36685000,-17480000,0.41,15.16%,72.76%,N/L,N/L,N/L,N/L,N/L,2025-08-06
HRTG,Heritage Insurance Holdings,Insurance - Proprty & Casualty,Finance,637836000,8.49,2.02,3.22%,26.95%,0.29,9.49,290506000,121110000,113350000,30993000,61540000,1.01,15.20%,59.03%,N/L,N/L,N/L,N/L,N/L,2025-08-05
HRTX,Heron Therapeutics,Medical - Drugs,Medical,291397000,0,N/A,-3.43%,0.00%,-0.89,N/A,290627000,-2280000,-3590000,152564000,-13580000,1.18,5.86%,80.01%,N/L,N/L,N/L,N/L,N/L,2025-08-05
HRZN,Horizon Technology F,Finance - SBIC & Commercial,Finance,334139000,6.9,1.11,5.75%,13.98%,0,6.77,263879000,95820000,94040000,40355000,-5630000,0.99,1.30%,4.94%,N/L,N/L,N/L,N/L,N/L,2025-07-29
HSAI,Hesai Group ADR,Auto - Truck Original Parts,Auto-Tires-Trucks,2793708000,710,4.74,0.68%,1.00%,0.14,692.710022,2488488000,4550000,-13510000,131160000,-14030000,1.14,N/A,48.53%,N/L,N/L,N/L,N/L,N/L,2025-08-18
HSBC,HSBC Holdings Plc ADR,Banks - Foreign,Finance,226662544000,9.63,1.16,0.81%,12.55%,0.51,8.27,-161817456000,6719000000,2639000000,3491413000,23979000000,0.57,0.01%,1.48%,N/L,N/L,N/L,N/L,N/L,2025-07-30
HST,Host Marriott Financial Trust,REIT - Equity Trust Other,Finance,11480966000,8.17,1.71,5.26%,10.11%,0.76,7.82,16174966000,2419000000,1647000000,693714000,697000000,1.31,1.40%,98.52%,N/L,N/L,N/L,N/L,N/L,2025-07-30
HSY,Hershey Foods Corp,Food - Confectionery,Consumer Staples,37911260000,21.92,7.95,13.12%,38.70%,1.26,15.76,42282660000,2664610000,2209350000,202604000,2221240000,0.3,0.34%,57.96%,N/L,N/L,N/L,N/L,N/L,2025-07-30
HTGC,Hercules Technology Growth Capital,Finance - SBIC & Commercial,Finance,3410282000,9.91,1.7,8.53%,16.84%,0.99,9.47,5062822000,320370000,312950000,175426000,262970000,0.93,1.90%,19.69%,N/L,N/L,N/L,N/L,N/L,2025-07-31
HTHT,H World Group Ltd,Hotels & Motels,Consumer Discretionary,10216464000,23.25,7.12,5.35%,27.79%,0.5,16.42,9928464000,906000000,723000000,306939000,418000000,0.46,49.40%,46.41%,N/L,N/L,N/L,N/L,N/L,2025-08-19
HTOO,Fusion Fuel Green Plc,Industrial Services,Industrial Products,5476000,0,0.17,0.00%,0.00%,0.19,N/A,7416000,-15270000,0,783000,-14920000,1.82,18.70%,17.82%,N/L,N/L,N/L,N/L,N/L,2025-08-08
HTZ,Hertz Global Holdings Inc,Transportation - Services,Transportation,2301274000,0,N/A,-5.89%,-214.39%,-64.02,0.86,17503274000,6505000000,2309000000,309311000,-2862000000,2.15,0.65%,99.22%,N/L,N/L,N/L,N/L,N/L,2025-08-07
HUBS,Hubspot Inc,Internet - Software,Computers and Technology,29515342000,0,14.5,0.07%,0.14%,0,479.220001,29002672000,-24680000,-71840000,52738000,4630000,1.66,4.50%,90.39%,N/L,N/L,N/L,N/L,N/L,2025-08-06
HUM,Humana Inc,Medical - HMO,Medical,28722520000,11.16,1.55,5.03%,14.47%,0.75,9.6,38222520000,5121000000,4153000000,120693000,1207000000,0.44,0.37%,92.38%,N/L,N/L,N/L,N/L,N/L,2025-07-30
HUMA,Humacyte Inc,Medical - Biomedical,Medical,392451000,0,11.49,-73.59%,0.00%,0,N/A,347511000,-103810000,-111000000,155119000,-148700000,1.89,5.10%,44.71%,N/L,N/L,N/L,N/L,N/L,2025-08-12
HUN,Huntsman Corp,Chemical - Diversified,Basic Materials,1944218000,0,0.6,-0.29%,-0.65%,0.62,6.82,3439218000,344000000,55000000,173746000,-189000000,0.7,5.60%,84.81%,N/L,N/L,N/L,N/L,N/L,2025-07-31
HUT,Hut 8 Corp,Finance - Misc Services,Finance,2124004000,0,2.23,8.25%,13.00%,0.25,19.49,2273984000,144970000,97200000,104220000,331880000,4.32,11.20%,31.75%,N/L,N/L,N/L,N/L,N/L,2025-08-07
HUYA,Huya Inc ADR,Internet Software Services,Computers and Technology,797321000,45.88,1.16,1.31%,1.82%,0,21.49,632111000,-18380000,-28860000,225232000,-6570000,0.89,1.20%,23.20%,N/L,N/L,N/L,N/L,N/L,2025-08-12
HWM,Howmet Aerospace Inc,Aerospace - Defense,Aerospace,76504304000,62.68,15.95,11.47%,27.25%,0.69,54.830002,79310304000,2314000000,2037000000,403674000,1155000000,1.43,1.04%,90.46%,N/L,N/L,N/L,N/L,N/L,2025-07-31
HXL,Hexcel Corp,Aerospace - Defense Equipment,Aerospace,4913917000,33.53,3.27,5.43%,9.77%,0.52,17.25,5497217000,301800000,177400000,80411000,132100000,1.28,1.39%,95.47%,N/L,N/L,N/L,N/L,N/L,2025-07-24
HY,Hyster-Yale Inc,Machinery - Construct & Mining,Industrial Products,775610000,6.58,1.47,5.51%,23.11%,0.75,3.59,1080410000,254000000,204900000,17708000,142300000,1.49,33.93%,46.47%,N/L,N/L,N/L,N/L,N/L,2025-08-05
HYLN,Hyliion Hldg Corp Cl A,Auto - Truck Original Parts,Auto-Tires-Trucks,297194000,0,1.34,-20.31%,-21.53%,0,N/A,287964000,-65050000,-65120000,174820000,-52050000,2.59,20.90%,22.81%,N/L,N/L,N/L,N/L,N/L,2025-08-05
HYMC,Hycroft Mining Holding Corp,Mining - Misc,Basic Materials,89439000,0,N/A,-36.17%,0.00%,-2.88,N/A,164879000,-37570000,-39800000,24983000,-60900000,2.19,1.21%,7.38%,N/L,N/L,N/L,N/L,N/L,2025-08-04
HYPD,Hyperion Defi Inc,Finance - Misc Services,Finance,41280000,0,N/A,-316.90%,0.00%,-0.96,N/A,43900000,-28400000,-30290000,5361000,-49820000,2.47,7.10%,25.84%,N/L,N/L,N/L,N/L,N/L,2025-08-11
IAG,Iamgold Corp,Mining - Gold,Basic Materials,4043241000,13.06,1.17,5.59%,9.26%,0.3,7.05,4724642000,1244600000,969600000,575141000,819600000,1.15,0.17%,47.08%,N/L,N/L,N/L,N/L,N/L,2025-08-07
IBKR,Interactive Brokers,Finance - Investment Brokers,Finance,110727752000,33.61,5.91,0.53%,4.92%,0,126.870003,42648752000,4214000000,4118000000,1690500000,755000000,1.25,2.97%,23.80%,N/L,N/L,N/L,N/L,N/L,2025-07-17
IBM,Intl Business Machines,Computer - Integrated Systems,Computers and Technology,241382976000,24.53,8.78,7.08%,37.62%,2.35,16.780001,282194976000,13274000000,8607000000,929397000,6023000000,0.69,0.18%,58.96%,N/L,N/L,N/L,N/L,N/L,2025-07-23
IBN,Icici Bank Ltd ADR,Banks - Foreign,Finance,121665456000,21.14,3.02,1.90%,15.40%,0.67,20.709999,122238936000,19425160000,19119770000,3567902000,6021450000,0.6,N/A,18.18%,N/L,N/L,N/L,N/L,N/L,2025-07-25
IBP,Installed Building Products,Building & Construction - Misc,Construction,5645621000,19.44,8.36,14.16%,60.73%,1.32,12.79,7058321000,542400000,406300000,27611000,256600000,1.74,16.20%,99.61%,N/L,N/L,N/L,N/L,N/L,2025-08-07
IBRX,Immunitybio Inc,Medical - Biomedical,Medical,2524293000,0,N/A,-121.88%,0.00%,0,N/A,2380863000,-274760000,-313410000,882620000,-413560000,0.08,76.79%,8.58%,N/L,N/L,N/L,N/L,N/L,2025-08-11
ICE,Intercontinental Exchange,Securities Exchanges,Finance,105799584000,29.09,3.76,2.62%,13.27%,0.62,20.940001,121176584000,7549000000,6012000000,573626000,2754000000,1.11,1.00%,89.30%,N/L,N/L,N/L,N/L,N/L,2025-07-31
ICHR,Ichor Holdings Ltd,Electronics - Semiconductors,Computers and Technology,704919000,0,1.03,-0.45%,-0.63%,0.18,32.84,724769000,34640000,3430000,34120000,-20820000,1.8,1.90%,94.81%,N/L,N/L,N/L,N/L,N/L,2025-08-04
ICLR,Icon Plc,Medical Services,Medical,15102366000,15.15,1.65,6.23%,10.95%,0.36,9.73,17989736000,1955650000,1467150000,80757000,791470000,1.17,44.00%,95.61%,N/L,N/L,N/L,N/L,N/L,2025-07-23
IDR,Idaho Strategic Resources,Mining - Gold,Basic Materials,279293000,32.42,6.46,20.05%,22.54%,0.06,25.4,279203000,9650000,7680000,14056000,8840000,0.8,8.69%,8.70%,N/L,N/L,N/L,N/L,N/L,2025-07-29
IDXX,Idexx Laboratories,Medical Instruments,Medical,45453704000,50.83,30.549999,26.97%,57.35%,0.43,44.25,45783016000,1275850000,1145910000,80422000,887870000,1.54,0.98%,87.84%,N/L,N/L,N/L,N/L,N/L,2025-08-04
IE,Ivanhoe Electric Inc,Mining - Misc,Basic Materials,1542022000,0,4.85,-36.35%,-49.58%,0.08,N/A,1520872000,-144380000,-147080000,132590000,-128620000,0.88,12.06%,79.05%,N/L,N/L,N/L,N/L,N/L,2025-08-06
IEP,Icahn Enterprises,Conglomerates - Div Operations,Conglomerates,5111365000,0,1.31,-4.88%,-17.64%,1.82,62.970001,6681365000,-110000000,-621000000,546086000,-445000000,0.77,90.10%,87.09%,N/L,N/L,N/L,N/L,N/L,2025-08-04
IESC,Ies Holdings,Electronic Misc Services,Computers and Technology,7100982000,28.8,9.31,18.41%,36.49%,0,28.040001,7041152000,369890000,332500000,19854000,201980000,1.63,56.76%,86.60%,N/L,N/L,N/L,N/L,N/L,2025-08-01
IFF,International Flavors & Fragrances,Chemical - Specialty,Basic Materials,19601186000,17.36,1.47,3.86%,7.99%,0.58,9.15,26696186000,2481000000,1466000000,255790000,243000000,1.04,0.20%,96.02%,N/L,N/L,N/L,N/L,N/L,2025-08-05
IGC,Igc Pharma Inc,Medical - Drugs,Medical,29181000,0,4.64,-73.56%,-102.46%,0.02,N/A,28901000,-6830000,-7450000,79685000,-7120000,1.45,31.48%,3.87%,N/L,N/L,N/L,N/L,N/L,2025-08-14
III,Information Svcs Group,Consulting,Business Services,218364000,35,2.31,3.13%,7.10%,0.62,20.07,254464000,23120000,17010000,48204000,2840000,1.21,15.90%,73.10%,N/L,N/L,N/L,N/L,N/L,2025-08-06
IIPR,Innovative Industrial Properties,REIT - Equity Trust Other,Finance,1503910000,6.17,0.8,6.45%,8.01%,0.15,6.51,1679160000,304300000,232330000,28011000,161660000,1.69,2.00%,70.58%,N/L,N/L,N/L,N/L,N/L,2025-08-04
ILMN,Illumina Inc,Medical - Biomedical,Medical,17302192000,32.32,7.19,8.62%,25.54%,0.63,22.950001,17665192000,1685000000,1331000000,158300000,-1223000000,1.36,2.60%,89.42%,N/L,N/L,N/L,N/L,N/L,2025-07-31
ILPT,Industrial Logistics Properties Trust,REIT - Equity Trust Other,Finance,373041000,9.36,0.37,-1.73%,-9.11%,4.4,2.8,4431101000,537930000,311660000,66142000,-95670000,2.3,1.80%,49.08%,N/L,N/L,N/L,N/L,N/L,2025-07-29
IMAX,Imax Corp,Movie & TV Production & Dist,Consumer Discretionary,1442973000,46.38,3.96,3.92%,8.79%,0.13,15.36,1379423000,125900000,58430000,53742000,26060000,0.8,23.18%,93.51%,N/L,N/L,N/L,N/L,N/L,2025-07-24
IMO,Imperial Oil Ltd,Oil - C$ Integrated,Oils-Energy,42596884000,12.57,2.52,11.20%,20.35%,0.16,8.66,44795776000,7469290000,6022100000,509045000,3495740000,0.89,N/A,20.74%,N/L,N/L,N/L,N/L,N/L,2025-08-01
IMPP,Imperial Petroleum Inc,Transportation - Ship,Transportation,93613000,2.29,0.62,10.81%,17.55%,0,1.36,308483000,71480000,54490000,29813000,50160000,1.13,1.50%,94.44%,N/L,N/L,N/L,N/L,N/L,2025-08-26
IMUX,Immunic Inc,Medical - Biomedical,Medical,107316000,0,N/A,-181.34%,-326.95%,0,N/A,71646000,-100870000,-101000000,95818000,-100510000,1.49,4.60%,51.82%,N/L,N/L,N/L,N/L,N/L,2025-08-14
IMVT,Immunovant Inc,Medical - Biomedical,Medical,2899620000,0,4.4,-71.89%,-80.60%,0,N/A,2185650000,-437770000,-438150000,171069000,-413840000,0.63,1.80%,47.08%,N/L,N/L,N/L,N/L,N/L,2025-08-05
INBX,Inhibrx Biosciences Inc,Medical - Biomedical,Medical,334106000,0.2,3.54,-58.90%,-85.12%,0,0.2,181506000,-329160000,-331450000,14476000,1687570000,-0.04,17.09%,82.46%,N/L,N/L,N/L,N/L,N/L,2025-08-12
INDI,Indie Semiconductor Cl A,Electronics - Semiconductors,Computers and Technology,888309000,0,2.1,-14.78%,-27.26%,0.88,N/A,985079000,-114230000,-159360000,212514000,-132600000,2.2,5.60%,67.73%,N/L,N/L,N/L,N/L,N/L,2025-08-07
INDV,Indivior Plc,Medical - Drugs,Medical,2363263000,9.83,N/A,15.74%,-97.29%,-1.15,9.23,2377263000,63000000,34000000,137880000,2000000,0.65,N/A,60.33%,N/L,N/L,N/L,N/L,N/L,2025-07-31
INFY,Infosys Ltd ADR,IT Services,Computers and Technology,71974456000,22.96,6.59,18.82%,29.41%,0,19.66,69113456000,4640000000,4071000000,4143607000,3158000000,0.97,22.42%,16.20%,N/L,N/L,N/L,N/L,N/L,2025-07-23
ING,ING Groep N.V. ADR,Banks - Foreign,Finance,83536872000,11.23,1.49,0.60%,11.68%,2.86,10.84,161463200000,-1971440000,-2699690000,3498194000,5771920000,1.11,N/A,4.49%,N/L,N/L,N/L,N/L,N/L,2025-07-31
INMB,Inmune Bio Inc,Medical - Biomedical,Medical,63915000,0,2.15,-89.37%,-119.35%,0,N/A,42995000,-41460000,-41540000,23585000,-42080000,1.34,35.70%,12.72%,N/L,N/L,N/L,N/L,N/L,2025-08-07
INMD,Inmode Ltd,Medical Products,Medical,930436000,9.25,1.48,15.20%,17.17%,0,7.97,775106000,110780000,110050000,63209000,181280000,1.95,6.92%,68.04%,N/L,N/L,N/L,N/L,N/L,2025-07-30
INO,Inovio Pharma,Medical - Biomedical,Medical,53911000,0,1.08,-89.99%,-136.93%,0,N/A,-11899000,-102840000,-105970000,36674000,-107250000,1.31,2.30%,26.79%,N/L,N/L,N/L,N/L,N/L,2025-08-14
INOD,Innodata Inc,Computer - Services,Computers and Technology,1561854000,52.63,19.48,30.41%,55.39%,0.11,46.540001,1523274000,37070000,31270000,31745000,28660000,2.68,12.20%,30.75%,N/L,N/L,N/L,N/L,N/L,2025-07-31
INSG,Inseego Corp,Internet - Software,Computers and Technology,110459000,0,N/A,6.71%,-14.38%,0,13.91,70859000,31590000,14660000,15008000,4570000,1.15,2.00%,34.20%,N/L,N/L,N/L,N/L,N/L,2025-08-07
INSM,Insmed Inc,Medical - Biomedical,Medical,19720664000,0,189.820007,-52.70%,-446.98%,11.14,N/A,20269014000,-955230000,-975840000,189713000,-913770000,0.9,3.00%,N/A,N/L,N/L,N/L,N/L,N/L,2025-08-07
INTC,Intel Corp,Semi General,Computers and Technology,90293400000,0,0.93,-2.05%,-3.78%,0.47,12.71,132055400000,469000000,-10910000000,4362000000,-18756000000,1.15,0.04%,64.53%,N/L,N/L,N/L,N/L,N/L,2025-07-24
INTU,Intuit Inc,Computer - Software,Computers and Technology,219238400000,55.05,10.83,11.99%,21.46%,0.29,53.57,221168400000,5928000000,5139000000,278947000,2963000000,1.27,2.68%,83.66%,N/L,N/L,N/L,N/L,N/L,2025-08-28
INVH,Invitation Homes Inc,REIT - Equity Trust Resident,Finance,19559202000,16.99,2.02,2.51%,4.82%,0.46,16.540001,23967192000,2117600000,1381910000,612949000,453920000,0.8,0.29%,96.79%,N/L,N/L,N/L,N/L,N/L,2025-07-30
INVZ,Innoviz Technologies Ltd,Auto - Truck Original Parts,Auto-Tires-Trucks,382007000,0,3.6,-51.48%,-78.83%,0,N/A,356627000,-75160000,-82950000,198962000,-94760000,1.26,11.20%,63.26%,N/L,N/L,N/L,N/L,N/L,2025-08-13
IONQ,Ionq Inc,Computer - Integrated Systems,Computers and Technology,11294696000,0,12.79,-54.65%,-63.35%,0,N/A,11240306000,-224160000,-234010000,261633000,-331650000,2.55,5.20%,41.42%,N/L,N/L,N/L,N/L,N/L,2025-08-06
IONS,Ionis Pharmaceuticals,Medical - Drugs,Medical,6723672000,0,14.1,-15.77%,-91.85%,0,N/A,6533512000,-481480000,-472430000,159159000,-453900000,0.23,2.60%,93.86%,N/L,N/L,N/L,N/L,N/L,2025-07-30
IOT,Samsara Inc Cl A,Internet - Software,Computers and Technology,22197788000,0,19.25,-5.95%,-11.14%,0,N/A,21970208000,-136580000,-157230000,569320000,-154910000,1.63,46.49%,96.02%,N/L,N/L,N/L,N/L,N/L,2025-09-04
IOVA,Iovance Biotherapeutics Inc,Medical - Biomedical,Medical,1045213000,0,1.43,-39.18%,-49.71%,0,N/A,930523000,-365430000,-398780000,333934000,-372180000,0.85,10.30%,77.03%,N/L,N/L,N/L,N/L,N/L,2025-08-07
IP,International Paper Company,Paper & Related Products,Basic Materials,29393528000,45.67,1.6,1.60%,4.05%,0.51,11.17,33591528000,3416000000,2111000000,527901000,557000000,1.02,0.35%,81.95%,N/L,N/L,N/L,N/L,N/L,2025-07-31
IPA,Immunoprecise Antibodies Ltd,Medical Information Systems,Medical,98852000,0,4.06,-49.26%,-88.87%,0,N/A,96292000,-4300000,-8550000,45765000,-20130000,0.44,6.83%,6.70%,N/L,N/L,N/L,N/L,N/L,2025-07-29
IPI,Intrepid Potash Inc,Fertilizers,Basic Materials,477947000,262.57,1.02,0.26%,0.31%,0,14.17,436637000,27440000,-10550000,13317000,-212850000,1.72,2.40%,56.13%,N/L,N/L,N/L,N/L,N/L,2025-08-06
IQ,Iqiyi Inc ADR,Internet - Services,Computers and Technology,1925684000,29.14,1.05,1.04%,3.62%,0.57,1.65,2159204000,1222440000,163130000,962842000,104680000,-0.17,57.82%,52.69%,N/L,N/L,N/L,N/L,N/L,2025-08-20
IQV,Iqvia Holdings Inc,Medical Instruments,Medical,33858900000,19.29,5.9,6.77%,30.05%,2.39,12.09,46139900000,4442000000,3307000000,170000000,1373000000,1.3,1.60%,89.62%,N/L,N/L,N/L,N/L,N/L,2025-07-22
IRBT,Irobot Corp,Industrial Robotics,Computers and Technology,151792000,0,N/A,-35.83%,-222.50%,-283.65,N/A,216832000,-137420000,-159090000,31105000,-145520000,0.83,0.62%,77.42%,N/L,N/L,N/L,N/L,N/L,2025-08-05
IRDM,Iridium Comm Inc,Satellite Communication,Computers and Technology,2779171000,25.52,5.27,4.23%,19.30%,3.49,9.03,4476532000,621700000,416050000,108160000,112780000,0.79,2.40%,84.36%,N/L,N/L,N/L,N/L,N/L,2025-07-24
IREN,Iren Limited,Finance - Misc Services,Finance,3328950000,0,2.39,-1.67%,-2.12%,0.23,157.080002,2924350000,192530000,141880000,187864000,-28960000,3.98,21.55%,41.08%,N/L,N/L,N/L,N/L,N/L,2025-08-27
IRM,Iron Mountain Inc,Business Information,Business Services,29309670000,55.8,N/A,2.82%,-201.62%,-29.69,19.99,42951212000,2868190000,1941700000,295044000,180160000,1.08,1.90%,80.13%,N/L,N/L,N/L,N/L,N/L,2025-08-06
ISRG,Intuitive Surg Inc,Medical Instruments,Medical,177754400000,72.6,9.76,12.93%,14.56%,0,61.169998,175726992000,2957300000,2457600000,358477000,2322600000,1.64,0.70%,83.64%,N/L,N/L,N/L,N/L,N/L,2025-07-22
ITOS,Iteos Therapeutics Inc,Medical - Biomedical,Medical,389247000,0,0.69,-18.55%,-21.37%,0,N/A,247117000,-162600000,-152320000,38274000,-134410000,1.49,12.50%,97.16%,N/L,N/L,N/L,N/L,N/L,2025-08-14
ITRI,Itron Inc,Electronic Test Equipment,Computers and Technology,6198601000,22.63,4.05,8.04%,19.65%,0.82,18.790001,6389781000,357620000,295850000,45588000,239110000,1.35,1.45%,96.19%,N/L,N/L,N/L,N/L,N/L,2025-07-31
ITUB,Itau Unibanco Banco Holding S.A. ADR,Banks - Foreign,Finance,68674672000,8.98,1.9,1.47%,19.35%,2.43,7.77,69762040000,25022950000,23828970000,10780953000,7617160000,0.76,0.61%,0.00%,N/L,N/L,N/L,N/L,N/L,2025-08-05
IVR,Invesco Mortgage Capital Inc,REIT - Mortgage Trusts,Finance,507753000,3.14,0.85,2.84%,29.59%,7.05,2.77,5365114000,16910000,29630000,65942000,59880000,1.62,0.24%,40.54%,N/L,N/L,N/L,N/L,N/L,2025-07-24
IVZ,Invesco Plc,Finance - Investment Mgmt,Finance,9761196000,12.18,0.64,3.49%,7.97%,0.6,8.04,21073596000,1119500000,939900000,447556000,774800000,1.48,1.21%,66.09%,N/L,N/L,N/L,N/L,N/L,2025-07-22
JANX,Janux Therapeutics Inc,Medical - Biomedical,Medical,1536183000,0,1.52,-8.89%,-9.29%,0,N/A,1105573000,-107370000,-98840000,59175000,-68990000,2.86,8.10%,75.39%,N/L,N/L,N/L,N/L,N/L,2025-08-06
JBHT,J B Hunt Transport,Transportation - Truck,Transportation,14810804000,27.22,4.06,6.69%,14.26%,0.47,11.33,15263824000,2318180000,1557040000,99195000,570890000,1.29,2.30%,74.95%,N/L,N/L,N/L,N/L,N/L,2025-07-15
JBL,Jabil Circuit,Electronic Manufacturing,Computers and Technology,23883844000,27.44,18.209999,5.06%,60.18%,1.85,14.14,24562844000,1917000000,1221000000,107319000,1388000000,1.2,1.73%,93.39%,N/L,N/L,N/L,N/L,N/L,2025-06-17
JBLU,Jetblue Airways Corp,Transportation - Airline,Transportation,1552009000,0,0.63,-1.93%,-11.93%,3.47,3.69,8170009000,1181000000,526000000,354340000,-795000000,1.76,1.18%,83.71%,N/L,N/L,N/L,N/L,N/L,2025-07-29
JBS,Jbs N.V. Cl A,Food - Misc & Diversified,Consumer Staples,0,0,N/A,0.00%,0.00%,0,N/A,0,0,0,0,10920846783,N/A,N/A,N/A,N/L,N/L,N/L,N/L,N/L,N/A
JCI,Johnson Controls Intl,Building Products - Wood,Construction,73523592000,28.36,4.25,6.10%,15.13%,0.59,22.1,82410592000,3680000000,2864000000,658047000,1705000000,1.31,0.54%,90.05%,N/L,N/L,N/L,N/L,N/L,2025-07-29
JD,Jd.com Inc ADR,Internet Commerce,Retail-Wholesale,46340816000,7.44,1.24,7.40%,16.40%,0.2,7.08,39263816000,7026000000,5806000000,1396649000,5666000000,0.48,16.60%,15.98%,N/L,N/L,N/L,N/L,N/L,2025-08-21
JEF,Jefferies Financial Group Inc,Finance - Misc Services,Finance,11894104000,20.15,1.13,1.02%,6.59%,2.04,12.26,14679973000,1932020000,1734170000,206280000,743380000,1.46,19.80%,60.88%,N/L,N/L,N/L,N/L,N/L,2025-06-25
JELD,Jeld-Wen Holding Inc,Building Products - Wood,Construction,440488000,19.27,0.95,0.88%,3.70%,2.56,1.53,1441888000,172410000,-50590000,85366000,-189020000,1.69,1.24%,95.04%,N/L,N/L,N/L,N/L,N/L,2025-08-05
JFIN,Jiayin Group Inc ADR,Internet - Software,Computers and Technology,793078000,4.6,1.67,23.41%,42.68%,0,5.74,700208000,213200000,210750000,53370000,144740000,0.97,51.20%,44.08%,N/L,N/L,N/L,N/L,N/L,2025-08-26
JKHY,Jack Henry & Assoc,IT Services,Computers and Technology,12841102000,30.82,6.47,14.68%,22.07%,0.08,22.67,12952822000,738550000,538650000,72816000,381820000,0.72,1.37%,98.75%,N/L,N/L,N/L,N/L,N/L,2025-08-19
JKS,Jinkosolar Holding Company ADR,Solar,Oils-Energy,1197084000,0,0.3,-0.76%,-2.95%,0.75,1.11,826244000,265090000,-806020000,51377000,7470000,0.22,19.80%,35.82%,N/L,N/L,N/L,N/L,N/L,2025-08-29
JMIA,Jumia Technologies Ag ADR,Internet Commerce,Retail-Wholesale,593946000,0,8.78,-40.73%,-106.58%,0.18,N/A,549786000,-68060000,-76330000,122463000,-99090000,2.9,1.90%,16.50%,N/L,N/L,N/L,N/L,N/L,2025-08-07
JNJ,Johnson & Johnson,Large Cap Pharma,Medical,404942080000,16.96,5.22,13.17%,33.07%,0.49,12.92,411488064000,32972000000,25633000000,2406073000,14066000000,0.41,0.16%,69.55%,N/L,N/L,N/L,N/L,N/L,2025-07-16
JOBY,Joby Aviation Inc,Transportation - Airline,Transportation,14331544000,0,16.08,-50.38%,-63.27%,0,N/A,14131914000,-561200000,-596770000,791798000,-608030000,2.47,28.50%,52.85%,N/L,N/L,N/L,N/L,N/L,2025-08-06
JOE,St. Joe Company,Real Estate Developers,Finance,2963732000,36.45,4,5.35%,11.19%,0.83,25.24,3491212000,191220000,143850000,57908000,74190000,1.36,0.32%,86.67%,N/L,N/L,N/L,N/L,N/L,2025-07-23
JOYY,Joyy Inc ADR,Internet - Services,Computers and Technology,2658653000,10.77,0.41,3.51%,5.00%,0.01,7.27,1901143000,-306040000,-396950000,52059000,-146240000,0.23,43.00%,36.83%,N/L,N/L,N/L,N/L,N/L,2025-08-26
JPM,JP Morgan Chase & Company,Finance - Investment Brokers,Finance,829893056000,15.44,2.45,1.30%,16.93%,1.18,13.47,514366048000,142841000000,134903000000,2779094000,58471000000,1.1,0.47%,71.55%,N/L,N/L,N/L,N/L,N/L,2025-07-15
JSPR,Jasper Therapeutics Inc.,Medical - Biomedical,Medical,47319000,0,1.11,-89.82%,-109.45%,0,N/A,-24321000,-81600000,-82970000,15022000,-71270000,2.69,4.60%,79.85%,N/L,N/L,N/L,N/L,N/L,2025-08-12
KALV,Kalvista Pharmaceuticals Inc,Medical - Drugs,Medical,728329000,0,8.13,-82.65%,-134.07%,0,N/A,596709000,-187040000,-188000000,49954000,-183440000,-0.04,10.50%,0.00%,N/L,N/L,N/L,N/L,N/L,2025-09-04
KBH,KB Home,Building - Residential & Comm,Construction,3869323000,7.49,0.96,8.14%,14.02%,0,5.96,3271353000,740700000,699940000,68050000,655020000,1.34,3.89%,96.09%,N/L,N/L,N/L,N/L,N/L,2025-06-23
KBR,KBR Inc,Engineering & R&D Services,Industrial Products,6117053000,13.23,4.27,7.27%,32.55%,1.92,10.31,8336053000,847000000,691000000,129736000,375000000,0.74,1.11%,97.02%,N/L,N/L,N/L,N/L,N/L,2025-07-31
KC,Kingsoft Cloud Holdings Ltd ADR,Internet - Software,Computers and Technology,4417459000,0,5.78,-5.77%,-17.59%,0.37,123.349998,4270939000,-59510000,-232550000,279586000,-269430000,2.1,14.20%,13.40%,N/L,N/L,N/L,N/L,N/L,2025-08-19
KD,Kyndryl Hldgs Inc,Technology Services,Business Services,9053228000,49.12,6.7,1.88%,15.97%,2.38,3.06,10435228000,3278000000,563000000,231422000,251000000,1.93,1.90%,71.53%,N/L,N/L,N/L,N/L,N/L,2025-08-04
KDP,Keurig Dr Pepper Inc,Beverages - Soft,Consumer Staples,45187116000,16.78,1.82,5.09%,11.05%,0.49,12.4,60151116000,4384000000,3345000000,1358194000,1441000000,0.47,0.40%,93.99%,N/L,N/L,N/L,N/L,N/L,2025-07-24
KEY,Keycorp,Banks - Major Regional,Finance,20351642000,13.6,1.19,0.82%,9.65%,0.65,13.84,33213642000,1205000000,1132000000,1095942000,-161000000,1.11,0.52%,79.69%,N/L,N/L,N/L,N/L,N/L,2025-07-22
KGC,Kinross Gold Corp,Mining - Gold,Basic Materials,19739018000,18,2.66,9.97%,15.63%,0.17,9.8,20552718000,3065000000,1917500000,1226788000,948800000,0.63,1.00%,63.69%,N/L,N/L,N/L,N/L,N/L,2025-07-30
KHC,Kraft Heinz Company,Food - Misc & Diversified,Consumer Staples,33943984000,9.63,0.69,4.06%,7.37%,0.44,7.46,52484984000,4163000000,3215000000,1183542000,2744000000,0.25,0.35%,78.17%,N/L,N/L,N/L,N/L,N/L,2025-07-30
KIDZ,Classover Holdings Inc Cl B,Technology Services,Business Services,48562000,0,N/A,0.00%,0.00%,-0.36,3.8,48452000,-740000,-740000,23689000,5270000,-0.33,29.66%,74.70%,N/L,N/L,N/L,N/L,N/L,N/A
KINS,Kingstone Cos Inc,Insurance - Proprty & Casualty,Finance,221326000,10.38,2.63,5.58%,31.92%,0.07,9.3,203826000,34340000,31420000,14008000,18360000,0.57,5.10%,14.91%,N/L,N/L,N/L,N/L,N/L,2025-08-07
KIRK,Kirkland's Inc,Retail - Home Furniture,Retail-Wholesale,33456000,0,N/A,-8.47%,0.00%,-3.01,N/A,88836000,-3200000,-13840000,22454000,-23130000,2.38,3.00%,15.38%,N/L,N/L,N/L,N/L,N/L,2025-09-04
KKR,KKR & Company LP,Finance - Investment Mgmt,Finance,135520096000,34.45,2.07,1.08%,6.43%,0.74,39.98,171384592000,26660000,145980000,890642000,3076250000,1.88,39.34%,76.26%,N/L,N/L,N/L,N/L,N/L,2025-07-31
KLAC,K L A-Tencor Corp,Electronics Products - Misc,Computers and Technology,119293280000,29.61,29.860001,26.75%,112.97%,1.47,31.02,123946288000,5330980000,4639780000,132241000,2761900000,1.42,0.12%,86.65%,N/L,N/L,N/L,N/L,N/L,2025-07-31
KLG,Wk Kellogg CO,Consumer Prdts - Misc Staple,Consumer Staples,1996126000,17.93,6.1,5.81%,34.88%,1.61,8.78,2440126000,161000000,83000000,86263000,72000000,0.23,2.20%,95.74%,N/L,N/L,N/L,N/L,N/L,2025-08-05
KMB,Kimberly-Clark Corp,Consumer Prdts - Misc Staple,Consumer Staples,42266720000,17.69,34.630001,14.40%,196.76%,5.92,13.14,48688720000,3966000000,3185000000,331816000,2545000000,0.35,0.64%,76.29%,N/L,N/L,N/L,N/L,N/L,2025-08-01
KMI,Kinder Morgan,Oil - Production & Pipeline,Oils-Energy,60862472000,23.04,1.9,3.69%,8.31%,1.02,12.24,92538472000,9233000000,6829000000,2222069000,2613000000,0.75,12.73%,62.52%,N/L,N/L,N/L,N/L,N/L,2025-07-16
KMX,Carmax Inc,Retail - Wholesale Auto Parts,Retail-Wholesale,9112372000,16.36,1.44,2.08%,9.11%,2.9,11.51,26460452000,1414390000,1119590000,150072000,500560000,1.38,1.70%,N/A,N/L,N/L,N/L,N/L,N/L,2025-06-20
KNF,Knife River Holding CO,Building & Construction - Misc,Construction,4655662000,25.71,3.28,6.17%,12.83%,0.83,13.52,5051922000,426910000,287280000,56652000,201680000,0.63,0.30%,80.11%,N/L,N/L,N/L,N/L,N/L,2025-08-05
KNSL,Kinsale Capital Group Inc,Insurance - Proprty & Casualty,Finance,11127506000,27.53,7.02,8.16%,26.89%,0.12,29.139999,11198416000,527210000,521410000,23311000,414840000,1.19,5.50%,85.36%,N/L,N/L,N/L,N/L,N/L,2025-07-24
KNX,Knight-Swift Transporation Inc,Transportation - Truck,Transportation,7266322000,34.25,1.03,1.70%,3.03%,0.24,7.64,8577682000,1871410000,1078610000,162050000,117630000,1.17,3.00%,88.77%,N/L,N/L,N/L,N/L,N/L,2025-07-23
KO,Coca-Cola Company,Beverages - Soft,Consumer Staples,297726144000,23.66,9.85,12.23%,44.91%,1.57,21.99,329921152000,12585000000,11510000000,4304267000,10631000000,0.45,0.97%,70.26%,N/L,N/L,N/L,N/L,N/L,2025-07-22
KOD,Kodiak Sciences Inc,Medical - Biomedical,Medical,466434000,0,4,-54.17%,-115.71%,0,N/A,298364000,-173150000,-199860000,52764000,-176210000,2.28,45.90%,89.06%,N/L,N/L,N/L,N/L,N/L,2025-08-13
KODK,Eastman Kodak,Electronics Products - Misc,Computers and Technology,549209000,13.92,0.98,2.90%,8.01%,0.84,4.22,1033209000,1000000,-27000000,80766000,102000000,3.73,23.87%,33.65%,N/L,N/L,N/L,N/L,N/L,2025-08-14
KOPN,Kopin Corp,Electronics Products - Misc,Computers and Technology,333736000,0,17.08,-22.85%,-87.81%,0,N/A,318526000,-13740000,-14380000,162798000,-43880000,2.85,2.80%,30.96%,N/L,N/L,N/L,N/L,N/L,2025-08-14
KOS,Kosmos Energy Ltd,International E&P,Oils-Energy,1061180000,0,0.99,-0.14%,-0.63%,2.59,1.63,3720920000,1192480000,727000000,478009000,189850000,1.44,1.99%,95.33%,N/L,N/L,N/L,N/L,N/L,2025-08-04
KPTI,Karyopharm Therapeut,Medical - Drugs,Medical,37584000,0,N/A,-35.95%,0.00%,-0.58,N/A,94104000,-114730000,-118940000,8640000,-76420000,0.24,2.98%,66.44%,N/L,N/L,N/L,N/L,N/L,2025-08-05
KR,Kroger Company,Retail - Supermarket,Retail-Wholesale,47227416000,15.94,5.37,5.82%,30.01%,2.01,6.73,59861416000,11045000000,7196000000,660893000,2665000000,0.59,0.44%,80.93%,N/L,N/L,N/L,N/L,N/L,2025-09-11
KRP,Kimbell Royalty Partners,Oil - US Royalty Trusts,Oils-Energy,1572812000,33.95,2.27,4.95%,9.69%,0.44,7.01,2093802000,318680000,181080000,106994000,12320000,0.51,5.60%,25.78%,N/L,N/L,N/L,N/L,N/L,2025-08-07
KSPI,Joint Stock Company Kaspi.Kz ADR,Financial Transaction Services,Business Services,16957500000,8.22,4.79,11.76%,64.11%,0.03,8.63,15667340000,4055590000,4055590000,199500000,2183450000,1.08,N/A,32.20%,N/L,N/L,N/L,N/L,N/L,2025-08-04
KSS,Kohl's Corp,Retail - Regional Dept Stores,Retail-Wholesale,1433017000,8.47,0.4,1.27%,4.71%,1.19,1.67,5572017000,1999000000,1256000000,112042000,109000000,1.66,1.00%,98.04%,N/L,N/L,N/L,N/L,N/L,2025-08-27
KTB,Kontoor Brands Inc,Textile - Apparel,Consumer Staples,3467562000,12.8,8.22,16.78%,71.34%,1.72,10.93,3873812000,373790000,331150000,55561000,245800000,1.12,1.70%,93.06%,N/L,N/L,N/L,N/L,N/L,2025-08-07
KTOS,Kratos Defns,Aerospace - Defense Equipment,Aerospace,9171288000,167.6,6.48,2.68%,3.85%,0.12,91.639999,9016588000,81200000,28600000,153443000,16300000,1.06,2.37%,75.92%,N/L,N/L,N/L,N/L,N/L,2025-08-06
KULR,Kulr Technology Group Inc,Electronics - Semiconductors,Computers and Technology,246390000,0,2.62,-48.50%,-56.07%,0,N/A,216570000,-17070000,-20020000,38200000,-17520000,2.15,11.21%,21.23%,N/L,N/L,N/L,N/L,N/L,2025-08-11
KVUE,Kenvue Inc,Consumer Prdts - Misc Staple,Consumer Staples,43822904000,20.45,4.29,8.04%,20.87%,0.63,15.29,49807904000,2471000000,1849000000,1918691000,1030000000,0.83,1.68%,97.64%,N/L,N/L,N/L,N/L,N/L,2025-08-07
KVYO,Klaviyo Inc Series A,Internet - Software,Computers and Technology,9812451000,3274,9.14,0.61%,0.74%,0,84.559998,8930601000,4630000,-85740000,296987000,-46140000,1.37,49.92%,45.43%,N/L,N/L,N/L,N/L,N/L,2025-08-05
KZR,Kezar Life Sciences Inc,Medical - Biomedical,Medical,31488000,0,0.32,-50.27%,-61.14%,0.09,N/A,68000,-88260000,-84520000,7306000,-83740000,0.6,10.40%,67.90%,N/L,N/L,N/L,N/L,N/L,2025-08-12
LAC,Lithium Americas Corp,Mining - Misc,Basic Materials,667660000,0,1.12,-5.18%,-6.91%,0,N/A,73770000,-32920000,-32970000,218905000,-42530000,0.69,1.11%,0.00%,N/L,N/L,N/L,N/L,N/L,2025-08-12
LAES,Sealsq Corp,Electronics - Semiconductors,Computers and Technology,312694000,0,4.09,0.00%,0.00%,0.1,N/A,236014000,-16560000,0,94185000,-21200000,-13.03,N/A,1.25%,N/L,N/L,N/L,N/L,N/L,2025-07-03
LAND,Gladstone Land Corp,REIT - Equity Trust Other,Finance,352080000,28.49,0.56,1.13%,2.14%,0.72,7.58,921270000,98560000,60400000,36185000,13290000,1.11,7.20%,53.60%,N/L,N/L,N/L,N/L,N/L,2025-08-14
LAR,Lithium Argentina Ag,Mining - Misc,Basic Materials,522937000,0,N/A,-2.08%,-2.63%,0,N/A,439707000,-49080000,-49840000,161900000,-15230000,N/A,19.80%,49.17%,N/L,N/L,N/L,N/L,N/L,2025-08-11
LAZ,Lazard Inc,Finance - Misc Services,Finance,6185215000,24.38,9.5,5.21%,35.81%,2.6,8.45,6342525000,871250000,386480000,112766000,279910000,1.33,3.86%,54.80%,N/L,N/L,N/L,N/L,N/L,2025-07-24
LAZR,Luminar Technologies Inc,Auto - Truck Original Parts,Auto-Tires-Trucks,150013000,0,N/A,-104.61%,0.00%,-1.86,N/A,565813000,-340300000,-374890000,46879000,-273140000,1.94,11.22%,30.99%,N/L,N/L,N/L,N/L,N/L,2025-08-12
LB,Landbridge Company Llc Cl A,Oil - US Integrated,Oils-Energy,4310319000,0,6.62,0.00%,0.00%,0.61,167.300003,4654529000,80760000,70200000,76397000,-41770000,N/A,70.42%,N/A,N/L,N/L,N/L,N/L,N/L,2025-08-06
LBRDA,Liberty Broadband Corp Sr A,Cable TV,Consumer Discretionary,10041699000,13.84,1.23,5.43%,9.24%,0.38,11.54,13835699000,524000000,317000000,143330000,869000000,1,11.59%,10.29%,N/L,N/L,N/L,N/L,N/L,2025-08-07
LBRDK,Liberty Broadband Corp Sr C,Cable TV,Consumer Discretionary,10064633000,13.86,1.24,5.43%,9.24%,0.38,11.55,13858633000,524000000,317000000,143330000,869000000,1.01,10.80%,80.22%,N/L,N/L,N/L,N/L,N/L,2025-08-07
LBRT,Liberty Energy Inc,Oil - Field Services,Oils-Energy,2128076000,18.25,1.06,3.61%,6.06%,0.11,2.68,2298596000,1306860000,801810000,161954000,316010000,0.66,1.90%,98.22%,N/L,N/L,N/L,N/L,N/L,2025-07-24
LBTYA,Liberty Global Ltd Ord A,Diversified Comm Services,Utilities,3466158000,0,0.27,-0.53%,-1.15%,0.73,1.22,10750857000,1798300000,731500000,345579000,1588000000,1.14,13.29%,37.20%,N/L,N/L,N/L,N/L,N/L,2025-08-01
LC,Lendingclub Corp,Finance - Misc Services,Finance,1465186000,28.02,1.1,0.52%,4.04%,0,13.06,487786000,187340000,128510000,114200000,51330000,2.44,3.19%,74.08%,N/L,N/L,N/L,N/L,N/L,2025-07-29
LCID,Lucid Group Inc,Auto - Domestic,Auto-Tires-Trucks,8906765000,0,2.86,-25.58%,-68.64%,0.63,N/A,10601885000,-2654170000,-2982840000,3050262000,-2713940000,0.78,61.26%,75.17%,N/L,N/L,N/L,N/L,N/L,2025-08-05
LCTX,Lineage Cell Therapeutics Inc,Medical - Biomedical,Medical,258042000,0,3.38,-15.28%,-22.64%,0,N/A,212252000,-20760000,-21330000,228356000,-18610000,1.6,26.80%,62.47%,N/L,N/L,N/L,N/L,N/L,2025-08-14
LDI,Loandepot Inc Cl A,Finance - Mortgage & Rel Svs,Finance,587242000,0,1.29,-1.57%,-18.41%,11.79,N/A,5459752000,80720000,15810000,329911000,-98330000,3.33,78.05%,39.39%,N/L,N/L,N/L,N/L,N/L,2025-08-07
LDOS,Leidos Holdings Inc,IT Services,Computers and Technology,21013376000,14.98,4.88,11.14%,32.62%,1.19,12.98,24740376000,2232000000,1942000000,128719000,1254000000,0.64,0.96%,76.12%,N/L,N/L,N/L,N/L,N/L,2025-08-05
LEA,Lear Corp,Auto - Truck Original Parts,Auto-Tires-Trucks,5313688000,8.62,1.2,4.81%,14.53%,0.57,4.41,6996288000,1532700000,912000000,53463000,506600000,1.29,0.91%,97.04%,N/L,N/L,N/L,N/L,N/L,2025-07-25
LEGN,Legend Biotech Corp ADR,Medical - Biomedical,Medical,7967964000,0,7.98,-13.47%,-21.19%,0.3,N/A,7982414000,-197180000,-220540000,183763000,-177030000,0.19,0.02%,70.89%,N/L,N/L,N/L,N/L,N/L,2025-08-08
LEN,Lennar Corp,Building - Residential & Comm,Construction,29871278000,9.48,1.29,8.57%,12.74%,0.12,7.76,27455118000,4171610000,4055930000,259007000,3932530000,1.33,10.00%,81.10%,N/L,N/L,N/L,N/L,N/L,2025-09-18
LESL,Leslie's Inc,Consumer Prdts - Misc Staple,Consumer Staples,110530000,0,N/A,-2.44%,0.00%,-3.16,3.71,779190000,71300000,36030000,185578000,-23380000,1.28,0.40%,N/A,N/L,N/L,N/L,N/L,N/L,2025-08-06
LEU,Centrus Energy Corp,Mining - Non Ferrous,Basic Materials,4105917000,42.51,19.299999,10.39%,71.70%,2.14,48.369999,3979117000,100000000,89200000,17037000,73200000,1.45,1.00%,49.96%,N/L,N/L,N/L,N/L,N/L,2025-08-05
LEVI,Levi Strauss & Company Cl A,Retail - Apparel & Shoes,Retail-Wholesale,8091125000,14.38,3.89,9.03%,28.74%,0.49,10,8395124000,969200000,659100000,395654000,210600000,1.15,1.25%,69.14%,N/L,N/L,N/L,N/L,N/L,2025-07-10
LFMD,Lifemd Inc,Medical Services,Medical,485839000,0,N/A,-15.19%,0.00%,-47.26,N/A,469169000,2450000,-7440000,45448000,-18880000,2.4,18.40%,35.52%,N/L,N/L,N/L,N/L,N/L,2025-08-06
LFST,Lifestance Health Group Inc,Medical - Outpatient & Hm Care,Medical,1609947000,0,1.1,-1.69%,-2.47%,0.19,104.400002,1735167000,121520000,48900000,388876000,-57440000,1.16,3.20%,85.50%,N/L,N/L,N/L,N/L,N/L,2025-08-07
LH,Laboratory Corp of America Holdings,Medical Services,Medical,22177148000,17.68,2.64,7.02%,15.45%,0.67,11.95,26003948000,2003600000,1360100000,83700000,746000000,0.82,0.84%,95.94%,N/L,N/L,N/L,N/L,N/L,2025-07-24
LHX,L3Harris Technologies Inc,Aerospace - Defense,Aerospace,50340816000,22.77,2.65,5.47%,11.82%,0.61,13.54,61446816000,3430000000,2103000000,186946000,1502000000,0.75,0.72%,84.76%,N/L,N/L,N/L,N/L,N/L,2025-07-24
LI,Li Auto Inc ADR,Auto - Foreign,Auto-Tires-Trucks,30973512000,28.18,3.11,5.19%,11.83%,0.12,20.4,23099422000,1498990000,1080060000,1047110000,1100430000,0.95,48.50%,9.88%,N/L,N/L,N/L,N/L,N/L,2025-08-27
LIF,Life360 Inc,Protection - Safety,Industrial Products,5878192000,502.27,15.3,3.28%,4.05%,0,824.590027,5718952000,11980000,600000,76529000,-4560000,N/A,8.00%,20.00%,N/L,N/L,N/L,N/L,N/L,2025-08-14
LII,Lennox International,Building Prdcts - Air Heating,Construction,23210642000,28.31,25.92,24.12%,99.81%,1.35,26.200001,23943142000,1118700000,1023600000,35124000,806900000,1.13,9.73%,67.07%,N/L,N/L,N/L,N/L,N/L,2025-07-23
LIN,Linde Plc,Chemical - Specialty,Basic Materials,222600672000,30.01,5.63,9.26%,18.95%,0.61,19.950001,239386672000,16245000000,12465000000,470724000,6565000000,0.96,0.70%,82.80%,N/L,N/L,N/L,N/L,N/L,2025-08-01
LINE,Lineage Inc,REIT - Equity Trust Other,Finance,9966524000,12.61,1.03,-3.34%,-7.24%,0.54,42.700001,14796524000,1366100000,471100000,228590000,-686000000,N/A,71.90%,N/A,N/L,N/L,N/L,N/L,N/L,2025-08-06
LITE,Lumentum Holdings,Communications Components,Computers and Technology,7253688000,0,8.12,-1.98%,-8.69%,2.93,27.469999,6816988000,8100000,-305100000,69400000,-546500000,1.34,0.19%,94.05%,N/L,N/L,N/L,N/L,N/L,2025-08-12
LKQ,LKQ Corp,Auto - Truck Replacement Parts,Auto-Tires-Trucks,8304621000,9.5,1.25,5.60%,13.85%,0.71,6.23,12235621000,1965000000,1559000000,258148000,690000000,0.95,0.55%,95.63%,N/L,N/L,N/L,N/L,N/L,2025-07-24
LLY,Eli Lilly and Company,Large Cap Pharma,Medical,770215616000,58.53,48.169998,15.74%,85.51%,2.18,56.580002,795474304000,15851700000,14085100000,947736000,10590000000,0.4,0.13%,82.53%,N/L,N/L,N/L,N/L,N/L,2025-08-07
LMB,Limbach Holdings Inc,Building - Maint & Service,Construction,1555890000,36.87,9.02,12.39%,27.66%,0.17,25.549999,1537750000,57430000,45500000,11625000,30880000,1.19,9.70%,55.85%,N/L,N/L,N/L,N/L,N/L,2025-08-05
LMND,Lemonade Inc,Insurance - Multi Line,Finance,2929175000,0,5.45,-12.00%,-36.72%,0.19,N/A,2626875000,-206200000,-220100000,73266000,-202200000,2.2,14.70%,80.30%,N/L,N/L,N/L,N/L,N/L,2025-08-05
LMT,Lockheed Martin Corp,Aerospace - Defense,Aerospace,98328464000,14.46,18.41,12.13%,107.60%,3.04,11.83,116115464000,8915000000,7356000000,233465000,5336000000,0.28,0.14%,74.19%,N/L,N/L,N/L,N/L,N/L,2025-07-22
LNC,Lincoln National Corp,Insurance - Life,Finance,5945238000,4.69,0.82,0.35%,18.71%,0.72,4.51,7286238000,1842000000,1880000000,170693000,3275000000,1.39,0.51%,72.81%,N/L,N/L,N/L,N/L,N/L,2025-07-31
LNG,Cheniere Energy,Oil - US Exploration & Product,Oils-Energy,49983684000,16.52,5.01,7.18%,32.63%,2.25,11.22,69705680000,8427000000,7165000000,221785000,3252000000,0.42,0.26%,87.26%,N/L,N/L,N/L,N/L,N/L,2025-08-07
LNTH,Lantheus Holdings,Medical Products,Medical,5045735000,12.38,4.17,20.55%,36.99%,0.49,10,4699175000,521330000,452410000,69186000,312440000,0.12,1.50%,99.06%,N/L,N/L,N/L,N/L,N/L,2025-08-06
LNZA,Lanzatech Global Inc,Technology Services,Business Services,135096000,0,N/A,-72.17%,-562.88%,0,N/A,91596000,-104270000,-109010000,231965000,-137730000,1.71,4.50%,17.76%,N/L,N/L,N/L,N/L,N/L,2025-08-14
LODE,Comstock Inc,Mining - Gold,Basic Materials,118643000,0,1.67,-44.80%,-70.14%,0.43,N/A,126183000,-27000000,-30970000,32416000,-53320000,1.57,4.50%,7.96%,N/L,N/L,N/L,N/L,N/L,2025-08-14
LOGI,Logitech Int S.A.,Computers - Peripheral Equpt,Computers and Technology,15304175000,22.36,7.12,17.89%,30.40%,0,20.219999,13800965000,745300000,665540000,158150000,631530000,0.96,0.16%,45.76%,N/L,N/L,N/L,N/L,N/L,2025-07-29
LOOP,Loop Industries Inc,Technology Services,Business Services,64896000,0,N/A,-36.84%,-354.97%,-1.18,N/A,65656000,-2310000,-2830000,47718000,-15060000,1.78,45.90%,4.89%,N/L,N/L,N/L,N/L,N/L,2025-07-21
LOW,Lowe's Companies,Retail - Home Furniture,Retail-Wholesale,127107344000,19.05,N/A,15.07%,-49.12%,-2.62,14.48,160833344000,14026000000,12054000000,560438000,6957000000,0.9,0.27%,74.06%,N/L,N/L,N/L,N/L,N/L,2025-08-20
LPG,Dorian Lpg Ltd,Transportation - Ship,Transportation,1235939000,12.9,1.21,5.21%,8.88%,0.53,7.58,1472329000,253060000,182240000,42648000,90170000,0.77,13.40%,62.50%,N/L,N/L,N/L,N/L,N/L,2025-08-01
LPLA,Lpl Financial Holdings,Finance - Investment Brokers,Finance,30394076000,21.6,9.57,10.36%,46.34%,1.82,16.59,33204746000,2673930000,2218850000,79976000,1058620000,0.64,1.30%,95.66%,N/L,N/L,N/L,N/L,N/L,2025-07-31
LPRO,Open Lending Corp Cl A,Finance - Consumer Loans,Finance,316227000,0,3.87,-15.48%,-35.88%,1.63,N/A,194527000,-69840000,-71940000,119783000,-135010000,1.93,13.20%,78.06%,N/L,N/L,N/L,N/L,N/L,2025-08-06
LPSN,Liveperson Inc,Internet - Services,Computers and Technology,95727000,0,N/A,-5.01%,0.00%,0,0.74,-87513000,99670000,-54540000,93850000,-134270000,1.62,2.00%,79.83%,N/L,N/L,N/L,N/L,N/L,2025-07-30
LPX,Louisiana-Pacific Corp,Building Products - Wood,Construction,6251875000,15.77,3.64,15.50%,23.75%,0.21,11.4,6259875000,633000000,507000000,69589000,420000000,1.84,1.42%,94.73%,N/L,N/L,N/L,N/L,N/L,2025-08-06
LQDA,Liquidia Corp,Medical - Biomedical,Medical,1675506000,0,32.259998,-60.15%,-177.91%,2.83,N/A,1614416000,-125730000,-127930000,85485000,-130390000,-0.01,26.50%,64.54%,N/L,N/L,N/L,N/L,N/L,2025-08-06
LRCX,Lam Research Corp,Electronics - Semiconductors,Computers and Technology,124023280000,26.98,13.15,24.07%,53.21%,0.47,29.34,123158752000,5646100000,5286400000,1279118000,3827770000,1.68,0.29%,84.61%,N/L,N/L,N/L,N/L,N/L,2025-07-30
LRMR,Larimar Therapeutics Inc,Medical - Drugs,Medical,248429000,0,1.66,-46.08%,-52.48%,0,N/A,215209000,-110280000,-105340000,64028000,-80600000,0.86,4.50%,91.92%,N/L,N/L,N/L,N/L,N/L,2025-08-06
LRN,Stride Inc,Schools,Consumer Discretionary,5655378000,20.16,3.97,14.66%,23.36%,0.29,17.709999,5569448000,488230000,376910000,43523000,204180000,0.32,3.00%,98.24%,N/L,N/L,N/L,N/L,N/L,2025-08-05
LSCC,Lattice Semicond,Electronics - Semiconductors,Computers and Technology,7396555000,111.17,10.16,7.78%,9.24%,0,57.110001,7260265000,72860000,26590000,137508000,61130000,1.52,1.80%,98.08%,N/L,N/L,N/L,N/L,N/L,2025-08-04
LSPD,Lightspeed Commerce Inc,Internet - Software,Computers and Technology,1880828000,119.27,1.15,0.73%,0.79%,0,16.860001,1322358000,-494010000,-595000000,137387000,-667200000,2.48,N/A,68.68%,N/L,N/L,N/L,N/L,N/L,2025-07-31
LTBR,Lightbridge Corp,Other Alt Energy,Oils-Energy,339200000,0,5.45,-35.50%,-36.31%,0,N/A,299210000,-15020000,-15020000,22981000,-11790000,1.77,6.50%,9.14%,N/L,N/L,N/L,N/L,N/L,2025-07-30
LU,Lufax Holding Ltd ADR,Finance - Misc Services,Finance,2548066000,0,0.24,0.00%,0.00%,0.48,9.12,863576000,1620910000,1535260000,866689000,125310000,0.69,N/A,69.14%,N/L,N/L,N/L,N/L,N/L,2025-08-20
LULU,Lululemon Athletica,Textile - Apparel,Consumer Staples,26297588000,14.82,6.11,25.05%,43.48%,0,11.73,24313248000,2962580000,2516060000,119845000,1814620000,1.17,0.54%,85.20%,N/L,N/L,N/L,N/L,N/L,2025-09-04
LUMN,Lumen Technologies Inc,Diversified Comm Services,Utilities,4442181000,0,15.65,-0.87%,-75.08%,61.12,1.63,20459180000,6399000000,3443000000,1025908000,-55000000,1.39,2.30%,66.19%,N/L,N/L,N/L,N/L,N/L,2025-07-31
LUNR,Intuitive Machines Inc,Aerospace - Defense,Aerospace,2290075000,0,N/A,-6.29%,0.00%,0,138.550003,2080425000,-58140000,-60000000,178633000,-283410000,1.41,39.75%,72.21%,N/L,N/L,N/L,N/L,N/L,2025-08-07
LUV,Southwest Airlines Company,Transportation - Airline,Transportation,18925250000,32.93,2.37,1.83%,6.27%,0.71,8.85,18115250000,3793000000,2136000000,569866000,465000000,1.21,0.79%,80.82%,N/L,N/L,N/L,N/L,N/L,2025-07-23
LVS,Las Vegas Sands,Gaming,Consumer Discretionary,37034372000,21.52,11.83,7.96%,51.16%,4.57,11.89,47136372000,5128000000,3703000000,706628000,1446000000,1.03,1.20%,39.16%,N/L,N/L,N/L,N/L,N/L,2025-07-23
LVWR,Livewire Group Inc,Auto - Domestic,Auto-Tires-Trucks,861084000,0,9.4,-54.32%,-70.38%,0,N/A,796644000,-90570000,-100610000,203566000,-93930000,1.71,2.05%,0.88%,N/L,N/L,N/L,N/L,N/L,2025-07-30
LW,Lamb Weston Holdings Inc,Food - Misc & Diversified,Consumer Staples,8477859000,17.44,4.76,6.43%,27.99%,2.6,9.33,12229859000,998600000,691800000,139301000,725500000,0.46,0.72%,89.56%,N/L,N/L,N/L,N/L,N/L,2025-07-23
LWLG,Lightwave Logic Inc,Chemical - Plastics,Basic Materials,330108000,0,10.58,-57.29%,-64.30%,0,N/A,302438000,-19830000,-22150000,125041000,-22540000,2.28,4.20%,27.04%,N/L,N/L,N/L,N/L,N/L,2025-08-08
LX,Lexinfintech Holdings Ltd ADR,Finance - Consumer Loans,Finance,1171118000,6.83,0.79,5.88%,12.52%,0.48,7.35,1345968000,316190000,301120000,168264000,150760000,0.41,27.80%,0.00%,N/L,N/L,N/L,N/L,N/L,2025-08-26
LXRX,Lexicon Pharmaceutcl,Medical - Biomedical,Medical,397641000,0,3.32,-54.95%,-103.16%,0.82,N/A,431281000,-175080000,-177460000,361492000,-200400000,1.13,13.90%,74.70%,N/L,N/L,N/L,N/L,N/L,2025-08-06
LYB,Lyondellbasell Industries NV,Chemical - Diversified,Basic Materials,20572814000,11.67,1.6,4.71%,13.19%,0.92,5.42,28447814000,2760000000,1227000000,321400000,1367000000,0.82,0.14%,71.20%,N/L,N/L,N/L,N/L,N/L,2025-08-01
LYEL,Lyell Immunopharma Inc,Medical - Drugs,Medical,183915000,0,0.46,-60.99%,-73.66%,0,N/A,78315000,-268420000,-273370000,14808000,-342990000,-0.24,22.30%,66.05%,N/L,N/L,N/L,N/L,N/L,2025-08-06
LYFT,Lyft Inc Cl A,Internet - Services,Computers and Technology,5977529000,68.48,7.17,1.50%,11.28%,0.66,55.009998,5784179000,-21330000,-84820000,418009000,22780000,2.2,3.07%,83.07%,N/L,N/L,N/L,N/L,N/L,2025-08-06
LYG,Lloyds Banking Group Plc ADR,Banks - Foreign,Finance,64828272000,10.6,1.07,0.48%,9.40%,1.62,6.84,88109056000,2643760000,-1734330000,15006543000,5649600000,0.99,0.01%,2.15%,N/L,N/L,N/L,N/L,N/L,2025-07-24
LYV,Live Nation Entertainment,Movie & TV Production & Dist,Consumer Discretionary,35475024000,52.18,44.419998,4.77%,125.77%,8.03,22.879999,36933284000,2199000000,1542570000,231772000,896290000,1.45,3.01%,74.52%,N/L,N/L,N/L,N/L,N/L,2025-08-07
LZB,La-Z-Boy Inc,Furniture,Consumer Discretionary,1580401000,12.97,1.52,6.40%,12.08%,0,5.85,1251951000,300630000,156420000,41167000,99560000,1.26,1.70%,99.62%,N/L,N/L,N/L,N/L,N/L,2025-08-19
M,Macy's Inc,Retail - Regional Dept Stores,Retail-Wholesale,3551744000,5.02,0.79,4.35%,16.34%,0.62,2.15,5024744000,1770000000,878000000,271540000,582000000,1.71,1.09%,87.36%,N/L,N/L,N/L,N/L,N/L,2025-08-20
MA,Mastercard Inc,Financial Transaction Services,Business Services,518050688000,37.49,76.720001,29.77%,196.87%,2.81,31.66,527342688000,17524000000,14797000000,911708000,12874000000,1.02,0.09%,97.28%,N/L,N/L,N/L,N/L,N/L,2025-07-31
MAA,Mid-America Apartment Communities,REIT - Equity Trust Resident,Finance,17751844000,17.12,2.89,4.81%,9.19%,0.82,15.83,22676054000,1837780000,1245340000,117058000,527540000,0.75,1.20%,93.60%,N/L,N/L,N/L,N/L,N/L,2025-07-30
MAC,Macerich Company,REIT - Equity Trust Retail,Finance,4464308000,10.89,1.62,-1.44%,-4.37%,1.91,32.009998,9279678000,818080000,487010000,252649000,-194120000,2.13,0.24%,87.38%,N/L,N/L,N/L,N/L,N/L,2025-08-11
MAG,MAG Silver Corp,Mining - Silver,Basic Materials,2228615000,24.66,3.72,15.25%,15.84%,0,29.200001,2066265000,-28500000,-27530000,103464000,77780000,0.75,8.74%,52.50%,N/L,N/L,N/L,N/L,N/L,2025-08-07
MAIN,Main Street Capital Corp,Finance - SBIC & Commercial,Finance,5860779000,16.23,2.04,6.95%,13.02%,0.18,16.049999,6166529000,360230000,355070000,89029000,508080000,0.82,4.00%,20.31%,N/L,N/L,N/L,N/L,N/L,2025-08-07
MANU,Manchester United Ltd,Leisure & Recreation Services,Consumer Discretionary,2954599000,0,12.23,-2.49%,-22.40%,3.61,15.93,3550379000,216200000,-44050000,169318000,-142510000,0.66,68.63%,23.34%,N/L,N/L,N/L,N/L,N/L,2025-09-10
MAR,Marriot Int Cl A,Hotels & Motels,Consumer Discretionary,76447104000,28.63,N/A,10.25%,-100.64%,-4.75,24.059999,90498104000,4442000000,3029000000,273896000,2375000000,1.41,10.68%,70.70%,N/L,N/L,N/L,N/L,N/L,2025-08-05
MARA,Mara Holdings Inc,Finance - Misc Services,Finance,6070758000,78.45,1.63,4.24%,6.33%,0.7,7.69,8109238000,2530000,-426810000,351928000,541250000,6.53,0.80%,44.53%,N/L,N/L,N/L,N/L,N/L,2025-07-29
MAT,Mattel Inc,Toys & Game & Hobby,Consumer Discretionary,5629761000,10.24,2.51,8.77%,25.20%,1.1,7.1,6576201000,922770000,676820000,322900000,541820000,0.66,1.70%,97.15%,N/L,N/L,N/L,N/L,N/L,2025-07-23
MBI,MBIA Inc,Insurance - Multi Line,Finance,249336000,0,N/A,-7.61%,0.00%,-1.54,N/A,3389337000,-209000000,-209000000,50371000,-444000000,1.84,12.58%,60.95%,N/L,N/L,N/L,N/L,N/L,2025-08-05
MBLY,Mobileye Global Inc Cl A,Auto - Truck Original Parts,Auto-Tires-Trucks,12033840000,140.18,1.04,0.70%,0.73%,0,28.290001,10607840000,97000000,-409000000,812000000,-3090000000,0.54,2.80%,13.25%,N/L,N/L,N/L,N/L,N/L,2025-07-24
MBOT,Microbot Medical Inc,Medical Instruments,Medical,108043000,0,3.29,-94.20%,-110.27%,0,N/A,104883000,-12170000,-12260000,36378000,-11440000,1.13,4.74%,16.30%,N/L,N/L,N/L,N/L,N/L,2025-08-13
MBX,Mbx Biosciences Inc,Medical - Biomedical,Medical,486988000,0,1.85,0.00%,0.00%,0,N/A,437638000,-59210000,-59450000,33424000,-61920000,N/A,52.19%,N/A,N/L,N/L,N/L,N/L,N/L,2025-08-11
MC,Moelis,Finance - Investment Brokers,Finance,5526964000,27.64,9.85,17.45%,45.30%,0,33.09,5113784000,225340000,214900000,78508000,136020000,1.64,6.40%,91.53%,N/L,N/L,N/L,N/L,N/L,2025-07-24
MCD,McDonald's Corp,Retail - Restaurants,Retail-Wholesale,213415904000,25.17,N/A,15.21%,-195.27%,-11.27,19.99,250754912000,14276000000,12179000000,715033000,8224000000,0.53,0.25%,70.29%,N/L,N/L,N/L,N/L,N/L,2025-08-06
MCHP,Microchip Technology,Semi Analog & Mixed,Computers and Technology,37350904000,66.48,5.16,3.53%,8.55%,0.8,26.690001,42209604000,1609900000,787200000,539675000,-500000,1.52,1.94%,91.51%,N/L,N/L,N/L,N/L,N/L,2025-08-07
MCK,Mckesson Corp,Medical - Dental Suppliers,Medical,89057216000,21.46,N/A,5.83%,-201.12%,-6.64,18.280001,94621216000,5058000000,4422000000,125112000,3295000000,0.48,0.08%,85.07%,N/L,N/L,N/L,N/L,N/L,2025-08-06
MCO,Moody's Corp,Finance - Misc Services,Finance,92279696000,38.81,22.469999,15.47%,60.73%,1.77,34.310001,97299696000,3795000000,3364000000,179900000,2058000000,1.38,0.14%,92.11%,N/L,N/L,N/L,N/L,N/L,2025-07-23
MCRB,Seres Therapeutics Inc,Medical - Biomedical,Medical,126882000,0,2.31,-55.87%,0.00%,0,N/A,96092000,-102090000,-108970000,8732000,140000,2.75,4.70%,59.34%,N/L,N/L,N/L,N/L,N/L,2025-08-06
MCY,Mercury General Corp,Insurance - Proprty & Casualty,Finance,3857843000,16.83,2.11,2.74%,12.52%,0.32,8.14,3711713000,447030000,373600000,55389000,467950000,0.96,35.50%,42.39%,N/L,N/L,N/L,N/L,N/L,2025-07-29
MDB,Mongodb Inc Cl A,Internet - Software,Computers and Technology,19723304000,0,6.34,-2.05%,-3.16%,0,N/A,19233174000,-142040000,-171430000,81714000,-129070000,1.41,3.10%,89.29%,N/L,N/L,N/L,N/L,N/L,2025-09-04
MDGL,Madrigal Pharmaceuticals Inc,Medical - Drugs,Medical,6625372000,0,9.35,-37.19%,-50.54%,0.17,N/A,6637922000,-422360000,-425150000,22203000,-465890000,-1.05,21.50%,98.50%,N/L,N/L,N/L,N/L,N/L,2025-08-05
MDLZ,Mondelez Intl Inc,Food - Misc & Diversified,Consumer Staples,91388040000,21.66,3.52,6.11%,15.94%,0.68,15.88,107715040000,5748000000,4446000000,1294815000,4611000000,0.48,0.41%,78.32%,N/L,N/L,N/L,N/L,N/L,2025-07-29
MDT,Medtronic Inc,Medical Products,Medical,119199552000,16.79,2.45,7.83%,14.54%,0.59,11.91,145497552000,10624000000,7763000000,1282543000,4662000000,0.8,0.20%,82.06%,N/L,N/L,N/L,N/L,N/L,2025-08-19
MDXG,Mimedx Group Inc,Medical - Biomedical,Medical,999943000,24.46,4.99,16.77%,22.70%,0.01,20.67,896523000,60630000,54590000,147702000,42420000,1.76,1.70%,79.15%,N/L,N/L,N/L,N/L,N/L,2025-07-30
MED,Medifast Inc,Food - Misc & Diversified,Consumer Staples,163766000,11.99,0.79,4.81%,6.63%,0,5.14,72836000,5590000,-6320000,10991000,2090000,0.86,2.90%,95.51%,N/L,N/L,N/L,N/L,N/L,2025-08-04
MEDP,Medpace Holdings Inc,Medical Services,Medical,12571336000,33.88,74.279999,21.86%,67.66%,0,32.66,11901896000,514760000,485510000,28093000,404390000,1.47,20.30%,77.98%,N/L,N/L,N/L,N/L,N/L,2025-07-21
MEG,Montrose Environmental Group Inc,Waste Removal Svcs,Business Services,812524000,0,1.8,-1.63%,-3.59%,0.47,14.29,1121454000,81500000,17170000,34664000,-62310000,1.9,11.90%,87.87%,N/L,N/L,N/L,N/L,N/L,2025-08-06
MEIP,Mei Pharma Inc,Medical - Drugs,Medical,44888000,0,2.25,-64.79%,-77.00%,0,1.1,41178000,-15280000,-26560000,6660000,17780000,0.19,3.12%,52.38%,N/L,N/L,N/L,N/L,N/L,2025-09-18
MELI,Mercadolibre Inc,Internet Commerce,Retail-Wholesale,119774688000,58.81,24.23,8.63%,48.46%,1.29,47.950001,120790688000,3483000000,2866000000,50697000,1911000000,1.49,0.25%,87.62%,N/L,N/L,N/L,N/L,N/L,2025-08-07
MERC,Mercer Intl Inc,Paper & Related Products,Basic Materials,264809000,0,0.58,-2.36%,-12.08%,3.44,1.44,1553869000,261530000,56460000,66871000,-85140000,1.04,1.00%,85.79%,N/L,N/L,N/L,N/L,N/L,2025-07-31
MESO,Mesoblast Ltd ADR,Medical - Biomedical,Medical,2090448000,0,4.67,0.00%,0.00%,0.26,N/A,2141828000,-57310000,-61980000,127778000,-87960000,2.39,18.80%,1.43%,N/L,N/L,N/L,N/L,N/L,2025-08-27
MET,Metlife Inc,Insurance - Multi Line,Finance,52737164000,9.43,1.88,0.87%,20.89%,0.71,10.83,51860164000,5133000000,5931000000,671298000,4426000000,0.85,0.35%,94.99%,N/L,N/L,N/L,N/L,N/L,2025-08-06
META,Meta Platforms Inc,Internet - Software,Computers and Technology,1791910400000,27.88,9.71,25.56%,38.69%,0.16,23.26,1776847360000,88615000000,73117000000,2514327000,62360000000,1.28,13.61%,79.91%,N/L,N/L,N/L,N/L,N/L,2025-07-30
METC,Ramaco Resources Inc,Coal,Oils-Energy,1233028000,0,3.51,-0.04%,-0.08%,0.29,15.67,1288568000,135820000,69270000,54704000,11190000,1.3,36.20%,74.49%,N/L,N/L,N/L,N/L,N/L,2025-08-06
MFC,Manulife Financial Corp,Insurance - Life,Finance,53495316000,11.04,1.65,0.75%,15.84%,0.12,10.26,44372816000,4750310000,4775120000,1708024000,4109500000,0.99,0.04%,52.56%,N/L,N/L,N/L,N/L,N/L,2025-08-06
MGA,Magna International,Auto - Truck Original Parts,Auto-Tires-Trucks,12003785000,8.38,0.99,4.56%,11.96%,0.45,3.8,15869785000,5263000000,3629000000,281779000,1009000000,1.5,0.50%,67.49%,N/L,N/L,N/L,N/L,N/L,2025-08-01
MGM,MGM Resorts International,Gaming,Consumer Discretionary,10461407000,14.71,2.84,1.82%,20.64%,1.79,6.69,14442787000,3146430000,2288110000,272149000,746560000,1.76,3.06%,68.11%,N/L,N/L,N/L,N/L,N/L,2025-07-30
MGNI,Magnite Inc,Internet - Software,Computers and Technology,3318931000,69.55,4.37,1.81%,6.71%,0.47,29.68,3385811000,126180000,63550000,141111000,22790000,2.96,3.80%,73.40%,N/L,N/L,N/L,N/L,N/L,2025-08-06
MHK,Mohawk Industries,Textile - Home Furnishings,Consumer Discretionary,7559273000,12.69,0.92,4.37%,7.42%,0.3,5.79,9129473000,1298800000,652300000,62525000,517700000,1.18,17.40%,78.98%,N/L,N/L,N/L,N/L,N/L,2025-07-24
MIR,Mirion Technologies Inc,Technology Services,Business Services,5088479000,55.77,3.24,3.60%,6.07%,0.44,22.299999,5599379000,191900000,38400000,231927000,-36100000,0.83,6.30%,78.51%,N/L,N/L,N/L,N/L,N/L,2025-07-31
MIST,Milestone Pharmaceuticals Inc,Medical - Biomedical,Medical,84473000,0,N/A,-67.20%,-329.85%,0,N/A,59163000,-52040000,-52150000,53464000,-41520000,0.96,19.50%,86.18%,N/L,N/L,N/L,N/L,N/L,2025-08-14
MKC,Mccormick & Company,Food - Misc & Diversified,Consumer Staples,19207168000,24.47,3.41,6.02%,14.43%,0.68,19.07,22879868000,1272500000,1063700000,268369000,788500000,0.68,23.80%,79.74%,N/L,N/L,N/L,N/L,N/L,2025-06-26
MLCO,Melco Resorts & Entertainment ADR,Gaming,Consumer Discretionary,3764826000,35.24,N/A,1.43%,-12.58%,-7.56,5.74,9774696000,1601620000,1039310000,419713000,43540000,0.82,57.09%,39.62%,N/L,N/L,N/L,N/L,N/L,2025-07-31
MLTX,Moonlake Immunotherapeutics,Medical - Biomedical,Medical,3525141000,0,8.54,-28.40%,-30.81%,0.18,N/A,3344711000,-169380000,-170760000,64012000,-118940000,1.27,12.02%,93.85%,N/L,N/L,N/L,N/L,N/L,2025-08-06
MMC,Marsh & Mclennan Companies,Insurance - Brokers,Finance,103437688000,22.45,6.41,8.29%,31.90%,1.19,20,109191688000,6830000000,6084000000,491624000,4060000000,0.8,0.35%,87.99%,N/L,N/L,N/L,N/L,N/L,2025-07-17
MMM,3M Company,Conglomerates - Div Operations,Conglomerates,80570944000,19.39,18.280001,10.62%,96.48%,3.02,14.92,88014944000,5798000000,4435000000,532630000,4173000000,1.02,0.34%,65.25%,N/L,N/L,N/L,N/L,N/L,2025-07-18
MNDY,Monday.com Ltd,Internet - Software,Computers and Technology,14837899000,192.85,13.34,4.79%,7.87%,0,215.320007,13426299000,5420000,-6210000,50773000,32370000,1.3,22.30%,73.70%,N/L,N/L,N/L,N/L,N/L,2025-08-11
MNKD,Mannkind Corp,Medical - Biomedical,Medical,1233968000,25.5,N/A,10.85%,-32.41%,-2.21,29.4,1281508000,88840000,78150000,303933000,27590000,0.96,2.70%,49.55%,N/L,N/L,N/L,N/L,N/L,2025-08-06
MNMD,Mind Medicine Mindmed Inc,Medical - Biomedical,Medical,737397000,0,3.3,-32.13%,-40.33%,0.1,N/A,485507000,-112620000,-113870000,75553000,-108680000,2.45,2.45%,27.91%,N/L,N/L,N/L,N/L,N/L,2025-07-31
MNSO,Miniso Group Holding Ltd ADR,Retail - Apparel & Shoes,Retail-Wholesale,5997028000,17.07,4.03,12.84%,24.23%,0.6,12.57,5196108000,568580000,456090000,312834000,364100000,0.16,73.50%,17.16%,N/L,N/L,N/L,N/L,N/L,2025-08-29
MNST,Monster Beverage Corp,Beverages - Soft,Consumer Staples,59158420000,36.25,9,20.66%,27.46%,0.03,33.98,57999080000,2038470000,1958040000,975246000,1509050000,0.59,8.30%,72.36%,N/L,N/L,N/L,N/L,N/L,2025-08-06
MNTN,Mntn Inc Cl A,Technology Services,Business Services,0,0,N/A,0.00%,0.00%,0,N/A,0,0,0,0,-32877000,N/A,60.30%,72.90%,N/L,N/L,N/L,N/L,N/L,2025-08-05
MO,Altria Group,Tobacco,Consumer Staples,100797608000,11.44,N/A,25.48%,-295.44%,-7.53,11.09,122596608000,11514000000,11228000000,1684452000,11264000000,0.59,0.08%,57.41%,N/L,N/L,N/L,N/L,N/L,2025-07-30
MOD,Modine Manufacturing Company,Auto - Truck Original Parts,Auto-Tires-Trucks,5442390000,24.17,5.6,11.58%,25.31%,0.38,17.4,5721590000,361200000,283500000,52477000,184000000,2.04,2.48%,95.23%,N/L,N/L,N/L,N/L,N/L,2025-07-30
MODG,Topgolf Callaway Brands Corp,Leisure & Recreational Prdcts,Consumer Discretionary,1817307000,44.09,0.73,0.57%,1.51%,0.62,1.01,2854907000,1920500000,194400000,183752000,-1447700000,1.27,2.40%,84.69%,N/L,N/L,N/L,N/L,N/L,2025-08-06
MOGO,Mogo Inc,Technology Services,Business Services,44294000,0,0.97,-4.22%,-10.36%,0.49,26.51,61984000,9620000,3480000,24472000,-9980000,3.57,12.30%,14.79%,N/L,N/L,N/L,N/L,N/L,2025-08-14
MOH,Molina Healthcare Inc,Medical - HMO,Medical,8944084000,6.99,1.86,7.88%,27.72%,0.83,6.06,7205084000,2089000000,1903000000,54200000,1179000000,0.55,1.10%,98.50%,N/L,N/L,N/L,N/L,N/L,2025-07-23
MOMO,Hello Group Inc ADR,Internet - Software,Computers and Technology,1015705000,6.61,0.67,9.95%,15.51%,0.23,8.27,414935000,195560000,187510000,120487000,142420000,0.43,61.40%,50.96%,N/L,N/L,N/L,N/L,N/L,2025-09-02
MORN,Morningstar Inc,Business Information,Business Services,11746490000,33.22,7.31,10.26%,23.23%,0.5,22.5,11942390000,823200000,632800000,42249000,369900000,1.01,36.20%,57.02%,N/L,N/L,N/L,N/L,N/L,2025-07-30
MOS,Mosaic Company,Fertilizers,Basic Materials,11705824000,20.54,1,2.53%,4.91%,0.39,6.56,15657724000,1960300000,787100000,317231000,174900000,1.12,0.50%,77.54%,N/L,N/L,N/L,N/L,N/L,2025-08-05
MP,MP Materials Corp,Mining - Misc,Basic Materials,10147348000,0,9.71,-4.45%,-9.77%,0.88,N/A,10773638000,-8750000,-90710000,163456000,-65420000,2.26,9.50%,52.55%,N/L,N/L,N/L,N/L,N/L,2025-08-07
MPC,Marathon Petroleum Corp,Oil - Refining and Marketing,Oils-Energy,52708704000,26.27,2.31,2.75%,8.89%,1.34,8.31,77182704000,12308000000,9002000000,307214000,3445000000,0.88,0.21%,76.77%,N/L,N/L,N/L,N/L,N/L,2025-08-05
MPLX,Mplx LP,Oil - Production & Pipeline,Oils-Energy,52009864000,11.85,3.72,11.57%,32.08%,1.59,9.23,71641864000,8032000000,6695000000,1020802000,4317000000,0.73,N/A,24.25%,N/L,N/L,N/L,N/L,N/L,2025-08-05
MPW,Medical Properties Trust,REIT - Equity Trust Other,Finance,2595517000,6.06,0.55,-10.91%,-31.14%,1.99,N/A,11111287000,822370000,351270000,600814000,-2410270000,1.29,1.26%,71.79%,N/L,N/L,N/L,N/L,N/L,2025-07-31
MPWR,Monolithic Power Sys,Semi Analog & Mixed,Computers and Technology,34218880000,63.83,10.45,16.79%,19.80%,0,64.690002,33527060000,628930000,612640000,47880000,1786700000,1.2,3.40%,93.46%,N/L,N/L,N/L,N/L,N/L,2025-07-31
MQ,Marqeta Inc Cl A,Financial Transaction Services,Business Services,2711278000,58.3,2.84,3.84%,5.11%,0.21,70.82,1973158000,40330000,26100000,468269000,27290000,1.54,12.12%,78.64%,N/L,N/L,N/L,N/L,N/L,2025-08-06
MREO,Mereo Biopharma Group Plc ADR,Medical - Biomedical,Medical,279840000,0,4.6,-57.27%,-69.34%,0,N/A,210040000,-48080000,-48660000,159000000,-43250000,0.46,5.50%,62.83%,N/L,N/L,N/L,N/L,N/L,2025-08-12
MRK,Merck & Company,Large Cap Pharma,Medical,212709440000,10.8,4.38,17.11%,43.23%,0.69,8.89,233929440000,24897000000,20398000000,2511031000,17117000000,0.39,0.13%,76.07%,N/L,N/L,N/L,N/L,N/L,2025-07-29
MRNA,Moderna Inc,Medical - Biomedical,Medical,13207240000,0,1.31,-21.94%,-28.69%,0,N/A,11280240000,-3635000000,-3729000000,386742000,-3561000000,1.84,11.00%,75.33%,N/L,N/L,N/L,N/L,N/L,2025-08-01
MRP,Millrose Properties Inc,Real Estate Operations,Finance,5136164000,0,0.87,0.00%,0.00%,0.18,N/A,5160354000,-11370000,-11360000,166004000,-246220000,N/A,N/A,N/A,N/L,N/L,N/L,N/L,N/L,2025-07-31
MRUS,Merus N.V. CS,Medical - Biomedical,Medical,4624879000,0,7.62,-29.83%,-35.99%,0,N/A,4331589000,-300290000,-302760000,69214000,-215330000,1,4.57%,96.14%,N/L,N/L,N/L,N/L,N/L,2025-08-07
MRVI,Maravai Lifesciences Holdings Inc Cl A,Medical Products,Medical,685035000,0,1.3,-6.87%,-12.91%,0.56,4.38,658565000,138570000,-87340000,254660000,-144850000,0.28,2.11%,50.25%,N/L,N/L,N/L,N/L,N/L,2025-08-06
MRVL,Marvell Technology Inc,Electronics - Semiconductors,Computers and Technology,64104896000,56.52,4.8,5.70%,8.42%,0.32,29.59,67220400000,1059500000,-297400000,863831000,-885000000,1.81,0.19%,83.51%,N/L,N/L,N/L,N/L,N/L,2025-09-04
MS,Morgan Stanley,Finance - Investment Brokers,Finance,229433632000,16.14,2.34,1.17%,15.33%,2.83,12.38,422616640000,24454000000,19293000000,1604319000,13390000000,1.3,0.19%,84.19%,N/L,N/L,N/L,N/L,N/L,2025-07-16
MSCI,MSCI Inc,Finance - Investment Mgmt,Finance,42263720000,33.52,N/A,23.46%,-143.13%,-4.74,30.16,46365188000,1964530000,1753110000,77365000,1109130000,1.32,3.31%,89.97%,N/L,N/L,N/L,N/L,N/L,2025-07-22
MSFT,Microsoft Corp,Computer - Software,Computers and Technology,3818172160000,39.48,11.8,18.13%,32.74%,0.13,34.389999,4151322240000,144417000000,122130000000,7432544000,88136000000,1.04,0.03%,71.13%,N/L,N/L,N/L,N/L,N/L,2025-07-30
MSTR,Strategy Inc,Computer - Software,Computers and Technology,110971552000,0,3.43,-25.22%,-37.64%,0.25,N/A,118123336000,-7537540000,-7570680000,273403000,-1166660000,3.7,8.46%,59.84%,N/L,N/L,N/L,N/L,N/L,2025-07-31
MT,Arcelormittal ADR,Steel - Producers,Basic Materials,27568502000,11.91,0.52,2.41%,4.11%,0.23,5.55,32647502000,8077000000,5445000000,819272000,1339000000,1.63,0.06%,9.29%,N/L,N/L,N/L,N/L,N/L,2025-07-31
MTB,M&T Bank Corp,Banks - Major Regional,Finance,31103188000,12.37,1.19,1.30%,10.35%,0.43,10.24,25320188000,5545000000,5037000000,160516000,2588000000,0.63,0.53%,84.68%,N/L,N/L,N/L,N/L,N/L,2025-07-16
MTCH,Match Group Inc,Internet - Software,Computers and Technology,8654827000,16.39,N/A,13.12%,-483.83%,-18.76,11.11,11537817000,1135830000,974160000,250429000,551280000,1.34,0.64%,94.05%,N/L,N/L,N/L,N/L,N/L,2025-08-05
MTDR,Matador Resources Company,Oil - US Exploration & Product,Oils-Energy,6359061000,7,1.11,8.27%,16.53%,0.56,3.29,9589730000,3546080000,2555250000,125203000,885320000,1.46,5.80%,91.98%,N/L,N/L,N/L,N/L,N/L,2025-07-22
MTH,Meritage Corp,Building - Residential & Comm,Construction,5011579000,6.39,0.97,8.59%,12.37%,0.01,6.33,5695899000,909970000,884010000,71830000,786190000,1.37,2.20%,98.44%,N/L,N/L,N/L,N/L,N/L,2025-07-23
MTN,Vail Resorts,Leisure & Recreation Services,Consumer Discretionary,5965125000,20.15,4.74,5.13%,30.25%,2.18,11.65,8406815000,1132580000,856090000,37152000,230410000,0.91,1.20%,94.94%,N/L,N/L,N/L,N/L,N/L,2025-06-05
MTX,Minerals Technologies Inc,Chemical - Specialty,Basic Materials,2076859000,10.39,1.15,5.36%,10.59%,0.59,6.43,2709859000,146100000,51200000,31732000,167100000,1.2,3.30%,97.29%,N/L,N/L,N/L,N/L,N/L,2025-07-24
MTZ,Mastec Inc,Building - Heavy Construction,Construction,14690949000,42.76,4.85,3.80%,11.65%,0.76,18.16,16515169000,1452880000,946260000,78903000,162790000,1.75,21.30%,78.10%,N/L,N/L,N/L,N/L,N/L,2025-07-31
MU,Micron Technology,Computer - Integrated Systems,Computers and Technology,124513848000,19.43,2.46,8.90%,13.60%,0.31,14.69,130869848000,15419000000,7639000000,1119125000,778000000,1.35,0.30%,80.84%,N/L,N/L,N/L,N/L,N/L,2025-06-25
MUR,Murphy Oil Corp,Oil - US Exploration & Product,Oils-Energy,3729169000,10.7,0.71,3.75%,6.81%,0.28,2.97,4580969000,2316550000,1441210000,142716000,407170000,1.09,6.52%,78.31%,N/L,N/L,N/L,N/L,N/L,2025-08-06
MURA,Mural Oncology Plc,Medical - Drugs,Medical,41843000,0,0.39,-70.70%,-83.39%,0,N/A,-73617000,-135100000,-138610000,17269000,-128510000,3.03,2.20%,80.21%,N/L,N/L,N/L,N/L,N/L,2025-08-12
MUX,Mcewen Inc,Mining - Misc,Basic Materials,613304000,0,1.29,-4.37%,-6.03%,0.26,N/A,639614000,14280000,-16580000,53988000,-43690000,0.98,16.10%,17.03%,N/L,N/L,N/L,N/L,N/L,2025-08-06
MVIS,Microvision,Lasers - Systems & Components,Computers and Technology,324041000,0,6.93,-92.54%,-161.24%,0,N/A,278041000,-56960000,-72850000,249262000,-96920000,1.56,1.02%,30.90%,N/L,N/L,N/L,N/L,N/L,2025-08-06
MVST,Microvast Hldgs Inc,Technology Services,Business Services,1076879000,0,2.39,-5.02%,-10.97%,0.37,N/A,1122189000,-43210000,-74040000,325341000,-195460000,2.97,29.80%,20.72%,N/L,N/L,N/L,N/L,N/L,2025-08-08
MWA,Mueller Water Products,Steel - Pipe & Tube,Basic Materials,3940452000,21.9,4.44,10.86%,21.31%,0.52,17.82,4080052000,272800000,206600000,156678000,115900000,1.18,1.10%,91.68%,N/L,N/L,N/L,N/L,N/L,2025-08-04
MXL,Maxlinear Inc,Semi Analog & Mixed,Computers and Technology,1384612000,0,2.99,-10.73%,-18.16%,0.25,N/A,1388032000,-138140000,-194820000,84634000,-245200000,1.72,7.80%,90.79%,N/L,N/L,N/L,N/L,N/L,2025-07-23
NA,Nano Labs Ltd ADR,Electronics - Semiconductors,Computers and Technology,214344000,0,3.82,0.00%,0.00%,0.76,N/A,234254000,-12080000,7030000,29524000,-15750000,3.22,N/A,50.68%,N/L,N/L,N/L,N/L,N/L,2025-03-25
NAGE,Niagen Bioscience Inc,Medical - Biomedical,Medical,734136000,103,13.18,12.20%,19.06%,0,156.720001,689476000,14030000,13220000,78770000,8550000,2.14,9.39%,15.41%,N/L,N/L,N/L,N/L,N/L,2025-08-06
NAK,Northern Dynasty Minerals,Mining - Gold,Basic Materials,481759000,0,11.9,-13.84%,-19.47%,0,N/A,469979000,-13350000,-13470000,541302000,-26380000,-0.69,2.23%,10.55%,N/L,N/L,N/L,N/L,N/L,2025-08-13
NAT,Nordic American Tanker Shipping Ltd,Transportation - Ship,Transportation,578080000,16.29,1.17,4.23%,7.01%,0.68,5.66,803400000,177360000,120360000,211751000,46640000,-0.19,2.85%,44.29%,N/L,N/L,N/L,N/L,N/L,2025-09-04
NB,Niocorp Developments Ltd,Mining - Misc,Basic Materials,174926000,0,22.75,-91.68%,-298.16%,0,N/A,182106000,-13760000,-6900000,55709000,-16700000,-0.37,19.10%,4.03%,N/L,N/L,N/L,N/L,N/L,2025-05-08
NBBK,Nb Bancorp Inc,Banks - Northeast,Finance,748922000,13.23,1.06,1.07%,7.34%,0.12,16.92,505902000,70820000,68190000,40570000,42150000,0.46,1.90%,0.00%,N/L,N/L,N/L,N/L,N/L,2025-07-23
NBIS,Nebius Group N.V. Cl A,Internet Software Services,Computers and Technology,12110681000,58.61,3.89,-9.69%,-10.24%,0,N/A,9667181000,-545800000,-623100000,235754000,-641400000,3.25,N/A,21.90%,N/L,N/L,N/L,N/L,N/L,2025-07-29
NBIX,Neurocrine Bioscienc,Medical - Drugs,Medical,13077368000,44.62,5.14,8.59%,11.81%,0,38.950001,12844368000,495700000,494800000,98966000,341300000,0.24,4.80%,92.59%,N/L,N/L,N/L,N/L,N/L,2025-07-30
NCLH,Norwegian Cruise Ord,Leisure & Recreation Services,Consumer Discretionary,10642942000,14.87,7.36,3.84%,66.78%,9.88,5.68,23552662000,3320580000,2347070000,446807000,910260000,2.13,0.41%,69.58%,N/L,N/L,N/L,N/L,N/L,2025-07-31
NCMI,National Cinemedia,Advertising Marketing Services,Business Services,474349000,0,1.28,-2.07%,-2.83%,0,12.77,406249000,77700000,34500000,94304000,-22300000,2.06,0.25%,69.49%,N/L,N/L,N/L,N/L,N/L,2025-08-05
NCNO,Ncino Inc,Internet - Software,Computers and Technology,3571014000,0,3.32,0.13%,0.19%,0.24,65.489998,3677224000,32500000,-15980000,115942000,-37880000,0.77,5.70%,94.76%,N/L,N/L,N/L,N/L,N/L,2025-08-26
NDAQ,Nasdaq Inc,Securities Exchanges,Finance,54449728000,29.78,4.54,5.95%,15.90%,0.77,23.950001,62907728000,3148000000,2535000000,574122000,1117000000,1.01,0.70%,72.47%,N/L,N/L,N/L,N/L,N/L,2025-07-24
NE,Noble Corp Plc,Oil & Gas - Drilling,Oils-Energy,4498323000,13.54,0.98,4.45%,7.29%,0.42,6.42,6231213000,1537430000,1168840000,158783000,448350000,1.11,1.20%,68.14%,N/L,N/L,N/L,N/L,N/L,2025-08-05
NEE,Nextera Energy,Utility - Electric Power,Utilities,147960128000,19.99,2.43,3.86%,12.31%,1.49,11.54,229207136000,19142000000,13381000000,2059292000,6946000000,0.67,0.20%,78.72%,N/L,N/L,N/L,N/L,N/L,2025-07-23
NEGG,Newegg Commerce Inc,Internet Commerce,Retail-Wholesale,1305187000,0,11.01,0.00%,0.00%,0,N/A,1205447000,-2580000,-13280000,38041000,-43330000,2.81,22.90%,0.45%,N/L,N/L,N/L,N/L,N/L,2025-07-28
NEM,Newmont Mining Corp,Mining - Gold,Basic Materials,73179552000,12.58,2.18,9.86%,18.13%,0.24,10.56,78036552000,11467000000,8891000000,1112997000,3348000000,0.33,0.05%,68.85%,N/L,N/L,N/L,N/L,N/L,2025-07-24
NEO,Neogenomics Inc,Medical - Biomedical,Medical,809492000,0,0.93,-1.22%,-2.21%,0.23,14.63,643262000,-13910000,-89370000,128695000,-78730000,1.63,2.40%,98.50%,N/L,N/L,N/L,N/L,N/L,2025-07-29
NEOG,Neogen Corp,Medical Products,Medical,1132938000,14.22,0.42,1.82%,2.69%,0.33,5,1850718000,149290000,24620000,217038000,-9420000,1.77,1.13%,96.73%,N/L,N/L,N/L,N/L,N/L,2025-07-29
NEON,Neonode Inc,Computer - Software,Computers and Technology,458847000,0,30.48,-33.96%,-38.24%,0,N/A,442417000,-6130000,-6270000,16783000,-6470000,0.78,23.93%,11.63%,N/L,N/L,N/L,N/L,N/L,2025-08-14
NET,Cloudflare Inc Cl A,Internet - Software,Computers and Technology,68774352000,0,46.57,-2.10%,-6.31%,0,413.720001,68622392000,56040000,-153460000,346610000,-78800000,1.85,10.89%,82.68%,N/L,N/L,N/L,N/L,N/L,2025-07-31
NEWP,New Pacific Metals Corp,Mining - Misc,Basic Materials,289616000,0,2.22,-3.19%,-3.22%,0,N/A,267666000,-5670000,-5880000,171879000,-6020000,0.69,2.90%,22.95%,N/L,N/L,N/L,N/L,N/L,2025-09-08
NEXT,Nextdecade Corp,Oil Gas Prod Pipeline MLP,Oils-Energy,2953094000,0,1.74,-8.02%,-32.09%,2.64,N/A,6480764000,-107860000,-179870000,260874000,-61750000,1.08,1.20%,66.74%,N/L,N/L,N/L,N/L,N/L,2025-08-13
NFE,New Fortress Energy Llc,Oil - International Integrated,Oils-Energy,1035098000,0,0.61,-1.99%,-13.50%,4.81,3.72,9054918000,695940000,500240000,274198000,-249040000,1.3,29.40%,58.61%,N/L,N/L,N/L,N/L,N/L,2025-08-08
NFLX,Netflix Inc,Broadcast - Radio & TV,Consumer Discretionary,501620864000,50.31,20.110001,19.42%,42.50%,0.58,20.75,507614496000,27934370000,12303940000,424926000,8711630000,1.59,1.37%,80.93%,N/L,N/L,N/L,N/L,N/L,2025-07-17
NG,Novagold Resources Inc,Mining - Gold,Basic Materials,2180974000,0,13.79,-27.68%,-758.79%,0.96,N/A,2290274000,-36420000,-36420000,406898000,-45620000,0.67,2.88%,57.56%,N/L,N/L,N/L,N/L,N/L,2025-06-25
NGD,New Gold Inc,Mining - Gold,Basic Materials,3491251000,23.32,2.36,6.23%,12.60%,0.49,8.73,3783051000,679300000,431200000,791667000,102600000,0.45,0.20%,42.82%,N/L,N/L,N/L,N/L,N/L,2025-07-28
NGNE,Neurogene Inc,Medical - Biomedical,Medical,324033000,0,1.11,-32.51%,-36.16%,0,N/A,187443000,-88910000,-89740000,14262000,-75140000,1.51,11.64%,52.37%,N/L,N/L,N/L,N/L,N/L,2025-08-08
NI,NiSource Inc,Utility - Electric Power,Utilities,19854252000,22.29,1.8,2.80%,8.41%,1.36,10.5,33615952000,3734400000,2691200000,470703000,760400000,0.54,0.24%,91.64%,N/L,N/L,N/L,N/L,N/L,2025-08-06
NICE,Nice Ltd ADR,Internet - Software,Computers and Technology,10273065000,18.12,2.92,11.15%,16.37%,0.13,13.63,10250145000,769670000,572680000,63250000,442590000,1,0.02%,63.34%,N/L,N/L,N/L,N/L,N/L,2025-08-21
NIO,Nio Inc ADR,Auto - Foreign,Auto-Tires-Trucks,10268871000,0,N/A,-23.51%,-286.45%,-37.11,N/A,9533281000,-2079120000,-3134110000,2087169000,-3056480000,1.55,1.00%,48.55%,N/L,N/L,N/L,N/L,N/L,2025-09-04
NKE,Nike Inc,Shoes and Related Apparel,Consumer Staples,112813008000,34.92,8.44,8.57%,23.33%,0.6,27.700001,113310008000,4510000000,3702000000,1479127000,3219000000,1.25,1.10%,64.25%,N/L,N/L,N/L,N/L,N/L,2025-06-26
NKTR,Nektar Therapeutics,Medical - Drugs,Medical,310175000,0,22.209999,-55.24%,-329.54%,0,N/A,265925000,-150310000,-154700000,12407000,-118960000,0.94,5.25%,75.88%,N/L,N/L,N/L,N/L,N/L,2025-08-14
NLY,Annaly Capital Management Inc,REIT - Mortgage Trusts,Finance,12464998000,7.26,1.03,1.68%,15.53%,0,6.73,12513538000,5436800000,5289820000,597555000,1001910000,1.22,0.22%,51.56%,N/L,N/L,N/L,N/L,N/L,2025-07-23
NMAX,Newsmax Inc Cl B,Broadcast - Radio & TV,Consumer Discretionary,1784419000,0,10.11,0.00%,0.00%,0,N/A,1975689000,-56240000,-62410000,128191000,-72170000,N/A,N/A,N/A,N/L,N/L,N/L,N/L,N/L,2025-08-21
NMM,Navios Maritime Partners LP,Transportation - Ship,Transportation,1271200000,4.12,0.41,5.70%,10.42%,0.68,1.99,3100350000,989410000,692460000,29694000,367310000,1.34,N/A,62.74%,N/L,N/L,N/L,N/L,N/L,2025-08-19
NMRA,Neumora Therapeutics Inc,Medical - Biomedical,Medical,380108000,0,1.62,-77.57%,-84.79%,0,N/A,236748000,-279420000,-274330000,161748000,-243790000,2.75,26.80%,47.65%,N/L,N/L,N/L,N/L,N/L,2025-08-06
NN,Nextnav Inc,Technology Services,Business Services,2038914000,0,307.690002,-46.43%,-193.20%,32.44,N/A,2054204000,-44170000,-55580000,132397000,-101880000,1.05,7.70%,79.16%,N/L,N/L,N/L,N/L,N/L,2025-08-06
NNDM,Nano Dimension ADR,Nanotechnology,N/A,322665000,0,0.39,-9.38%,-9.90%,0,N/A,5915000,-100870000,-107550000,217283000,-95890000,1.13,13.09%,33.89%,N/L,N/L,N/L,N/L,N/L,2025-08-19
NNE,Nano Nuclear Energy Inc,Other Alt Energy,Oils-Energy,1735686000,0,10.94,-38.84%,-41.09%,0,N/A,1707176000,-34200000,-34310000,41474000,-10150000,7.29,32.77%,N/A,N/L,N/L,N/L,N/L,N/L,2025-08-14
NNOX,Nano-X Imaging Ltd,Technology Services,Business Services,300451000,0,1.7,-27.73%,-30.92%,0.02,N/A,264211000,-46250000,-57720000,57779000,-53520000,1.96,7.74%,21.49%,N/L,N/L,N/L,N/L,N/L,2025-08-19
NOC,Northrop Grumman Corp,Aerospace - Defense,Aerospace,81577072000,21.4,5.26,7.89%,25.52%,0.95,15.79,91916072000,5242000000,3872000000,143183000,4174000000,0.15,0.23%,83.40%,N/L,N/L,N/L,N/L,N/L,2025-07-22
NOG,Northern Oil and Gas,Oil - US Exploration & Product,Oils-Energy,2811090000,5.42,1.18,10.14%,23.46%,0.96,2.24,5171450000,2536600000,1787430000,98704000,520310000,1.5,2.90%,98.80%,N/L,N/L,N/L,N/L,N/L,2025-07-31
NOK,Nokia Corp ADR,Wireless Equipment,Computers and Technology,23298998000,12.76,1.06,4.47%,8.38%,0.2,6.87,20338378000,2776600000,1679350000,5380831000,1381840000,0.91,0.00%,5.28%,N/L,N/L,N/L,N/L,N/L,2025-07-24
NOTE,Fiscalnote Hldgs Inc,Technology Services,Business Services,123251000,0,1.15,-18.10%,-59.01%,1.2,N/A,240881000,-1120000,-24700000,158217000,9520000,0.58,40.16%,54.31%,N/L,N/L,N/L,N/L,N/L,2025-08-14
NOV,Nov Inc,Oil Field Machinery & Equip,Oils-Energy,5249060000,9.14,0.79,5.19%,9.11%,0.27,5.45,5759060000,1209000000,866000000,375738000,635000000,1.28,2.08%,93.27%,N/L,N/L,N/L,N/L,N/L,2025-07-28
NOW,Servicenow Inc,IT Services,Computers and Technology,200523056000,115.7,18.860001,8.81%,18.04%,0.15,78.349998,199708064000,2597000000,1483000000,206983000,1425000000,0.94,0.38%,87.18%,N/L,N/L,N/L,N/L,N/L,2025-07-23
NPKI,Npk International Inc,Internet - Software,Computers and Technology,763243000,28.25,2.39,6.28%,8.09%,0.02,16.030001,753213000,62530000,34020000,84523000,-150260000,2.1,4.90%,80.81%,N/L,N/L,N/L,N/L,N/L,2025-08-05
NPWR,Net Power Inc.,Other Alt Energy,Oils-Energy,613388000,0,0.94,-7.12%,-22.52%,0,18.290001,1790738000,-18090000,-99710000,219067000,-49190000,0.7,2.71%,53.62%,N/L,N/L,N/L,N/L,N/L,2025-08-11
NRDS,Nerdwallet Inc Cl A,Finance - Misc Services,Finance,816663000,0,2.18,-1.91%,-2.34%,0,19.73,750363000,54800000,6400000,74513000,30400000,1.45,46.54%,38.81%,N/L,N/L,N/L,N/L,N/L,2025-08-07
NRG,NRG Energy,Utility - Electric Power,Utilities,30614910000,21.15,15.13,6.59%,73.78%,3.89,10.13,40899912000,5830000000,4147000000,195510000,1125000000,1.13,0.86%,97.72%,N/L,N/L,N/L,N/L,N/L,2025-08-06
NRGV,Energy Vault Hldgs Inc,Other Alt Energy,Oils-Energy,205978000,0,1.81,-50.39%,-74.45%,0.12,N/A,178888000,-124140000,-125200000,156044000,-135750000,0.7,15.40%,40.03%,N/L,N/L,N/L,N/L,N/L,2025-08-07
NRXP,Nrx Pharmaceuticals Inc,Medical - Drugs,Medical,51867000,0,N/A,-355.00%,0.00%,0,N/A,55757000,-17540000,-17550000,17289000,-25130000,1.59,19.00%,4.27%,N/L,N/L,N/L,N/L,N/L,2025-08-13
NSC,Norfolk Southern Corp,Transportation - Rail,Transportation,63660596000,23.09,4.32,6.30%,19.65%,1.19,15.57,79225600000,7719000000,6366000000,225443000,2622000000,1.31,0.06%,75.10%,N/L,N/L,N/L,N/L,N/L,2025-07-29
NTAP,Netapp Inc,Computer - Storage Devices,Computers and Technology,21026408000,17.83,20.16,12.84%,126.96%,3.11,14.42,21519408000,1580000000,1337000000,200366000,1186000000,1.42,0.47%,92.17%,N/L,N/L,N/L,N/L,N/L,2025-08-27
NTES,Netease Inc ADR,Internet Software Services,Computers and Technology,85839040000,19.61,4.24,16.90%,23.08%,0.07,19.629999,80064200000,4767360000,4436110000,633592000,4069090000,0.69,54.70%,11.07%,N/L,N/L,N/L,N/L,N/L,2025-08-28
NTGR,Netgear Inc,Computer - Networks,Computers and Technology,742000000,0,1.4,-4.85%,-7.63%,0,N/A,455560000,27570000,21060000,28782000,12360000,1.13,2.30%,82.97%,N/L,N/L,N/L,N/L,N/L,2025-07-30
NTLA,Intellia Thera CS,Medical - Biomedical,Medical,1408211000,0,1.7,-44.25%,-56.06%,0,N/A,1219031000,-530780000,-541070000,103583000,-519020000,2.21,3.10%,88.77%,N/L,N/L,N/L,N/L,N/L,2025-08-14
NTNX,Nutanix Inc,IT Services,Computers and Technology,20022672000,151.02,N/A,6.00%,-21.32%,0,118.559998,19367402000,243940000,129140000,268077000,-124780000,0.67,6.80%,85.25%,N/L,N/L,N/L,N/L,N/L,2025-08-27
NTR,Nutrien Ltd,Fertilizers,Basic Materials,29267256000,19.83,1.22,2.86%,6.08%,0.55,7.35,39866256000,4002000000,1663000000,487057000,674000000,0.8,3.09%,63.10%,N/L,N/L,N/L,N/L,N/L,2025-08-06
NTRA,Natera Inc,Medical Services,Medical,18966378000,0,15.38,-11.68%,-18.29%,0.06,N/A,18101148000,-195820000,-227160000,136547000,-190430000,1.73,7.60%,99.90%,N/L,N/L,N/L,N/L,N/L,2025-08-14
NTRS,Northern Trust Corp,Banks - Major Regional,Finance,25295904000,15.61,2.09,1.04%,14.06%,0.54,11.22,-12816497000,7576400000,6894700000,194539000,2031100000,1.26,0.77%,83.19%,N/L,N/L,N/L,N/L,N/L,2025-07-23
NU,Nu Holdings Ltd Cl A,Banks - Foreign,Finance,61341528000,26.56,7.14,4.80%,30.77%,0.2,26.889999,53886148000,3055820000,2978690000,4818659000,1972110000,1.07,1.20%,84.02%,N/L,N/L,N/L,N/L,N/L,2025-08-14
NUE,Nucor Corp,Steel - Producers,Basic Materials,33650420000,22.96,1.55,4.27%,6.82%,0.37,9.53,37042420000,3344210000,1988210000,230751000,2027000000,1.7,0.46%,76.48%,N/L,N/L,N/L,N/L,N/L,2025-07-28
NUVB,Nuvation Bio Inc,Medical - Biomedical,Medical,850658000,0,2.04,-32.97%,-44.14%,0.01,N/A,821218000,-630750000,-631430000,340263000,-567940000,1.33,29.93%,61.67%,N/L,N/L,N/L,N/L,N/L,2025-08-07
NUVL,Nuvalent Inc Cl A,Medical - Biomedical,Medical,5845970000,0,5.83,-29.27%,-31.35%,0,N/A,5700280000,-337260000,-322590000,71809000,-260760000,1.31,10.20%,97.26%,N/L,N/L,N/L,N/L,N/L,2025-08-14
NVAX,Novavax Inc,Medical - Biomedical,Medical,1209916000,2.88,N/A,29.99%,-115.51%,0,N/A,669056000,459910000,411410000,161970000,-187500000,2.69,1.00%,53.04%,N/L,N/L,N/L,N/L,N/L,2025-08-14
NVCR,Novocure Ltd Ord Sh,Medical - Biomedical,Medical,1342291000,0,3.86,-13.82%,-47.36%,0.27,N/A,1273501000,-181250000,-166840000,111486000,-168630000,0.72,5.52%,84.61%,N/L,N/L,N/L,N/L,N/L,2025-07-24
NVCT,Nuvectis Pharma Inc,Medical - Biomedical,Medical,162555000,0,8.71,-95.60%,-148.83%,0,N/A,144025000,-21020000,-21020000,20894000,-19000000,-0.25,30.52%,96.77%,N/L,N/L,N/L,N/L,N/L,2025-08-05
NVDA,Nvidia Corp,Semi General,Computers and Technology,4233400000000,56.96,50.560001,72.19%,105.09%,0.1,56.82,4232140160000,88046000000,86182000000,24400000000,72880000000,2.13,4.17%,65.27%,N/L,N/L,N/L,N/L,N/L,2025-08-27
NVMI,Nova Ltd,Electronics - Semiconductors,Computers and Technology,7603425000,38.19,7.8,16.15%,23.98%,0.18,37.41,7626205000,225030000,213550000,29400000,183760000,1.66,1.00%,82.99%,N/L,N/L,N/L,N/L,N/L,2025-08-07
NVNO,Envveno Medical Corp,Medical Instruments,Medical,86979000,0,2.3,-48.23%,-51.32%,0,N/A,85229000,-22740000,-23270000,17536000,-21820000,0.93,16.00%,34.71%,N/L,N/L,N/L,N/L,N/L,2025-07-30
NVO,Novo Nordisk A/S ADR,Large Cap Pharma,Medical,320140480000,20.93,16.16,24.23%,80.94%,0.86,18.129999,332774624000,22216310000,19445790000,4465000000,14643260000,0.64,0.07%,11.54%,N/L,N/L,N/L,N/L,N/L,2025-08-06
NVRI,Enviri Corporation,Waste Removal Svcs,Business Services,751596000,0,1.68,-0.61%,-3.43%,3.26,4.31,2093156000,232250000,52450000,80213000,-127970000,1.8,2.50%,93.43%,N/L,N/L,N/L,N/L,N/L,2025-08-05
NVS,Novartis Ag ADR,Large Cap Pharma,Medical,248632080000,13.44,5.9,16.83%,41.08%,0.73,10.98,266771072000,22798000000,16684000000,2112422000,11941000000,0.59,0.01%,13.12%,N/L,N/L,N/L,N/L,N/L,2025-07-17
NVT,Nvent Electric Plc,Electronics - Misc Components,Computers and Technology,12928865000,26.4,3.51,6.84%,13.54%,0.49,22.440001,14952665000,646100000,497900000,164636000,331800000,1.31,1.80%,90.05%,N/L,N/L,N/L,N/L,N/L,2025-08-01
NVTS,Navitas Semiconductor Corp,Electronics - Semiconductors,Computers and Technology,1685992000,0,5.04,-20.38%,-22.62%,0,N/A,1599252000,-82410000,-104300000,191808000,-84600000,3.01,29.90%,46.14%,N/L,N/L,N/L,N/L,N/L,2025-08-04
NWG,Natwest Group Plc ADR,Banks - Foreign,Finance,57212916000,9.23,1.04,0.69%,12.33%,0.17,7.78,-53782896000,22243540000,20891520000,4046175000,6136480000,1.01,N/A,1.27%,N/L,N/L,N/L,N/L,N/L,2025-07-25
NWL,Newell Rubbermaid Inc,Consumer Prdts - Misc Staple,Consumer Staples,2618979000,9.18,0.95,2.46%,9.95%,1.83,2.66,7015979000,1101000000,425000000,417700000,-216000000,0.96,0.71%,92.50%,N/L,N/L,N/L,N/L,N/L,2025-08-01
NXDR,Nextdoor Holdings Inc.,Internet - Software,Computers and Technology,719266000,0,1.65,-13.84%,-15.75%,0,N/A,719266000,0,0,382588000,-98063000,1.19,33.39%,35.66%,N/L,N/L,N/L,N/L,N/L,2025-08-07
NXDT,Nexpoint Diversified Real Estate Trust,N/A,N/A,N/A,N/A,N/A,N/A,N/A,0.42787,N/A,N/A,N/A,N/A,N/A,-46730000,N/A,N/A,N/A,N/L,N/L,N/L,N/L,N/L,N/A
NXE,Nexgen Energy Ltd,Mining - Misc,Basic Materials,4168483000,0,5.5,-6.85%,-9.62%,0.38,N/A,4153303000,-52170000,-53810000,571025000,-56600000,1.55,5.60%,42.43%,N/L,N/L,N/L,N/L,N/L,2025-08-06
NXPI,Nxp Semiconductors,Semi Analog & Mixed,Computers and Technology,56409524000,21.7,5.71,10.75%,27.72%,1.26,14.61,64319524000,4321000000,3396000000,252629000,2510000000,1.4,0.12%,90.54%,N/L,N/L,N/L,N/L,N/L,2025-07-21
NXT,Nextracker Inc Cl A,Solar,Oils-Energy,9438416000,17.57,5.67,18.38%,38.87%,0,17.299999,8672316000,654350000,639120000,146264000,509170000,2.25,0.56%,67.41%,N/L,N/L,N/L,N/L,N/L,2025-07-29
NYT,New York Times Company,Publishing - Newspapers,Consumer Staples,8579691000,25.05,4.58,12.69%,18.70%,0,20.33,8380241000,541490000,449470000,163050000,293830000,1.11,1.90%,95.37%,N/L,N/L,N/L,N/L,N/L,2025-08-06
O,Realty Income Corp,REIT - Equity Trust Retail,Finance,52288336000,13.75,1.32,1.42%,2.51%,0.69,15.23,78070368000,5789760000,3315960000,903080000,860770000,0.75,0.10%,70.81%,N/L,N/L,N/L,N/L,N/L,2025-08-06
OCFT,Oneconnect Financial Technology Ltd America,Technology Services,Business Services,292103000,0,0.86,-4.42%,-7.20%,0.01,0.02,16593000,14828830000,-40680000,38999000,-63940000,0.5,N/A,4.05%,N/L,N/L,N/L,N/L,N/L,2025-08-15
OCGN,Ocugen Inc,Medical - Biomedical,Medical,318314000,0,20.549999,-92.20%,-223.00%,1.74,N/A,288484000,-55070000,-57040000,292031000,-54050000,4.18,4.42%,10.27%,N/L,N/L,N/L,N/L,N/L,2025-08-01
OCSL,Oaktree Specialty Lending Corp,Finance - Misc Services,Finance,1273724000,6.86,0.86,5.48%,11.77%,0.63,6.39,2123874000,291690000,286650000,88086000,57910000,0.68,0.28%,36.79%,N/L,N/L,N/L,N/L,N/L,2025-08-05
OCUL,Ocular Therapeut,Medical - Drugs,Medical,1945053000,0,7.14,-41.98%,-59.92%,0.26,N/A,1621463000,-200300000,-204090000,159300000,-193510000,1.43,2.30%,59.21%,N/L,N/L,N/L,N/L,N/L,2025-08-06
ODD,Oddity Tech Ltd Cl A,Internet - Software,Computers and Technology,3790162000,41.08,11.76,20.67%,30.67%,0,36.52,3739822000,129100000,119270000,55828000,101490000,3.3,N/A,35.88%,N/L,N/L,N/L,N/L,N/L,2025-08-04
ODFL,Old Dominion Freight Line Inc,Transportation - Truck,Transportation,35310292000,31.48,8.4,21.12%,27.40%,0.01,23.4,35261604000,2189380000,1844800000,211325000,1186070000,1.25,10.00%,77.82%,N/L,N/L,N/L,N/L,N/L,2025-07-30
ODV,Osisko Dev Corp,Mining - Gold,Basic Materials,327167000,0,0.89,-11.29%,-16.49%,0.08,N/A,282767000,-45460000,-53500000,138045000,-63010000,0.61,0.90%,15.16%,N/L,N/L,N/L,N/L,N/L,2025-08-11
OEC,Orion S.A.,Chemical - Specialty,Basic Materials,638102000,7.75,1.36,4.39%,17.66%,2.09,2.83,1499702000,207900000,81100000,56270000,44200000,1.07,2.70%,94.33%,N/L,N/L,N/L,N/L,N/L,2025-08-06
OGN,Organon & Co.,Medical Services,Medical,2654151000,2.78,4.83,7.34%,227.43%,16.52,2.04,10859150000,1502000000,1225000000,259956000,864000000,0.6,1.96%,77.43%,N/L,N/L,N/L,N/L,N/L,2025-08-05
OHI,Omega Healthcare Investors,REIT - Equity Trust Other,Finance,11318239000,13.27,2.29,4.71%,9.98%,0.9,14.59,15608359000,1276010000,960900000,289395000,406330000,0.68,1.50%,65.25%,N/L,N/L,N/L,N/L,N/L,2025-07-31
OKE,Oneok Inc,Oil Gas Prod Pipeline MLP,Oils-Energy,51333020000,16.02,2.32,5.42%,15.58%,1.44,11.49,82677024000,7539000000,6405000000,629544000,3035000000,0.93,0.21%,69.13%,N/L,N/L,N/L,N/L,N/L,2025-08-04
OKLO,Oklo Inc,Other Alt Energy,Oils-Energy,10534514000,0,38.549999,-20.19%,-22.57%,0,N/A,10437384000,-70920000,-70670000,139530000,-73620000,0.57,18.90%,85.03%,N/L,N/L,N/L,N/L,N/L,2025-08-12
OKTA,Okta Inc Cl A,Security,Computers and Technology,17699878000,103.04,2.61,1.92%,2.79%,0.08,55.689999,17799878000,241000000,23000000,175073000,28000000,0.82,5.68%,86.64%,N/L,N/L,N/L,N/L,N/L,2025-08-27
OLED,Universal Display,Electronics - Misc Components,Computers and Technology,7091355000,29.49,4.28,13.47%,15.35%,0,25.809999,6992375000,300540000,263800000,47526000,222080000,1.51,1.90%,78.19%,N/L,N/L,N/L,N/L,N/L,2025-07-31
OLN,Olin Corp,Chemical - Diversified,Basic Materials,2447792000,38.37,1.17,0.86%,3.13%,1.49,3.85,5114392000,761000000,242900000,115136000,108600000,1.52,1.60%,88.67%,N/L,N/L,N/L,N/L,N/L,2025-07-28
OLO,Olo Inc Cl A,Internet - Software,Computers and Technology,1683402000,253.25,2.42,1.32%,1.46%,0,86.529999,1396642000,40000,-14400000,166016000,-900000,1.57,39.33%,93.40%,N/L,N/L,N/L,N/L,N/L,2025-08-04
OMC,Omnicom Group Inc,Advertising Marketing Services,Business Services,14815936000,9.41,2.96,5.61%,33.62%,1.25,8.22,16962136000,2600500000,2358800000,193723000,1480600000,0.92,1.00%,91.97%,N/L,N/L,N/L,N/L,N/L,2025-07-15
OMER,Omeros Corp,Medical Products,Medical,224411000,0,N/A,-59.68%,0.00%,-0.74,N/A,408591000,-162550000,-165200000,58593000,-156820000,2.16,12.90%,48.79%,N/L,N/L,N/L,N/L,N/L,2025-08-06
OMEX,Odyssey Marine Expl,Transportation - Ship,Transportation,51391000,0,N/A,59.37%,-14.85%,-0.17,2.31,59681000,-5370000,-9520000,31336000,15660000,-0.77,8.00%,49.96%,N/L,N/L,N/L,N/L,N/L,2025-08-08
OMF,Onemain Holdings Inc,Finance - Consumer Loans,Finance,7065569000,11.36,2.13,2.41%,19.30%,6.55,8.1,28045568000,2235000000,1958000000,118969000,509000000,1.32,0.40%,85.82%,N/L,N/L,N/L,N/L,N/L,2025-07-25
OMI,Owens & Minor,Medical Products,Medical,608769000,5.09,1.07,2.47%,17.09%,3.41,0.89,2412989000,661650000,89760000,77255000,-362690000,1.4,3.69%,98.04%,N/L,N/L,N/L,N/L,N/L,2025-08-01
ON,On Semiconductor,Semi Analog & Mixed,Computers and Technology,23786016000,16.07,2.88,10.72%,17.40%,0.42,10.01,24440616000,1373600000,719600000,417885000,1572800000,1.43,0.31%,97.70%,N/L,N/L,N/L,N/L,N/L,2025-08-04
ONDS,Ondas Holdings Inc,Communication Network Software,Computers and Technology,382465000,0,10.95,-47.40%,-232.07%,0.01,N/A,372125000,-27600000,-35790000,179561000,-38010000,2.29,8.00%,37.73%,N/L,N/L,N/L,N/L,N/L,2025-08-13
ONON,On Holding Ag Cl A,Retail - Apparel & Shoes,Retail-Wholesale,31961184000,71.36,19.4,8.83%,14.79%,0,86.279999,30911274000,400820000,282000000,629653000,275230000,2.25,68.57%,36.39%,N/L,N/L,N/L,N/L,N/L,2025-08-12
OPAD,Offerpad Solutions Inc,Real Estate Operations,Finance,49577000,0,1.56,-17.81%,-105.89%,6.17,N/A,213187000,-41600000,-44000000,27543000,-62160000,2.12,40.60%,39.44%,N/L,N/L,N/L,N/L,N/L,2025-08-04
OPEN,Opendoor Technologies Inc,Internet - Software,Computers and Technology,1851398000,0,2.73,-10.19%,-44.74%,3.31,N/A,3012398000,-219000000,-272000000,728897000,-392000000,2.78,1.96%,62.36%,N/L,N/L,N/L,N/L,N/L,2025-08-05
OPFI,Oppfi Inc,Financial Transaction Services,Business Services,978326000,9.15,4.11,17.42%,48.24%,1.22,10.24,1208796000,152430000,140400000,86808000,7260000,1.73,72.00%,7.10%,N/L,N/L,N/L,N/L,N/L,2025-08-06
OPI,Office Properties Income Trust,REIT - Equity Trust Resident,Finance,19666000,0.21,0.02,-4.74%,-14.53%,2.13,0.24,2279126000,283770000,73970000,70895000,-136110000,1.56,1.77%,64.41%,N/L,N/L,N/L,N/L,N/L,2025-07-30
OPK,Opko Health Inc,Medical Instruments,Medical,1086483000,0,0.85,-1.82%,-2.85%,0.26,20.35,915143000,33450000,-66700000,793053000,-53220000,1.34,49.69%,64.63%,N/L,N/L,N/L,N/L,N/L,2025-07-31
OPRA,Opera Ltd ADR,Internet - Content,Computers and Technology,1539417000,17.98,1.63,8.28%,9.21%,0,15.68,1412617000,126290000,110710000,89501000,80770000,0.98,84.36%,10.21%,N/L,N/L,N/L,N/L,N/L,2025-08-28
OPTT,Ocean Power Tech Inc,Other Alt Energy,Oils-Energy,110577000,0,3.81,-68.51%,-84.57%,0,N/A,107427000,-20160000,-21030000,172051000,-27480000,2.62,1.00%,11.93%,N/L,N/L,N/L,N/L,N/L,2025-09-15
OR,OR Royalties Inc,Mining - Misc,Basic Materials,5253148000,49.82,4.3,7.59%,8.66%,0.06,39.810001,5287948000,120830000,87260000,188150000,16270000,0.75,0.60%,68.52%,N/L,N/L,N/L,N/L,N/L,2025-08-05
ORC,Orchid Island Capital Inc,REIT - Mortgage Trusts,Finance,938958000,22.81,0.91,0.53%,4.61%,0,N/A,603908000,281310000,281310000,126715000,37660000,1.49,0.38%,32.74%,N/L,N/L,N/L,N/L,N/L,2025-07-24
ORCL,Oracle Corp,Computer - Software,Computers and Technology,688501120000,49.97,32.529999,8.94%,87.34%,4.07,36.310001,763012096000,26159000000,19985000000,2808833000,12443000000,1.39,42.20%,42.44%,N/L,N/L,N/L,N/L,N/L,2025-09-08
ORGN,Origin Materials Inc,Biofuels,Oils-Energy,115158000,0,0.34,-24.71%,-27.44%,0.01,N/A,60578000,-77840000,-88370000,149945000,-83700000,0.84,17.49%,29.91%,N/L,N/L,N/L,N/L,N/L,2025-08-13
ORLA,Orla Mining,Mining - Gold,Basic Materials,3394462000,31.47,7.29,11.35%,21.78%,0.94,26.5,3233612000,266690000,225600000,325140000,88980000,0.35,3.70%,43.04%,N/L,N/L,N/L,N/L,N/L,2025-08-11
ORLY,O'Reilly Automotive,Retail - Wholesale Auto Parts,Retail-Wholesale,83483872000,34.71,N/A,16.18%,-181.53%,-4.16,29.5,88874552000,3708660000,3240150000,854842000,2386680000,0.58,1.01%,85.00%,N/L,N/L,N/L,N/L,N/L,2025-07-23
OSCR,Oscar Health Inc Cl A,Insurance - Multi Line,Finance,3680083000,50.71,2.69,2.45%,10.59%,0.22,113.029999,2452453000,205940000,199890000,254677000,25430000,1.9,24.39%,75.70%,N/L,N/L,N/L,N/L,N/L,2025-08-06
OSIS,O S I Systems Inc,Electronics - Misc Components,Computers and Technology,3795655000,25.03,4.28,7.46%,18.37%,0.54,20.83,3837855000,249540000,207330000,16789000,128150000,1.27,5.20%,89.21%,N/L,N/L,N/L,N/L,N/L,2025-08-28
OSPN,Onespan Inc,Internet - Software,Computers and Technology,576317000,13.82,2.49,13.95%,21.32%,0.03,10.88,492987000,58550000,50190000,38230000,57080000,1.15,1.30%,95.52%,N/L,N/L,N/L,N/L,N/L,2025-08-05
OSS,One Stop Systems Inc,Electronics Products - Misc,Computers and Technology,112695000,0,4.6,-34.67%,-47.55%,0,N/A,105905000,-12610000,-14030000,21589000,-13630000,1.24,10.80%,32.67%,N/L,N/L,N/L,N/L,N/L,2025-08-07
OTEX,Open Text Corp,Computer - Software,Computers and Technology,7874428000,8.58,1.9,6.77%,22.49%,1.54,4.36,12986557000,2205770000,1372590000,256496000,465090000,1.13,10.58%,70.37%,N/L,N/L,N/L,N/L,N/L,2025-08-07
OTIS,Otis Worldwide Corp,Machinery - General Industrial,Industrial Products,35438048000,23.11,N/A,14.27%,-30.95%,-1.66,20.459999,41519048000,2056000000,1875000000,394677000,1645000000,0.98,0.23%,88.03%,N/L,N/L,N/L,N/L,N/L,2025-07-23
OUST,Ouster Inc,Electronics - Misc Components,Computers and Technology,1415121000,0,9.06,-34.32%,-55.10%,0,N/A,1368861000,-92540000,-102190000,53766000,-97050000,2.75,6.63%,31.45%,N/L,N/L,N/L,N/L,N/L,2025-08-07
OVID,Ovid Therapeutics Inc,Medical - Biomedical,Medical,43982000,0,0.83,-25.35%,-34.17%,0,N/A,17682000,-56420000,-57030000,71110000,-26430000,0.13,13.10%,72.24%,N/L,N/L,N/L,N/L,N/L,2025-08-12
OVV,Ovintiv Inc,Oil - C$ Exploration & Product,Oils-Energy,10764136000,7.09,1.03,7.53%,14.24%,0.55,2.7,16175136000,6735000000,4445000000,259815000,1125000000,1.08,1.70%,83.81%,N/L,N/L,N/L,N/L,N/L,2025-07-24
OWL,Blue Owl Capital Inc,Finance - Investment Mgmt,Finance,30787438000,26.38,4.86,10.54%,19.74%,0.5,21.93,33223848000,1078990000,819980000,1537834000,109580000,1.17,27.20%,35.85%,N/L,N/L,N/L,N/L,N/L,2025-07-31
OXY,Occidental Petroleum Corp,Oil - US Integrated,Oils-Energy,44000584000,12.06,1.56,5.18%,16.60%,0.73,3.73,76271584000,19271000000,11900000000,984133000,3056000000,0.84,0.31%,88.70%,N/L,N/L,N/L,N/L,N/L,2025-08-06
OZK,Bank Ozk,Banks - Northeast,Finance,5856940000,8.45,1.06,1.84%,13.24%,0.21,7.2,4297860000,1069610000,965350000,113727000,716460000,0.85,6.70%,86.18%,N/L,N/L,N/L,N/L,N/L,2025-07-17
PAA,Plains All American Pipeline LP,Oil Gas Prod Pipeline MLP,Oils-Energy,13137626000,12.7,1.23,4.58%,11.24%,0.68,5.68,22711626000,3401000000,2375000000,703299000,772000000,0.68,0.94%,41.78%,N/L,N/L,N/L,N/L,N/L,2025-08-08
PAAS,Pan Amer Silver Corp,Mining - Silver,Basic Materials,10546231000,24.39,2.19,6.08%,9.25%,0.15,12.38,10392231000,1863300000,1291600000,361916000,111500000,0.67,12.88%,55.43%,N/L,N/L,N/L,N/L,N/L,2025-08-06
PACB,Pacific Biosciences,Medical Instruments,Medical,462131000,0,5.04,-15.82%,-52.07%,0,N/A,406071000,-23030000,-247840000,300085000,-309850000,2.16,2.50%,N/A,N/L,N/L,N/L,N/L,N/L,2025-08-07
PACS,Pacs Group Inc,Medical Services,Medical,1781556000,0,3.01,0.00%,0.00%,0.85,N/A,2440666000,249870000,218170000,152400000,112870000,0.92,N/A,N/A,N/L,N/L,N/L,N/L,N/L,2025-08-11
PAGP,Plains Gp Holdings LP,Oil - Production & Pipeline,Oils-Energy,3919286000,27.14,0.28,0.51%,1.00%,0.62,3.51,11191286000,3395000000,2369000000,197744000,103000000,0.65,6.77%,88.30%,N/L,N/L,N/L,N/L,N/L,2025-08-08
PAGS,Pagseguro Digital Ltd Cl A,Financial Transaction Services,Business Services,2689601000,6.22,1.04,3.27%,15.43%,0.29,3.86,3355901000,1504780000,1207970000,329608000,392370000,1.59,N/A,45.88%,N/L,N/L,N/L,N/L,N/L,2025-08-19
PAM,Pampa Energia S.A. ADR,Utility - Electric Power,Utilities,4055124000,8.03,1.16,8.32%,15.29%,0.49,4.2,5396124000,674760000,332760000,54541000,619000000,1.13,55.52%,12.77%,N/L,N/L,N/L,N/L,N/L,2025-08-06
PANW,Palo Alto Networks Inc,Security,Computers and Technology,135540448000,118.33,18.549999,5.77%,19.48%,0.05,74.5,134969152000,1712100000,984100000,666800000,2577600000,0.97,2.50%,79.82%,N/L,N/L,N/L,N/L,N/L,2025-08-18
PARA,Paramount Global Cl B,Media Conglomerates,Consumer Discretionary,8797762000,10.96,0.53,1.77%,4.80%,0.86,0.58,20637762000,10358000000,-3922000000,674158000,-6190000000,1.19,0.43%,73.00%,N/L,N/L,N/L,N/L,N/L,2025-08-14
PARAA,Paramount Global Cl A,Media Conglomerates,Consumer Discretionary,15640466000,19.15,0.92,1.77%,4.80%,0.86,1.01,27480466000,10358000000,-3922000000,674158000,-6190000000,1.29,1.67%,5.98%,N/L,N/L,N/L,N/L,N/L,2025-08-14
PATH,Uipath Inc Cl A,Internet - Software,Computers and Technology,6516775000,0,3.88,-1.99%,-3.05%,0,406.149994,5637145000,-51970000,-129510000,535039000,-73690000,1.04,23.19%,62.50%,N/L,N/L,N/L,N/L,N/L,2025-09-04
PAY,Paymentus Holdings Inc Cl A,Financial Transaction Services,Business Services,3581278000,62.72,7.21,10.36%,12.22%,0,38.939999,3371868000,92450000,52210000,125132000,44170000,1.56,75.43%,78.38%,N/L,N/L,N/L,N/L,N/L,2025-08-04
PAYC,Paycom Software Inc,Internet - Software,Computers and Technology,13815058000,33.9,8.02,8.66%,25.53%,0,21.709999,13413058000,763380000,616380000,57852000,502000000,0.77,10.90%,87.77%,N/L,N/L,N/L,N/L,N/L,2025-08-06
PAYS,Paysign Inc,Financial Transaction Services,Business Services,441877000,77.82,11.72,3.32%,19.49%,0,46.720001,319537000,16280000,10290000,54218000,3820000,0.75,22.40%,25.89%,N/L,N/L,N/L,N/L,N/L,2025-08-05
PAYX,Paychex Inc,Internet - Software,Computers and Technology,53312512000,29.4,12.77,14.77%,45.01%,1.2,23.209999,56602812000,2677100000,2207700000,360244000,1657300000,0.88,11.40%,83.47%,N/L,N/L,N/L,N/L,N/L,2025-06-25
PBA,Pembina Pipeline Cor,Oil - Production & Pipeline,Oils-Energy,21360318000,16.78,2.01,5.37%,12.61%,0.71,10.82,32073058000,2371020000,1741930000,580917000,1360350000,0.76,0.07%,55.37%,N/L,N/L,N/L,N/L,N/L,2025-08-07
PBF,PBF Energy Inc,Oil - Refining and Marketing,Oils-Energy,2794032000,0,0.51,-6.91%,-15.67%,0.43,14.39,3715232000,-698700000,-1341700000,115647000,-533800000,0.84,5.30%,96.29%,N/L,N/L,N/L,N/L,N/L,2025-07-31
PBI,Pitney Bowes Inc,Office Automation & Equipment,Computers and Technology,2247608000,13.62,N/A,4.53%,-31.61%,-3.57,7.66,3697588000,365140000,227750000,183030000,-203600000,1.6,9.00%,67.88%,N/L,N/L,N/L,N/L,N/L,2025-07-30
PBPB,Potbelly Corp,Retail - Restaurants,Retail-Wholesale,378960000,43.59,6.54,3.44%,16.58%,0.08,17.15,371300000,37400000,24500000,30172000,40290000,1.69,10.20%,72.60%,N/L,N/L,N/L,N/L,N/L,2025-08-06
PBR,Petroleo Brasileiro S.A. Petrobras ADR,Oil - International Integrated,Oils-Energy,81199016000,5.04,1.18,8.37%,23.98%,0.34,2.56,101090016000,37647000000,25168000000,6444366000,7528000000,0.85,N/A,0.00%,N/L,N/L,N/L,N/L,N/L,2025-08-14
PCAR,Paccar Inc,Auto - Domestic,Auto-Tires-Trucks,53320084000,16,2.81,7.69%,18.25%,0.87,11.36,62154284000,6391100000,5872600000,524959000,4162000000,0.94,2.02%,64.90%,N/L,N/L,N/L,N/L,N/L,2025-07-22
PCG,Pacific Gas & Electric Company,Utility - Electric Power,Utilities,37670040000,10.49,1.26,2.17%,10.35%,1.9,5.06,95274040000,12856000000,8667000000,2675429000,2512000000,0.55,0.14%,78.56%,N/L,N/L,N/L,N/L,N/L,2025-07-31
PCOR,Procore Technologies Inc,Internet - Software,Computers and Technology,11278669000,0,9.38,-4.08%,-6.54%,0,411,10840949000,-64020000,-153770000,149169000,-105960000,0.89,29.00%,81.10%,N/L,N/L,N/L,N/L,N/L,2025-07-31
PCRX,Pacira Pharm Inc,Medical - Biomedical,Medical,1043862000,9.61,1.26,7.00%,13.78%,0.38,5.05,1073082000,217950000,135940000,46291000,-99560000,0.48,6.40%,99.73%,N/L,N/L,N/L,N/L,N/L,2025-08-05
PCT,Purecycle Technologies Inc,Waste Removal Svcs,Business Services,2768735000,0,11.73,-25.04%,-81.41%,1.64,N/A,3111585000,-93120000,-144120000,179788000,-289140000,1.9,21.67%,63.01%,N/L,N/L,N/L,N/L,N/L,2025-08-07
PD,Pagerduty Inc,Internet - Software,Computers and Technology,1431840000,0,9.2,-1.32%,-8.73%,0.39,90.209999,1142810000,-3130000,-48370000,91084000,-54460000,0.89,8.00%,97.26%,N/L,N/L,N/L,N/L,N/L,2025-09-02
PDD,Pdd Holdings Inc,Internet Commerce,Retail-Wholesale,164899696000,12.72,3.62,20.50%,33.76%,0.02,10.44,148338544000,13835020000,13473220000,1392146000,15403460000,0.42,3.70%,39.83%,N/L,N/L,N/L,N/L,N/L,2025-08-25
PDYN,Palladyne Ai Corp,Technology Services,Business Services,362766000,0,12.88,-83.83%,-236.83%,0,N/A,331576000,-25750000,-26500000,35220000,-72620000,3.77,13.40%,26.02%,N/L,N/L,N/L,N/L,N/L,2025-08-06
PEG,Public Service Enterprise Group Inc,Utility - Electric Power,Utilities,43702244000,22.88,2.65,3.51%,11.80%,1.43,12.98,66284244000,5176000000,3678000000,498998000,1772000000,0.48,0.19%,73.34%,N/L,N/L,N/L,N/L,N/L,2025-08-05
PEGA,Pegasystems Inc,Computer - Software,Computers and Technology,10064695000,44.85,15.91,16.24%,42.42%,0,41.220001,10195065000,353720000,271290000,171081000,99190000,1.13,49.70%,46.89%,N/L,N/L,N/L,N/L,N/L,2025-07-22
PENG,Penguin Solutions Inc,Internet - Software,Computers and Technology,1318409000,21.28,2.21,4.01%,13.27%,1.11,12.52,1592609000,135300000,65860000,52401000,-52470000,1.98,2.60%,N/A,N/L,N/L,N/L,N/L,N/L,2025-07-08
PENN,Penn Entertainment Inc,Gaming,Consumer Discretionary,2903768000,0,0.93,-1.12%,-5.75%,1.68,14.39,7354468000,1101000000,658700000,151002000,-311500000,1.61,2.67%,91.69%,N/L,N/L,N/L,N/L,N/L,2025-08-07
PEP,Pepsico Inc,Beverages - Soft,Consumer Staples,196394096000,18.36,10.66,10.63%,57.81%,2.12,13.16,225113088000,14342000000,10527000000,1369077000,9578000000,0.45,0.14%,73.07%,N/L,N/L,N/L,N/L,N/L,2025-07-17
PETS,Petmed Express Inc,Internet Commerce,Retail-Wholesale,77873000,398,0.86,0.00%,0.00%,0,174.630005,22583000,15900000,8840000,20656000,-7460000,0.78,1.10%,73.33%,N/L,N/L,N/L,N/L,N/L,2025-08-05
PEW,Grabagun Digital Holdings Inc,Aerospace - Defense Equipment,Aerospace,115260000,0,N/A,0.00%,0.00%,0,N/A,115260000,0,0,17000000,0,0.24,N/A,4.80%,N/L,N/L,N/L,N/L,N/L,N/A
PFE,Pfizer Inc,Large Cap Pharma,Medical,140940224000,7.9,1.59,8.53%,20.33%,0.69,5.81,204248224000,24249000000,17236000000,5685366000,8031000000,0.58,0.06%,68.36%,N/L,N/L,N/L,N/L,N/L,2025-08-05
PFG,Principal Financial Group Inc,Insurance - Multi Line,Finance,18170682000,11.25,1.6,0.53%,14.85%,0.39,7.34,18404482000,2119600000,1291400000,224191000,1571000000,0.99,1.08%,75.08%,N/L,N/L,N/L,N/L,N/L,2025-07-28
PG,Procter & Gamble Company,Consumer Prdts - Misc Staple,Consumer Staples,371140992000,23.53,7.19,13.45%,32.67%,0.65,19.549999,394916992000,22877000000,19981000000,2344542000,14879000000,0.4,0.18%,65.77%,N/L,N/L,N/L,N/L,N/L,2025-07-29
PGEN,Precigen Inc,Medical - Biomedical,Medical,463433000,0,N/A,-79.74%,-279.20%,0,N/A,462133000,-114760000,-125810000,295180000,-126240000,1.78,47.10%,33.51%,N/L,N/L,N/L,N/L,N/L,2025-08-13
PGR,Progressive Corp,Insurance - Proprty & Casualty,Finance,146614624000,14.39,4.45,9.23%,35.37%,0.24,17,153353632000,11721000000,9738100000,586224000,8480000000,0.37,0.34%,85.34%,N/L,N/L,N/L,N/L,N/L,2025-07-16
PGY,Pagaya Technologies Ltd Cl A,Finance - Misc Services,Finance,2382531000,53.67,5.51,3.51%,9.28%,1.13,69.720001,2673421000,113650000,84900000,75708000,-401410000,5.93,47.59%,57.14%,N/L,N/L,N/L,N/L,N/L,2025-08-07
PH,Parker-Hannifin Corp,Machinery - General Industrial,Industrial Products,94404944000,27.6,6.96,11.89%,26.80%,0.55,22.120001,101139944000,4914200000,3987070000,127778000,2844220000,1.34,0.39%,82.44%,N/L,N/L,N/L,N/L,N/L,2025-08-07
PHAT,Phathom Pharmaceuticals Inc,Medical - Biomedical,Medical,672309000,0,N/A,-90.11%,0.00%,-0.6,N/A,576459000,-283390000,-286380000,69814000,-334330000,0.45,23.00%,99.01%,N/L,N/L,N/L,N/L,N/L,2025-08-14
PHM,Pultegroup,Building - Residential & Comm,Construction,22955622000,9.32,1.82,14.73%,21.01%,0.17,8.16,23447442000,3900730000,3811570000,197298000,3083260000,1.29,0.76%,89.90%,N/L,N/L,N/L,N/L,N/L,2025-07-22
PHUN,Phunware Inc,Internet - Software,Computers and Technology,64749000,0,0.63,-14.50%,-16.61%,0,N/A,-48221000,-14680000,-15820000,20171000,-10320000,2.34,1.20%,7.57%,N/L,N/L,N/L,N/L,N/L,2025-08-14
PI,Impinj Inc,Electronics - Semiconductors,Computers and Technology,3601137000,464.62,21.809999,1.92%,6.45%,1.77,105.699997,3838577000,11180000,-2920000,28983000,40840000,1.64,12.40%,N/A,N/L,N/L,N/L,N/L,N/L,2025-07-30
PII,Polaris Inc,Auto - Domestic,Auto-Tires-Trucks,2823388000,23.29,2.27,2.16%,9.26%,0,5.87,4173688000,501800000,215500000,56198000,110800000,1.05,3.12%,88.06%,N/L,N/L,N/L,N/L,N/L,2025-07-29
PINS,Pinterest Inc,Internet - Software,Computers and Technology,25711964000,83.71,5.45,7.07%,8.13%,0,88.339996,24575504000,191000000,198750000,678237000,1862110000,0.94,7.06%,88.81%,N/L,N/L,N/L,N/L,N/L,2025-08-07
PJT,Pjt Partners Inc Cl A,Finance - Misc Services,Finance,4497746000,36.69,5.51,13.69%,23.81%,0,17.639999,4013866000,310430000,281760000,24431000,238470000,0.76,11.75%,89.23%,N/L,N/L,N/L,N/L,N/L,2025-07-29
PL,Planet Labs Pbc,Satellite Communication,Computers and Technology,2017816000,0,4.67,-16.51%,-23.36%,0,N/A,1893166000,-58690000,-104330000,303431000,-123200000,1.8,18.90%,41.71%,N/L,N/L,N/L,N/L,N/L,2025-09-04
PLAY,Dave & Buster's Entertainment,Retail - Restaurants,Retail-Wholesale,1135476000,15.07,7.51,2.06%,40.67%,10.74,3.62,2614676000,674900000,436700000,34576000,58300000,2.08,2.02%,91.45%,N/L,N/L,N/L,N/L,N/L,2025-09-09
PLBY,Playboy Inc,Leisure & Recreational Prdcts,Consumer Discretionary,175677000,0,N/A,-25.53%,0.00%,25.19,N/A,344897000,-31430000,-48180000,93945000,-79400000,2.5,38.30%,32.46%,N/L,N/L,N/L,N/L,N/L,2025-08-14
PLCE,Children's Place Inc,Retail - Apparel & Shoes,Retail-Wholesale,120594000,81.57,89.029999,-1.49%,-10.32%,257.49,1.62,526874000,65980000,26370000,22168000,-57820000,1.72,0.62%,0.00%,N/L,N/L,N/L,N/L,N/L,2025-09-10
PLD,Prologis Inc,REIT - Equity Trust Other,Finance,102340960000,18.88,1.78,3.58%,5.96%,0.6,17.68,131965576000,9093140000,7078340000,927926000,3731640000,1.23,0.57%,93.50%,N/L,N/L,N/L,N/L,N/L,2025-07-16
PLG,Platinum Group Metals Ltd,Mining - Misc,Basic Materials,185978000,0,3.59,-7.76%,-8.16%,0,N/A,182278000,-4120000,-4190000,111364000,-4610000,1.71,0.04%,16.33%,N/L,N/L,N/L,N/L,N/L,2025-07-10
PLL,Piedmont Lithium Inc ADR,Mining - Misc,Basic Materials,178640000,0,0.67,-16.88%,-19.46%,0.1,N/A,120920000,-52580000,-52860000,21946000,-64760000,0.27,1.81%,52.23%,N/L,N/L,N/L,N/L,N/L,2025-08-14
PLTR,Palantir Technologies Inc Cl A,Internet - Software,Computers and Technology,374754048000,1290.5,66.209999,5.27%,6.55%,0,1678.52002,372655520000,437160000,405570000,2359912000,462190000,2.59,9.23%,45.65%,N/L,N/L,N/L,N/L,N/L,2025-08-04
PLUG,Plug Power Inc,Electronics Products - Misc,Computers and Technology,2109669000,0,0.94,-47.92%,-82.21%,0.17,N/A,2056299000,-1857160000,-1938890000,1146559000,-2104700000,2.29,1.41%,43.48%,N/L,N/L,N/L,N/L,N/L,2025-08-14
PM,Philip Morris International Inc,Tobacco,Consumer Staples,250474704000,22.82,N/A,16.83%,-120.86%,-5.55,20.77,291953696000,15715000000,13901000000,1556517000,7057000000,0.51,0.13%,78.63%,N/L,N/L,N/L,N/L,N/L,2025-07-22
PMT,Pennymac Mortgage Investment Trust,REIT - Mortgage Trusts,Finance,1078066000,17.74,0.84,0.71%,7.68%,5.23,6.03,10440626000,872240000,849140000,87011000,160980000,1.24,0.92%,67.38%,N/L,N/L,N/L,N/L,N/L,2025-07-22
PNC,PNC Bank,Finance - Investment Brokers,Finance,77550912000,13.42,1.35,1.11%,11.07%,1.05,12.52,89900912000,11755000000,11496000000,395567000,5889000000,1.07,0.41%,83.53%,N/L,N/L,N/L,N/L,N/L,2025-07-16
PNFP,Pinnacle Finl Ptnrs,Banks - Southeast,Finance,7101026000,13.6,1.26,1.13%,9.60%,0.33,11.55,6182186000,1012020000,862410000,77556000,475060000,1.01,1.46%,87.40%,N/L,N/L,N/L,N/L,N/L,2025-07-15
POET,Poet Technologies Inc,Electronics - Semiconductors,Computers and Technology,532927000,0,15.01,-70.84%,-139.19%,0.2,N/A,502287000,-31040000,-33060000,85542000,-56700000,0.28,0.46%,1.99%,N/L,N/L,N/L,N/L,N/L,2025-08-13
PONY,Pony Ai Inc ADR,Transportation - Equip & Lease,Transportation,5299933000,0,5.52,0.00%,0.00%,0,N/A,4763933000,-82390000,-90750000,350293000,-274120000,N/A,N/A,N/A,N/L,N/L,N/L,N/L,N/L,2025-08-19
POOL,Pool Corp,Leisure & Recreational Prdcts,Consumer Discretionary,12214616000,30.44,9.44,11.51%,30.99%,0.83,26.370001,13087106000,631500000,586020000,37595000,434330000,1.1,3.00%,98.99%,N/L,N/L,N/L,N/L,N/L,2025-07-24
POR,Portland General Electric Company,Utility - Electric Power,Utilities,4533880000,13.99,1.13,2.50%,8.24%,1.23,5.09,9045880000,1965000000,1469000000,109514000,313000000,0.56,0.40%,N/A,N/L,N/L,N/L,N/L,N/L,2025-07-25
POWL,Powell Inds Inc,Machinery - Electrical,Industrial Products,2997327000,16.88,5.35,18.87%,35.43%,0,18.370001,2681997000,214770000,207900000,12068000,149850000,0.77,2.20%,89.77%,N/L,N/L,N/L,N/L,N/L,2025-08-05
POWW,Outdoor Holding Company,Aerospace - Defense Equipment,Aerospace,144047000,0,0.68,-13.55%,-16.18%,0.04,N/A,113817000,-27230000,-40820000,117111000,-130830000,1.09,25.00%,26.40%,N/L,N/L,N/L,N/L,N/L,2025-08-14
PPC,Pilgrim's Pride,Food - Meat Products,Consumer Staples,11346335000,7.93,3.57,13.39%,36.95%,1.02,6.49,12510145000,2098930000,1660270000,237123000,1086440000,0.45,82.56%,16.64%,N/L,N/L,N/L,N/L,N/L,2025-07-30
PPG,PPG Industries,Chemical - Specialty,Basic Materials,26320650000,14.45,3.68,8.85%,24.84%,1.02,11.4,30865650000,3180000000,2688000000,227000000,1116000000,1.16,0.33%,81.86%,N/L,N/L,N/L,N/L,N/L,2025-07-29
PPL,PPL Corp,Utility - Electric Power,Utilities,27034882000,21.02,1.89,3.17%,9.14%,1.21,10.35,43534880000,4515000000,3158000000,739264000,888000000,0.64,0.28%,76.99%,N/L,N/L,N/L,N/L,N/L,2025-07-31
PPTA,Perpetua Resources Corp,Mining - Misc,Basic Materials,1743645000,0,11.71,-19.91%,-22.11%,0,N/A,1699545000,-58720000,-58840000,107566000,-14480000,-0.04,1.50%,70.07%,N/L,N/L,N/L,N/L,N/L,2025-08-08
PR,Permian Resources Corp,Oil - US Exploration & Product,Oils-Energy,11072216000,8.96,1.01,7.49%,11.96%,0.37,3.66,14777106000,5403890000,3620650000,803499000,984700000,1.25,6.44%,91.84%,N/L,N/L,N/L,N/L,N/L,2025-08-06
PRAA,Pra Group Inc,Finance - Misc Services,Finance,624629000,10.03,0.49,1.28%,5.09%,2.85,7.46,4008719000,381120000,359760000,39659000,70600000,1.52,2.00%,97.22%,N/L,N/L,N/L,N/L,N/L,2025-08-04
PRAX,Praxis Precision Medicines Inc,Medical - Biomedical,Medical,1206252000,0,2.69,-46.74%,-50.42%,0,N/A,990882000,-204830000,-200180000,20369000,-182820000,2.6,2.70%,67.84%,N/L,N/L,N/L,N/L,N/L,2025-08-12
PRCT,Procept Biorobotics Corp,Medical Instruments,Medical,3082932000,0,8.34,-20.02%,-28.09%,0.14,N/A,2802672000,-91180000,-96410000,55329000,-91410000,1.07,6.60%,89.46%,N/L,N/L,N/L,N/L,N/L,2025-08-06
PRGO,Perrigo Company,Medical Products,Medical,3908471000,9.79,0.88,3.87%,8.93%,0.83,5.57,6967771000,549800000,215000000,137477000,-171800000,0.45,0.70%,95.91%,N/L,N/L,N/L,N/L,N/L,2025-08-06
PRGS,Progress Software,Computer - Software,Computers and Technology,2190533000,11.57,4.76,8.47%,43.72%,2.43,7.52,3598723000,322920000,216350000,43108000,68440000,0.68,3.40%,N/A,N/L,N/L,N/L,N/L,N/L,2025-06-30
PRIM,Primoris Services Corp,Building - Heavy Construction,Construction,5013005000,21.21,3.35,5.56%,16.85%,0.42,16.309999,5291995000,439090000,343570000,54002000,180890000,1.37,1.40%,91.82%,N/L,N/L,N/L,N/L,N/L,2025-08-04
PRMB,Primo Water Corp,Beverages - Soft,Consumer Staples,10916268000,31.22,3.24,2.68%,8.35%,1.51,18.27,15329968000,835600000,477900000,376423000,-16400000,0.73,58.40%,87.71%,N/L,N/L,N/L,N/L,N/L,2025-08-07
PRME,Prime Medicine Inc,Medical - Biomedical,Medical,566228000,0,5.34,-66.33%,-125.05%,0,N/A,383748000,-203480000,-206510000,134496000,-195880000,2.33,22.93%,70.37%,N/L,N/L,N/L,N/L,N/L,2025-08-14
PRO,Pros Holdings,Computer - Software,Computers and Technology,782380000,0,N/A,-2.35%,0.00%,0,N/A,620400000,-5450000,-12550000,47852000,-20480000,0.98,4.00%,94.27%,N/L,N/L,N/L,N/L,N/L,2025-07-31
PROK,Prokidney Corp,Medical - Drugs,Medical,962976000,0,N/A,-15.03%,0.00%,0,N/A,2260446000,-179640000,-185070000,292698000,-61190000,1.26,41.49%,51.59%,N/L,N/L,N/L,N/L,N/L,2025-08-08
PROP,Prairie Operating CO,Oil - US Integrated,Oils-Energy,168088000,0,4.82,-11.57%,-68.50%,11.17,N/A,199668000,-21660000,-22120000,43830000,-40910000,1.92,15.44%,34.28%,N/L,N/L,N/L,N/L,N/L,2025-08-08
PRPH,Prophase Labs Inc,Medical - Drugs,Medical,19362000,0,1.17,-64.59%,-184.38%,0,N/A,21892000,-25870000,-34000000,41541000,-53360000,-0.41,9.60%,9.45%,N/L,N/L,N/L,N/L,N/L,2025-08-13
PRPL,Purple Innovation Inc,Consumer Prdts - Misc Staple,Consumer Staples,96487000,0,69.809998,-13.27%,-145.52%,54.69,N/A,122867000,-48160000,-83520000,107710000,-97900000,1.51,53.90%,88.41%,N/L,N/L,N/L,N/L,N/L,2025-07-29
PRTA,Prothena Corp,Medical - Biomedical,Medical,359564000,0,0.82,-19.32%,-21.61%,0,N/A,-111826000,-135020000,-138610000,53827000,-122310000,0.01,9.20%,97.08%,N/L,N/L,N/L,N/L,N/L,2025-08-14
PRU,Prudential Financial Inc,Insurance - Multi Line,Finance,37244340000,7.95,1.22,0.64%,15.84%,0.69,7.47,40826340000,3122000000,2739000000,354000000,2727000000,1.07,0.25%,56.83%,N/L,N/L,N/L,N/L,N/L,2025-07-30
PSA,Public Storage,REIT - Equity Trust Other,Finance,50482020000,17.14,9.47,9.98%,36.50%,0.97,15.74,63737632000,4456240000,3326470000,175431000,2072010000,0.86,11.10%,78.79%,N/L,N/L,N/L,N/L,N/L,2025-07-30
PSEC,Prospect Capital Corp,Finance - Investment Mgmt,Finance,1542333000,4.07,0.48,5.83%,12.43%,0.42,2.68,5321043000,367220000,362720000,445761000,262830000,0.83,28.25%,9.06%,N/L,N/L,N/L,N/L,N/L,2025-08-27
PSIX,Power Solutns Itl Cmn,Engines - Internal Combustion,Auto-Tires-Trucks,2082683000,26.88,24.42,22.77%,141.75%,0,29.25,2024283000,102730000,97020000,23008000,69280000,1.39,0.96%,22.28%,N/L,N/L,N/L,N/L,N/L,2025-08-11
PSNY,Gores Guggenheim Inc Unit Cl A,Auto - Foreign,Auto-Tires-Trucks,2348731000,0,N/A,0.00%,0.00%,-0.75,N/A,4109491000,-1424250000,-1479970000,2135210000,-2049900000,1.41,0.02%,1.02%,N/L,N/L,N/L,N/L,N/L,2025-08-08
PSTG,Pure Storage Inc,Computer - Storage Devices,Computers and Technology,18822256000,105.48,14.93,4.91%,13.98%,0.08,64.900002,18198676000,222520000,95870000,326832000,106740000,1.06,5.60%,83.42%,N/L,N/L,N/L,N/L,N/L,2025-08-27
PSX,Phillips 66,Oil - Refining and Marketing,Oils-Energy,50917404000,37.67,1.79,1.91%,4.83%,0.66,10.25,69241408000,6907000000,4504000000,407437000,2117000000,1.02,0.22%,76.93%,N/L,N/L,N/L,N/L,N/L,2025-07-25
PTC,Ptc Inc,Computer - Software,Computers and Technology,24530562000,49.65,7.16,7.97%,15.35%,0.41,41.639999,26013332000,814230000,672820000,119948000,376330000,1.17,0.32%,95.14%,N/L,N/L,N/L,N/L,N/L,2025-07-30
PTCT,Ptc Therapeutics,Medical - Biomedical,Medical,3545959000,6.39,N/A,32.11%,-78.56%,-12.83,N/A,5133439000,1109620000,885740000,79257000,-363300000,0.5,5.50%,N/A,N/L,N/L,N/L,N/L,N/L,2025-08-07
PTEN,Patterson-Uti Energy,Oil & Gas - Drilling,Oils-Energy,2285043000,0,0.7,-1.16%,-1.94%,0.36,1.14,3269913000,3111340000,1054230000,385987000,-968030000,1.32,2.40%,97.91%,N/L,N/L,N/L,N/L,N/L,2025-07-23
PTLO,Portillo's Inc,Retail - Restaurants,Retail-Wholesale,791543000,24.49,1.59,1.91%,5.87%,0.5,13.58,1055333000,113880000,85710000,74815000,29520000,1.83,6.14%,98.34%,N/L,N/L,N/L,N/L,N/L,2025-08-05
PTON,Peloton Interactive Inc,Leisure & Recreational Prdcts,Consumer Discretionary,2558170000,0,N/A,-8.04%,0.00%,-2.35,N/A,2820670000,-6400000,-129400000,389965000,-551900000,2.11,1.34%,77.01%,N/L,N/L,N/L,N/L,N/L,2025-08-07
PUBM,Pubmatic Inc Cl A,Internet - Software,Computers and Technology,617264000,155.63,2.19,0.79%,1.99%,0,10.35,516814000,42900000,-2450000,48527000,12500000,1.54,26.42%,64.26%,N/L,N/L,N/L,N/L,N/L,2025-08-11
PVH,Phillips-Van Heusen Corp,Textile - Apparel,Consumer Staples,3694410000,6.56,0.79,5.80%,12.66%,0.48,4.48,5037110000,1015300000,733100000,48073000,598500000,1.81,1.20%,97.25%,N/L,N/L,N/L,N/L,N/L,2025-08-26
PWR,Quanta Services,Engineering & R&D Services,Industrial Products,62519964000,47.63,8.08,7.08%,18.06%,0.59,30.440001,65940444000,2587510000,1845190000,148264000,904820000,1.08,1.10%,90.49%,N/L,N/L,N/L,N/L,N/L,2025-07-31
PYPL,Paypal Holdings,Financial Transaction Services,Business Services,75838128000,15.85,3.74,6.06%,24.59%,0.56,13.92,79156128000,6384000000,5687000000,972533000,4147000000,1.45,0.08%,68.32%,N/L,N/L,N/L,N/L,N/L,2025-07-29
PZZA,Papa John's Intl,Retail - Restaurants,Retail-Wholesale,1438507000,21.25,N/A,7.63%,-15.72%,-1.78,9.64,2143098000,47750000,-21660000,32738000,83490000,1.19,1.30%,N/A,N/L,N/L,N/L,N/L,N/L,2025-08-07
QBTS,D-Wave Quantum Inc,Internet - Software,Computers and Technology,5513645000,0,25.4,-82.90%,-227.95%,0.15,N/A,5366145000,-69070000,-71000000,292191000,-143880000,1.4,3.20%,42.47%,N/L,N/L,N/L,N/L,N/L,2025-08-07
QCOM,Qualcomm Inc,Electronics - Semiconductors,Computers and Technology,173923200000,16.9,6.29,19.35%,40.11%,0.53,15.7,180708192000,13191000000,11478000000,1098000000,10142000000,1.26,0.08%,74.35%,N/L,N/L,N/L,N/L,N/L,2025-07-30
QDEL,Quidelortho Corp,Medical Products,Medical,1852276000,12.25,0.59,2.21%,4.71%,0.83,0.74,4237076000,2384100000,108100000,67626000,-2052000000,0.07,0.79%,99.00%,N/L,N/L,N/L,N/L,N/L,2025-08-05
QFIN,Qifu Technology Inc ADR,Technology Services,Business Services,5543250000,5.54,1.79,13.97%,29.73%,0.05,6.55,4798540000,1124870000,1114610000,157613000,858210000,0.48,17.10%,74.81%,N/L,N/L,N/L,N/L,N/L,2025-08-12
QIPT,Quipt Home Medical Corp,Medical Products,Medical,96880000,0,0.91,-3.63%,-8.38%,0.78,2.15,161360000,101860000,51300000,43444000,-6760000,0.56,13.40%,42.85%,N/L,N/L,N/L,N/L,N/L,2025-08-13
QRVO,Qorvo Inc,Semi Radio Frequency,Computers and Technology,7918418000,19.11,2.37,6.87%,12.48%,0.46,9.1,8446457000,777510000,288100000,92852000,55620000,1.39,0.41%,88.57%,N/L,N/L,N/L,N/L,N/L,2025-07-29
QS,Quantumscape Corp,Auto - Truck Original Parts,Auto-Tires-Trucks,6690345000,0,6.37,-36.08%,-41.16%,0,N/A,6549475000,-480410000,-516890000,558926000,-477860000,4.42,12.03%,29.87%,N/L,N/L,N/L,N/L,N/L,2025-07-23
QSI,Quantum-Si Inc,Electronics - Semiconductors,Computers and Technology,354151000,0,1.47,-37.09%,-41.43%,0,N/A,304911000,-114140000,-110330000,183498000,-101010000,2.89,30.04%,39.90%,N/L,N/L,N/L,N/L,N/L,2025-08-05
QUBT,Quantum Computing Inc,Internet - Software,Computers and Technology,2638693000,0,N/A,0.00%,0.00%,0,N/A,2638693000,0,0,157911000,-68542000,3.96,19.30%,4.26%,N/L,N/L,N/L,N/L,N/L,2025-05-15
QUIK,Quicklogic Corp,Electronics - Semiconductors,Computers and Technology,98342000,0,3.87,-12.17%,-25.69%,0.6,2310.070068,95662000,-1710000,-5590000,15836000,-3840000,0.71,1.50%,31.54%,N/L,N/L,N/L,N/L,N/L,2025-08-12
QURE,Uniqure N.V.,Medical - Biomedical,Medical,827665000,0,24.42,-34.28%,-483.87%,1.53,N/A,720055000,-156760000,-169400000,54776000,-239560000,0.08,4.79%,78.83%,N/L,N/L,N/L,N/L,N/L,2025-07-29
QVCGA,Qvc Group Inc Series A,Internet Commerce,Retail-Wholesale,32033000,0,N/A,-13.34%,0.00%,-5.6,N/A,5367033000,-171000000,-554000000,8069000,-1290000000,2.82,12.35%,64.10%,N/L,N/L,N/L,N/L,N/L,2025-08-07
QXO,Qxo Inc,Technology Services,Business Services,12880096000,6.93,2.15,0.97%,1.11%,0,281.440002,8310216000,-108400000,-109520000,580446000,27970000,2.41,51.30%,58.68%,N/L,N/L,N/L,N/L,N/L,2025-08-13
R,Ryder System,Transportation - Equip & Lease,Transportation,7548865000,13.98,2.38,3.31%,17.83%,2.59,3.14,15173865000,2901000000,1047000000,41341000,489000000,0.97,5.20%,87.47%,N/L,N/L,N/L,N/L,N/L,2025-07-24
RACE,Ferrari N.V.,Auto - Truck Original Parts,Auto-Tires-Trucks,125466448000,54.62,33.220001,16.91%,46.46%,0.93,52.82,127208280000,2855560000,2134040000,242377000,1646820000,1.09,N/A,0.00%,N/L,N/L,N/L,N/L,N/L,2025-07-31
RAIL,Freightcar America,Transportation - Equip & Lease,Transportation,218198000,34.3,N/A,9.16%,-18.77%,-1.29,7.06,282168000,43060000,37300000,19040000,-75820000,1.89,28.70%,31.96%,N/L,N/L,N/L,N/L,N/L,2025-08-04
RANI,Rani Therapeutics Holdings Inc Cl A,Medical - Biomedical,Medical,33627000,0,N/A,-80.52%,"-1,258.76%",-3.91,N/A,54477000,-48590000,-48600000,63208000,-30020000,-0.02,45.08%,30.19%,N/L,N/L,N/L,N/L,N/L,2025-08-05
RARE,Ultragenyx Pharmaceu,Medical - Biomedical,Medical,2584778000,0,17.77,-36.81%,-186.49%,0,N/A,2418048000,-490650000,-513570000,94542000,-569180000,0.26,5.50%,97.67%,N/L,N/L,N/L,N/L,N/L,2025-08-07
RBLX,Roblox Corp Cl A,Gaming,Consumer Discretionary,80593704000,0,270.130005,-12.67%,-442.68%,3.39,N/A,80888392000,-870730000,-1015700000,678284000,-935380000,1.6,12.92%,94.46%,N/L,N/L,N/L,N/L,N/L,2025-07-31
RBRK,Rubrik Inc Cl A,Internet - Software,Computers and Technology,16446905000,0,N/A,-38.72%,0.00%,-0.58,N/A,16582915000,-383120000,-502290000,193493000,-1154820000,0.46,32.38%,49.54%,N/L,N/L,N/L,N/L,N/L,2025-09-08
RC,Ready Capital Corp,REIT - Mortgage Trusts,Finance,762166000,8.09,0.4,1.06%,5.53%,2.05,3.2,4075836000,882110000,829570000,170507000,-435760000,1.43,1.10%,55.87%,N/L,N/L,N/L,N/L,N/L,2025-08-06
RCAT,Red Cat Holdings Inc,Technology Services,Business Services,870093000,0,31,-75.68%,-98.48%,0.01,N/A,861293000,-27910000,-29330000,91976000,-24052629,1.43,15.30%,37.97%,N/L,N/L,N/L,N/L,N/L,2025-05-14
RCEL,Avita Medical Inc,Medical - Drugs,Medical,152530000,0,N/A,-71.72%,-632.63%,-9.07,N/A,180730000,-51870000,-53000000,26435000,-61850000,1.52,2.80%,27.66%,N/L,N/L,N/L,N/L,N/L,2025-08-14
RCI,Rogers Communication,Diversified Comm Services,Utilities,18465670000,9.6,1.44,3.72%,21.59%,4.38,3.42,50545488000,16246810000,12832080000,538044000,1265470000,0.76,29.00%,45.49%,N/L,N/L,N/L,N/L,N/L,2025-07-23
RCL,Royal Caribbean Cruises Ltd,Leisure & Recreation Services,Consumer Discretionary,95806360000,27.4,11.65,9.44%,47.89%,2.38,19.030001,115494360000,7627000000,5929000000,271560000,2878000000,2.17,6.95%,87.53%,N/L,N/L,N/L,N/L,N/L,2025-07-29
RDDT,Reddit Inc Cl A,Internet - Software,Computers and Technology,27615412000,251.07,12.31,5.19%,5.69%,0,N/A,27053322000,48220000,32580000,184521000,-484280000,2.33,34.25%,N/A,N/L,N/L,N/L,N/L,N/L,2025-07-31
RDNT,Radnet Inc,Medical - Outpatient & Hm Care,Medical,4307472000,266.62,3.7,0.48%,1.41%,0.87,16.08,4559022000,420970000,210130000,75030000,2790000,1.41,5.60%,77.90%,N/L,N/L,N/L,N/L,N/L,2025-08-11
RDW,Redwire Corp,Aerospace - Defense,Aerospace,2291197000,0,N/A,-16.63%,0.00%,-1.55,N/A,2504667000,-40390000,-52940000,142576000,-114320000,2.54,2.60%,8.10%,N/L,N/L,N/L,N/L,N/L,2025-08-06
REAL,The Realreal Inc,Consumer Prdts - Misc Discr,Consumer Discretionary,651422000,0,N/A,-10.99%,0.00%,-0.49,N/A,640332000,-900000,-51320000,113094000,-134200000,2.46,9.00%,64.73%,N/L,N/L,N/L,N/L,N/L,2025-08-07
REAX,Real Brokerage Inc,Technology Services,Business Services,818702000,0,25.540001,-15.42%,-49.13%,0,N/A,771232000,-13320000,-14720000,197754000,-26540000,1.04,38.21%,53.28%,N/L,N/L,N/L,N/L,N/L,2025-08-07
REFR,Research Frontiers,Electronics Products - Misc,Computers and Technology,61673000,0,25,-29.51%,-38.61%,0,N/A,59683000,-950000,-1210000,33518000,-1310000,0.04,6.50%,11.91%,N/L,N/L,N/L,N/L,N/L,2025-08-07
REGN,Regeneron Pharmaceuticals,Medical - Biomedical,Medical,60795084000,14.8,2.07,11.93%,15.27%,0.07,12.35,60291284000,4313900000,3831000000,107965000,4412600000,0.33,7.02%,83.31%,N/L,N/L,N/L,N/L,N/L,2025-08-01
REKR,Rekor Systems Inc,Internet - Software,Computers and Technology,147595000,0,4.46,-59.41%,-139.41%,0.45,N/A,157145000,-22590000,-32620000,118076000,-61410000,2.22,13.10%,45.71%,N/L,N/L,N/L,N/L,N/L,2025-08-12
RELY,Remitly Global Inc,Financial Transaction Services,Business Services,3461526000,0,4.83,-0.45%,-0.70%,0,N/A,3095896000,30930000,12880000,203859000,-36980000,0.13,7.50%,74.25%,N/L,N/L,N/L,N/L,N/L,2025-08-06
REPL,Replimune Group Inc,Medical - Biomedical,Medical,242824000,0,0.57,-45.21%,-57.98%,0.11,N/A,178084000,-267090000,-261640000,77087000,-247300000,0.61,8.80%,92.53%,N/L,N/L,N/L,N/L,N/L,2025-08-14
RF,Regions Financial Corp,Banks - Southeast,Finance,23749730000,11.43,1.36,1.39%,13.08%,0.28,10.81,20745730000,3103000000,2959000000,898930000,1893000000,0.98,0.29%,79.39%,N/L,N/L,N/L,N/L,N/L,2025-07-18
RFIL,RF Industries Ltd,Semi Radio Frequency,Computers and Technology,87272000,142.83,2.68,0.78%,1.63%,0.23,122.349998,94632000,2500000,-150000,10669000,-6600000,0.78,15.70%,23.49%,N/L,N/L,N/L,N/L,N/L,2025-09-15
RGC,Regencell Bioscience Holdings Ltd,Medical - Biomedical,Medical,7442075000,0,913.289978,0.00%,0.00%,0,N/A,7439115000,-4430000,0,494490000,-4300000,2.29,2.00%,0.13%,N/L,N/L,N/L,N/L,N/L,2025-01-24
RGEN,Repligen Corp,Medical - Biomedical,Medical,6839436000,76.65,3.45,3.17%,4.53%,0,39.23,6082076000,57890000,-27370000,56183000,-25510000,1.11,1.20%,97.64%,N/L,N/L,N/L,N/L,N/L,2025-07-29
RGLD,Royal Gold Inc,Mining - Gold,Basic Materials,10200822000,26.55,3.18,11.51%,12.48%,0,20.84,10005322000,760570000,616140000,65816000,332020000,0.44,0.49%,83.65%,N/L,N/L,N/L,N/L,N/L,2025-08-06
RGP,Resources Connection Inc,Staffing,Business Services,191470000,0,0.63,0.21%,0.28%,0,6.05,82580000,21710000,13280000,33069000,21030000,0.64,3.39%,93.23%,N/L,N/L,N/L,N/L,N/L,2025-07-24
RGTI,Rigetti Computing Inc,Internet - Software,Computers and Technology,4482587000,0,22.1,-31.56%,-47.63%,0,N/A,4414917000,-69430000,-73560000,290323000,-200990000,1.43,1.90%,35.38%,N/L,N/L,N/L,N/L,N/L,2025-08-12
RH,Rh Common Stock,Consumer Prdts - Misc Staple,Consumer Staples,4004047000,36.18,N/A,2.60%,-67.71%,-23.04,11.85,6544797000,550440000,323840000,18728000,72410000,2.17,27.00%,90.17%,N/L,N/L,N/L,N/L,N/L,2025-09-11
RHI,Robert Half Inc,Staffing,Business Services,4067149000,22.77,3.1,6.27%,13.00%,0,12.07,3529569000,360220000,270900000,102164000,251600000,1,3.10%,92.41%,N/L,N/L,N/L,N/L,N/L,2025-07-23
RIG,Transocean Inc,Oil & Gas - Drilling,Oils-Energy,2649783000,0,0.27,-0.50%,-0.94%,0.65,3.64,8589783000,1176000000,380000000,883261000,-512000000,2.5,12.27%,67.73%,N/L,N/L,N/L,N/L,N/L,2025-08-04
RILY,B. Riley Financl,Auction Valuation Services,Business Services,170021000,0,N/A,0.00%,0.00%,-4.91,9.72,5132461000,-295660000,-349330000,30497000,-99910000,1.43,32.90%,50.20%,N/L,N/L,N/L,N/L,N/L,2025-07-02
RIO,Rio Tinto Plc ADR,Mining - Misc,Basic Materials,79129232000,0,1.38,0.00%,0.00%,0.21,4.76,83076232000,28027000000,0,1254029000,11552000000,0.66,N/A,19.33%,N/L,N/L,N/L,N/L,N/L,2025-01-15
RIOT,Riot Platforms Inc,Finance - Misc Services,Finance,5194619000,0,1.78,-11.99%,-13.97%,0.2,15.71,5427939000,185620000,-26590000,357264000,109400000,4.57,6.93%,40.27%,N/L,N/L,N/L,N/L,N/L,2025-07-31
RITM,Rithm Capital Corp,Finance - Misc Services,Finance,6462187000,5.74,0.97,2.72%,18.38%,4.4,6,24856988000,2637000000,2724710000,530122000,931500000,1.25,0.44%,44.92%,N/L,N/L,N/L,N/L,N/L,2025-07-28
RIVN,Rivian Automotive Inc Cl A,Auto - Domestic,Auto-Tires-Trucks,15841304000,0,2.51,-25.55%,-60.64%,0.71,N/A,14988304000,-2829000000,-3860000000,1130714000,-4747000000,1.81,2.16%,66.25%,N/L,N/L,N/L,N/L,N/L,2025-08-05
RJF,Raymond James Financial,Finance - Investment Brokers,Finance,34001768000,15.92,2.79,2.65%,18.50%,0.32,15.07,23983768000,5010000000,4867000000,201755000,2068000000,1.02,0.54%,83.83%,N/L,N/L,N/L,N/L,N/L,2025-07-23
RKLB,Rocket Lab Corporation,Aerospace - Defense Equipment,Aerospace,21885720000,0,51.389999,-17.28%,-48.92%,0.98,N/A,22016170000,-169160000,-205910000,461432000,-190180000,2.15,13.70%,71.78%,N/L,N/L,N/L,N/L,N/L,2025-08-07
RKT,Rocket Companies Inc Cl A,Finance - Mortgage & Rel Svs,Finance,30002280000,0,3.46,1.27%,3.61%,1.37,69.93,39553020000,372310000,259390000,2000152000,29370000,2.28,92.64%,4.59%,N/L,N/L,N/L,N/L,N/L,2025-07-31
RMBS,Rambus Inc,Electronics - Semiconductors,Computers and Technology,6750845000,35.48,5.95,14.99%,18.01%,0,30.309999,6651065000,259020000,216330000,107412000,179820000,1.24,1.00%,88.54%,N/L,N/L,N/L,N/L,N/L,2025-07-28
RMD,Resmed Inc,Medical Products,Medical,40345884000,30.12,7.23,18.59%,25.67%,0.12,29.639999,40804832000,1872860000,1656650000,146627000,1020950000,0.77,0.71%,54.98%,N/L,N/L,N/L,N/L,N/L,2025-07-31
RMR,The Rmr Grp A,Real Estate Operations,Finance,538403000,12.62,1.3,3.39%,5.35%,0.1,13.2,437913000,65670000,51920000,31877000,23130000,1.13,54.85%,42.31%,N/L,N/L,N/L,N/L,N/L,2025-08-05
RNA,Avidity Biosciences Inc,Medical - Biomedical,Medical,4371260000,0,3.01,-24.57%,-26.96%,0,N/A,4151390000,-451940000,-433270000,120520000,-322300000,0.91,3.83%,N/A,N/L,N/L,N/L,N/L,N/L,2025-08-08
RNG,Ringcentral Inc,Internet Software Services,Computers and Technology,2400392000,31.06,N/A,4.79%,-15.63%,-2.52,5.44,3886162000,413340000,23910000,89936000,-58290000,1.29,6.97%,98.61%,N/L,N/L,N/L,N/L,N/L,2025-08-05
RNR,Renaissancere Holdings Ltd,Insurance - Proprty & Casualty,Finance,12029199000,8.22,1.16,2.83%,15.00%,0.27,4.91,19967038000,2644740000,2386280000,48650000,1870360000,0.3,1.30%,99.97%,N/L,N/L,N/L,N/L,N/L,2025-07-23
ROIV,Roivant Sciences Ltd,Medical - Biomedical,Medical,7851760000,0,1.53,-13.69%,-14.76%,0,N/A,5136350000,-988210000,-1002280000,679806000,-171980000,1.15,7.90%,64.76%,N/L,N/L,N/L,N/L,N/L,2025-08-14
ROK,Rockwell Automation Inc,Electronics Products - Misc,Computers and Technology,40410940000,37.74,11.16,9.75%,30.16%,0.71,28.24,42808640000,1358500000,1041100000,112716000,952500000,1.38,0.68%,75.75%,N/L,N/L,N/L,N/L,N/L,2025-08-06
ROKU,Roku Inc,Broadcast - Radio & TV,Consumer Discretionary,13152474000,0,5.2,-2.51%,-4.29%,0,62.560001,10992234000,135570000,-203860000,145944000,-129390000,2.12,13.98%,86.30%,N/L,N/L,N/L,N/L,N/L,2025-07-31
ROL,Rollins Inc,Building - Maint & Service,Construction,28153084000,55.8,19.48,17.12%,36.96%,0.36,47.439999,28458764000,895790000,782570000,484646000,466380000,0.75,4.47%,51.79%,N/L,N/L,N/L,N/L,N/L,2025-07-23
ROOT,Root Inc,Insurance - Proprty & Casualty,Finance,1899113000,38.64,8.22,3.41%,27.33%,0.59,42.330002,1610913000,111700000,96800000,15365000,30900000,2.26,11.76%,59.82%,N/L,N/L,N/L,N/L,N/L,2025-08-06
ROST,Ross Stores Inc,Retail - Discount,Retail-Wholesale,45243736000,21.55,8,14.16%,38.77%,0.27,17.74,42727804000,3047730000,2600940000,327071000,2090730000,1.11,2.20%,86.86%,N/L,N/L,N/L,N/L,N/L,2025-08-28
RPAY,Repay Holdings Corp Cl A,Financial Transaction Services,Business Services,535982000,7.37,0.6,4.31%,8.49%,0.65,2.6,807582000,199820000,93080000,99440000,-10160000,1.59,12.00%,82.73%,N/L,N/L,N/L,N/L,N/L,2025-08-14
RPD,Rapid7 Inc,Internet - Software,Computers and Technology,1458868000,28.52,27.450001,3.58%,"2,043.18%",0,13.62,1124178000,73710000,24370000,64239000,25530000,1.01,2.60%,95.66%,N/L,N/L,N/L,N/L,N/L,2025-08-07
RPM,RPM International Inc,Chemical - Specialty,Basic Materials,15767776000,23.14,5.46,9.83%,24.94%,0.78,17.75,17657546000,1058350000,887100000,128423000,588400000,1.03,1.60%,80.95%,N/L,N/L,N/L,N/L,N/L,2025-07-24
RPT,Rithm Property Trust Inc,REIT - Equity Trust Resident,Finance,121279000,0,0.49,-0.27%,-1.04%,2.09,N/A,671949000,-17930000,-23350000,45423000,-91840000,1.43,0.34%,58.60%,N/L,N/L,N/L,N/L,N/L,2025-07-24
RRC,Range Resources Corp,Oil - US Exploration & Product,Oils-Energy,8431961000,13.84,2.09,8.71%,15.95%,0.43,9.86,9825351000,1102610000,739730000,238191000,266340000,0.63,1.00%,98.93%,N/L,N/L,N/L,N/L,N/L,2025-07-22
RRGB,Red Robin Gourmet Burgers Inc,Retail - Restaurants,Retail-Wholesale,120427000,0,N/A,-5.59%,0.00%,-2.05,23.15,262667000,70830000,13100000,17736000,-77540000,2.41,3.19%,84.04%,N/L,N/L,N/L,N/L,N/L,2025-08-28
RS,Reliance Inc,Mining - Misc,Basic Materials,16099291000,21.43,2.19,7.37%,10.48%,0.21,14.01,16923690000,1595500000,1326800000,52588000,875200000,0.89,0.35%,79.26%,N/L,N/L,N/L,N/L,N/L,2025-07-23
RSG,Republic Services,Waste Removal Svcs,Business Services,76611768000,37.25,6.57,6.41%,18.28%,1.1,20.110001,88388768000,6871400000,5087400000,312497000,2043000000,0.61,0.11%,57.73%,N/L,N/L,N/L,N/L,N/L,2025-07-29
RSI,Rush Street Interactive Inc,Gaming,Consumer Discretionary,3485091000,133.64,17.190001,3.80%,7.35%,0,82.779999,3252331000,104150000,71950000,228981000,2390000,1.87,56.94%,24.78%,N/L,N/L,N/L,N/L,N/L,2025-07-30
RTO,Rentokil Initial Plc ADR,Business Services,Business Services,12640305000,0,2.37,0.00%,0.00%,0.87,9.84,16140465000,1316240000,0,505208000,392320000,0.94,N/A,9.91%,N/L,N/L,N/L,N/L,N/L,2025-04-17
RTX,Rtx Corp,Aerospace - Defense,Aerospace,209990480000,25.78,3.24,4.93%,12.89%,0.65,17.129999,245708480000,11067000000,6703000000,1338542000,4774000000,0.64,0.15%,86.50%,N/L,N/L,N/L,N/L,N/L,2025-07-22
RUM,Rumble Inc,Internet - Software,Computers and Technology,4112812000,0,12.43,-71.37%,-117.60%,0,N/A,3998792000,-104140000,-117750000,434299000,-338360000,0.73,45.10%,26.15%,N/L,N/L,N/L,N/L,N/L,2025-08-11
RUN,Sunrun Inc,Solar,Oils-Energy,2463079000,5.91,0.7,2.22%,9.42%,3.81,0.58,14562049000,3238230000,-504810000,228486000,-2846170000,2.6,3.37%,91.69%,N/L,N/L,N/L,N/L,N/L,2025-08-06
RVMD,Revolution Medicines Inc,Medical - Biomedical,Medical,7060489000,0,3.34,-32.84%,-37.06%,0,N/A,6517429000,-822160000,-789420000,186268000,-600090000,1.06,8.20%,94.34%,N/L,N/L,N/L,N/L,N/L,2025-08-06
RVPH,Reviva Pharmaceuticals Hldg Inc,Medical - Drugs,Medical,22634000,0,N/A,-302.31%,0.00%,0,N/A,9154000,-29410000,-29410000,48004000,-29920000,-0.06,27.18%,63.18%,N/L,N/L,N/L,N/L,N/L,2025-08-13
RVTY,Revvity Inc,Medical Services,Medical,12219582000,20.68,1.6,4.72%,7.73%,0.41,11.98,14206902000,808770000,374850000,117870000,270390000,0.98,0.68%,86.65%,N/L,N/L,N/L,N/L,N/L,2025-07-28
RXRX,Recursion Pharmaceuticals Inc Cl A,Medical - Biomedical,Medical,2638153000,0,2.72,-54.02%,-74.70%,0.02,N/A,2059773000,-537540000,-574030000,406495000,-463660000,0.91,8.43%,89.06%,N/L,N/L,N/L,N/L,N/L,2025-08-14
RXST,Rxsight Inc,Medical Instruments,Medical,323877000,0,1.15,-8.51%,-9.54%,0,N/A,307167000,-42210000,-36860000,40637000,-27460000,1.21,9.57%,78.78%,N/L,N/L,N/L,N/L,N/L,2025-08-07
RXT,Rackspace Technology Inc,Technology Services,Business Services,314540000,0,N/A,-1.55%,0.00%,-2.64,0.3,3011741000,927100000,-153000000,237389000,-858200000,2.06,2.90%,82.48%,N/L,N/L,N/L,N/L,N/L,2025-08-07
RYAAY,Ryanair Hlds Plc ADR,Transportation - Airline,Transportation,33854436000,14.7,3.96,12.39%,27.91%,0.36,10.97,32401126000,4283030000,2978400000,530717000,1731340000,1.38,N/A,43.66%,N/L,N/L,N/L,N/L,N/L,2025-07-21
RYAM,Rayonier Advanced Materials Inc,Paper & Related Products,Basic Materials,288468000,0,0.41,-1.58%,-4.71%,1.07,1.95,903568000,153050000,7320000,66775000,-38710000,2.46,4.41%,68.64%,N/L,N/L,N/L,N/L,N/L,2025-08-05
RZLT,Rezolute Inc,Medical - Biomedical,Medical,548075000,0,4.3,-63.08%,-70.09%,0,N/A,477675000,-79940000,-77140000,86996000,-68460000,1.03,18.39%,82.97%,N/L,N/L,N/L,N/L,N/L,2025-09-18
RZLV,Rezolve Ai Plc,Technology Services,Business Services,614370000,0,N/A,0.00%,0.00%,-0.74,N/A,633220000,-2840000,-3070000,208261000,-172650000,-0.32,68.71%,27.96%,N/L,N/L,N/L,N/L,N/L,N/A
S,Sentinelone Inc Cl A,Security,Computers and Technology,6503406000,0,4.19,-10.89%,-15.95%,0,N/A,6316836000,-226830000,-336240000,332485000,-288440000,0.77,4.33%,90.87%,N/L,N/L,N/L,N/L,N/L,2025-08-26
SA,Seabridge Gold,Mining - Gold,Basic Materials,1645341000,0,2.39,-0.84%,-1.39%,0.56,N/A,2019541000,-15060000,-15060000,102005000,-22800000,0.67,12.75%,34.85%,N/L,N/L,N/L,N/L,N/L,2025-08-12
SABR,Sabre Corp,Internet Software Services,Computers and Technology,1221592000,0,N/A,-2.48%,0.00%,-3.28,18.51,5553992000,484400000,291480000,387807000,-278760000,1.43,2.30%,89.42%,N/L,N/L,N/L,N/L,N/L,2025-08-07
SAFE,Safehold Inc,REIT - Equity Trust Resident,Finance,1057197000,0,0.45,1.64%,4.76%,1.82,8.09,5357517000,323330000,303650000,71723000,105760000,1.79,3.50%,70.38%,N/L,N/L,N/L,N/L,N/L,2025-08-04
SAGE,Sage Therapeutic Com,Medical - Biomedical,Medical,551065000,0,1.34,-60.67%,-68.99%,0,N/A,470045000,-365750000,-360300000,62621000,-400670000,0.29,5.50%,99.22%,N/L,N/L,N/L,N/L,N/L,2025-07-30
SAIA,Saia Inc,Transportation - Truck,Transportation,8885369000,26,3.52,10.22%,14.21%,0.13,14.49,9066189000,864830000,654720000,26634000,362070000,1.98,0.30%,N/A,N/L,N/L,N/L,N/L,N/L,2025-07-25
SAIL,Sailpoint Inc,Internet - Software,Computers and Technology,11265361000,0,1.68,0.00%,0.00%,0,N/A,12168541000,21670000,-253160000,556589000,-315830000,N/A,2.00%,N/A,N/L,N/L,N/L,N/L,N/L,2025-06-11
SAM,Boston Beer Company,Beverages - Alcohol,Consumer Staples,2396388000,17.89,2.51,10.97%,15.03%,0,9.23,2184568000,237830000,101250000,11146000,59700000,0.99,26.10%,81.13%,N/L,N/L,N/L,N/L,N/L,2025-07-24
SAN,Banco Santander ADR,Banks - Foreign,Finance,133521376000,10.21,1.16,0.72%,12.26%,0,8.18,333423072000,27436720000,23872280000,14885326000,13606330000,0.99,9.48%,9.19%,N/L,N/L,N/L,N/L,N/L,2025-07-30
SANA,Sana Biotechnology Inc,Medical - Biomedical,Medical,1116111000,0,5.53,-44.49%,-86.58%,0,N/A,988541000,-195240000,-212630000,225477000,-266760000,1.86,30.10%,88.23%,N/L,N/L,N/L,N/L,N/L,2025-08-14
SAND,Sandstorm Gold Ltd,Mining - Gold,Basic Materials,2799821000,95.7,1.96,1.56%,2.00%,0.24,25.43,3150421000,177560000,80320000,293175000,14290000,0.46,1.54%,51.97%,N/L,N/L,N/L,N/L,N/L,2025-08-07
SAP,SAP Ag ADR,Computer - Software,Computers and Technology,353846016000,47.3,7.24,8.98%,14.77%,0.22,49.529999,355833824000,9745360000,8360270000,1228504000,3380480000,1.3,7.35%,0.00%,N/L,N/L,N/L,N/L,N/L,2025-07-22
SATS,Echostar Corp,Satellite Communication,Computers and Technology,8526535000,0,0.43,-0.37%,-1.08%,1.31,4.72,30673564000,3486360000,1556170000,287379000,-119550000,0.9,55.90%,33.62%,N/L,N/L,N/L,N/L,N/L,2025-08-08
SAVA,Cassava Sciences Inc,Medical - Drugs,Medical,113524000,0,0.95,-72.05%,-87.72%,0,N/A,-15046000,-144970000,-146100000,48308000,-24340000,-2.04,2.40%,38.05%,N/L,N/L,N/L,N/L,N/L,2025-08-14
SB,Safe Bulkers Inc,Transportation - Ship,Transportation,446472000,8.04,0.54,4.77%,7.93%,0.63,3.19,899072000,227960000,166870000,105300000,97380000,1.17,40.25%,21.69%,N/L,N/L,N/L,N/L,N/L,2025-07-29
SBET,Sharplink Gaming Inc,Gaming,Consumer Discretionary,2197945000,0,6.43,-120.73%,-162.25%,0,N/A,2196505000,-3930000,-4010000,99952000,10100000,9.46,10.50%,13.75%,N/L,N/L,N/L,N/L,N/L,2025-08-13
SBH,Sally Beauty Holdings,Retail - Misc & Diversified,Retail-Wholesale,1046271000,5.63,1.48,6.91%,29.48%,1.3,3.56,1920701000,435910000,323730000,100894000,153410000,1.26,1.56%,N/A,N/L,N/L,N/L,N/L,N/L,2025-08-14
SBLK,Star Bulk Carriers,Transportation - Ship,Transportation,2211444000,10.87,0.91,4.92%,8.20%,0.5,4.98,3031454000,642770000,478710000,117630000,304650000,0.93,0.90%,33.91%,N/L,N/L,N/L,N/L,N/L,2025-08-06
SBS,Cia DE Saneamento Basico Do Estado ADR,Utility - Water Supply,Utilities,13198578000,7.02,1.97,14.03%,29.18%,0.68,9.26,17562518000,3371890000,2540060000,683510000,1776050000,0.73,1.00%,10.62%,N/L,N/L,N/L,N/L,N/L,2025-08-14
SBSW,Sibanye Gold Ltd ADR,Mining - Misc,Basic Materials,6538594000,0,2.58,0.00%,0.00%,0.86,11.71,7938424000,845210000,0,707640000,-398420000,0.75,0.05%,34.93%,N/L,N/L,N/L,N/L,N/L,2025-07-04
SBUX,Starbucks Corp,Retail - Restaurants,Retail-Wholesale,107298888000,33.11,N/A,10.27%,-42.14%,-2.04,19.83,119581088000,7741500000,6149100000,1136400000,3760900000,1.02,0.09%,72.29%,N/L,N/L,N/L,N/L,N/L,2025-07-29
SCCO,Southern Copper Corp,Mining - Non Ferrous,Basic Materials,78177208000,21.77,8.22,19.21%,39.39%,0.75,18.51,81177408000,7607100000,6761200000,796183000,3376800000,1.02,0.07%,7.94%,N/L,N/L,N/L,N/L,N/L,2025-08-01
SCHL,Scholastic Corp,Publishing - Books,Consumer Staples,750297000,42.25,0.64,0.67%,1.38%,0.29,4.74,636597000,166600000,73000000,28101000,12100000,1.08,17.59%,82.57%,N/L,N/L,N/L,N/L,N/L,2025-07-24
SCHW,The Charles Schwab Corp,Finance - Investment Brokers,Finance,176355104000,24.37,4.34,1.65%,19.73%,0.43,19.799999,127670104000,14387000000,12146000000,1816970000,5942000000,0.93,6.30%,84.38%,N/L,N/L,N/L,N/L,N/L,2025-07-18
SDGR,Schrodinger Inc,Medical Information Systems,Medical,1631171000,0,4.42,-26.29%,-44.74%,0,N/A,1468511000,-186590000,-192750000,73377000,-187120000,1.58,8.60%,79.05%,N/L,N/L,N/L,N/L,N/L,2025-08-06
SE,Sea Ltd ADR,Internet - Software,Computers and Technology,92908864000,111.18,10.25,3.98%,10.74%,0.05,127.379997,89228632000,1333250000,1047450000,589112000,444320000,1.6,0.22%,59.53%,N/L,N/L,N/L,N/L,N/L,2025-08-12
SEAT,Vivid Seats Inc Cl A,Internet - Software,Computers and Technology,350324000,0,1.03,-0.38%,-2.17%,1.02,6.87,847504000,109520000,62600000,206073000,9430000,0.92,88.46%,39.92%,N/L,N/L,N/L,N/L,N/L,2025-08-05
SEDG,Solaredge Tech,Solar,Oils-Energy,1607768000,0,2.83,-46.17%,-127.53%,1.13,N/A,1874148000,-1552780000,-1637320000,59044000,-1806360000,1.62,0.71%,95.10%,N/L,N/L,N/L,N/L,N/L,2025-08-07
SEI,Solaris Energy Infrastructure Inc,Oil Field Machinery & Equip,Oils-Energy,2195147000,45.73,3.42,4.70%,8.20%,0.58,31.5,2424747000,169490000,122270000,67543000,15810000,1.09,21.20%,67.44%,N/L,N/L,N/L,N/L,N/L,2025-07-23
SEMR,Semrush Holdings Inc Cl A,Internet - Software,Computers and Technology,1443302000,191.6,5.09,1.78%,2.66%,0,51.18,1394422000,26020000,6770000,148183000,8240000,1.65,55.61%,32.86%,N/L,N/L,N/L,N/L,N/L,2025-08-04
SENS,Senseonics Holdings,Medical Information Systems,Medical,361454000,0,10.69,-74.86%,0.00%,0.99,N/A,321244000,-68620000,-70100000,654216000,-78620000,0.92,4.30%,12.36%,N/L,N/L,N/L,N/L,N/L,2025-08-06
SERV,Serve Robotics Inc,IT Services,Computers and Technology,664131000,0,3.09,-38.51%,-40.68%,0,N/A,540861000,-43600000,-45590000,57007000,-39190000,0.13,5.50%,N/A,N/L,N/L,N/L,N/L,N/L,2025-08-12
SES,Ses Ai Corp,Auto - Truck Original Parts,Auto-Tires-Trucks,432887000,0,1.64,-28.67%,-32.65%,0,N/A,304087000,-104230000,-112540000,366853000,-100190000,0.38,15.07%,29.78%,N/L,N/L,N/L,N/L,N/L,2025-08-04
SEZL,Sezzle Inc,Financial Transaction Services,Business Services,4957949000,54.54,38.009998,35.02%,114.37%,0.56,69.989998,4983909000,119800000,118310000,33286000,78520000,9.16,49.49%,2.02%,N/L,N/L,N/L,N/L,N/L,2025-08-07
SFIX,Stitch Fix Inc,Retail - Apparel & Shoes,Retail-Wholesale,658959000,0,3.45,-7.21%,-18.15%,0,N/A,496099000,-25110000,-69600000,130487000,-128840000,1.93,16.95%,71.04%,N/L,N/L,N/L,N/L,N/L,2025-06-10
SFM,Sprouts Farmers Market,Food Items - Wholesale,Retail-Wholesale,15762150000,36.94,12.49,12.43%,34.20%,0.01,25.110001,15504240000,992270000,718180000,97859000,380600000,0.77,1.10%,N/A,N/L,N/L,N/L,N/L,N/L,2025-07-30
SG,Sweetgreen Inc Cl A,Retail - Restaurants,Retail-Wholesale,1733738000,0,3.87,-10.49%,-19.72%,0,N/A,1518948000,39120000,-29300000,117303000,-90370000,2.06,21.52%,95.75%,N/L,N/L,N/L,N/L,N/L,2025-08-07
SGML,Sigma Lithium Corp,Electronics Products - Misc,Computers and Technology,792328000,0,7.57,-10.76%,-35.85%,1.06,N/A,744118000,17090000,2500000,111282000,-51070000,0.05,48.60%,64.86%,N/L,N/L,N/L,N/L,N/L,2025-08-21
SGMO,Sangamo Therapeutics,Medical - Biomedical,Medical,136543000,0,27.92,-79.86%,-345.98%,0,N/A,94623000,-72980000,-82070000,233167000,-97940000,1.23,4.10%,56.93%,N/L,N/L,N/L,N/L,N/L,2025-08-05
SGMT,Sagimet Biosciences Inc Series A,Medical - Biomedical,Medical,314112000,0,2.25,-34.09%,-35.21%,0,N/A,238272000,-66810000,-65560000,30675000,-45570000,3.35,14.70%,87.86%,N/L,N/L,N/L,N/L,N/L,2025-08-13
SGU,Star Gas Partners LP,Electronics Products - Misc,Computers and Technology,413064000,7.95,1.11,7.55%,23.57%,0.6,6.07,504544000,178390000,145910000,34566000,35220000,0.35,20.36%,40.36%,N/L,N/L,N/L,N/L,N/L,2025-07-30
SHAK,Shake Shack Inc,Retail - Restaurants,Retail-Wholesale,5862018000,145.35,11.47,2.44%,8.45%,0.5,39.009998,5787988000,214630000,109420000,42667000,10210000,1.77,9.73%,86.07%,N/L,N/L,N/L,N/L,N/L,2025-07-31
SHCO,Soho House & Co. Inc,Hotels & Motels,Consumer Discretionary,1272167000,0,N/A,-1.82%,0.00%,-2.09,208.639999,1807337000,203660000,95930000,194521000,-162970000,0.67,74.70%,62.35%,N/L,N/L,N/L,N/L,N/L,2025-08-08
SHEL,Shell Plc ADR,Oil - International Integrated,Oils-Energy,212814816000,10.44,1.21,5.51%,11.71%,0.42,4.37,250782816000,85883000000,59011000000,2956172000,16094000000,0.4,1.00%,28.60%,N/L,N/L,N/L,N/L,N/L,2025-08-07
SHOP,Shopify Inc,Internet - Services,Computers and Technology,161433120000,125.86,14.33,10.06%,12.24%,0.08,124.150002,160853120000,1228000000,1192000000,1297381000,2019000000,2.61,N/A,69.27%,N/L,N/L,N/L,N/L,N/L,2025-08-06
SHOT,Safety Shot Inc,Medical Products,Medical,90460000,0,N/A,-433.74%,"-1,502.87%",-9.98,N/A,95410000,-31850000,-32280000,121049000,-49410000,1.58,19.13%,12.55%,N/L,N/L,N/L,N/L,N/L,2025-08-13
SHW,Sherwin-Williams Company,Chemical - Specialty,Basic Materials,85229400000,30.68,19.370001,11.47%,66.91%,2.61,23.940001,94907400000,4538000000,3839000000,250601000,2681400000,1.18,0.60%,77.67%,N/L,N/L,N/L,N/L,N/L,2025-07-22
SIBN,Si-Bone Inc,Medical Instruments,Medical,735109000,0,4.41,-11.69%,-16.00%,0.21,N/A,735609000,-31590000,-30680000,42615000,-30910000,0.93,4.00%,98.11%,N/L,N/L,N/L,N/L,N/L,2025-08-04
SIG,Signet Jewelers Ltd,Retail - Jewelry,Retail-Wholesale,3487874000,9.03,1.94,7.32%,22.41%,0,5.45,2883874000,255400000,109000000,41150000,61200000,1.39,1.00%,N/A,N/L,N/L,N/L,N/L,N/L,2025-09-11
SIGI,Selective Ins Group,Insurance - Proprty & Casualty,Finance,4717885000,12.32,1.44,2.75%,12.61%,0.28,18.68,5362805000,360420000,325620000,60774000,207010000,0.48,1.50%,82.88%,N/L,N/L,N/L,N/L,N/L,2025-07-23
SIMO,Silicon Motion Techn ADR,Computer - Integrated Systems,Computers and Technology,2474035000,26.47,3.25,9.18%,12.00%,0,21.43,2197965000,108040000,82710000,33984000,89250000,0.85,5.34%,78.02%,N/L,N/L,N/L,N/L,N/L,2025-07-30
SIRI,Siriusxm Holdings Inc,Broadcast - Radio & TV,Consumer Discretionary,7968271000,17.51,0.73,2.25%,6.77%,0.93,6.69,18181272000,-363000000,-985000000,337925000,-1665000000,0.92,3.32%,10.69%,N/L,N/L,N/L,N/L,N/L,2025-07-31
SJM,J.M. Smucker Company,Food - Misc & Diversified,Consumer Staples,11611502000,10.74,1.9,5.65%,15.20%,1.26,12.39,19219202000,3692000000,1527900000,106508000,-1230800000,0.31,2.24%,81.66%,N/L,N/L,N/L,N/L,N/L,2025-08-27
SJT,San Juan Basin Royalty Trust,Oil - US Royalty Trusts,Oils-Energy,264739000,293.5,102.160004,29.82%,39.81%,0,53.040001,263979000,5160000,1070000,46609000,5160000,0.67,N/A,10.42%,N/L,N/L,N/L,N/L,N/L,2025-08-13
SKE,Skeena Resources Ltd,Mining - Misc,Basic Materials,1774468000,0,19.459999,-34.83%,-77.48%,0,N/A,1703718000,-93900000,-99900000,114778000,-110890000,1.26,2.00%,45.15%,N/L,N/L,N/L,N/L,N/L,2025-08-14
SKLZ,Skillz Inc,Gaming,Consumer Discretionary,148512000,0,0.71,-18.35%,-35.10%,0.63,N/A,-39578000,-108110000,4600000,17431000,-48230000,2.76,30.42%,19.42%,N/L,N/L,N/L,N/L,N/L,2025-08-07
SKX,Skechers U.S.A.,Shoes and Related Apparel,Consumer Staples,9429477000,15.18,1.89,7.53%,13.34%,0.12,11.07,8857977000,1082080000,870580000,149603000,639470000,1.12,24.78%,79.96%,N/L,N/L,N/L,N/L,N/L,2025-04-24
SKY,Champion Homes Inc,Building - Mobile Homes & RV,Construction,3726832000,18.28,2.39,10.03%,13.61%,0.02,14.97,3141262000,279360000,237040000,57283000,198410000,1.16,1.20%,N/A,N/L,N/L,N/L,N/L,N/L,2025-08-05
SKYT,Skywater Technology Inc,Electronics - Semiconductors,Computers and Technology,482271000,0,8.21,-1.70%,-8.52%,1.01,32.52,530871000,25110000,4740000,48035000,-6790000,3.4,37.85%,70.00%,N/L,N/L,N/L,N/L,N/L,2025-08-06
SKYW,Skywest Inc,Transportation - Airline,Transportation,4544443000,11.31,1.82,5.77%,17.01%,1.03,6.34,6989463000,1295860000,911980000,40467000,322960000,1.88,2.00%,81.30%,N/L,N/L,N/L,N/L,N/L,2025-07-24
SLAB,Silicon Labs Inc,Semi Analog & Mixed,Computers and Technology,4380933000,0,4.13,-7.68%,-8.80%,0,N/A,4099323000,-89850000,-138440000,32572000,-191010000,1.47,1.60%,N/A,N/L,N/L,N/L,N/L,N/L,2025-08-05
SLB,Schlumberger N.V.,Oil - Field Services,Oils-Energy,48244944000,10.78,2.22,9.34%,20.99%,0.51,6.66,55723944000,7776000000,5257000000,1360162000,4461000000,1.01,0.26%,81.99%,N/L,N/L,N/L,N/L,N/L,2025-07-18
SLDB,Solid Biosciences Inc,Medical - Biomedical,Medical,542605000,0,1.76,-55.33%,-68.15%,0,N/A,462365000,-144060000,-142920000,77515000,-124700000,2.34,1.90%,81.46%,N/L,N/L,N/L,N/L,N/L,2025-08-12
SLDP,Solid Power Inc Cl A,Auto - Truck Original Parts,Auto-Tires-Trucks,773050000,0,1.98,-19.76%,-21.24%,0,N/A,747640000,-94040000,-103580000,179362000,-96520000,1.75,4.90%,33.66%,N/L,N/L,N/L,N/L,N/L,2025-08-06
SLG,SL Green Realty Corp,REIT - Equity Trust Other,Finance,4324709000,10.58,1.07,-0.44%,-1.19%,0.89,211.309998,8124709000,620020000,405960000,71306000,30650000,1.65,5.04%,89.96%,N/L,N/L,N/L,N/L,N/L,2025-07-16
SLI,Standard Lithium Ltd,Other Alt Energy,Oils-Energy,511996000,0,2.2,-3.64%,-4.15%,0,N/A,472616000,-20150000,-21290000,193938000,108820000,1.67,3.74%,16.77%,N/L,N/L,N/L,N/L,N/L,2025-05-08
SLM,SLM Corp,Finance - Consumer Loans,Finance,6870686000,16.09,3.12,1.49%,22.33%,2.56,10.37,8687846000,1144080000,1097100000,209856000,608330000,1.09,1.30%,98.94%,N/L,N/L,N/L,N/L,N/L,2025-07-24
SLNO,Soleno Therapeutics Inc,Medical - Drugs,Medical,4357570000,0,18.92,-63.44%,-77.52%,0.21,N/A,4269640000,-207950000,-209940000,50394000,-175850000,-2.63,6.40%,97.42%,N/L,N/L,N/L,N/L,N/L,2025-08-06
SLP,Simulations Plus Inc,Computer - Software,Computers and Technology,266280000,13.25,2.13,10.84%,11.62%,0,17.1,255970000,-67990000,-72540000,20127000,9950000,0.83,19.40%,78.08%,N/L,N/L,N/L,N/L,N/L,2025-07-14
SLS,Sellas Life Sciences Group Inc,Medical - Biomedical,Medical,179599000,0,6.23,-113.02%,-193.67%,0,N/A,165609000,-27930000,-27930000,99777000,-30880000,2.31,1.40%,17.38%,N/L,N/L,N/L,N/L,N/L,2025-08-12
SM,Sm Energy Company,Oil - US Exploration & Product,Oils-Energy,3155717000,3.89,0.72,10.27%,19.90%,0.62,1.98,5932457000,2903360000,2086600000,114462000,770290000,2.16,1.50%,94.56%,N/L,N/L,N/L,N/L,N/L,2025-07-31
SMCI,Super Micro Computer,Computer - Storage Devices,Computers and Technology,32508678000,27.34,4.91,11.86%,20.41%,0.02,23.52,31315338000,1354080000,1313090000,596818000,1152670000,1.43,17.60%,84.06%,N/L,N/L,N/L,N/L,N/L,2025-08-05
SMG,Scotts Miracle-Gro Company,Agriculture Operations,Consumer Staples,4004844000,22.13,N/A,5.61%,-56.15%,-8.78,18.280001,6160044000,358300000,277700000,57715000,-34900000,2.01,25.37%,74.07%,N/L,N/L,N/L,N/L,N/L,2025-07-30
SMHI,Seacor Marine Holdings Inc,Transportation - Ship,Transportation,150371000,0,0.54,-6.36%,-14.56%,1.2,20.75,419071000,107040000,46490000,26852000,-78120000,1.42,16.40%,59.05%,N/L,N/L,N/L,N/L,N/L,2025-07-30
SMLR,Semler Scientific,Medical Instruments,Medical,525047000,11.54,2.31,15.47%,19.75%,0.59,8.69,516097000,-16560000,-17140000,13788000,40900000,1.39,30.20%,49.37%,N/L,N/L,N/L,N/L,N/L,2025-08-04
SMMT,Summit Therapeu ADR,Medical - Drugs,Medical,21292236000,0,59.459999,-51.61%,-62.87%,0,N/A,21187046000,-250370000,-250460000,742666000,-221320000,-1.01,84.90%,4.61%,N/L,N/L,N/L,N/L,N/L,2025-08-05
SMR,Nuscale Power Corp,Electrical Power,Computers and Technology,14694586000,0,27.379999,0.07%,0.09%,0,341.649994,14287926000,-128250000,-130090000,284393000,-136620000,2.04,1.27%,78.37%,N/L,N/L,N/L,N/L,N/L,2025-08-07
SMRT,Smartrent Inc,Technology Services,Business Services,214524000,0,0.84,-8.00%,-11.65%,0,N/A,72044000,-66410000,-72910000,188179000,-33640000,1.82,1.90%,59.42%,N/L,N/L,N/L,N/L,N/L,2025-08-06
SMSI,Smith Micro Software,Computer - Software,Computers and Technology,15310000,0,0.4,-35.23%,-42.50%,0,N/A,12500000,-11130000,-17430000,19382000,-48700000,0.69,31.35%,20.80%,N/L,N/L,N/L,N/L,N/L,2025-08-07
SMTC,Semtech Corp,Semi Analog & Mixed,Computers and Technology,4597773000,122.16,8,2.92%,19.66%,0.95,54.529999,4997553000,156100000,90960000,86636000,-161900000,1.92,0.60%,N/A,N/L,N/L,N/L,N/L,N/L,2025-08-26
SN,Sharkninja Inc,Retail - Misc & Diversified,Retail-Wholesale,16972874000,31.22,8.19,12.86%,28.89%,0.38,24.59,17384684000,757280000,634170000,141041000,438710000,1.66,11.12%,34.77%,N/L,N/L,N/L,N/L,N/L,2025-08-07
SNAP,Snap Inc,Internet - Software,Computers and Technology,16327410000,0,7.04,-6.37%,-21.53%,0.02,N/A,15317090000,-480460000,-647920000,1671178000,-697860000,0.59,22.68%,47.52%,N/L,N/L,N/L,N/L,N/L,2025-08-05
SNBR,Sleep Number Corp,Furniture,Consumer Discretionary,187625000,0,N/A,-2.07%,0.00%,0,3.25,185675000,85530000,19180000,22660000,-20330000,1.72,7.50%,85.67%,N/L,N/L,N/L,N/L,N/L,2025-07-30
SND,Smart Sand Inc,Oil - Field Services,Oils-Energy,88607000,0,0.42,-5.86%,-8.30%,0.05,2.72,99737000,27680000,-2290000,44083000,2990000,0.85,34.00%,35.21%,N/L,N/L,N/L,N/L,N/L,2025-08-12
SNDK,Sandisk Corp,Technology Services,Business Services,6172301000,0,0.67,0.00%,0.00%,0.21,N/A,5844301000,209000000,209000000,145299000,388478000,N/A,0.38%,N/A,N/L,N/L,N/L,N/L,N/L,2025-08-14
SNDL,Sndl Inc,Medical Products,Medical,398106000,0,0.53,-7.60%,-9.02%,0,N/A,224286000,45860000,4470000,262776000,-69180000,3.4,N/A,0.00%,N/L,N/L,N/L,N/L,N/L,2025-07-31
SNDX,Syndax Pharma,Medical - Biomedical,Medical,828633000,0,4,-58.41%,-101.60%,1.6,N/A,1018243000,-356530000,-343100000,86047000,-318760000,0.7,4.10%,N/A,N/L,N/L,N/L,N/L,N/L,2025-08-07
SNOW,Snowflake Inc Cl A,Internet - Software,Computers and Technology,73286704000,0,29.73,-14.58%,-37.75%,0,N/A,70657904000,-1319740000,-1554700000,333865000,-1285640000,1.22,6.80%,65.10%,N/L,N/L,N/L,N/L,N/L,2025-08-20
SNPS,Synopsys Inc,Computer - Software,Computers and Technology,93337088000,61.96,9.54,9.98%,17.09%,1.01,47.639999,89486160000,1674010000,1305360000,155161000,2263380000,1.12,0.62%,85.47%,N/L,N/L,N/L,N/L,N/L,2025-08-20
SNV,Synovus Financial Corp,Banks - Southeast,Finance,6896435000,10.78,1.55,1.31%,16.20%,0.69,10.78,6172705000,1447620000,1387210000,139013000,482460000,1.19,1.00%,83.85%,N/L,N/L,N/L,N/L,N/L,2025-07-16
SNX,Synnex Corp,Electronics Products - Misc,Computers and Technology,12119351000,13.13,1.44,3.18%,11.58%,0.49,9.1,14967461000,1667830000,1260300000,82467000,689090000,1.3,1.00%,84.00%,N/L,N/L,N/L,N/L,N/L,2025-06-24
SNY,Sanofi-Aventis S.A. ADR,Large Cap Pharma,Medical,123530496000,12.11,1.62,9.80%,17.15%,0.26,9.41,132792184000,14712870000,10832460000,2452462000,6016480000,0.48,1.00%,14.04%,N/L,N/L,N/L,N/L,N/L,2025-07-31
SO,Southern Company,Utility - Electric Power,Utilities,104794896000,22.35,2.81,3.22%,12.70%,1.83,10.72,167210896000,17537000000,12271000000,1099055000,4401000000,0.38,0.16%,64.10%,N/L,N/L,N/L,N/L,N/L,2025-07-31
SOBO,South Bow Corp,Oil - Production & Pipeline,Oils-Energy,5403335000,0,2.11,0.00%,0.00%,2.2,8.7,10722335000,743000000,497000000,208221000,316000000,N/A,N/A,N/A,N/L,N/L,N/L,N/L,N/L,2025-08-06
SOC,Sable Offshore Corp,Oil - US Integrated,Oils-Energy,2560788000,0,9.12,-23.70%,-145.52%,3.04,N/A,3058558000,-201590000,-216030000,89413000,-629070000,0.57,36.36%,26.19%,N/L,N/L,N/L,N/L,N/L,2025-08-12
SOFI,Sofi Technologies Inc,Finance - Misc Services,Finance,23433698000,126.53,3.56,0.60%,3.34%,0.46,54.700001,23817028000,571540000,368040000,1105363000,498670000,1.91,2.60%,38.43%,N/L,N/L,N/L,N/L,N/L,2025-07-29
SOHU,Sohu.com Inc ADR,Internet - Services,Computers and Technology,473824000,0,0.43,-4.44%,-7.86%,0,N/A,313894000,-76880000,-101550000,30065000,-100270000,0.77,21.07%,33.02%,N/L,N/L,N/L,N/L,N/L,2025-08-04
SONY,Sony Group Corp ADR,Audio & Video Products,Consumer Discretionary,150465888000,20.57,2.73,3.26%,13.76%,0.49,10.16,158500000000,16896990000,9287280000,6047664000,7534560000,0.94,7.00%,14.05%,N/L,N/L,N/L,N/L,N/L,2025-08-06
SOUN,Soundhound Ai Inc Cl A,IT Services,Computers and Technology,4704306000,0,12.09,-39.51%,-68.55%,0,N/A,4506066000,-154470000,-174760000,401734000,-350680000,2.59,9.17%,19.28%,N/L,N/L,N/L,N/L,N/L,2025-08-07
SPCE,Virgin Galactic Holdings Inc,Aerospace - Defense,Aerospace,172120000,0,0.63,-33.39%,-97.17%,0,N/A,-38770000,-320230000,-337930000,41575000,-346740000,2.09,0.27%,46.62%,N/L,N/L,N/L,N/L,N/L,2025-08-06
SPG,Simon Property Group,REIT - Equity Trust Retail,Finance,54548880000,13.34,18.040001,6.56%,67.32%,8.18,13.84,77638528000,5731120000,4371260000,326425000,2370900000,1.43,8.66%,93.01%,N/L,N/L,N/L,N/L,N/L,2025-08-04
SPGI,S&P Global Inc,Securities Exchanges,Finance,164069184000,33.03,4.86,8.26%,14.68%,0.34,27.129999,178053184000,8125000000,6952000000,306700000,3852000000,1.19,0.10%,87.17%,N/L,N/L,N/L,N/L,N/L,2025-07-31
SPHR,Sphere Entertainment CO,Media Conglomerates,Consumer Discretionary,1559859000,0,0.75,-8.34%,-16.78%,0.62,5.87,2367009000,260970000,-19130000,35793000,-200650000,1.66,22.09%,92.03%,N/L,N/L,N/L,N/L,N/L,2025-08-13
SPIR,Spire Global Inc,Aerospace - Defense,Aerospace,346508000,0,62.880001,-37.32%,-492.01%,18,N/A,425858000,-51210000,-82280000,31077000,-102820000,2.4,14.68%,19.97%,N/L,N/L,N/L,N/L,N/L,2025-08-13
SPOT,Spotify Technology S.A.,Internet - Software,Computers and Technology,141882416000,113,21.190001,10.25%,22.53%,0,99.550003,136708896000,1961840000,1830910000,204707000,1231430000,1.68,0.40%,84.09%,N/L,N/L,N/L,N/L,N/L,2025-07-29
SPRO,Spero Therapeutics Inc,Medical - Biomedical,Medical,130273000,0,3.89,-58.96%,-123.50%,0,N/A,77383000,-72860000,-73230000,55911000,-68570000,1.33,5.50%,25.60%,N/L,N/L,N/L,N/L,N/L,2025-08-04
SPRY,Ars Pharmaceuticals Inc,Medical - Drugs,Medical,1755084000,0,7.69,-5.60%,-6.94%,0.3,2116.129883,1773644000,-34250000,-27070000,98214000,8000000,0.9,33.50%,68.16%,N/L,N/L,N/L,N/L,N/L,2025-08-05
SQM,Sociedad Quimica Y Minera S.A. ADR,Chemical - Specialty,Basic Materials,11896824000,19.63,2.23,5.35%,11.71%,0.88,17.059999,15283024000,997000000,997000000,285638000,685120000,1.07,N/A,12.41%,N/L,N/L,N/L,N/L,N/L,2025-08-19
SQNS,Sequans Communications S A ADR,Electronics - Semiconductors,Computers and Technology,50268000,0.98,1.07,43.95%,115.57%,0,0.39,44918000,144190000,80150000,25388000,57570000,0.44,9.40%,63.33%,N/L,N/L,N/L,N/L,N/L,2025-07-31
SRAD,Sportradar Group Ag Cl A,Leisure & Recreational Prdcts,Consumer Discretionary,31724902000,148.16,30.360001,2.53%,6.38%,0.05,90.779999,31398492000,418240000,110140000,1112764000,36950000,2.07,85.02%,0.00%,N/L,N/L,N/L,N/L,N/L,2025-08-05
SRDX,Surmodics Inc,Medical Products,Medical,514764000,0,4.16,-4.77%,-7.10%,0.27,103.589996,508194000,-10000,-9010000,14299000,-11540000,1.31,8.90%,96.63%,N/L,N/L,N/L,N/L,N/L,2025-07-30
SRE,Sempra,Utility - Gas Distribution,Utilities,52687608000,17.05,1.41,3.24%,8.55%,0.99,9.35,87858608000,7943000000,5506000000,651913000,2862000000,0.63,0.27%,89.65%,N/L,N/L,N/L,N/L,N/L,2025-08-07
SRG,Seritage Growth Properties,REIT - Equity Trust Other,Finance,184746000,0,0.5,-9.98%,-17.07%,0.63,N/A,327066000,-31580000,-44890000,56325000,-153540000,2.39,0.55%,78.93%,N/L,N/L,N/L,N/L,N/L,2025-08-13
SRPT,Sarepta Therapeutics,Medical - Biomedical,Medical,1172445000,0,1.11,-5.12%,-14.88%,1,5.29,1206555000,-117360000,-114810000,98277000,235240000,0.45,7.70%,86.68%,N/L,N/L,N/L,N/L,N/L,2025-08-06
SSRM,Ssr Mining Inc,Mining - Misc,Basic Materials,2530694000,27.3,0.64,1.83%,2.44%,0.07,13.54,2400174000,373630000,243440000,202780000,-261280000,-0.12,0.54%,68.30%,N/L,N/L,N/L,N/L,N/L,2025-08-05
SSYS,Stratasys Ltd,Printing - Commercial,Industrial Products,923124000,0,1,-1.43%,-1.86%,0,32.869999,852924000,-28270000,-73610000,84924000,-120280000,1.53,4.30%,75.77%,N/L,N/L,N/L,N/L,N/L,2025-09-04
ST,Sensata Technologies Holding N.V.,Industrial Controls,Computers and Technology,4790997000,9.76,1.67,6.72%,17.12%,1.12,4.92,7375837000,873300000,404590000,146290000,128480000,1.13,0.89%,99.42%,N/L,N/L,N/L,N/L,N/L,2025-07-29
STAA,Staar Surgical Company,Medical - Dental Suppliers,Medical,950899000,0,2.69,-8.32%,-10.59%,0,N/A,806739000,-61930000,-67730000,49526000,-20210000,0.58,1.00%,96.70%,N/L,N/L,N/L,N/L,N/L,2025-08-06
STEM,Stem Inc,IT Services,Computers and Technology,124685000,0,N/A,-22.00%,0.00%,-0.04,0.28,84905000,349000000,-245440000,8318000,-854010000,1.24,5.10%,61.63%,N/L,N/L,N/L,N/L,N/L,2025-08-07
STLA,Stellantis N.V.,Auto - Foreign,Auto-Tires-Trucks,30624692000,0,0.33,0.00%,0.00%,0.45,1.83,34008424000,13700470000,0,3023168000,5922330000,1.44,0.02%,59.48%,N/L,N/L,N/L,N/L,N/L,2025-07-29
STLD,Steel Dynamics Inc,Steel - Producers,Basic Materials,19422236000,18.49,2.16,6.71%,11.88%,0.48,9.58,22234996000,1975880000,1496970000,148454000,1537130000,1.37,6.30%,82.41%,N/L,N/L,N/L,N/L,N/L,2025-07-21
STM,Stmicroelectronics N.V. ADR,Semi General,Computers and Technology,23639964000,30.72,1.34,3.24%,4.56%,0.16,7.24,24310964000,2889000000,1128000000,898175000,1557000000,1.6,N/A,5.05%,N/L,N/L,N/L,N/L,N/L,2025-07-24
STNE,Stoneco Ltd Cl A,Internet - Software,Computers and Technology,3826854000,9.67,1.95,4.21%,16.65%,1.17,6.53,5248554000,689380000,513360000,286013000,-280920000,1.94,11.25%,73.19%,N/L,N/L,N/L,N/L,N/L,2025-08-07
STNG,Scorpio Tankers Inc,Transportation - Ship,Transportation,2249295000,6.37,0.76,9.08%,12.30%,0.31,3.15,2705405000,956680000,762120000,51016000,668770000,-0.04,7.34%,54.64%,N/L,N/L,N/L,N/L,N/L,2025-07-30
STOK,Stoke Therapeutics Inc,Medical - Biomedical,Medical,715221000,17.1,2.11,15.72%,19.08%,0,N/A,587161000,38780000,38240000,54597000,-88980000,1.14,9.50%,N/A,N/L,N/L,N/L,N/L,N/L,2025-08-06
STRL,Sterling Infrastructure Inc,Engineering & R&D Services,Industrial Products,8154675000,38.52,9.29,10.13%,26.58%,0.37,29.91,7806795000,365370000,295810000,30412000,257460000,1.4,3.70%,80.95%,N/L,N/L,N/L,N/L,N/L,2025-08-04
STT,State Street Corp,Banks - Major Regional,Finance,32205604000,11.77,1.33,0.83%,12.96%,0.95,9.48,-64487396000,8657000000,8052000000,285182000,2687000000,1.45,0.29%,87.44%,N/L,N/L,N/L,N/L,N/L,2025-07-15
STWD,Starwood Property Trust,REIT - Mortgage Trusts,Finance,7317101000,11.16,0.99,0.94%,8.87%,2.73,9.95,24532470000,64300000,27910000,367140000,359930000,1.24,5.40%,49.82%,N/L,N/L,N/L,N/L,N/L,2025-08-07
STX,Seagate Technology Hldgs Plc,Computer - Integrated Systems,Computers and Technology,32021422000,26.52,N/A,15.80%,-105.02%,-6.21,78.489998,36337424000,1900000000,1636000000,212217000,335000000,1.45,0.81%,92.87%,N/L,N/L,N/L,N/L,N/L,2025-07-29
STZ,Constellation Brands Inc,Beverages - Alcohol,Consumer Staples,30942944000,13.09,4.15,10.80%,31.41%,1.54,5.43,42372544000,6390600000,3136800000,176293000,-81400000,1.75,12.45%,77.34%,N/L,N/L,N/L,N/L,N/L,2025-07-01
SU,Suncor Energy Inc,Oil - C$ Integrated,Oils-Energy,48024832000,10.42,1.57,7.40%,14.90%,0.23,4.89,53031992000,17341970000,12266940000,1222628000,4390480000,0.8,1.00%,67.37%,N/L,N/L,N/L,N/L,N/L,2025-08-05
SUI,Sun Communities,REIT - Equity Trust Resident,Finance,15271088000,17.59,2.12,0.62%,1.41%,1.01,16.209999,22559988000,2004900000,1157000000,127642000,101800000,0.86,1.77%,99.59%,N/L,N/L,N/L,N/L,N/L,2025-07-30
SUN,Sunoco LP,Oil Refining & Marketing MLP,Oils-Energy,8173278000,9.64,1.97,5.94%,20.34%,1.85,7.02,15565278000,1663000000,1271000000,152743000,866000000,0.61,N/A,24.29%,N/L,N/L,N/L,N/L,N/L,2025-08-06
SUPV,Grupo Supervielle S.A. ADR,Banks - Foreign,Finance,916327000,13.7,1.11,1.44%,8.02%,0.33,4.6,254327000,267960000,210120000,88534000,114940000,1.72,N/A,0.00%,N/L,N/L,N/L,N/L,N/L,2025-08-13
SURG,Surgepays,Internet - Software,Computers and Technology,60011000,0,7.92,-153.67%,-206.01%,0.24,N/A,49561000,-48960000,-51120000,20412000,-45730000,0.46,30.50%,6.94%,N/L,N/L,N/L,N/L,N/L,2025-08-12
SVM,Silvercorp Metals Inc,Mining - Misc,Basic Materials,1026766000,12.55,1.25,7.56%,9.66%,0,9.62,665246000,111080000,78250000,217997000,58190000,1.01,4.31%,22.30%,N/L,N/L,N/L,N/L,N/L,2025-08-07
SWBI,Smith & Wesson Brands Inc,Leisure & Recreational Prdcts,Consumer Discretionary,363465000,26.55,0.97,2.39%,3.71%,0.21,7.79,417335000,55740000,23890000,44003000,13430000,0.94,1.28%,59.33%,N/L,N/L,N/L,N/L,N/L,2025-09-04
SWK,Stanley Black & Decker Inc,Machinery - Tools & Related,Industrial Products,11433291000,15.98,1.27,3.09%,7.85%,0.63,8.97,17245792000,1218700000,629200000,154713000,286300000,1.18,0.70%,87.77%,N/L,N/L,N/L,N/L,N/L,2025-07-29
SWKS,Skyworks Solutions,Semi Radio Frequency,Computers and Technology,10738726000,16.11,1.87,8.81%,11.53%,0.17,8.78,10364426000,923000000,469200000,150129000,596000000,1.17,0.28%,85.43%,N/L,N/L,N/L,N/L,N/L,2025-08-05
SWX,Southwest Gas Corp,Utility - Gas Distribution,Utilities,5639418000,22.78,1.5,2.08%,6.76%,1.35,8.44,10341647000,1411730000,973290000,71913000,198820000,0.48,0.39%,92.77%,N/L,N/L,N/L,N/L,N/L,2025-08-05
SXC,Suncoke Energy Inc,Coal,Oils-Energy,716148000,7.84,1.01,5.61%,13.39%,0.69,3.35,1018848000,380900000,262000000,84651000,95900000,1.11,1.49%,90.45%,N/L,N/L,N/L,N/L,N/L,2025-07-30
SXT,Sensient Technologies Corp,Chemical - Specialty,Basic Materials,4810179000,35.71,4.27,6.40%,12.14%,0.64,24.860001,5416919000,256040000,195710000,42459000,124670000,0.56,1.20%,90.86%,N/L,N/L,N/L,N/L,N/L,2025-07-25
SY,So-Young International Inc ADR,Medical Services,Medical,470672000,0,1.83,-1.61%,-2.14%,0.03,409.950012,390622000,-6150000,-12440000,101438000,-80760000,1.72,16.70%,35.31%,N/L,N/L,N/L,N/L,N/L,2025-08-22
SYF,Synchrony Financial,Finance - Misc Services,Finance,27123030000,8.71,1.7,2.71%,21.34%,1.03,8.8,29096030000,5133000000,4652000000,372058000,3499000000,1.46,0.32%,96.48%,N/L,N/L,N/L,N/L,N/L,2025-07-22
SYK,Stryker Corp,Medical Products,Medical,154022960000,31.66,7.23,11.25%,23.74%,0.8,26.299999,163967968000,6218000000,5168000000,381689000,2993000000,0.91,5.90%,77.09%,N/L,N/L,N/L,N/L,N/L,2025-07-31
SYM,Symbotic Inc,Technology Services,Business Services,31243490000,0,74.620003,-0.29%,-1.26%,0,1968.199951,30516180000,-79940000,-103420000,589611000,-13490000,2.03,0.60%,N/A,N/L,N/L,N/L,N/L,N/L,2025-08-06
SYY,Sysco Corp,Food - Misc & Diversified,Consumer Staples,38925588000,18.27,20.139999,8.43%,107.96%,7.01,12.49,50242588000,4193330000,3177330000,484752000,1955000000,0.81,0.54%,83.41%,N/L,N/L,N/L,N/L,N/L,2025-07-29
T,AT&T Inc,Wireless National,Utilities,201476880000,12.75,1.65,3.99%,13.36%,1.05,5.4,323690880000,60259000000,39679000000,7195603000,10948000000,0.42,0.08%,57.10%,N/L,N/L,N/L,N/L,N/L,2025-07-23
TAL,Tal Education Group ADR,Schools,Consumer Discretionary,6089270000,70.14,1.59,1.54%,2.26%,0,43.68,4130160000,49140000,-3160000,608927000,84590000,0.12,1.81%,37.79%,N/L,N/L,N/L,N/L,N/L,2025-07-31
TALK,Talkspace Inc,Medical Information Systems,Medical,420797000,126,3.73,2.15%,2.54%,0,212.100006,344107000,-3050000,-3910000,167315000,1150000,1.07,23.50%,57.37%,N/L,N/L,N/L,N/L,N/L,2025-08-05
TALO,Talos Energy Inc,Oil - US Exploration & Product,Oils-Energy,1557113000,0,0.58,-0.10%,-0.24%,0.45,1.45,2670343000,2387610000,1237140000,177146000,-76390000,0.71,0.36%,89.35%,N/L,N/L,N/L,N/L,N/L,2025-08-06
TAP,Molson Coors Brewing Company,Beverages - Alcohol,Consumer Staples,10349236000,9.22,0.78,4.33%,8.59%,0.47,5.13,15694536000,2389000000,1624300000,202173000,1122400000,0.69,2.71%,78.46%,N/L,N/L,N/L,N/L,N/L,2025-08-05
TBBK,The Bancorp Inc,Banks - Northeast,Finance,2973792000,14.97,3.92,2.57%,27.65%,0.15,15.16,2527372000,297640000,296090000,46710000,217540000,1.25,5.60%,96.22%,N/L,N/L,N/L,N/L,N/L,2025-07-24
TCMD,Tactile Systems Technology Inc,Medical Instruments,Medical,245266000,14.44,1.18,6.10%,8.41%,0.11,9.47,174116000,29920000,23130000,23248000,16960000,0.95,2.50%,83.43%,N/L,N/L,N/L,N/L,N/L,2025-08-04
TCOM,Trip.com Group Ltd ADR,Leisure & Recreation Services,Consumer Discretionary,42090248000,19.74,2.09,6.58%,11.55%,0.29,17.870001,40612248000,2143000000,1976000000,653271000,2338000000,0.07,22.98%,35.41%,N/L,N/L,N/L,N/L,N/L,2025-08-25
TD,Toronto Dominion Bank,Banks - Foreign,Finance,128915192000,13.51,1.59,0.68%,13.11%,0.08,10.94,-137223312000,25870890000,24381650000,1720475000,6496220000,0.83,0.09%,52.37%,N/L,N/L,N/L,N/L,N/L,2025-08-28
TDC,Teradata Corp,Computer - Storage Devices,Computers and Technology,2108936000,13.26,13.07,9.47%,129.98%,3,8.65,2168936000,327000000,227000000,95600000,114000000,0.83,0.90%,90.31%,N/L,N/L,N/L,N/L,N/L,2025-08-05
TDG,Transdigm Group Inc,Aerospace - Defense Equipment,Aerospace,90285616000,47.58,N/A,8.83%,-38.71%,-4.31,41.299999,108418616000,4366000000,4028000000,56167000,1714000000,1.04,4.09%,95.78%,N/L,N/L,N/L,N/L,N/L,2025-08-05
TDOC,Teladoc Health Inc,Medical Services,Medical,1438567000,0,1.01,-4.66%,-11.01%,0.39,1.47,690957000,1331130000,158290000,175435000,-1001250000,1.84,0.58%,76.82%,N/L,N/L,N/L,N/L,N/L,2025-07-29
TDS,Telephone and Data Systems,Wireline National,Computers and Technology,4561140000,0,0.95,0.26%,0.73%,0.7,4.55,9353140000,1917000000,974000000,114000000,-28000000,0.51,14.97%,80.00%,N/L,N/L,N/L,N/L,N/L,2025-08-11
TDW,Tidewater Inc,Oil - US Integrated,Oils-Energy,2567310000,15.52,2.37,8.52%,15.97%,0.57,6.38,2879490000,800940000,556430000,49476000,180660000,1.08,8.33%,95.13%,N/L,N/L,N/L,N/L,N/L,2025-08-05
TE,T1 Energy Inc,Solar,Oils-Energy,221432000,0,1.14,-9.78%,-26.38%,2.58,N/A,666362000,-89690000,-100150000,155938000,-450150000,1.27,17.10%,52.31%,N/L,N/L,N/L,N/L,N/L,2025-08-08
TEAM,Atlassian Corp,Internet - Software,Computers and Technology,53288720000,0,38.32,-5.05%,-23.41%,0.72,N/A,52097700000,-90130000,-168870000,262506000,-300520000,0.94,38.55%,94.45%,N/L,N/L,N/L,N/L,N/L,2025-08-07
TECH,Bio-Techne Corp,Medical - Biomedical,Medical,9214763000,34.19,4.58,10.17%,13.17%,0.16,25.27,9381973000,283650000,171940000,156767000,168110000,1.39,3.90%,98.95%,N/L,N/L,N/L,N/L,N/L,2025-08-06
TECK,Teck Resources Ltd,Mining - Misc,Basic Materials,15940518000,24.05,0.93,2.25%,3.87%,0.17,10.35,13710258000,1634350000,374710000,483046000,296300000,0.8,0.14%,78.06%,N/L,N/L,N/L,N/L,N/L,2025-07-24
TECX,Tectonic Therapeutic Inc,Medical - Biomedical,Medical,416781000,0,1.38,-27.52%,-30.13%,0,N/A,275541000,-66730000,-68380000,18673000,-57980000,3.17,38.00%,62.63%,N/L,N/L,N/L,N/L,N/L,2025-08-13
TEF,Telefonica S.A. ADR,Diversified Comm Services,Utilities,30562172000,14.59,1.23,2.21%,9.30%,1.59,12.2,63804280000,18216360000,18216360000,5670162000,-53020000,0.46,0.01%,1.14%,N/L,N/L,N/L,N/L,N/L,2025-07-30
TEL,Te Connectivity Ltd,Electronics - Misc Components,Computers and Technology,61699564000,24.86,4.92,10.61%,20.22%,0.27,19.75,63843564000,3670000000,2844000000,296547000,3193000000,1.23,0.90%,91.43%,N/L,N/L,N/L,N/L,N/L,2025-07-23
TEM,Tempus Ai Cl A,Medical Information Systems,Medical,11164250000,0,33.599998,-66.19%,-533.21%,1.74,N/A,11090540000,-662520000,-706500000,173116000,-705810000,N/A,27.60%,24.22%,N/L,N/L,N/L,N/L,N/L,2025-08-08
TEN,Tsakos Energy Navigation Ltd,Transportation - Ship,Transportation,584483000,6.05,0.34,6.63%,14.17%,0,2.15,1994753000,576190000,426440000,30128000,176230000,-0.14,1.41%,19.24%,N/L,N/L,N/L,N/L,N/L,2025-09-10
TER,Teradyne Inc,Electronics Products - Misc,Computers and Technology,14461861000,26.4,5.24,15.23%,20.06%,0,23.07,13908511000,765960000,646220000,160420000,542370000,1.7,0.16%,99.77%,N/L,N/L,N/L,N/L,N/L,2025-07-29
TEVA,Teva Pharmaceutical Industries ADR,Medical - Generic Drugs,Medical,18970718000,6.69,2.99,6.95%,45.43%,2.66,4.85,33793720000,3066000000,2007000000,1146960000,-1639000000,0.6,0.49%,54.05%,N/L,N/L,N/L,N/L,N/L,2025-07-30
TFC,Truist Financial Corp,Banks - Major Regional,Finance,59780456000,12.43,1.01,0.95%,8.69%,0.69,9.59,58325456000,10785000000,9806000000,1309539000,4818000000,0.85,0.17%,71.28%,N/L,N/L,N/L,N/L,N/L,2025-07-18
TFII,Tfi International Inc,Transportation - Services,Transportation,7769200000,16.94,2.81,6.09%,16.69%,0.9,7.02,10172079000,1883100000,1032470000,83022000,422480000,1.48,5.50%,73.30%,N/L,N/L,N/L,N/L,N/L,2025-07-28
TGB,Taseko Mines Ltd,Mining - Misc,Basic Materials,1086713000,34.4,3.07,2.03%,8.78%,1.56,11.55,1542463000,163620000,113600000,315905000,-9810000,1.42,2.30%,17.94%,N/L,N/L,N/L,N/L,N/L,2025-07-30
TGEN,Tecogen Inc,Building Prdcts - Air Heating,Construction,214786000,0,21.93,-14.95%,-40.21%,0,N/A,210926000,-3080000,-3850000,25269000,-4760000,0.99,12.70%,0.00%,N/L,N/L,N/L,N/L,N/L,2025-08-06
TGI,Triumph Group,Aerospace - Defense Equipment,Aerospace,2021367000,29.04,N/A,4.53%,-74.53%,-12.72,19.620001,2716907000,199480000,169010000,77715000,40870000,2.26,2.31%,94.53%,N/L,N/L,N/L,N/L,N/L,2025-08-06
TGT,Target Corp,Retail - Discount,Retail-Wholesale,48184880000,13.02,3.22,6.55%,25.59%,1.04,6.86,59362880000,11289000000,8308000000,454360000,4091000000,1.22,0.16%,79.73%,N/L,N/L,N/L,N/L,N/L,2025-08-20
TGTX,Tg Therapeutics,Medical - Biomedical,Medical,5858060000,152.21,24.440001,7.05%,18.88%,1.03,304.51001,5922600000,55110000,59820000,158755000,23380000,1.91,10.64%,58.58%,N/L,N/L,N/L,N/L,N/L,2025-08-05
TH,Target Hospitality Corp,Leisure & Recreation Services,Consumer Discretionary,784983000,17.18,1.85,6.94%,11.34%,0.1,5.21,774643000,168650000,93000000,99365000,71270000,1.83,68.00%,32.40%,N/L,N/L,N/L,N/L,N/L,2025-08-06
THC,Tenet Healthcare Corp,Medical - Hospitals,Medical,14213264000,10.06,2.52,4.80%,24.69%,2.24,7.03,27094264000,5274000000,4430000000,92885000,3200000000,1.64,0.81%,95.44%,N/L,N/L,N/L,N/L,N/L,2025-07-22
THO,Thor Industries,Building - Mobile Homes & RV,Construction,5073533000,19.91,1.18,3.61%,6.15%,0.24,8.65,5706133000,750830000,455410000,53204000,265310000,1.21,4.50%,96.71%,N/L,N/L,N/L,N/L,N/L,2025-06-04
THRY,Thryv Holdings Inc,Internet - Software,Computers and Technology,520482000,0,2.66,-11.98%,-51.25%,1.55,563.150024,788512000,7630000,-67460000,43738000,-74220000,0.94,9.88%,96.38%,N/L,N/L,N/L,N/L,N/L,2025-07-30
THTX,Theratechnologies Inc,Medical - Biomedical,Medical,145757000,0,N/A,-9.83%,0.00%,-1.53,N/A,174287000,9890000,7130000,45980000,-8310000,0.55,N/A,0.00%,N/L,N/L,N/L,N/L,N/L,2025-07-09
TIGO,Millicom International Cellular S.A.,Wireless Non-US,Computers and Technology,6952678000,19.37,2.09,2.57%,10.02%,1.72,4.7,12011678000,3873000000,2639000000,172096000,253000000,1.06,0.52%,0.00%,N/L,N/L,N/L,N/L,N/L,2025-08-07
TIGR,Up Fintech Holding Ltd ADR,Finance - Investment Brokers,Finance,1951708000,24.07,2.87,1.27%,13.19%,0,31.57,-899372000,177810000,175190000,184646000,60730000,0.67,50.90%,9.03%,N/L,N/L,N/L,N/L,N/L,2025-08-29
TIPT,Tiptree Financial Cl A,Insurance - Brokers,Finance,807686000,9.48,1.18,1.62%,13.87%,0.72,6.85,914706000,217110000,200250000,37497000,53370000,1.14,31.78%,37.78%,N/L,N/L,N/L,N/L,N/L,2025-07-30
TJX,TJX Companies,Retail - Discount,Retail-Wholesale,141246256000,29.71,16.59,15.26%,58.81%,0.34,23.08,138777248000,7565000000,6278000000,1117101000,4864000000,0.88,0.13%,91.09%,N/L,N/L,N/L,N/L,N/L,2025-08-20
TKO,Tko Group Holdings Inc Cl A,Movie & TV Production & Dist,Consumer Discretionary,33653916000,73.36,3.27,1.71%,2.52%,0.27,37.41,35909488000,1545320000,1116830000,197906000,9410000,0.73,61.30%,89.79%,N/L,N/L,N/L,N/L,N/L,2025-08-06
TLN,Talen Energy Corporation,Other Alt Energy,Oils-Energy,15774672000,76.04,13.08,3.36%,11.47%,2.54,19.549999,18413672000,799000000,391000000,45510000,998000000,1.85,0.18%,0.38%,N/L,N/L,N/L,N/L,N/L,2025-08-07
TLRY,Tilray Brands Inc,Medical Products,Medical,692973000,0,0.26,-6.02%,-7.40%,0.06,N/A,638823000,-626910000,-768280000,1006496000,-244980000,1.82,0.60%,9.35%,N/L,N/L,N/L,N/L,N/L,2025-07-28
TLSA,Tiziana Life Sciences Ltd,Medical - Biomedical,Medical,217337000,0,46.59,0.00%,0.00%,0,N/A,213617000,-15670000,0,116848000,-11860000,-0.05,39.82%,0.00%,N/L,N/L,N/L,N/L,N/L,2025-08-05
TLYS,Tilly's Inc,Retail - Apparel & Shoes,Retail-Wholesale,53972000,0,0.75,-13.06%,-46.32%,0,N/A,32912000,-38980000,-51750000,30152000,-46230000,1.39,2.83%,76.38%,N/L,N/L,N/L,N/L,N/L,2025-09-04
TM,Toyota Motor Corp Ltd Ord ADR,Auto - Foreign,Auto-Tires-Trucks,253974640000,8.47,1.06,5.11%,13.01%,1.05,5.6,450723776000,46509020000,8374150000,1347417000,31449560000,0.61,N/A,1.48%,N/L,N/L,N/L,N/L,N/L,2025-08-07
TMC,Tmc The Metals Company,Mining - Misc,Basic Materials,2821429000,0,N/A,-124.02%,0.00%,-0.6,N/A,2829729000,-74270000,-74630000,362186000,-81940000,1.57,28.50%,4.39%,N/L,N/L,N/L,N/L,N/L,2025-08-13
TMDX,Transmedics Group Inc,Medical Instruments,Medical,3657051000,78.52,13.56,6.15%,21.88%,0.22,64.900002,3379771000,72270000,52510000,33824000,35460000,2.06,7.00%,99.67%,N/L,N/L,N/L,N/L,N/L,2025-07-30
TME,Tencent Music Entertainment ADR,Media Conglomerates,Consumer Discretionary,36552440000,31.69,3.52,8.40%,10.95%,0.05,32.84,35216668000,682040000,546000000,1716077000,924180000,0.55,N/A,24.32%,N/L,N/L,N/L,N/L,N/L,2025-08-12
TMO,Thermo Fisher Scientific Inc,Medical Instruments,Medical,180562912000,21.7,3.55,8.38%,16.82%,0.64,15.82,205734912000,10501000000,7393000000,377494000,6335000000,0.77,0.33%,89.23%,N/L,N/L,N/L,N/L,N/L,2025-07-23
TMUS,T-Mobile US,Wireless National,Utilities,274095776000,23.35,4.56,5.78%,19.69%,1.33,11.65,346547776000,44477000000,31558000000,1125419000,11339000000,0.62,0.37%,42.49%,N/L,N/L,N/L,N/L,N/L,2025-07-23
TNDM,Tandem Diabetes Care,Medical Instruments,Medical,1058385000,0,6.62,-13.48%,-57.33%,0,N/A,989155000,-161940000,-178320000,66607000,-96030000,1.48,1.90%,N/A,N/L,N/L,N/L,N/L,N/L,2025-08-06
TNET,Trinet Group Inc,Outsourcing,Business Services,3331303000,15.39,50.490002,5.60%,237.87%,15.6,9.27,2541303000,417000000,287000000,48399000,173000000,0.84,38.10%,96.81%,N/L,N/L,N/L,N/L,N/L,2025-07-25
TNK,Teekay Tankers Ltd,Transportation - Ship,Transportation,1515031000,5.89,0.84,13.56%,15.05%,0,3.43,999471000,502400000,408820000,34300000,403670000,-0.04,1.90%,52.67%,N/L,N/L,N/L,N/L,N/L,2025-08-07
TNL,Travel + Leisure Co.,Leisure & Recreation Services,Consumer Discretionary,4101645000,10.2,N/A,6.15%,-47.47%,-6.27,8.1,9363645000,971000000,856000000,64920000,411000000,1.38,3.75%,87.54%,N/L,N/L,N/L,N/L,N/L,2025-07-23
TOL,Toll Brothers Inc,Building - Residential & Comm,Construction,12080189000,9.1,1.51,10.12%,17.87%,0.33,8.1,13460069000,1858250000,1777050000,98181000,1571200000,1.36,1.54%,91.76%,N/L,N/L,N/L,N/L,N/L,2025-08-19
TOST,Toast Inc Cl A,Internet - Software,Computers and Technology,24252600000,200.29,14.29,6.97%,11.01%,0,154.020004,23371600000,243000000,115000000,498000000,19000000,2,13.32%,82.91%,N/L,N/L,N/L,N/L,N/L,2025-08-05
TPB,Turning Point Brands,Tobacco,Consumer Staples,1401469000,27.66,6.81,9.78%,27.70%,1.44,24.91,1603909000,92840000,84750000,17901000,39810000,0.75,6.60%,96.12%,N/L,N/L,N/L,N/L,N/L,2025-08-06
TPC,Tutor Perini Corp,Building - Heavy Construction,Construction,2525000000,0,2.14,-3.28%,-11.64%,0.34,N/A,2594950000,-33440000,-87230000,52703000,-163720000,1.79,17.30%,65.01%,N/L,N/L,N/L,N/L,N/L,2025-08-07
TPG,Tpg Inc Cl A,Finance - Investment Mgmt,Finance,21746350000,28.22,6.08,7.95%,24.47%,0.42,21.6,22207140000,290300000,154910000,372369000,23480000,1.55,69.98%,94.03%,N/L,N/L,N/L,N/L,N/L,2025-08-06
TPH,Tri Pointe Homes Inc,Building - Residential & Comm,Construction,2864265000,7.89,0.87,7.75%,11.33%,0.28,5.68,2811715000,602990000,538460000,90670000,458030000,1.25,2.70%,97.01%,N/L,N/L,N/L,N/L,N/L,2025-07-24
TPL,Texas Pacific Land Trust,Other Alt Energy,Oils-Energy,22510930000,48.5,18.469999,36.15%,40.04%,0,46.490002,22141090000,611590000,586430000,22987000,453960000,1.08,6.50%,59.94%,N/L,N/L,N/L,N/L,N/L,2025-08-06
TPR,Tapestry Inc,Retail - Apparel & Shoes,Retail-Wholesale,22501136000,21.82,15.08,10.83%,51.84%,1.81,20.27,23599736000,1462500000,1233500000,207690000,816000000,1.47,1.18%,90.77%,N/L,N/L,N/L,N/L,N/L,2025-08-14
TPVG,Triplepoint Venture Growth Bdc,Finance - SBIC & Commercial,Finance,288873000,5.65,0.83,6.53%,14.12%,0.01,5.55,215143000,47010000,49770000,40233000,32050000,1.46,1.46%,12.77%,N/L,N/L,N/L,N/L,N/L,2025-08-06
TREE,Lendingtree Inc,Finance - Mortgage & Rel Svs,Finance,664027000,41.6,6.57,2.13%,14.76%,4.76,15.61,1026487000,80670000,53980000,13535000,-41700000,1.61,23.10%,68.26%,N/L,N/L,N/L,N/L,N/L,2025-07-31
TREX,Trex Company,Building Products - Wood,Construction,7343976000,36.47,7.99,14.66%,22.78%,0.49,25.860001,7545286000,322980000,268310000,107227000,226390000,1.5,0.71%,95.96%,N/L,N/L,N/L,N/L,N/L,2025-08-04
TRGP,Targa Resources,Oil Refining & Marketing MLP,Oils-Energy,35923944000,30.5,14.01,5.43%,30.48%,6.3,13.3,49941244000,5487200000,4049400000,216932000,1279100000,1.07,1.34%,92.13%,N/L,N/L,N/L,N/L,N/L,2025-08-07
TRI,Thomson Reuters Corp,Business Services,Business Services,91664800000,54.38,7.53,9.25%,14.26%,0.23,36.66,92516800000,3779000000,2957000000,450552000,2210000000,0.76,N/A,17.31%,N/L,N/L,N/L,N/L,N/L,2025-08-06
TRIN,Trinity Capital Inc,Finance - SBIC & Commercial,Finance,974291000,7.12,1.17,7.16%,15.91%,0.47,7.3,1077661000,130240000,124840000,64651000,115600000,0.53,5.31%,24.62%,N/L,N/L,N/L,N/L,N/L,2025-08-06
TRIP,Tripadvisor Inc,Internet Commerce,Retail-Wholesale,2527001000,29.83,3.95,3.34%,10.68%,1.83,15.03,2299001000,856000000,771000000,141807000,5000000,1.28,3.10%,98.99%,N/L,N/L,N/L,N/L,N/L,2025-08-07
TRMB,Trimble Navigation,Machinery - General Industrial,Industrial Products,20337156000,37.25,3.71,5.91%,9.87%,0.26,26.6,20988956000,785600000,553600000,238587000,1504400000,1.67,0.54%,93.21%,N/L,N/L,N/L,N/L,N/L,2025-08-06
TRON,Tron Inc,Finance - Misc Services,Finance,171206000,0,30.25,-61.80%,-78.96%,0.05,N/A,170356000,-3150000,-3270000,17834000,-4340000,14.29,35.26%,28.03%,N/L,N/L,N/L,N/L,N/L,2025-08-11
TROW,T Rowe Price Group,Finance - Investment Mgmt,Finance,23558390000,11.72,2.26,15.48%,20.17%,0,9.04,21852590000,2847200000,2343000000,220316000,2100100000,1.49,2.00%,73.39%,N/L,N/L,N/L,N/L,N/L,2025-08-01
TROX,Tronox Inc,Chemical - Diversified,Basic Materials,922249000,0,0.52,-0.48%,-1.57%,1.74,3.14,3629249000,412000000,117000000,158462000,-48000000,1.37,1.70%,73.36%,N/L,N/L,N/L,N/L,N/L,2025-07-30
TRU,Transunion,Business Information,Business Services,19357822000,27.19,4.27,6.49%,16.31%,1.13,15.81,23754922000,1844400000,1306600000,195100000,284300000,1.63,0.22%,N/A,N/L,N/L,N/L,N/L,N/L,2025-07-24
TRUP,Trupanion Inc,Insurance - Accident & Health,Finance,2131071000,0,6.29,-0.52%,-1.33%,0.39,171.089996,2099661000,39470000,17700000,42784000,-9630000,1.82,5.42%,N/A,N/L,N/L,N/L,N/L,N/L,2025-08-07
TRV,The Travelers Companies Inc,Insurance - Proprty & Casualty,Finance,58771232000,11.49,2,3.90%,18.68%,0.27,4.68,66105232000,14585000000,6897000000,225134000,4999000000,0.51,1.46%,82.45%,N/L,N/L,N/L,N/L,N/L,2025-07-17
TRVG,Trivago NV ADR,Internet - Services,Computers and Technology,267870000,55.71,1.36,0.33%,0.52%,0,65.519997,122770000,-28260000,-32320000,70307000,-25640000,1.39,6.50%,4.50%,N/L,N/L,N/L,N/L,N/L,2025-08-05
TRVI,Trevi Therapeutics Inc,Medical - Biomedical,Medical,923096000,0,7.87,-52.52%,-58.41%,0,N/A,888996000,-50940000,-51090000,117293000,-47910000,0.46,18.30%,95.76%,N/L,N/L,N/L,N/L,N/L,2025-08-14
TSAT,Telesat Corp Cl A,Satellite Communication,Computers and Technology,356030000,0,0.21,-2.60%,-6.83%,1.37,N/A,2213040000,125970000,24810000,13641000,-64020000,2.1,40.60%,N/A,N/L,N/L,N/L,N/L,N/L,2025-08-13
TSCO,Tractor Supply Company,Retail - Misc & Diversified,Retail-Wholesale,31456944000,29.12,12.63,10.73%,46.83%,0.93,20.469999,33037424000,2363650000,1916490000,530203000,1101240000,0.75,0.65%,98.72%,N/L,N/L,N/L,N/L,N/L,2025-07-24
TSEM,Tower Semiconductor,Electronics - Semiconductors,Computers and Technology,5210991000,26.17,1.93,6.62%,7.73%,0.06,11.03,5119921000,456510000,190230000,110825000,207860000,0.79,1.00%,70.51%,N/L,N/L,N/L,N/L,N/L,2025-08-04
TSHA,Taysha Gene Therapies Inc,Medical - Generic Drugs,Medical,568854000,0,9.65,-50.09%,-104.94%,0.77,N/A,473304000,-82460000,-83710000,214662000,-89300000,0.97,3.78%,77.70%,N/L,N/L,N/L,N/L,N/L,2025-08-11
TSLA,Tesla Inc,Auto - Domestic,Auto-Tires-Trucks,1018015360000,179.59,12.6,4.79%,7.98%,0.03,78.82,1001939328000,11672000000,6304000000,3220956000,7130000000,2.39,20.70%,66.20%,N/L,N/L,N/L,N/L,N/L,2025-07-23
TSLX,Sixth Street Specialty Lending Inc,Finance - SBIC & Commercial,Finance,2297420000,10.43,1.43,6.22%,13.60%,1.15,11.28,4171230000,216020000,228600000,93964000,220020000,0.83,3.22%,70.25%,N/L,N/L,N/L,N/L,N/L,2025-07-30
TSM,Taiwan Semiconductor ADR,Semi Fab Foundries,Computers and Technology,1273815936000,27.55,8.96,22.29%,34.53%,0.23,22.1,1239984128000,60532200000,35920700000,5186547000,35327200000,1.29,1.11%,16.51%,N/L,N/L,N/L,N/L,N/L,2025-07-17
TSN,Tyson Foods,Food - Meat Products,Consumer Staples,19215262000,14.03,1.04,3.70%,7.43%,0.49,7.68,27285262000,2946000000,1546000000,356234000,800000000,0.59,2.03%,67.00%,N/L,N/L,N/L,N/L,N/L,2025-08-04
TSSI,Tss Inc,Engineering & R&D Services,Industrial Products,724329000,74.86,71.800003,11.68%,121.89%,0.87,97.75,709309000,13720000,13110000,25020000,5980000,1.66,18.94%,0.00%,N/L,N/L,N/L,N/L,N/L,2025-08-13
TT,Trane Technologies Plc,Building Prdcts - Air Heating,Construction,105280112000,39.36,13.7,13.13%,36.10%,0.63,35.32,108460312000,4064600000,3685200000,223018000,2567900000,1.15,0.38%,82.97%,N/L,N/L,N/L,N/L,N/L,2025-07-30
TTAN,Servicetitan Inc Cl A,Internet - Software,Computers and Technology,10603066000,0,7.31,0.00%,0.00%,0.07,N/A,10265636000,-55000000,-147020000,90671000,-239090000,N/A,51.72%,N/A,N/L,N/L,N/L,N/L,N/L,2025-06-05
TTD,Trade Desk Inc,Internet - Services,Computers and Technology,42332556000,103.66,15.37,7.33%,15.41%,0,87.75,40963096000,540450000,452960000,491439000,393080000,1.36,9.74%,67.77%,N/L,N/L,N/L,N/L,N/L,2025-08-07
TTE,Totalenergies Se ADR,Oil - Refining and Marketing,Oils-Energy,145467232000,8.59,1.2,5.66%,13.57%,0.49,4.62,173180224000,48565000000,35458000000,2397680000,15758000000,0.57,N/A,16.53%,N/L,N/L,N/L,N/L,N/L,2025-07-24
TTEC,Teletech Hlds,Technology Services,Business Services,251602000,13.2,0.9,1.04%,6.44%,3.42,2.16,1141612000,25440000,-76530000,47833000,-320970000,1.26,59.20%,38.03%,N/L,N/L,N/L,N/L,N/L,2025-08-07
TTEK,Tetra Tech Inc,Pollution Controls,Industrial Products,10092164000,27.77,6.41,9.47%,23.31%,0.64,22.950001,10672104000,531350000,426520000,263503000,333380000,0.94,0.40%,93.89%,N/L,N/L,N/L,N/L,N/L,2025-07-30
TTI,Tetra Technologies,Oil - Field Services,Oils-Energy,495032000,15.67,1.84,5.44%,14.49%,0.66,8.38,637522000,96970000,59860000,133073000,108280000,1.37,5.83%,70.19%,N/L,N/L,N/L,N/L,N/L,2025-07-29
TTMI,TTM Technologies,Electronics - Misc Components,Computers and Technology,4602822000,27.5,2.83,4.89%,10.75%,0.58,15.01,5017052000,365010000,212840000,101630000,56300000,1.46,1.30%,95.79%,N/L,N/L,N/L,N/L,N/L,2025-07-30
TTWO,Take-Two Interactive,Gaming,Consumer Discretionary,39876272000,219.17,18.700001,1.53%,3.74%,1.71,7.91,42066372000,4339000000,-616500000,177425000,-4478900000,1.03,1.45%,95.46%,N/L,N/L,N/L,N/L,N/L,2025-08-07
TU,Telus Corp,Diversified Comm Services,Utilities,25101498000,22.03,2.14,2.67%,9.11%,1.71,6.1,45524948000,7937570000,4992100000,1525000000,724690000,0.73,0.09%,49.40%,N/L,N/L,N/L,N/L,N/L,2025-08-01
TUYA,Tuya Inc ADR,Internet - Software,Computers and Technology,1337598000,63,1.37,2.00%,2.22%,0,147.110001,684218000,-31100000,-32700000,539354000,5000000,0.46,2.10%,11.47%,N/L,N/L,N/L,N/L,N/L,2025-08-25
TW,Tradeweb Markets Inc,Finance - Investment Brokers,Finance,32867382000,45.1,5,10.02%,11.52%,0,35.700001,31526082000,1167810000,947810000,236439000,501510000,0.84,0.20%,99.48%,N/L,N/L,N/L,N/L,N/L,2025-07-30
TWLO,Twilio,Internet - Software,Computers and Technology,20009454000,118.62,2.51,1.84%,2.25%,0.12,53.650002,20578744000,272270000,12880000,152674000,-109400000,1.3,0.21%,84.27%,N/L,N/L,N/L,N/L,N/L,2025-08-07
TWO,Two Harbors Invt Corp,REIT - Mortgage Trusts,Finance,1087061000,14.05,0.7,0.97%,8.06%,5.09,8.91,9956351000,148220000,130390000,104025000,298170000,1.26,0.70%,64.19%,N/L,N/L,N/L,N/L,N/L,2025-07-28
TXG,10X Genomics Inc,Medical Information Systems,Medical,1737421000,0,2.38,-18.02%,-23.22%,0,N/A,1393351000,-128690000,-172400000,123134000,-182630000,2.03,9.39%,84.68%,N/L,N/L,N/L,N/L,N/L,2025-08-07
TXN,Texas Instruments,Semi General,Computers and Technology,168058240000,34.01,10.28,14.45%,30.10%,0.78,26.5,178454240000,7083000000,5503000000,908472000,4799000000,1.03,0.57%,84.99%,N/L,N/L,N/L,N/L,N/L,2025-07-22
TXO,Txo Partners L.P.,E&P MLP,Oils-Energy,638308000,25.2,1.06,2.41%,3.89%,0.28,8.15,788098000,102590000,50180000,41368000,23500000,0.09,N/A,27.44%,N/L,N/L,N/L,N/L,N/L,2025-08-05
TXRH,Texas Roadhouse Inc,Retail - Restaurants,Retail-Wholesale,12481585000,28.42,8.76,14.28%,32.33%,0,20.049999,12236355000,881740000,703580000,66342000,433590000,0.87,0.50%,94.82%,N/L,N/L,N/L,N/L,N/L,2025-08-07
TXT,Textron Inc,Aerospace - Defense,Aerospace,14352850000,14.53,1.97,6.12%,14.26%,0.51,10.54,16499850000,1727000000,1345000000,180539000,824000000,1.17,1.70%,86.03%,N/L,N/L,N/L,N/L,N/L,2025-07-24
U,Unity Software Inc,Internet - Software,Computers and Technology,13622325000,0,4.34,-6.73%,-14.12%,0,N/A,12335285000,-99180000,-508160000,415695000,-664110000,2.29,3.61%,73.46%,N/L,N/L,N/L,N/L,N/L,2025-08-06
UAA,Under Armour,Textile - Apparel,Consumer Staples,3163755000,23.13,1.63,2.95%,7.04%,0.31,11.28,3257525000,-47100000,-185220000,429858000,-201270000,1.61,15.60%,34.58%,N/L,N/L,N/L,N/L,N/L,2025-08-08
UAL,United Airlines Holdings Inc,Transportation - Airline,Transportation,29495222000,7.89,2.17,5.03%,30.09%,0.46,4.57,24179222000,10893000000,7965000000,323732000,3149000000,1.42,0.71%,69.69%,N/L,N/L,N/L,N/L,N/L,2025-07-16
UAMY,U S Antimony Corp,Mining - Non Ferrous,Basic Materials,398988000,0,12.67,-3.37%,-4.00%,0.01,N/A,381158000,-800000,-1960000,119101000,-1730000,0,4.20%,9.49%,N/L,N/L,N/L,N/L,N/L,2025-08-08
UBER,Uber Technologies Inc,Internet - Services,Computers and Technology,190902720000,15.91,8.33,25.50%,66.46%,0.37,18.059999,192904720000,5284000000,4547000000,2091168000,9856000000,1.4,3.84%,80.24%,N/L,N/L,N/L,N/L,N/L,2025-08-06
UBS,UBS Group Ag ADR,Banks - Foreign,Finance,123158816000,25.3,1.4,0.32%,5.82%,3.72,13.79,177998816000,29400000000,25602000000,3206426000,5086000000,1.15,1.00%,0.00%,N/L,N/L,N/L,N/L,N/L,2025-07-30
UCTT,Ultra Clean Holdings,Electrical - Manufacturing,Computers and Technology,1081770000,20.97,1.14,2.65%,5.50%,0.51,8.33,1260370000,165900000,86800000,45149000,23700000,2.07,1.90%,96.06%,N/L,N/L,N/L,N/L,N/L,2025-07-28
UDMY,Udemy Inc,Internet - Software,Computers and Technology,1108046000,0,4.96,-7.68%,-22.68%,0,52.860001,917356000,13990000,-71090000,148731000,-85290000,1.77,2.10%,79.48%,N/L,N/L,N/L,N/L,N/L,2025-07-30
UDR,United Dominion Realty Trust,REIT - Equity Trust Resident,Finance,13387671000,16.33,4.08,1.18%,3.73%,1.74,17.030001,20239762000,1712240000,1016770000,331296000,89590000,0.82,3.39%,97.82%,N/L,N/L,N/L,N/L,N/L,2025-07-30
UEC,Uranium Energy,Mining - Misc,Basic Materials,3959150000,0,4.36,-6.24%,-7.03%,0,N/A,3871620000,-44800000,-46980000,444349000,-29220000,1.42,2.00%,62.28%,N/L,N/L,N/L,N/L,N/L,2025-06-06
UFI,Unifi Inc,Textile - Products,Industrial Products,86848000,0,0.38,-9.04%,-16.67%,0.61,N/A,190108000,2210000,-25460000,18361000,-47400000,0.54,17.85%,67.67%,N/L,N/L,N/L,N/L,N/L,2025-08-20
UGI,Ugi Corp,Utility - Gas Distribution,Utilities,7726309000,10.3,1.53,4.93%,16.21%,1.4,5.48,14641309000,2501000000,1755000000,214441000,269000000,1.05,0.73%,82.34%,N/L,N/L,N/L,N/L,N/L,2025-08-06
UHS,Universal Health Services,Medical - Hospitals,Medical,10114310000,8.74,1.47,8.27%,17.79%,0.68,5.84,14506160000,2924880000,2340050000,65002000,1142100000,1.28,16.40%,86.05%,N/L,N/L,N/L,N/L,N/L,2025-07-28
UL,Unilever Plc ADR,Consumer Prdts - Misc Staple,Consumer Staples,148272928000,0,6.2,0.00%,0.00%,0,15.13,141633152000,12072990000,0,2453631000,6215580000,0.41,1.00%,9.67%,N/L,N/L,N/L,N/L,N/L,2025-07-31
ULCC,Frontier Group Holdings Inc,Transportation - Airline,Transportation,1006721000,33.62,1.75,0.51%,5.53%,0.95,7.82,799721000,192000000,119000000,227765000,85000000,2.6,48.00%,N/A,N/L,N/L,N/L,N/L,N/L,2025-08-05
ULTA,Ulta Beauty Inc,Retail - Misc & Diversified,Retail-Wholesale,23144940000,20.06,9.5,20.15%,49.73%,0,16.219999,22441740000,1832840000,1565800000,44946000,1201120000,1.08,0.17%,90.39%,N/L,N/L,N/L,N/L,N/L,2025-09-04
UMAC,Unusual Machines Inc,Technology Services,Business Services,331351000,0,12.04,-38.12%,-45.31%,0,39.209999,327591000,1140000,-9010000,30288000,-31980000,23.28,22.20%,0.00%,N/L,N/L,N/L,N/L,N/L,2025-08-13
UMC,United Microelectronics Corp ADR,Electronics - Semiconductors,Computers and Technology,18338644000,13.56,1.55,7.81%,12.10%,0.13,6.38,17089734000,2943920000,1500600000,2512143000,1487630000,1.14,8.00%,5.05%,N/L,N/L,N/L,N/L,N/L,2025-07-30
UNFI,United Nat Foods,Food - Misc & Diversified,Consumer Staples,1708567000,33.16,1.03,0.66%,3.13%,1.21,4.99,3760567000,368000000,49000000,60566000,-112000000,0.82,2.10%,87.63%,N/L,N/L,N/L,N/L,N/L,2025-06-10
UNH,Unitedhealth Group Inc,Medical - HMO,Medical,254960784000,9.96,2.52,8.67%,26.29%,0.71,8.6,306330784000,41737000000,37638000000,907140000,14405000000,0.45,0.28%,87.86%,N/L,N/L,N/L,N/L,N/L,2025-07-29
UNIT,Uniti Group Inc,REIT - Equity Trust Other,Finance,1423628000,4.22,N/A,1.23%,-2.60%,-0.01,3.25,1256968000,1228300000,890750000,245453000,93410000,1.46,2.68%,87.51%,N/L,N/L,N/L,N/L,N/L,2025-08-05
UNP,Union Pacific Corp,Transportation - Rail,Transportation,134276768000,19.36,8.1,10.08%,41.73%,2.05,14.62,164452768000,14524000000,12126000000,597476000,6747000000,1.05,0.28%,80.38%,N/L,N/L,N/L,N/L,N/L,2025-07-24
UPB,Upstream Bio Inc,Medical - Biomedical,Medical,733212000,0,1.61,0.00%,0.00%,0,N/A,407322000,-76870000,-75300000,53794000,-62810000,N/A,13.56%,N/A,N/L,N/L,N/L,N/L,N/L,2025-08-05
UPBD,Upbound Group Inc,Finance - Leasing Companies,Finance,1450276000,6.23,2.14,8.39%,36.30%,2.26,0.84,2699036000,1768420000,342150000,57826000,123480000,1.74,2.60%,90.30%,N/L,N/L,N/L,N/L,N/L,2025-07-31
UPS,United Parcel Service,Transportation - Air Freight,Transportation,87694400000,13.16,5.54,9.65%,40.15%,1.36,8.56,102866400000,15753000000,12144000000,846798000,5782000000,1.21,0.13%,60.26%,N/L,N/L,N/L,N/L,N/L,2025-07-29
UPST,Upstart Holdings Inc,Finance - Misc Services,Finance,7947461000,0,11.63,-4.60%,-15.27%,1.97,N/A,8373371000,-89340000,-109890000,95145000,-128580000,2.37,16.67%,63.01%,N/L,N/L,N/L,N/L,N/L,2025-08-05
UPWK,Upwork Inc,Internet - Services,Computers and Technology,1725145000,7.92,3.02,20.77%,48.38%,0.6,7.92,1777315000,98420000,90840000,131590000,215590000,1.38,7.50%,77.71%,N/L,N/L,N/L,N/L,N/L,2025-08-06
UPXI,Upexi Inc,Technology Services,Business Services,546002000,0,4.94,-122.94%,-535.19%,0.15,N/A,546402000,-7740000,-20520000,89362000,-23660000,-0.58,31.60%,5.68%,N/L,N/L,N/L,N/L,N/L,2025-07-08
URBN,Urban Outfitters Inc,Retail - Apparel & Shoes,Retail-Wholesale,6777831000,16.16,2.8,9.64%,17.98%,0,13.56,6487351000,642800000,527370000,89642000,402460000,1.44,31.60%,77.61%,N/L,N/L,N/L,N/L,N/L,2025-08-20
URGN,Urogen Pharma Ltd,Medical - Biomedical,Medical,875509000,0,N/A,-49.57%,0.00%,-2.63,N/A,824179000,-110520000,-107960000,46201000,-126870000,1.02,5.10%,91.29%,N/L,N/L,N/L,N/L,N/L,2025-08-12
URI,United Rentals,Building & Construction - Misc,Construction,57263496000,20.49,6.23,9.85%,32.01%,1.47,9.87,70212496000,7382000000,4464000000,64341000,2575000000,1.69,0.53%,96.26%,N/L,N/L,N/L,N/L,N/L,2025-07-23
UROY,Uranium Royalty Corp,Other Alt Energy,Oils-Energy,414272000,0,1.93,-1.93%,-1.97%,0,N/A,404912000,-3360000,-3450000,133636000,-4060000,1.31,N/A,24.19%,N/L,N/L,N/L,N/L,N/L,2025-09-11
USAC,USA Compression Partners LP,Oil Field Machinery & Equip,Oils-Energy,2887814000,35.47,N/A,3.58%,-81.01%,-213.12,7.92,5559174000,842360000,568860000,117582000,99580000,0.38,N/A,47.77%,N/L,N/L,N/L,N/L,N/L,2025-08-06
USAR,USA Rare Earth Inc,Mining - Misc,Basic Materials,1091861000,0,N/A,2.58%,-16.58%,0,9.73,1091861000,-12370000,-12370000,90837000,7900000,0.64,46.60%,0.00%,N/L,N/L,N/L,N/L,N/L,2025-08-11
USAU,U.S. Gold Corp,Mining - Gold,Basic Materials,159701000,0,7.94,-54.15%,-79.36%,0,N/A,154131000,-10790000,-11110000,13875000,-6900000,1.33,11.09%,6.64%,N/L,N/L,N/L,N/L,N/L,2025-08-04
USB,U.S. Bancorp,Banks - Major Regional,Finance,72167808000,10.86,1.3,1.02%,13.08%,1.03,9.53,80475808000,13884000000,12945000000,1558027000,6299000000,0.99,0.23%,77.60%,N/L,N/L,N/L,N/L,N/L,2025-07-17
USFD,US Foods Holding,Food - Misc & Diversified,Consumer Staples,19030852000,27,4.09,5.39%,15.58%,1.04,16.33,23899852000,1605000000,1158000000,231350000,494000000,1.41,0.60%,98.76%,N/L,N/L,N/L,N/L,N/L,2025-08-07
USM,United States Cellular Corp,Wireless National,Utilities,6284900000,99.31,1.32,0.60%,1.36%,0.62,8.35,9015900000,1306000000,641000000,85000000,-39000000,0.35,1.00%,18.03%,N/L,N/L,N/L,N/L,N/L,2025-08-11
UTHR,United Therapeutic,Medical - Drugs,Medical,13735079000,12.23,2.03,16.73%,19.33%,0.03,10.79,12337879000,1476000000,1403500000,45107000,1195100000,0.53,10.30%,94.08%,N/L,N/L,N/L,N/L,N/L,2025-07-30
UTI,Universal Technical Institute Inc,Schools,Consumer Discretionary,1715965000,30.32,5.83,7.85%,21.40%,0.32,18.209999,1674205000,128990000,77800000,54406000,42000000,1.58,15.10%,75.67%,N/L,N/L,N/L,N/L,N/L,2025-08-06
UUUU,Energy Fuels Inc,Mining - Non Ferrous,Basic Materials,1988657000,0,3.66,-15.04%,-16.56%,0,N/A,1950057000,-72590000,-75720000,198667000,-47770000,1.68,1.77%,48.24%,N/L,N/L,N/L,N/L,N/L,2025-08-06
UVE,Universal Insurance Holdings Inc,Insurance - Proprty & Casualty,Finance,645365000,11.31,1.65,2.32%,15.94%,0.24,11.12,484525000,109640000,99060000,28145000,58930000,0.86,16.60%,66.61%,N/L,N/L,N/L,N/L,N/L,2025-07-24
UWMC,Uwm Hldg Corp,Finance - Mortgage & Rel Svs,Finance,6828589000,0,4.28,-0.55%,-3.86%,6.54,22.870001,18394968000,489480000,440700000,1599201000,14400000,1.68,87.50%,53.59%,N/L,N/L,N/L,N/L,N/L,2025-08-07
V,Visa Inc,Financial Transaction Services,Business Services,658795968000,33.27,17.58,22.94%,56.28%,0.55,30.700001,665598976000,26115000000,25081000000,1845160000,19743000000,0.92,0.13%,82.15%,N/L,N/L,N/L,N/L,N/L,2025-07-29
VAL,Valaris Ltd,Oil & Gas - Drilling,Oils-Energy,3588274000,11.9,1.63,7.06%,14.14%,0.49,7.28,4290474000,716500000,594400000,71069000,373400000,1.15,0.73%,96.74%,N/L,N/L,N/L,N/L,N/L,2025-07-31
VALE,Vale S.A. ADR,Mining - Iron,Basic Materials,45390072000,6.64,1.28,7.76%,17.65%,0.49,4.29,57446072000,13196000000,10139000000,4539007000,6166000000,0.77,0.00%,21.85%,N/L,N/L,N/L,N/L,N/L,2025-07-31
VECO,Veeco Instrument,Electrical - Manufacturing,Computers and Technology,1249200000,19.61,1.47,5.01%,8.29%,0.31,12.49,1379580000,90140000,65000000,60000000,73710000,1.1,2.40%,98.46%,N/L,N/L,N/L,N/L,N/L,2025-08-06
VEEV,Veeva Systems Inc,Medical Information Systems,Medical,47456480000,60.55,7.66,11.38%,13.96%,0,61.07,46337688000,800460000,769990000,163412000,714140000,0.98,10.30%,88.20%,N/L,N/L,N/L,N/L,N/L,2025-08-27
VERI,Veritone Inc,Technology Services,Business Services,111750000,0,7.72,-15.69%,0.00%,1.91,N/A,123910000,-25820000,-58540000,47553000,-37380000,2.64,14.00%,39.18%,N/L,N/L,N/L,N/L,N/L,2025-08-07
VERU,Veru Inc,Medical Products,Medical,82204000,0,4.17,-76.51%,-128.52%,0,N/A,57284000,-39020000,-39290000,146584000,-37800000,-0.75,15.20%,47.16%,N/L,N/L,N/L,N/L,N/L,2025-08-14
VERV,Verve Therapeutics Inc,Medical - Drugs,Medical,992162000,0,2.1,-27.57%,-35.82%,0,N/A,819602000,-214110000,-208460000,89143000,-198710000,2.23,19.90%,97.11%,N/L,N/L,N/L,N/L,N/L,2025-08-14
VERX,Vertex Inc Cl A,Internet - Software,Computers and Technology,5421806000,96.61,27.48,5.41%,28.14%,1.67,35.389999,5460976000,114430000,25660000,158486000,-52730000,0.71,43.25%,70.32%,N/L,N/L,N/L,N/L,N/L,2025-08-06
VET,Vermilion Energy Inc,International E&P,Oils-Energy,1281438000,0,0.65,-0.54%,-1.22%,0.65,2.81,1888428000,1255520000,756890000,154019000,-34110000,1.16,2.60%,31.91%,N/L,N/L,N/L,N/L,N/L,2025-08-07
VFC,V.F. Corp,Textile - Apparel,Consumer Staples,4938209000,16.68,3.32,2.75%,20.14%,2.67,4.99,8486979000,1093850000,393020000,389756000,-189720000,1.66,1.10%,86.84%,N/L,N/L,N/L,N/L,N/L,2025-07-30
VFF,Village Farms Intl,Consumer Prdts - Misc Staple,Consumer Staples,170752000,0,0.64,-6.90%,-10.55%,0.16,N/A,186682000,-9360000,-28210000,112337000,-35850000,2.18,12.60%,12.15%,N/L,N/L,N/L,N/L,N/L,2025-08-14
VFS,Vinfast Auto Ltd,Auto - Domestic,Auto-Tires-Trucks,8302786000,0,N/A,-52.16%,0.00%,-0.85,N/A,11506616000,-1934470000,-2340320000,2338813000,-3175070000,0.92,16.23%,0.00%,N/L,N/L,N/L,N/L,N/L,2025-09-19
VG,Venture Global Inc Cl A,Oil - US Exploration & Product,Oils-Energy,35233192000,0,4.19,0.00%,0.00%,3.51,16.92,60732192000,2583000000,2261000000,2419862000,1746000000,N/A,86.73%,N/A,N/L,N/L,N/L,N/L,N/L,2025-08-13
VGZ,Vista Gold Corp,Mining - Gold,Basic Materials,118003000,13.57,7.61,49.91%,52.95%,0,10.38,101053000,9820000,9760000,124831000,11250000,1.03,4.20%,27.29%,N/L,N/L,N/L,N/L,N/L,2025-08-04
VIAV,Viavi Solutions,Communications Components,Computers and Technology,2271437000,53.53,3.12,2.38%,6.08%,0.88,24.99,2431137000,107300000,41100000,223237000,-25800000,0.88,1.52%,95.54%,N/L,N/L,N/L,N/L,N/L,2025-08-07
VICI,Vici Properties Inc,REIT - Equity Trust Other,Finance,35272884000,14.59,1.31,5.84%,9.88%,0.62,12.9,51481156000,3549520000,3498730000,1056707000,2678810000,0.7,0.25%,97.71%,N/L,N/L,N/L,N/L,N/L,2025-07-30
VICR,Vicor Corp,Electronics - Misc Components,Computers and Technology,2098103000,32.29,3.5,9.96%,11.32%,0,86.040001,1820833000,33290000,14660000,45208000,6130000,1.75,31.30%,47.45%,N/L,N/L,N/L,N/L,N/L,2025-07-22
VIK,Viking Holdings Ltd,Leisure & Recreation Services,Consumer Discretionary,25852962000,31.05,N/A,7.99%,-128.44%,-19.86,23.280001,28699222000,1661870000,1401030000,443143000,152330000,2.38,N/A,98.84%,N/L,N/L,N/L,N/L,N/L,2025-08-28
VIPS,Vipshop Holdings Ltd ADR,Internet Services - Delivery,Computers and Technology,8193154000,8.49,1.44,10.21%,18.04%,0,6.43,4500404000,1420110000,1188260000,512713000,1060370000,0.58,29.50%,48.82%,N/L,N/L,N/L,N/L,N/L,2025-08-19
VIST,Vista Energy S.A.B. DE C.V. ADR,Oil - International Integrated,Oils-Energy,4236222000,20.66,1.96,4.55%,12.02%,1.22,6.6,4920472000,1257070000,819370000,95196000,477520000,1,N/A,63.81%,N/L,N/L,N/L,N/L,N/L,2025-07-10
VITL,Vital Farms Inc,Food - Misc & Diversified,Consumer Staples,1620801000,32.52,5.62,14.63%,19.53%,0,22.51,1470201000,78600000,61150000,44552000,53390000,0.94,21.30%,98.59%,N/L,N/L,N/L,N/L,N/L,2025-08-07
VKTX,Viking Thera,Medical - Biomedical,Medical,3870357000,0,4.74,-19.38%,-19.98%,0,N/A,3843677000,-189150000,-172320000,112445000,-109960000,0.62,4.10%,76.03%,N/L,N/L,N/L,N/L,N/L,2025-07-23
VLN,Valens Semiconductor Ltd,Electronics - Semiconductors,Computers and Technology,331787000,0,2.58,-17.33%,-20.44%,0,N/A,296367000,-36960000,-39510000,106342000,-36580000,0.27,58.92%,33.90%,N/L,N/L,N/L,N/L,N/L,2025-08-06
VLO,Valero Energy Corp,Oil - Refining and Marketing,Oils-Energy,44465856000,28.35,1.67,2.62%,5.74%,0.02,8.02,40551856000,3994000000,1220000000,313206000,2770000000,1,0.04%,78.69%,N/L,N/L,N/L,N/L,N/L,2025-07-24
VLY,Valley National Bancorp,Banks - Northeast,Finance,5281065000,13.24,0.74,0.66%,5.89%,0.39,11.59,6976895000,737670000,662230000,560028000,380270000,1.06,1.43%,61.00%,N/L,N/L,N/L,N/L,N/L,2025-07-24
VMEO,Vimeo Inc,Technology Services,Business Services,673803000,41.3,1.77,2.70%,4.26%,0,23.76,348523000,13480000,11730000,164744000,27010000,2.01,1.90%,84.97%,N/L,N/L,N/L,N/L,N/L,2025-08-04
VNET,Vnet Group Inc,Internet - Software,Computers and Technology,2221346000,0,2.41,0.44%,2.11%,2.49,9.18,3541486000,338500000,119540000,268928000,25100000,0.14,12.10%,72.83%,N/L,N/L,N/L,N/L,N/L,2025-08-26
VNO,Vornado Realty Trust,REIT - Equity Trust Other,Finance,7664524000,16.97,1.76,1.04%,3.83%,1.42,13.05,16974804000,1233830000,725700000,191949000,70390000,1.5,8.42%,90.02%,N/L,N/L,N/L,N/L,N/L,2025-08-04
VNOM,Viper Energy Inc,Oil - US Exploration & Product,Oils-Energy,10938628000,18.43,1.56,4.31%,5.41%,0.15,15.84,11994758000,1031360000,816950000,288542000,359250000,0.97,0.15%,87.72%,N/L,N/L,N/L,N/L,N/L,2025-08-04
VOD,Vodafone Grp Plc ADR,Wireless Non-US,Computers and Technology,29942920000,0,0.5,0.00%,0.00%,0.99,2.09,75216072000,16015670000,0,2619678000,-4478760000,0.59,1.00%,7.84%,N/L,N/L,N/L,N/L,N/L,2025-07-24
VOR,Vor Biopharma Inc,Medical - Biomedical,Medical,274912000,0,N/A,0.00%,0.00%,0,N/A,274912000,0,0,124960000,-116914000,2.04,2.90%,97.29%,N/L,N/L,N/L,N/L,N/L,2025-08-14
VOYG,Voyager Technologies Inc Cl A,Aerospace - Defense Equipment,Aerospace,2382151000,0,N/A,0.00%,0.00%,0,N/A,2382151000,0,0,56289000,-62072000,N/A,N/A,N/A,N/L,N/L,N/L,N/L,N/L,2025-08-04
VPG,Vishay Precision Group,Electronics - Misc Components,Computers and Technology,371859000,47.86,1.11,1.64%,2.30%,0.1,12.67,324029000,25700000,9890000,13257000,9910000,0.87,7.71%,87.61%,N/L,N/L,N/L,N/L,N/L,2025-08-05
VRNA,Verona Pharma Plc ADR,Medical - Biomedical,Medical,8537724000,0,39.380001,-27.99%,-69.65%,1.07,N/A,8258304000,-135390000,-137750000,81080000,-173420000,0.24,4.80%,85.88%,N/L,N/L,N/L,N/L,N/L,2025-08-14
VRNS,Varonis Systems Inc,Security,Computers and Technology,6121178000,0,16.25,-5.84%,-20.01%,0,N/A,5935588000,-36600000,-113790000,111925000,-95770000,0.76,2.30%,95.65%,N/L,N/L,N/L,N/L,N/L,2025-07-29
VRNT,Verint Systems Inc,Computer - Software,Computers and Technology,1315097000,15.92,1.48,4.82%,12.35%,0.46,8.34,1948457000,147370000,100240000,60160000,82270000,1.43,1.30%,94.95%,N/L,N/L,N/L,N/L,N/L,2025-09-03
VRRM,Verra Mobility Corp,Internet - Software,Computers and Technology,3980942000,21.42,12.99,11.05%,51.05%,3.45,13,4934002000,458670000,346040000,159429000,31450000,0.77,1.05%,N/A,N/L,N/L,N/L,N/L,N/L,2025-08-06
VRSK,Verisk Analytics Inc,Business Information,Business Services,41679836000,43.87,334.730011,20.50%,396.08%,30.31,33.25,44449736000,1910400000,1601900000,139884000,958200000,0.86,0.46%,90.00%,N/L,N/L,N/L,N/L,N/L,2025-07-30
VRSN,Verisign Inc,Internet Software Services,Computers and Technology,28713682000,34.21,N/A,55.60%,-41.12%,-0.9,34.369999,30299282000,1086300000,1070500000,93900000,785700000,0.78,0.84%,92.90%,N/L,N/L,N/L,N/L,N/L,2025-07-24
VRT,Vertiv Holdings Llc.,IT Services,Computers and Technology,52390504000,42.77,18.700001,13.30%,56.01%,1.1,35.939999,54091104000,1877700000,1593700000,381105000,495800000,1.75,2.63%,89.92%,N/L,N/L,N/L,N/L,N/L,2025-07-30
VRTX,Vertex Pharmaceutic,Medical - Biomedical,Medical,120604712000,0,7.36,-2.42%,-3.36%,0,N/A,116035112000,-535100000,-742300000,256797000,-535600000,0.41,0.20%,90.96%,N/L,N/L,N/L,N/L,N/L,2025-08-04
VSAT,Viasat Inc,Wireless Equipment,Computers and Technology,1914401000,0,0.4,-2.14%,-7.10%,1.51,1.42,7338401000,1527260000,166450000,130320000,-574960000,1.17,3.20%,86.05%,N/L,N/L,N/L,N/L,N/L,2025-08-06
VSCO,Victorias Secret & Co.,Retail - Apparel & Shoes,Retail-Wholesale,1715242000,8.03,2.43,4.62%,37.76%,1.61,3.44,2465242000,562000000,304000000,79853000,165000000,2.18,0.45%,90.29%,N/L,N/L,N/L,N/L,N/L,2025-08-27
VST,Vistra Energy Corp,Utility - Electric Power,Utilities,65219608000,25.32,28.26,7.58%,87.33%,3.37,12.62,82777608000,8468000000,5837000000,339332000,2659000000,1.26,1.42%,90.88%,N/L,N/L,N/L,N/L,N/L,2025-08-07
VSTM,Verastem Inc,Medical - Biomedical,Medical,337387000,0,N/A,-127.97%,0.00%,-2.2,N/A,289287000,-131220000,-131070000,54949000,-130640000,0.71,2.10%,88.37%,N/L,N/L,N/L,N/L,N/L,2025-08-14
VTGN,Vistagen Therapeutics Inc,Medical - Biomedical,Medical,89807000,0,1.11,-52.37%,-58.88%,0,N/A,22677000,-53080000,-52840000,29158000,-51420000,0.61,1.29%,78.39%,N/L,N/L,N/L,N/L,N/L,2025-08-12
VTLE,Vital Energy Inc,Other Alt Energy,Oils-Energy,720309000,2.42,0.27,5.05%,10.34%,0.86,0.71,3134370000,1334510000,592540000,38768000,-173520000,1.6,1.50%,86.54%,N/L,N/L,N/L,N/L,N/L,2025-08-06
VTR,Ventas Inc,REIT - Equity Trust Other,Finance,29993264000,20.65,2.63,0.56%,1.36%,1.1,21.49,42558584000,3220540000,1991500000,451298000,81150000,0.87,0.80%,94.18%,N/L,N/L,N/L,N/L,N/L,2025-07-30
VTRS,Viatris Inc,Medical Services,Medical,11044348000,3.77,0.71,7.01%,16.20%,1.02,1.83,24356748000,2754000000,-139200000,1173682000,-634200000,0.89,0.13%,79.88%,N/L,N/L,N/L,N/L,N/L,2025-08-07
VTYX,Ventyx Biosciences Inc,Medical - Biomedical,Medical,226292000,0,0.98,-43.49%,-47.45%,0,N/A,199032000,-135430000,-136780000,71161000,-135120000,0.93,14.49%,97.88%,N/L,N/L,N/L,N/L,N/L,2025-08-14
VUZI,Vuzix Corp,Computers - Peripheral Equpt,Computers and Technology,173069000,0,5.41,-185.84%,-198.84%,0,N/A,154879000,-66290000,-70220000,76242000,-73540000,1.63,8.30%,35.87%,N/L,N/L,N/L,N/L,N/L,2025-08-13
VVPR,Vivopower International Plc,Solar,Oils-Energy,49347000,0,N/A,0.00%,0.00%,-0.76,N/A,77947000,-5820000,0,10112000,-46700000,0.98,9.10%,15.80%,N/L,N/L,N/L,N/L,N/L,2024-10-07
VVV,Valvoline Inc,Retail - Wholesale Auto Parts,Retail-Wholesale,4560779000,22.58,18.120001,8.52%,106.36%,4.33,14.67,5586279000,544600000,438700000,127112000,211500000,1.18,0.66%,96.13%,N/L,N/L,N/L,N/L,N/L,2025-08-06
VYGR,Voyager Therapeut,Medical - Biomedical,Medical,179289000,0,0.67,-21.06%,-27.36%,0,N/A,107919000,-105040000,-101800000,55336000,-65000000,0.85,6.39%,48.03%,N/L,N/L,N/L,N/L,N/L,2025-08-05
VYX,NCR Voyix Corporation,Computer - Integrated Systems,Computers and Technology,1980874000,0,2.3,-2.59%,-17.40%,1.28,25.85,2599874000,236000000,-61000000,137752000,958000000,1.65,0.29%,97.00%,N/L,N/L,N/L,N/L,N/L,2025-08-07
VZ,Verizon Communications Inc,Wireless National,Utilities,181636256000,9.17,1.74,5.19%,19.62%,1.41,4.87,321456256000,65059000000,47167000000,4216255000,17506000000,0.37,0.10%,62.06%,N/L,N/L,N/L,N/L,N/L,2025-07-21
W,Wayfair Inc,Internet Commerce,Retail-Wholesale,8387952000,0,N/A,-8.01%,0.00%,-1.07,7910.25,9953952000,48000000,-348000000,128315000,-492000000,2.97,21.91%,89.67%,N/L,N/L,N/L,N/L,N/L,2025-08-04
WAB,Wabtec Corp,Transportation - Equip & Lease,Transportation,33747760000,24.39,3.17,7.41%,13.66%,0.38,19.35,37012760000,2432000000,1973000000,171126000,1056000000,1.12,1.10%,91.69%,N/L,N/L,N/L,N/L,N/L,2025-07-24
WAL,Western Alliance Bancorp,Banks - West,Finance,9073000000,10.93,1.29,1.02%,12.62%,0.91,13.05,11744000000,1261600000,1360800000,110404000,787700000,1.29,2.68%,79.15%,N/L,N/L,N/L,N/L,N/L,2025-07-17
WAT,Waters Corp,Medical Instruments,Medical,18028250000,25.06,9.05,15.67%,41.70%,0.69,19.74,19330320000,1083060000,891230000,59509000,637830000,1.1,0.63%,94.01%,N/L,N/L,N/L,N/L,N/L,2025-08-04
WAY,Waystar Holding Corp,Internet - Software,Computers and Technology,6239651000,77.04,2.05,2.07%,3.10%,0.39,20.059999,7267361000,520160000,329580000,174146000,-19130000,N/A,4.10%,N/A,N/L,N/L,N/L,N/L,N/L,2025-07-30
WB,Weibo Corp ADR,Internet - Content,Computers and Technology,2472206000,6.37,0.72,6.41%,12.29%,0.44,5.36,2121546000,563040000,504900000,242611000,300800000,0.11,41.30%,68.77%,N/L,N/L,N/L,N/L,N/L,2025-08-14
WBA,Walgreens Boots Alliance,Retail - Drug Stores,Retail-Wholesale,10049162000,6.07,1.39,2.22%,17.66%,0.96,2.02,16948162000,-535000000,-2994000000,865561000,-8636000000,0.78,17.50%,58.59%,N/L,N/L,N/L,N/L,N/L,2025-06-26
WBD,Discovery Inc Series A,Broadcast - Radio & TV,Consumer Discretionary,33114764000,0,0.94,-10.27%,-30.56%,1.06,3.43,67416768000,17877000000,-3106000000,2454764000,-11311000000,1.54,1.90%,59.95%,N/L,N/L,N/L,N/L,N/L,2025-08-07
WDAY,Workday Inc,Internet - Software,Computers and Technology,64544580000,91.58,7.1,4.12%,8.00%,0.33,61.16,65985580000,1051000000,474000000,267000000,526000000,1.21,19.31%,89.81%,N/L,N/L,N/L,N/L,N/L,2025-08-28
WDC,Western Digital Corp,Computer - Storage Devices,Computers and Technology,24009782000,12.26,4.65,9.01%,20.58%,1.42,80.199997,29793782000,3157000000,2570000000,348878000,-798000000,1.54,0.30%,92.51%,N/L,N/L,N/L,N/L,N/L,2025-07-30
WDFC,W D 40 Company,Consumer Prdts - Misc Staple,Consumer Staples,2846471000,38.45,11.1,16.49%,31.23%,0.37,36.09,2894411000,109710000,100250000,13534000,69640000,0.14,0.75%,91.52%,N/L,N/L,N/L,N/L,N/L,2025-07-10
WDS,Woodside Energy Group Ltd,Other Alt Energy,Oils-Energy,32544576000,0,0.88,0.00%,0.00%,0.28,3.82,38618576000,9276000000,0,1898750000,3573000000,0.64,0.04%,3.17%,N/L,N/L,N/L,N/L,N/L,2025-06-30
WEC,Wisconsin Energy Corp,Utility - Electric Power,Utilities,34951556000,21.11,2.61,3.55%,12.94%,1.51,11.95,54995856000,5024500000,3670000000,319134000,1528400000,0.44,0.50%,77.20%,N/L,N/L,N/L,N/L,N/L,2025-07-30
WELL,Welltower Inc,REIT - Equity Trust Other,Finance,105652488000,35.95,3.08,2.18%,3.41%,0.46,38.189999,117697504000,4667990000,2988360000,653952000,951680000,0.92,0.21%,94.80%,N/L,N/L,N/L,N/L,N/L,2025-07-28
WEN,Wendys Company,Retail - Restaurants,Retail-Wholesale,2066189000,11,15.73,3.92%,85.35%,21,5.99,4321489000,690860000,532920000,192025000,194360000,0.34,17.00%,85.96%,N/L,N/L,N/L,N/L,N/L,2025-08-08
WES,Western Midstream Partners LP,Oil Refining & Marketing MLP,Oils-Energy,15542888000,12.13,4.65,10.25%,38.52%,2.18,6.93,22390108000,3023720000,2364050000,381327000,1573570000,1.08,0.04%,84.82%,N/L,N/L,N/L,N/L,N/L,2025-08-06
WEST,Westrock Coffee Company,Beverages - Soft,Consumer Staples,671951000,0,9.24,-3.46%,-41.92%,5.21,51.720001,1250181000,-8410000,-46380000,94641000,-80300000,0.51,42.10%,45.08%,N/L,N/L,N/L,N/L,N/L,2025-08-07
WEX,Wex Inc,Financial Transaction Services,Business Services,6014105000,13.02,6.09,3.71%,41.87%,5.06,8.02,7662605000,1185200000,863900000,34245000,309600000,1.23,1.40%,97.47%,N/L,N/L,N/L,N/L,N/L,2025-07-23
WFC,Wells Fargo & Company,Finance - Investment Brokers,Finance,274392608000,14.59,1.64,1.04%,12.29%,0.96,10.04,157387616000,54025000000,46467000000,3254182000,19722000000,1.16,0.08%,75.90%,N/L,N/L,N/L,N/L,N/L,2025-07-15
WFG,West Fraser Timber L,Building Products - Wood,Construction,5535150000,0,0.79,-0.66%,-0.85%,0.03,8.53,5094150000,1117000000,568000000,76696000,-5000000,1.15,1.77%,40.23%,N/L,N/L,N/L,N/L,N/L,2025-07-23
WFRD,Weatherford International Plc,Oil - Field Services,Oils-Energy,4084538000,8.96,2.74,9.37%,34.87%,1.18,4.95,4743538000,1190000000,847000000,71835000,506000000,0.76,2.09%,97.23%,N/L,N/L,N/L,N/L,N/L,2025-07-22
WGO,Winnebago Industries,Building - Mobile Homes & RV,Construction,887742000,25.14,0.72,1.57%,2.86%,0.44,4.73,1253042000,164500000,72400000,28031000,13000000,1.01,4.63%,N/A,N/L,N/L,N/L,N/L,N/L,2025-06-25
WGS,Genedx Holdings Corp,Medical Services,Medical,2277790000,89.51,9.03,5.51%,10.17%,0.2,79.599998,2244490000,7850000,-14100000,28533000,-52290000,2.01,29.60%,61.72%,N/L,N/L,N/L,N/L,N/L,2025-07-29
WHR,Whirlpool Corp,Appliances - Household,Consumer Discretionary,5546541000,8.16,1.94,3.94%,21.38%,2.36,3.92,10879541000,1564000000,850000000,55610000,-323000000,1.25,2.07%,90.78%,N/L,N/L,N/L,N/L,N/L,2025-07-28
WING,Wingstop Inc,Retail - Restaurants,Retail-Wholesale,8426982000,81.42,N/A,18.26%,-18.85%,-1.69,67.68,9296402000,204050000,182410000,27903000,108720000,1.84,0.72%,N/A,N/L,N/L,N/L,N/L,N/L,2025-07-30
WIT,Wipro Ltd ADR,IT Services,Computers and Technology,30648476000,18.97,3.03,10.44%,15.94%,0.19,16.33,31115476000,2117000000,1337000000,10460230000,1537000000,1.02,1.00%,2.36%,N/L,N/L,N/L,N/L,N/L,2025-07-17
WIX,Wix.com Ltd,IT Services,Computers and Technology,8555909000,58.38,N/A,8.85%,-80.80%,-3.4,48.349998,8467849000,162170000,127890000,56108000,138320000,1.31,6.20%,81.52%,N/L,N/L,N/L,N/L,N/L,2025-08-06
WKSP,Worksport Ltd,Retail - Wsale Auto & Trucks,Retail-Wholesale,19552000,0,0.9,-64.71%,-92.59%,0.15,N/A,19672000,-12060000,-13810000,5200000,-16160000,1.98,7.99%,16.11%,N/L,N/L,N/L,N/L,N/L,2025-08-12
WLDN,Willdan Group Inc,Business Services,Business Services,1189333000,37.51,4.85,6.98%,13.74%,0.34,26.530001,1194523000,63530000,48630000,14497000,22570000,1.25,8.60%,72.29%,N/L,N/L,N/L,N/L,N/L,2025-08-07
WM,Waste Management,Waste Removal Svcs,Business Services,92421040000,32.25,10.73,7.31%,35.67%,2.76,17.41,115907040000,8869000000,6469000000,402408000,2746000000,0.64,0.18%,80.40%,N/L,N/L,N/L,N/L,N/L,2025-07-28
WMB,Williams Companies,Oil - Production & Pipeline,Oils-Energy,70503912000,30.44,4.83,4.37%,15.95%,1.82,15.35,96934912000,7995000000,5677000000,1219369000,2225000000,0.65,0.44%,86.44%,N/L,N/L,N/L,N/L,N/L,2025-08-04
WMT,Walmart Inc,Retail - Supermarket,Retail-Wholesale,777851392000,38.33,8.56,7.79%,21.76%,0.51,23.360001,808152384000,42615000000,29642000000,7980418000,19436000000,0.68,45.58%,26.76%,N/L,N/L,N/L,N/L,N/L,2025-08-21
WNC,Wabash National Corp,Auto - Truck Original Parts,Auto-Tires-Trucks,417444000,46.35,1.1,0.84%,3.49%,1.03,4.14,700104000,-2530000,-59520000,41870000,-284070000,1.65,2.21%,97.05%,N/L,N/L,N/L,N/L,N/L,2025-07-25
WOLF,Wolfspeed Inc,Semi Discretes,Computers and Technology,255228000,0,1.07,-7.00%,-103.97%,16.31,N/A,2335528000,-710500000,-892400000,155627000,-864200000,1.09,0.84%,N/A,N/L,N/L,N/L,N/L,N/L,2025-08-20
WOOF,Petco Health and Wellness Company Cl A,Retail - Misc & Diversified,Retail-Wholesale,1058823000,0,1.08,-0.92%,-4.29%,1.43,8.35,2476503000,244820000,40200000,315126000,-101820000,1.71,4.40%,0.00%,N/L,N/L,N/L,N/L,N/L,2025-09-09
WOW,Wideopenwest Inc,Cable TV,Consumer Discretionary,311133000,0,1.67,-3.83%,-26.90%,5.28,2.13,1289733000,433400000,221000000,85476000,-58800000,1.25,3.00%,87.77%,N/L,N/L,N/L,N/L,N/L,2025-08-14
WPC,W.P. Carey & Company Llc,REIT - Equity Trust Other,Finance,14145849000,13.62,1.69,2.43%,5.02%,0.94,14.21,21544478000,1765640000,1234060000,218976000,460840000,0.78,0.93%,73.73%,N/L,N/L,N/L,N/L,N/L,2025-07-29
WPM,Wheaton Precious Metals,Mining - Misc,Basic Materials,42662600000,56.63,5.71,10.10%,10.32%,0,48,41844432000,1110420000,862120000,453954000,529140000,0.46,N/A,70.34%,N/L,N/L,N/L,N/L,N/L,2025-08-07
WPP,Wpp Plc ADR,Advertising Marketing Services,Business Services,6315295000,0,1.32,0.00%,0.00%,1.16,3.37,8474945000,2324500000,0,215760000,692620000,1,1.00%,4.34%,N/L,N/L,N/L,N/L,N/L,2025-02-27
WRB,W.R. Berkley Corp,Insurance - Proprty & Casualty,Finance,26171770000,16.64,2.91,4.05%,19.22%,0.32,17.450001,27037990000,2185290000,2355930000,379356000,1756120000,0.41,23.30%,68.82%,N/L,N/L,N/L,N/L,N/L,2025-07-21
WRBY,Warby Parker Inc Cl A,Consumer Prdts - Misc Staple,Consumer Staples,2548828000,0,7.19,-1.29%,-2.48%,0,71.730003,2294668000,27050000,-22520000,104503000,-20390000,2.09,18.24%,93.24%,N/L,N/L,N/L,N/L,N/L,2025-08-07
WRD,Weride Inc ADR,Auto - Truck Original Parts,Auto-Tires-Trucks,2753097000,0,2.96,0.00%,0.00%,0.02,N/A,2169847000,-174140000,-188210000,266257000,-350090000,N/A,2.70%,N/A,N/L,N/L,N/L,N/L,N/L,2025-07-31
WSC,Willscot Holdings Corp,Real Estate Operations,Finance,5772643000,20.83,5.64,4.68%,26.28%,3.58,8.11,9471743000,1172720000,775180000,182390000,28130000,1.24,3.10%,95.81%,N/L,N/L,N/L,N/L,N/L,2025-07-31
WSM,Williams-Sonoma,Retail - Home Furniture,Retail-Wholesale,22349968000,20.45,10.27,21.64%,52.79%,0,16.4,21136988000,1626870000,1397070000,122998000,1125250000,1.45,1.10%,99.29%,N/L,N/L,N/L,N/L,N/L,2025-08-28
WST,West Pharmaceutical Services,Medical - Dental Suppliers,Medical,18931878000,40.1,7.47,13.96%,18.81%,0.08,30.969999,18649878000,709500000,554100000,71845000,492700000,1.09,0.53%,93.90%,N/L,N/L,N/L,N/L,N/L,2025-07-24
WT,Wisdomtree Inc,Finance - Misc Services,Finance,2008444000,20.46,4.85,10.31%,25.46%,0,18.84,1827254000,150360000,145410000,147031000,66690000,1.14,9.30%,78.64%,N/L,N/L,N/L,N/L,N/L,2025-08-01
WU,Western Union Company,Financial Transaction Services,Business Services,2835905000,5.11,3.08,7.16%,77.19%,2.97,3.81,4302705000,890200000,711100000,330525000,934200000,0.65,1.58%,91.81%,N/L,N/L,N/L,N/L,N/L,2025-07-28
WULF,Terawulf Inc,Finance - Misc Services,Finance,1988299000,0,12.65,-19.03%,-42.09%,0,372.450012,1723499000,-670000,-73230000,384584000,-72420000,3.11,24.88%,62.49%,N/L,N/L,N/L,N/L,N/L,2025-08-08
WW,Ww International Inc,N/A,N/A,3703285000,0,N/A,0.00%,0.00%,0,N/A,3703285000,0,0,90280000,-345700000,N/A,8.12%,86.18%,N/L,N/L,N/L,N/L,N/L,2025-05-08
WWD,Woodward Inc,Aerospace - Defense Equipment,Aerospace,15270954000,41.98,6.48,8.58%,16.86%,0.39,30.74,15861154000,537720000,421550000,59360000,372970000,1.26,0.82%,81.18%,N/L,N/L,N/L,N/L,N/L,2025-07-28
WWR,Westwater Resources,Mining - Misc,Basic Materials,61005000,0,0.44,-8.55%,-9.29%,0,N/A,56735000,-10510000,-10760000,76409000,-12660000,1.11,3.86%,7.72%,N/L,N/L,N/L,N/L,N/L,2025-08-13
WWW,Wolverine World Wide,Shoes and Related Apparel,Consumer Staples,1883462000,22.34,5.87,5.01%,28.74%,1.79,18.51,2309362000,150000000,123800000,81044000,47900000,1.7,2.28%,90.25%,N/L,N/L,N/L,N/L,N/L,2025-08-06
WY,Weyerhaeuser Company,Building Products - Wood,Construction,19197976000,65.85,1.93,1.73%,2.93%,0.54,21.059999,23589976000,1170000000,668000000,725273000,396000000,1.14,0.27%,82.99%,N/L,N/L,N/L,N/L,N/L,2025-07-24
WYNN,Wynn Resorts Ltd,Gaming,Consumer Discretionary,11442390000,19.68,N/A,4.72%,-62.13%,-9.58,8.74,19557960000,2376080000,1677760000,104554000,501080000,1.37,0.52%,88.64%,N/L,N/L,N/L,N/L,N/L,2025-08-07
WYY,Widepoint Corp,Computer - Services,Computers and Technology,29831000,0,2.32,-3.10%,-14.74%,0,22.540001,22011000,2200000,-1070000,9781000,-1930000,1.61,15.50%,22.60%,N/L,N/L,N/L,N/L,N/L,2025-08-13
XEL,XCEL Energy Inc,Utility - Electric Power,Utilities,41907456000,21.16,2.12,2.79%,10.20%,1.58,8.63,70842456000,8073000000,5198000000,576761000,1936000000,0.36,0.09%,78.38%,N/L,N/L,N/L,N/L,N/L,2025-07-31
XENE,Xenon Pharmaceuticals Inc,Medical - Biomedical,Medical,2325040000,0,3.37,-30.84%,-32.44%,0,N/A,2182330000,-290440000,-293000000,76734000,-234330000,1.1,5.52%,95.45%,N/L,N/L,N/L,N/L,N/L,2025-08-14
XERS,Xeris Pharmaceuticals Inc,Medical - Drugs,Medical,785053000,0,N/A,-12.07%,0.00%,-6.54,N/A,945543000,3980000,-11650000,156385000,-54840000,0.66,6.47%,42.75%,N/L,N/L,N/L,N/L,N/L,2025-08-14
XIFR,Xplr Infrastructure LP,E&P MLP,Oils-Energy,894889000,4.17,0.07,1.03%,1.64%,0.52,1.1,5925890000,1339000000,707000000,94001000,-23000000,0.91,0.23%,66.01%,N/L,N/L,N/L,N/L,N/L,2025-07-30
XOM,Exxon Mobil Corp,Oil - International Integrated,Oils-Energy,475784160000,14.79,1.77,7.21%,12.06%,0.12,8.56,489352160000,96089000000,72647000000,4309639000,33680000000,0.5,0.03%,61.80%,N/L,N/L,N/L,N/L,N/L,2025-08-01
XP,XP Inc Cl A,Finance - Misc Services,Finance,8899724000,10.74,2.49,1.42%,22.59%,0.17,10.1,8168484000,1157850000,1108660000,537423000,836790000,1.15,N/A,59.15%,N/L,N/L,N/L,N/L,N/L,2025-08-12
XPEV,Xpeng Inc ADR,Auto - Foreign,Auto-Tires-Trucks,18003592000,0,4.29,-6.30%,-15.89%,0.39,N/A,16667192000,-548280000,-841700000,949056000,-805430000,2.51,27.60%,21.09%,N/L,N/L,N/L,N/L,N/L,2025-08-19
XPO,Xpo Inc,Transportation - Truck,Transportation,16293885000,36.09,9.75,5.77%,28.27%,2.07,16.629999,19434884000,1659000000,1169000000,117807000,387000000,1.93,2.90%,97.73%,N/L,N/L,N/L,N/L,N/L,2025-07-31
XPOF,Xponential Fitness Inc Cl A,Leisure & Recreation Services,Consumer Discretionary,525582000,0,N/A,-3.99%,0.00%,-1.14,6.38,956792000,114000000,29380000,48665000,-64950000,1.46,42.26%,58.55%,N/L,N/L,N/L,N/L,N/L,2025-08-07
XPRO,Expro Group Hldgs N.V.,Oil - Production & Pipeline,Oils-Energy,998132000,10.36,0.69,4.40%,6.89%,0.08,4.21,934542000,428280000,264810000,115391000,51920000,1.17,1.80%,92.07%,N/L,N/L,N/L,N/L,N/L,2025-07-29
XRX,Xerox Corp,Office Supply & Forms,Industrial Products,764803000,7.06,0.71,1.40%,8.26%,2.59,1.8,3811803000,515000000,241000000,125790000,-1321000000,1.82,1.50%,85.36%,N/L,N/L,N/L,N/L,N/L,2025-07-31
XYZ,Block Inc,Internet - Software,Computers and Technology,49656632000,41.98,2.29,3.18%,5.71%,0.24,31.41,47686820000,527930000,1116970000,615019000,2897050000,2.74,10.85%,70.44%,N/L,N/L,N/L,N/L,N/L,2025-08-07
YELP,Yelp Inc,Internet - Content,Computers and Technology,2215317000,16.86,3.12,14.62%,19.42%,0,10.82,1997987000,292470000,212110000,63842000,132850000,0.98,8.00%,90.11%,N/L,N/L,N/L,N/L,N/L,2025-08-07
YETI,Yeti Holdings Inc,Leisure & Recreational Prdcts,Consumer Discretionary,3218191000,15.86,3.99,15.69%,26.48%,0.1,12.39,2938691000,290000000,241220000,82815000,175690000,1.85,0.94%,N/A,N/L,N/L,N/L,N/L,N/L,2025-08-07
YMM,Full Truck Alliance Ltd ADR,Technology Services,Business Services,11954569000,20.75,2.35,10.22%,11.32%,0,25.4,11144779000,472220000,461540000,1045894000,420570000,0.2,16.50%,39.02%,N/L,N/L,N/L,N/L,N/L,2025-08-20
YOU,Clear Secure Inc Cl A,Internet - Software,Computers and Technology,3955190000,17.73,31.799999,21.46%,115.09%,0,16.58,3888300000,183190000,163830000,133037000,169680000,1.25,39.73%,73.80%,N/L,N/L,N/L,N/L,N/L,2025-08-05
YPF,Ypf Sociedad Anonima ADR,Oil - International Integrated,Oils-Energy,13042259000,6.55,1.07,6.76%,16.78%,0.8,2.47,20866260000,3765000000,1006000000,393313000,2348000000,1.78,N/A,10.08%,N/L,N/L,N/L,N/L,N/L,2025-08-14
YUMC,Yum China Holdings Inc,Retail - Restaurants,Retail-Wholesale,17765124000,20.38,2.84,8.05%,14.08%,0.02,13.34,17182124000,1663000000,1187000000,371267000,911000000,0.28,0.40%,85.58%,N/L,N/L,N/L,N/L,N/L,2025-08-05
Z,Zillow Group Cl C,Internet - Services,Computers and Technology,19596082000,0,4.08,-1.25%,-1.62%,0,112.050003,18656082000,112000000,-161000000,241450000,-112000000,2.11,25.03%,71.01%,N/L,N/L,N/L,N/L,N/L,2025-08-06
ZBH,Zimmer Biomet Holdings,Medical Products,Medical,19300074000,12.31,1.55,7.34%,12.73%,0.58,7.34,24979174000,2909200000,1912900000,197848000,903700000,0.71,1.39%,88.89%,N/L,N/L,N/L,N/L,N/L,2025-08-07
ZDGE,Zedge Inc Cl B,Internet - Content,Computers and Technology,56708000,467,2.18,0.32%,0.41%,0,4.45,36708000,13100000,-1330000,13343000,-9170000,1,21.40%,29.37%,N/L,N/L,N/L,N/L,N/L,2025-06-12
ZENA,Zenatech Inc,Technology Services,Business Services,127581000,0,N/A,0.00%,0.00%,0,N/A,127581000,0,0,22501000,-4481751,N/A,N/A,N/A,N/L,N/L,N/L,N/L,N/L,2025-07-25
ZEPP,Zepp Health Corp ADR,Medical Information Systems,Medical,161374000,0,0.71,-11.98%,-23.60%,0.46,N/A,167724000,-44870000,-49890000,14499000,-75730000,0.85,36.00%,52.61%,N/L,N/L,N/L,N/L,N/L,2025-08-03
ZETA,Zeta Global Holdings Corp Cl A,Technology Services,Business Services,3778126000,0,5.53,-5.40%,-9.64%,0.29,N/A,3608256000,67990000,11890000,235544000,-69770000,1.29,13.02%,87.75%,N/L,N/L,N/L,N/L,N/L,2025-08-05
ZIM,Zim Integrated Shipping Services Ltd,Transportation - Ship,Transportation,2014108000,0.84,0.5,21.58%,63.46%,0.03,0.6,807108000,3967500000,2825000000,120389000,2147700000,1.76,1.30%,21.42%,N/L,N/L,N/L,N/L,N/L,2025-08-18
ZIMV,Zimvie Inc,Medical Products,Medical,521296000,23.71,1.32,2.84%,5.53%,0.56,10.08,666776000,41220000,6910000,27847000,-25830000,2.07,3.01%,95.63%,N/L,N/L,N/L,N/L,N/L,2025-07-30
ZION,Zions Bancorp,Banks - West,Finance,8172481000,9.98,1.25,0.97%,13.76%,0.7,8.98,8066481000,1481000000,1357000000,147571000,784000000,0.9,2.22%,76.84%,N/L,N/L,N/L,N/L,N/L,2025-07-21
ZM,Zoom Communications Inc,Internet - Software,Computers and Technology,22636642000,24.64,2.57,9.00%,11.08%,0,17.6,21287262000,1256600000,851860000,302548000,1010240000,0.68,11.51%,66.54%,N/L,N/L,N/L,N/L,N/L,2025-08-20
ZS,Zscaler Inc,Security,Computers and Technology,44557856000,0,24.52,-0.18%,-0.59%,0,194.059998,43134776000,141260000,-123170000,155696000,-57710000,1.11,18.10%,46.45%,N/L,N/L,N/L,N/L,N/L,2025-09-02
ZTO,Zto Express Cayman Inc ADR,Transportation - Services,Transportation,12140908000,12.19,1.4,10.65%,15.91%,0.26,6.98,11594418000,2045170000,1630960000,598369000,1207900000,-0.18,41.30%,41.65%,N/L,N/L,N/L,N/L,N/L,2025-08-19
ZTS,Zoetis Inc Cl A,Medical - Drugs,Medical,67725040000,25.39,14.65,19.14%,55.48%,1.41,21.610001,72308040000,3829000000,3332000000,445208000,2486000000,0.91,0.18%,92.80%,N/L,N/L,N/L,N/L,N/L,2025-08-05
ZVIA,Zevia Pbc Cl A,Beverages - Soft,Consumer Staples,244187000,0,6.74,-23.13%,-35.52%,0,N/A,213537000,-20100000,-21510000,74221000,-20010000,0.91,12.55%,53.21%,N/L,N/L,N/L,N/L,N/L,2025-08-06
ZVRA,Zevra Therapeutics Inc,Medical - Drugs,Medical,614056000,0,15.56,-53.55%,-201.05%,1.46,N/A,639766000,-60060000,-65560000,54680000,-105510000,1.97,2.40%,35.03%,N/L,N/L,N/L,N/L,N/L,2025-08-12
ZYXI,Zynex Inc,Medical Products,Medical,78017000,0,3.68,-6.23%,-23.70%,0,10.36,38387000,-2850000,-7630000,30239000,2990000,0.83,49.28%,29.68%,N/L,N/L,N/L,N/L,N/L,2016-11-10
